transcripts_nb	time	prod_rate	mean_prod_time	mean_bind_time	mean_ocf_time	mean_esc_time	mean_init_time	mean_elong_time
1	110.320000	0.009065	0.000000	12.965000	7.644444	0.040000	7.684444	68.320000
2	122.520000	0.016324	12.200000	11.772000	6.984000	0.040000	7.024000	64.640000
3	132.400000	0.022659	11.040000	11.374545	6.807273	0.040000	6.847273	64.386667
4	142.200000	0.028129	10.626667	11.266667	6.076923	0.040000	6.116923	65.280000
5	150.400000	0.033245	10.020000	10.858462	5.780000	0.040000	5.820000	66.272000
6	161.880000	0.037064	10.312000	10.232000	5.192500	0.040000	5.232500	66.886667
7	169.080000	0.041401	9.793333	9.656471	4.737778	0.040000	4.777778	67.502857
8	173.360000	0.046147	9.005714	9.656471	4.737778	0.040000	4.777778	68.115000
9	179.480000	0.050145	8.645000	9.506667	4.737778	0.040000	4.777778	68.435556
10	186.320000	0.053671	8.444444	9.541053	4.536000	0.040000	4.576000	68.476000
11	192.280000	0.057208	8.196000	9.212000	4.379048	0.040000	4.419048	68.218182
12	198.880000	0.060338	8.050909	9.030476	4.201818	0.040000	4.241818	68.036667
13	202.560000	0.064179	7.686667	9.030476	4.201818	0.040000	4.241818	67.664615
14	212.240000	0.065963	7.840000	8.986087	4.034783	0.040000	4.074783	67.494286
15	219.200000	0.068431	7.777143	8.986087	4.036667	0.040000	4.076667	67.322667
16	227.760000	0.070249	7.829333	9.111667	3.956800	0.040000	3.996800	67.432500
17	234.000000	0.072650	7.730000	9.054400	3.907692	0.040000	3.947692	67.550588
18	236.360000	0.076155	7.414118	9.054400	3.907692	0.040000	3.947692	67.568889
19	245.800000	0.077299	7.526667	8.955385	4.007407	0.040000	4.047407	67.477895
20	254.280000	0.078653	7.576842	9.091852	3.900000	0.040000	3.940000	67.536000
21	261.560000	0.080288	7.562000	9.112857	3.772414	0.040000	3.812414	67.758095
22	264.120000	0.083295	7.323810	9.112857	3.772414	0.040000	3.812414	67.865455
23	277.920000	0.082758	7.618182	9.101333	3.689032	0.040000	3.729032	68.027826
24	289.000000	0.083045	7.768696	8.828750	3.527273	0.040000	3.567273	68.291667
25	297.440000	0.084051	7.796667	8.828750	3.527273	0.040000	3.567273	68.473600
26	302.080000	0.086070	7.670400	8.930909	3.462353	0.040000	3.502353	68.500000
27	320.800000	0.084165	8.095385	8.835294	3.608000	0.040000	3.648000	68.832593
28	329.720000	0.084921	8.125926	9.089143	3.608000	0.040000	3.648000	69.208571
29	337.080000	0.086033	8.098571	9.089143	3.608000	0.040000	3.648000	69.506207
30	348.520000	0.086078	8.213793	9.442222	3.967568	0.040000	4.007568	69.742667
31	351.600000	0.088168	8.042667	9.356757	3.967568	0.040000	4.007568	69.870968
32	355.960000	0.089898	7.923871	9.356757	3.916842	0.040000	3.956842	70.010000
33	358.920000	0.091942	7.768750	9.268421	3.853333	0.040000	3.893333	70.038788
34	367.680000	0.092472	7.798788	9.037000	3.700488	0.040000	3.740488	69.971765
35	387.240000	0.090383	8.144706	8.910476	3.714419	0.040000	3.754419	70.098286
36	414.440000	0.086864	8.689143	8.927111	3.762609	0.040000	3.802609	70.202222
37	417.080000	0.088712	8.521111	8.927111	3.762609	0.040000	3.802609	70.233514
38	425.560000	0.089294	8.520000	9.144348	3.762609	0.040000	3.802609	70.317895
39	428.640000	0.090985	8.376842	9.144348	3.727660	0.040000	3.767660	70.338462
40	430.040000	0.093015	8.197949	9.144348	3.727660	0.040000	3.767660	70.308000
41	436.680000	0.093890	8.159000	9.088511	3.727660	0.040000	3.767660	70.298537
42	441.920000	0.095040	8.087805	9.088511	3.727660	0.040000	3.767660	70.220952
43	446.120000	0.096387	7.995238	9.088511	3.910000	0.040000	3.950000	70.094884
44	461.000000	0.095445	8.155349	9.281633	3.789600	0.040000	3.829600	69.996364
45	467.360000	0.096286	8.114545	9.064314	3.670769	0.040000	3.710769	69.896000
46	479.840000	0.095865	8.211556	9.005385	3.684528	0.040000	3.724528	69.818261
47	493.320000	0.095273	8.326087	8.998491	3.691852	0.040000	3.731852	69.751489
48	520.640000	0.092194	8.730213	9.136727	3.802857	0.040000	3.842857	69.905000
49	525.440000	0.093255	8.648333	9.127018	3.755088	0.040000	3.795088	70.012245
50	532.000000	0.093985	8.605714	9.127018	3.764138	0.040000	3.804138	70.076000
51	540.640000	0.094333	8.606400	9.128966	3.761356	0.040000	3.801356	70.203922
52	544.720000	0.095462	8.517647	9.162712	3.761356	0.040000	3.801356	70.345385
53	550.600000	0.096259	8.466923	9.162712	3.782000	0.040000	3.822000	70.415094
54	556.240000	0.097080	8.413585	9.162000	3.748197	0.040000	3.788197	70.432593
55	578.360000	0.095096	8.667407	8.908750	3.601846	0.040000	3.641846	70.498909
56	585.960000	0.095570	8.648000	8.876308	3.586061	0.040000	3.626061	70.542143
57	592.560000	0.096193	8.611429	8.835758	3.611940	0.040000	3.651940	70.539649
58	598.320000	0.096938	8.561404	8.841791	3.611940	0.040000	3.651940	70.528966
59	603.560000	0.097753	8.504138	8.841791	3.611940	0.040000	3.651940	70.462373
60	623.120000	0.096290	8.691525	9.002353	3.675942	0.040000	3.715942	70.515333
61	631.880000	0.096537	8.692667	9.015652	3.658286	0.040000	3.698286	70.614426
62	639.000000	0.097027	8.666885	8.941408	3.619155	0.040000	3.659155	70.781935
63	646.200000	0.097493	8.643226	8.897222	3.616667	0.040000	3.656667	70.916190
64	650.080000	0.098449	8.567619	8.897222	3.620274	0.040000	3.660274	71.046875
65	655.840000	0.099110	8.523750	8.856986	3.637297	0.040000	3.677297	71.192000
66	665.600000	0.099159	8.542769	8.845405	3.619733	0.040000	3.659733	71.358788
67	673.200000	0.099525	8.528485	8.747368	3.562078	0.040000	3.602078	71.500299
68	691.160000	0.098385	8.669254	8.692658	3.490633	0.040000	3.530633	71.710588
69	697.000000	0.098996	8.627647	8.636500	3.460500	0.040000	3.500500	71.807536
70	706.920000	0.099021	8.646377	8.671605	3.493827	0.040000	3.533827	71.903429
71	710.960000	0.099865	8.580571	8.623415	3.472195	0.040000	3.512195	71.984225
72	718.840000	0.100161	8.570704	8.623415	3.472195	0.040000	3.512195	72.049444
73	723.360000	0.100918	8.514444	8.623415	3.560964	0.040000	3.600964	72.089863
74	726.000000	0.101928	8.433973	8.623415	3.560964	0.040000	3.600964	72.070811
75	728.720000	0.102920	8.356757	8.623415	3.560964	0.040000	3.600964	72.016000
76	733.080000	0.103672	8.303467	8.742651	3.560964	0.040000	3.600964	71.945263
77	738.400000	0.104280	8.264211	8.727619	3.576190	0.040000	3.616190	71.887273
78	743.800000	0.104867	8.227013	8.660706	3.528372	0.040000	3.568372	71.790769
79	753.640000	0.104825	8.247692	8.601379	3.526437	0.040000	3.566437	71.702785
80	756.120000	0.105803	8.174684	8.601379	3.531364	0.040000	3.566437	71.612000
81	765.960000	0.105750	8.195500	8.546067	3.506517	0.040000	3.546517	71.530370
82	773.440000	0.106020	8.186667	8.543556	3.470769	0.040000	3.510769	71.456098
83	790.560000	0.104989	8.295610	8.500435	3.435269	0.040000	3.475269	71.423133
84	809.360000	0.103786	8.422169	8.430737	3.393750	0.040000	3.433750	71.465714
85	812.080000	0.104669	8.354286	8.410417	3.366186	0.040000	3.406186	71.490353
86	813.600000	0.105703	8.273882	8.410417	3.366186	0.040000	3.406186	71.496744
87	819.360000	0.106180	8.244651	8.372371	3.337551	0.040000	3.377551	71.468506
88	832.120000	0.105754	8.296552	8.341224	3.363232	0.040000	3.403232	71.519545
89	839.680000	0.105993	8.288182	8.420606	3.363232	0.040000	3.403232	71.595506
90	850.920000	0.105768	8.321348	8.413600	3.378614	0.040000	3.418614	71.724000
91	856.440000	0.106254	8.290222	8.393663	3.389020	0.040000	3.429020	71.849670
92	860.160000	0.106957	8.240000	8.393663	3.389020	0.040000	3.429020	71.947391
93	867.280000	0.107232	8.227826	8.412157	3.375534	0.040000	3.415534	72.013333
94	871.360000	0.107877	8.183226	8.397282	3.359615	0.040000	3.399615	72.034043
95	876.320000	0.108408	8.148936	8.369231	3.328762	0.040000	3.368762	72.068632
96	882.640000	0.108765	8.129684	8.312762	3.331698	0.040000	3.371698	72.110000
97	891.520000	0.108803	8.137500	8.327170	3.331698	0.040000	3.371698	72.186392
98	894.000000	0.109620	8.079175	8.327170	3.349907	0.040000	3.389907	72.240000
99	902.320000	0.109717	8.081633	8.313333	3.347037	0.040000	3.387037	72.269091
100	909.960000	0.109895	8.077172	8.313333	3.370642	0.040000	3.410642	72.227200
101	916.400000	0.110214	8.060800	8.324037	3.355273	0.040000	3.395273	72.177822
102	919.920000	0.110879	8.015842	8.307273	3.330450	0.040000	3.370450	72.096078
103	927.880000	0.111006	8.015294	8.305946	3.330450	0.040000	3.370450	72.017087
104	935.080000	0.111220	8.007379	8.305714	3.316106	0.040000	3.356106	71.945385
105	939.160000	0.111802	7.969615	8.275752	3.316106	0.040000	3.356106	71.876952
106	944.240000	0.112260	7.942095	8.275752	3.297544	0.040000	3.337544	71.801509
107	958.040000	0.111686	7.997358	8.278261	3.318609	0.040000	3.358609	71.749159
108	968.400000	0.111524	8.019439	8.267241	3.325128	0.040000	3.365128	71.728889
109	984.400000	0.110727	8.093333	8.283761	3.297627	0.040000	3.337627	71.775046
110	988.640000	0.111264	8.057982	8.324407	3.297627	0.040000	3.337627	71.811273
111	994.440000	0.111621	8.037455	8.324407	3.336807	0.040000	3.376807	71.850450
112	1009.800000	0.110913	8.103423	8.350000	3.318678	0.040000	3.358678	71.916071
113	1012.080000	0.111651	8.051429	8.350000	3.318678	0.040000	3.358678	71.967080
114	1016.160000	0.112187	8.016283	8.342149	3.300000	0.040000	3.340000	72.001754
115	1022.040000	0.112520	7.997544	8.317377	3.300000	0.040000	3.340000	71.999304
116	1032.800000	0.112316	8.021565	8.329756	3.299032	0.040000	3.339032	72.018621
117	1039.280000	0.112578	8.008276	8.311935	3.301440	0.040000	3.341440	72.015726
118	1042.480000	0.113192	7.967179	8.298560	3.301440	0.040000	3.341440	71.992881
119	1055.720000	0.112719	8.011864	8.280000	3.285669	0.040000	3.325669	71.905546
120	1066.240000	0.112545	8.032941	8.250625	3.292093	0.040000	3.332093	71.827333
121	1069.680000	0.113118	7.994667	8.249612	3.292093	0.040000	3.332093	71.747107
122	1077.200000	0.113257	7.990744	8.249846	3.298321	0.040000	3.338321	71.674426
123	1084.800000	0.113385	7.987541	8.215878	3.291212	0.040000	3.331212	71.601301
124	1094.520000	0.113292	8.001626	8.197594	3.290827	0.040000	3.330827	71.532903
125	1099.800000	0.113657	7.979677	8.197594	3.270448	0.040000	3.310448	71.453760
126	1106.000000	0.113924	7.965440	8.192239	3.262222	0.040000	3.302222	71.376190
127	1109.440000	0.114472	7.929524	8.171852	3.248235	0.040000	3.288235	71.299843
128	1114.920000	0.114806	7.910236	8.095182	3.209565	0.040000	3.249565	71.195313
129	1123.080000	0.114863	7.912187	8.071884	3.218993	0.040000	3.258993	71.087442
130	1132.200000	0.114821	7.921550	8.097842	3.206000	0.040000	3.246000	70.980923
131	1134.600000	0.115459	7.879077	8.064857	3.190922	0.040000	3.230922	70.879695
132	1139.760000	0.115814	7.858321	8.051348	3.190922	0.040000	3.230922	70.776364
133	1144.120000	0.116247	7.831818	8.051348	3.190922	0.040000	3.230922	70.655038
134	1147.840000	0.116741	7.800902	8.051348	3.190922	0.040000	3.230922	70.524179
135	1161.360000	0.116243	7.843582	8.067413	3.220000	0.040000	3.260000	70.428148
136	1169.400000	0.116299	7.845037	8.052500	3.213793	0.040000	3.253793	70.358529
137	1177.800000	0.116319	7.849118	8.032877	3.192055	0.040000	3.232055	70.329927
138	1181.400000	0.116811	7.818102	8.032877	3.185578	0.040000	3.225578	70.308696
139	1194.000000	0.116415	7.852754	8.074558	3.182703	0.040000	3.222703	70.318561
140	1199.720000	0.116694	7.837410	8.074558	3.182703	0.040000	3.222703	70.308000
141	1208.040000	0.116718	7.840857	8.110541	3.182703	0.040000	3.222703	70.334184
142	1234.880000	0.114991	7.975603	8.149669	3.185695	0.040000	3.225695	70.431549
143	1237.800000	0.115528	7.940000	8.149669	3.181053	0.040000	3.221053	70.531469
144	1239.520000	0.116174	7.896503	8.149669	3.181053	0.040000	3.221053	70.599722
145	1245.000000	0.116466	7.879722	8.161053	3.181053	0.040000	3.221053	70.659310
146	1249.640000	0.116834	7.857379	8.161053	3.184837	0.040000	3.224837	70.718356
147	1260.640000	0.116607	7.878904	8.167059	3.184837	0.040000	3.224837	70.793197
148	1270.840000	0.116458	7.894694	8.200779	3.222710	0.040000	3.262710	70.836757
149	1285.920000	0.115870	7.943243	8.159745	3.209620	0.040000	3.249620	70.860671
150	1290.520000	0.116232	7.920805	8.125823	3.209620	0.040000	3.249620	70.874933
151	1301.600000	0.116011	7.941867	8.153459	3.212075	0.040000	3.252075	70.899868
152	1311.440000	0.115903	7.954437	8.153459	3.227750	0.040000	3.267750	70.923421
153	1324.360000	0.115528	7.987105	8.197000	3.260373	0.040000	3.300373	70.958170
154	1338.240000	0.115077	8.025621	8.212174	3.260373	0.040000	3.300373	70.979740
155	1343.480000	0.115372	8.007532	8.264444	3.327654	0.040000	3.367654	71.005419
156	1351.360000	0.115439	8.006710	8.264540	3.316319	0.040000	3.356319	71.056923
157	1356.040000	0.115778	7.985385	8.264540	3.327073	0.040000	3.356319	71.067516
158	1362.000000	0.116006	7.972484	8.277561	3.327073	0.040000	3.367073	71.102532
159	1365.840000	0.116412	7.946329	8.251636	3.317091	0.040000	3.357091	71.123774
160	1385.160000	0.115510	8.017862	8.240719	3.295952	0.040000	3.335952	71.174000
161	1399.240000	0.115062	8.055750	8.180000	3.262118	0.040000	3.302118	71.200000
162	1419.480000	0.114126	8.131429	8.143815	3.228736	0.040000	3.268736	71.249877
163	1421.680000	0.114653	8.094815	8.142989	3.228736	0.040000	3.268736	71.288098
164	1435.280000	0.114263	8.128589	8.144686	3.218286	0.040000	3.258286	71.336341
165	1438.920000	0.114669	8.101220	8.144686	3.218286	0.040000	3.258286	71.363636
166	1444.560000	0.114914	8.086303	8.182500	3.251977	0.040000	3.291977	71.407229
167	1448.480000	0.115293	8.061205	8.154124	3.236854	0.040000	3.276854	71.432814
168	1461.480000	0.114952	8.090778	8.128764	3.232849	0.040000	3.272849	71.471429
169	1464.440000	0.115402	8.060238	8.147933	3.232849	0.040000	3.272849	71.501065
170	1467.120000	0.115873	8.028402	8.147933	3.229556	0.040000	3.269556	71.520000
171	1471.480000	0.116210	8.006824	8.139333	3.223425	0.040000	3.263425	71.523509
172	1472.880000	0.116778	7.968187	8.139333	3.223425	0.040000	3.263425	71.510000
173	1478.120000	0.117041	7.952326	8.139333	3.223425	0.040000	3.263425	71.489942
174	1481.520000	0.117447	7.926012	8.113626	3.205934	0.040000	3.245934	71.466897
175	1491.880000	0.117302	7.940000	8.119563	3.187609	0.040000	3.227609	71.456914
176	1503.120000	0.117090	7.958857	8.119563	3.187609	0.040000	3.227609	71.402045
177	1505.960000	0.117533	7.929773	8.150652	3.187609	0.040000	3.227609	71.347119
178	1508.560000	0.117993	7.899661	8.150652	3.187609	0.040000	3.227609	71.288090
179	1516.600000	0.118027	7.900449	8.150652	3.238270	0.040000	3.278270	71.243352
180	1526.760000	0.117897	7.913073	8.216649	3.238270	0.040000	3.278270	71.190667
181	1532.520000	0.118106	7.901111	8.211828	3.245376	0.040000	3.285376	71.136796
182	1538.280000	0.118314	7.889282	8.200642	3.227234	0.040000	3.267234	71.074945
183	1548.000000	0.118217	7.899341	8.192128	3.224762	0.040000	3.264762	71.045902
184	1553.800000	0.118419	7.887869	8.154526	3.215158	0.040000	3.255158	71.000435
185	1580.200000	0.117074	7.988478	8.142591	3.208660	0.040000	3.248660	70.962811
186	1591.400000	0.116878	8.005838	8.127795	3.206564	0.040000	3.246564	70.919355
187	1604.720000	0.116531	8.034409	8.125102	3.203655	0.040000	3.243655	70.920856
188	1608.480000	0.116881	8.011551	8.127107	3.202020	0.040000	3.242020	70.917234
189	1618.440000	0.116779	8.021915	8.125051	3.209849	0.040000	3.249849	70.921270
190	1622.520000	0.117102	8.001058	8.125051	3.209849	0.040000	3.249849	70.924842
191	1635.960000	0.116751	8.029684	8.159000	3.205373	0.040000	3.245373	70.950366
192	1641.280000	0.116982	8.015497	8.159000	3.205373	0.040000	3.245373	70.988542
193	1644.280000	0.117377	7.989375	8.154627	3.190495	0.040000	3.230495	71.014508
194	1655.560000	0.117181	8.006425	8.100296	3.171569	0.040000	3.211569	71.055258
195	1660.160000	0.117459	7.988866	8.118824	3.171569	0.040000	3.211569	71.071179
196	1668.520000	0.117469	7.990769	8.094634	3.159805	0.040000	3.199805	71.101633
197	1677.080000	0.117466	7.993673	8.104272	3.174686	0.040000	3.214686	71.134213
198	1683.760000	0.117594	7.987005	8.104272	3.174686	0.040000	3.214686	71.158586
199	1688.720000	0.117841	7.971717	8.104272	3.174686	0.040000	3.214686	71.159397
200	1703.480000	0.117407	8.005829	8.148599	3.199808	0.040000	3.239808	71.164600
201	1707.200000	0.117737	7.984400	8.148599	3.199808	0.040000	3.239808	71.166169
202	1712.120000	0.117982	7.969154	8.190962	3.199808	0.040000	3.239808	71.155248
203	1715.320000	0.118345	7.945545	8.190962	3.199808	0.040000	3.239808	71.147980
204	1721.200000	0.118522	7.935369	8.205933	3.223923	0.040000	3.263923	71.149020
205	1731.160000	0.118418	7.945294	8.194286	3.221611	0.040000	3.261611	71.144780
206	1735.960000	0.118666	7.929951	8.191469	3.211698	0.040000	3.251698	71.124660
207	1744.880000	0.118633	7.934757	8.191469	3.211698	0.040000	3.251698	71.108599
208	1766.800000	0.117727	8.002319	8.188651	3.193148	0.040000	3.233148	71.092500
209	1785.840000	0.117032	8.055385	8.163853	3.157808	0.040000	3.197808	71.087273
210	1788.200000	0.117437	8.028134	8.163853	3.157808	0.040000	3.197808	71.065333
211	1792.240000	0.117730	8.009143	8.155068	3.146000	0.040000	3.186000	71.033744
212	1801.080000	0.117707	8.013081	8.129231	3.150950	0.040000	3.190950	71.017925
213	1810.760000	0.117630	8.020943	8.129231	3.156216	0.040000	3.196216	70.982160
214	1818.680000	0.117668	8.020469	8.130583	3.145830	0.040000	3.185830	70.958131
215	1824.840000	0.117819	8.011776	8.130583	3.145000	0.040000	3.185000	70.935070
216	1835.600000	0.117673	8.024558	8.138133	3.120354	0.040000	3.160354	70.926111
217	1839.040000	0.117996	8.003333	8.115398	3.120354	0.040000	3.160354	70.913180
218	1843.640000	0.118244	7.987650	8.115398	3.112952	0.040000	3.152952	70.903853
219	1852.640000	0.118210	7.992294	8.102982	3.100175	0.040000	3.140175	70.893699
220	1868.240000	0.117758	8.027032	8.102609	3.080522	0.040000	3.120522	70.925273
221	1876.120000	0.117796	8.026364	8.102609	3.080522	0.040000	3.120522	70.955294
222	1882.000000	0.117960	8.016652	8.102609	3.080522	0.040000	3.120522	70.983604
223	1889.280000	0.118034	8.013333	8.102609	3.141645	0.040000	3.181645	71.012377
224	1908.160000	0.117391	8.062063	8.180172	3.143276	0.040000	3.183276	71.089107
225	1912.320000	0.117658	8.044643	8.180172	3.162918	0.040000	3.202918	71.150044
226	1914.640000	0.118038	8.019200	8.180172	3.162918	0.040000	3.202918	71.187611
227	1917.120000	0.118407	7.994690	8.204464	3.153162	0.040000	3.193162	71.216388
228	1926.800000	0.118331	8.002115	8.197436	3.140255	0.040000	3.180255	71.254737
229	1933.200000	0.118456	7.995088	8.187234	3.144576	0.040000	3.184576	71.294498
230	1942.440000	0.118408	8.000524	8.187234	3.144576	0.040000	3.184576	71.352870
231	1962.120000	0.117730	8.051304	8.209076	3.130377	0.040000	3.170377	71.379221
232	1967.640000	0.117908	8.040346	8.198326	3.129667	0.040000	3.169667	71.385690
233	1974.960000	0.117977	8.037241	8.186833	3.124979	0.040000	3.164979	71.360687
234	1981.760000	0.118077	8.031931	8.164793	3.106008	0.040000	3.146008	71.335043
235	1984.640000	0.118409	8.009915	8.140576	3.099672	0.040000	3.139672	71.297191
236	1993.160000	0.118405	8.012085	8.129180	3.102041	0.040000	3.142041	71.254068
237	2016.200000	0.117548	8.075763	8.164228	3.147317	0.040000	3.187317	71.243882
238	2019.920000	0.117826	8.057384	8.164228	3.154494	0.040000	3.194494	71.236471
239	2028.520000	0.117820	8.059664	8.163401	3.154494	0.040000	3.194494	71.227113
240	2035.360000	0.117915	8.054561	8.182742	3.175806	0.040000	3.215806	71.218333
241	2041.680000	0.118040	8.047333	8.176064	3.166240	0.040000	3.206240	71.217261
242	2048.120000	0.118157	8.040664	8.167200	3.166240	0.040000	3.206240	71.213719
243	2050.120000	0.118530	8.015702	8.167200	3.165259	0.040000	3.205259	71.210041
244	2058.000000	0.118562	8.015144	8.150635	3.153492	0.040000	3.193492	71.223115
245	2065.800000	0.118598	8.014262	8.126640	3.143399	0.040000	3.183399	71.237388
246	2074.480000	0.118584	8.016980	8.126640	3.180157	0.040000	3.220157	71.218537
247	2085.640000	0.118429	8.029756	8.145412	3.169882	0.040000	3.209882	71.207287
248	2100.720000	0.118055	8.058300	8.177500	3.199689	0.040000	3.239689	71.210645
249	2108.240000	0.118108	8.056129	8.154574	3.195814	0.040000	3.235814	71.216225
250	2112.280000	0.118356	8.040000	8.154574	3.200463	0.040000	3.240463	71.215520
251	2122.920000	0.118233	8.050400	8.159073	3.196154	0.040000	3.236154	71.227888
252	2126.040000	0.118530	8.030757	8.155077	3.187280	0.040000	3.227280	71.231587
253	2128.680000	0.118853	8.009365	8.155077	3.187280	0.040000	3.227280	71.227668
254	2144.120000	0.118464	8.038735	8.142137	3.181985	0.040000	3.221985	71.229606
255	2151.280000	0.118534	8.035276	8.142137	3.200760	0.040000	3.240760	71.236706
256	2169.160000	0.118018	8.073882	8.180000	3.202717	0.040000	3.242717	71.250313
257	2172.600000	0.118291	8.055781	8.178868	3.192932	0.040000	3.232932	71.263969
258	2177.880000	0.118464	8.044981	8.161353	3.192360	0.040000	3.232360	71.269612
259	2186.120000	0.118475	8.045736	8.152509	3.187612	0.040000	3.227612	71.280000
260	2189.880000	0.118728	8.029189	8.143731	3.185279	0.040000	3.225279	71.277846
261	2197.000000	0.118798	8.025692	8.135465	3.183556	0.040000	3.223556	71.280307
262	2207.280000	0.118698	8.034330	8.121181	3.162059	0.040000	3.202059	71.292519
263	2222.040000	0.118360	8.060000	8.114725	3.158535	0.040000	3.198535	71.313460
264	2232.680000	0.118244	8.069810	8.130803	3.173431	0.040000	3.213431	71.321364
265	2234.440000	0.118598	8.045909	8.130803	3.165673	0.040000	3.205673	71.319698
266	2238.040000	0.118854	8.029132	8.118836	3.165673	0.040000	3.205673	71.300301
267	2251.760000	0.118574	8.050526	8.119565	3.156101	0.040000	3.196101	71.310112
268	2257.640000	0.118708	8.042397	8.119565	3.156101	0.040000	3.196101	71.324328
269	2266.320000	0.118695	8.044776	8.142383	3.151942	0.040000	3.191942	71.346766
270	2279.520000	0.118446	8.063941	8.144373	3.148817	0.040000	3.188817	71.395407
271	2282.160000	0.118747	8.043852	8.144373	3.148817	0.040000	3.188817	71.440886
272	2284.960000	0.119039	8.024502	8.144373	3.161000	0.040000	3.201000	71.472941
273	2292.640000	0.119077	8.023235	8.142206	3.150605	0.040000	3.190605	71.500220
274	2305.040000	0.118870	8.039267	8.150496	3.166809	0.040000	3.206809	71.526131
275	2311.240000	0.118984	8.032555	8.150496	3.166219	0.040000	3.206219	71.551418
276	2322.360000	0.118845	8.043782	8.170177	3.158451	0.040000	3.198451	71.592319
277	2328.840000	0.118943	8.038116	8.177324	3.158451	0.040000	3.198451	71.634368
278	2350.440000	0.118276	8.087076	8.193566	3.165017	0.040000	3.205017	71.697266
279	2357.400000	0.118351	8.083022	8.196934	3.165017	0.040000	3.205017	71.755269
280	2366.600000	0.118313	8.087025	8.201528	3.170278	0.040000	3.210278	71.798571
281	2371.400000	0.118495	8.075286	8.186159	3.156276	0.040000	3.196276	71.833310
282	2384.720000	0.118253	8.093950	8.186207	3.156151	0.040000	3.196151	71.880567
283	2389.680000	0.118426	8.082837	8.184742	3.150822	0.040000	3.190822	71.924664
284	2401.880000	0.118241	8.097385	8.156054	3.140952	0.040000	3.180952	71.970282
285	2409.520000	0.118281	8.095775	8.156054	3.141966	0.040000	3.181966	72.000421
286	2418.720000	0.118244	8.099649	8.170576	3.134595	0.040000	3.174595	72.010769
287	2422.080000	0.118493	8.083077	8.158919	3.124444	0.040000	3.164444	72.017700
288	2428.280000	0.118602	8.076516	8.144781	3.118658	0.040000	3.158658	72.000972
289	2435.880000	0.118643	8.074861	8.144430	3.118658	0.040000	3.158658	71.987820
290	2438.600000	0.118921	8.056332	8.144430	3.118658	0.040000	3.158658	71.975448
291	2445.280000	0.119005	8.051586	8.165217	3.137926	0.040000	3.177926	71.949003
292	2447.320000	0.119314	8.030928	8.144000	3.128267	0.040000	3.168267	71.908356
293	2454.280000	0.119383	8.027260	8.144000	3.137542	0.040000	3.177542	71.876860
294	2459.160000	0.119553	8.016519	8.144000	3.137542	0.040000	3.177542	71.841769
295	2472.360000	0.119319	8.034150	8.172053	3.135364	0.040000	3.175364	71.825898
296	2477.160000	0.119492	8.023186	8.172053	3.133069	0.040000	3.173069	71.792703
297	2482.000000	0.119662	8.012432	8.172937	3.133069	0.040000	3.173069	71.762963
298	2489.760000	0.119690	8.011582	8.172937	3.133947	0.040000	3.173947	71.741879
299	2508.200000	0.119209	8.046577	8.154267	3.125733	0.040000	3.165733	71.730702
300	2512.480000	0.119404	8.033980	8.154267	3.125733	0.040000	3.165733	71.714800
301	2520.960000	0.119399	8.035467	8.168182	3.144545	0.040000	3.184545	71.702326
302	2524.920000	0.119608	8.021927	8.154434	3.131484	0.040000	3.171484	71.666358
303	2530.800000	0.119725	8.014834	8.116785	3.113846	0.040000	3.153846	71.616370
304	2544.200000	0.119487	8.032607	8.088917	3.100127	0.040000	3.140127	71.579868
305	2550.920000	0.119565	8.028289	8.082921	3.102730	0.040000	3.142730	71.543344
306	2559.040000	0.119576	8.028590	8.082921	3.099873	0.040000	3.139873	71.515294
307	2570.440000	0.119435	8.039608	8.075457	3.090978	0.040000	3.130978	71.498893
308	2584.960000	0.119151	8.060717	8.103648	3.110219	0.040000	3.150219	71.490130
309	2590.200000	0.119296	8.051558	8.097179	3.110219	0.040000	3.150219	71.480518
310	2591.840000	0.119606	8.030809	8.097179	3.110219	0.040000	3.150219	71.469290
311	2593.720000	0.119905	8.010968	8.097179	3.117000	0.040000	3.157000	71.456977
312	2597.560000	0.120113	7.997556	8.098375	3.117000	0.040000	3.157000	71.447949
313	2599.720000	0.120398	7.978846	8.098375	3.117000	0.040000	3.157000	71.438211
314	2603.000000	0.120630	7.963834	8.098375	3.121869	0.040000	3.161869	71.425478
315	2608.720000	0.120749	7.956688	8.099439	3.121869	0.040000	3.161869	71.392381
316	2612.560000	0.120954	7.943619	8.099503	3.128075	0.040000	3.168075	71.357468
317	2622.240000	0.120889	7.949114	8.087554	3.112346	0.040000	3.152346	71.328202
318	2635.360000	0.120667	7.965426	8.076185	3.106135	0.040000	3.146135	71.291698
319	2645.560000	0.120579	7.972453	8.079141	3.103609	0.040000	3.143609	71.269592
320	2659.600000	0.120319	7.991473	8.092195	3.104559	0.040000	3.144559	71.257625
321	2669.720000	0.120237	7.998125	8.085106	3.104559	0.040000	3.144559	71.252710
322	2680.520000	0.120126	8.006854	8.096242	3.112024	0.040000	3.152024	71.253789
323	2684.800000	0.120307	7.995280	8.092085	3.112024	0.040000	3.152024	71.256223
324	2687.160000	0.120573	7.977833	8.092085	3.112024	0.040000	3.152024	71.254444
325	2693.960000	0.120640	7.974198	8.092085	3.112024	0.040000	3.152024	71.250092
326	2701.440000	0.120676	7.972677	8.111325	3.139459	0.040000	3.179459	71.243558
327	2709.680000	0.120678	7.973497	8.114114	3.139459	0.040000	3.179459	71.238899
328	2722.080000	0.120496	7.987034	8.137365	3.168982	0.040000	3.208982	71.237683
329	2727.000000	0.120645	7.977683	8.137365	3.168478	0.040000	3.208478	71.227356
330	2740.360000	0.120422	7.994043	8.134524	3.159050	0.040000	3.199050	71.224242
331	2747.560000	0.120471	7.991636	8.123323	3.155976	0.040000	3.195976	71.219094
332	2771.440000	0.119793	8.039637	8.127316	3.167765	0.040000	3.207765	71.235783
333	2779.480000	0.119807	8.039639	8.129267	3.160938	0.040000	3.200938	71.260901
334	2790.760000	0.119681	8.049369	8.132164	3.164315	0.040000	3.204315	71.262754
335	2798.800000	0.119694	8.049341	8.136560	3.162791	0.040000	3.202791	71.271045
336	2803.160000	0.119865	8.038328	8.132791	3.162791	0.040000	3.202791	71.267619
337	2805.320000	0.120129	8.020833	8.132791	3.162791	0.040000	3.202791	71.258042
338	2814.280000	0.120102	8.023620	8.118613	3.159422	0.040000	3.199422	71.256450
339	2819.720000	0.120225	8.015976	8.118613	3.163112	0.040000	3.203112	71.239764
340	2823.960000	0.120398	8.004838	8.119654	3.163112	0.040000	3.203112	71.209059
341	2831.200000	0.120444	8.002588	8.119195	3.171264	0.040000	3.211264	71.169853
342	2837.680000	0.120521	7.998123	8.118968	3.176619	0.040000	3.216619	71.126667
343	2844.200000	0.120596	7.993801	8.111771	3.173943	0.040000	3.213943	71.085364
344	2858.960000	0.120323	8.013528	8.118632	3.171396	0.040000	3.211396	71.057791
345	2870.560000	0.120186	8.023953	8.135227	3.180283	0.040000	3.220283	71.038609
346	2874.840000	0.120355	8.013101	8.135227	3.180283	0.040000	3.220283	71.019191
347	2881.440000	0.120426	8.009017	8.139150	3.178192	0.040000	3.218192	70.999193
348	2894.560000	0.120226	8.023746	8.126873	3.167753	0.040000	3.207753	70.988161
349	2900.560000	0.120322	8.017931	8.124157	3.159440	0.040000	3.199440	70.974327
350	2905.800000	0.120449	8.009971	8.121345	3.156536	0.040000	3.196536	70.960571
351	2909.200000	0.120652	7.996800	8.114525	3.156536	0.040000	3.196536	70.940513
352	2923.240000	0.120414	8.014017	8.080665	3.132928	0.040000	3.172928	70.911705
353	2934.120000	0.120309	8.022159	8.082652	3.135978	0.040000	3.175978	70.898017
354	2948.000000	0.120081	8.038754	8.065096	3.121425	0.040000	3.161425	70.891412
355	2951.400000	0.120282	8.025650	8.050820	3.114863	0.040000	3.154863	70.877183
356	2958.000000	0.120352	8.021634	8.050820	3.109101	0.040000	3.149101	70.865955
357	2960.600000	0.120584	8.006404	8.053079	3.109101	0.040000	3.149101	70.847619
358	2975.480000	0.120317	8.025658	8.041301	3.094378	0.040000	3.134378	70.845698
359	2982.320000	0.120376	8.022346	8.041297	3.086792	0.040000	3.126792	70.851811
360	2984.120000	0.120639	8.005014	8.041297	3.086792	0.040000	3.126792	70.854222
361	2992.440000	0.120637	8.005889	8.021720	3.073351	0.040000	3.113351	70.863158
362	2996.240000	0.120818	7.994238	8.012976	3.068770	0.040000	3.108770	70.869171
363	3000.480000	0.120981	7.983867	8.002246	3.061013	0.040000	3.101013	70.856970
364	3005.880000	0.121096	7.976749	7.992000	3.061013	0.040000	3.101013	70.848462
365	3012.720000	0.121153	7.973626	7.992000	3.061013	0.040000	3.101013	70.840438
366	3016.880000	0.121317	7.963178	7.992000	3.094255	0.040000	3.134255	70.834098
367	3019.880000	0.121528	7.949617	8.018830	3.088594	0.040000	3.134255	70.827466
368	3030.880000	0.121417	7.957929	8.000529	3.082540	0.040000	3.122540	70.823370
369	3033.720000	0.121633	7.944022	8.000529	3.082540	0.040000	3.122540	70.808238
370	3035.680000	0.121884	7.927805	8.000529	3.082540	0.040000	3.122540	70.788973
371	3042.520000	0.121938	7.924865	8.000529	3.099314	0.040000	3.139314	70.768194
372	3046.640000	0.122102	7.914609	8.020897	3.099314	0.040000	3.139314	70.741720
373	3048.160000	0.122369	7.897419	8.020897	3.099314	0.040000	3.139314	70.711421
374	3051.680000	0.122555	7.885684	8.020897	3.104842	0.040000	3.144842	70.676364
375	3061.080000	0.122506	7.889733	8.022842	3.101732	0.040000	3.141732	70.659093
376	3088.000000	0.121762	7.940480	8.027363	3.087396	0.040000	3.127396	70.661489
377	3094.400000	0.121833	7.936383	8.023792	3.073368	0.040000	3.113368	70.671618
378	3098.040000	0.122013	7.924987	8.011088	3.073368	0.040000	3.113368	70.682328
379	3111.320000	0.121813	7.939153	8.000619	3.065670	0.040000	3.105670	70.690554
380	3130.160000	0.121400	7.967916	7.993043	3.059233	0.040000	3.099233	70.718105
381	3134.920000	0.121534	7.959474	7.993043	3.059233	0.040000	3.099233	70.743622
382	3139.040000	0.121693	7.949396	7.993043	3.059233	0.040000	3.099233	70.755812
383	3146.280000	0.121731	7.947539	7.993043	3.086224	0.040000	3.126224	70.774621
384	3154.720000	0.121722	7.948825	8.018265	3.094453	0.040000	3.134453	70.788333
385	3168.200000	0.121520	7.963229	8.042748	3.088934	0.040000	3.128934	70.809662
386	3174.320000	0.121601	7.958442	8.042748	3.088934	0.040000	3.128934	70.835130
387	3182.000000	0.121622	7.957720	8.056244	3.088304	0.040000	3.128304	70.868734
388	3186.000000	0.121783	7.947494	8.034848	3.074761	0.040000	3.114761	70.894845
389	3191.960000	0.121869	7.942371	8.034848	3.074761	0.040000	3.114761	70.919383
390	3195.240000	0.122057	7.930386	8.034861	3.074761	0.040000	3.114761	70.944410
391	3205.720000	0.121969	7.936923	8.034861	3.086734	0.040000	3.126734	70.973197
392	3224.440000	0.121571	7.964501	8.040501	3.101200	0.040000	3.141200	71.000408
393	3238.840000	0.121340	7.980918	8.041791	3.085459	0.040000	3.125459	71.037252
394	3241.280000	0.121557	7.966819	8.030868	3.085459	0.040000	3.125459	71.049036
395	3251.720000	0.121474	7.973096	8.030198	3.088099	0.040000	3.128099	71.048506
396	3255.080000	0.121656	7.961418	8.021333	3.088099	0.040000	3.128099	71.050202
397	3264.360000	0.121616	7.964747	8.021333	3.106995	0.040000	3.146995	71.069320
398	3274.560000	0.121543	7.970378	8.027617	3.102015	0.040000	3.142015	71.074171
399	3280.600000	0.121624	7.965528	8.027617	3.116765	0.040000	3.156765	71.078897
400	3292.120000	0.121502	7.974436	8.034425	3.114621	0.040000	3.154621	71.071600
401	3294.000000	0.121736	7.959200	8.034425	3.116293	0.040000	3.156293	71.060648
402	3298.120000	0.121888	7.949626	8.034425	3.116293	0.040000	3.156293	71.042687
403	3303.640000	0.121987	7.943582	8.037659	3.115328	0.040000	3.155328	71.029181
404	3310.480000	0.122037	7.940844	8.024660	3.111748	0.040000	3.151748	71.012772
405	3312.320000	0.122271	7.925743	8.024660	3.111748	0.040000	3.151748	70.992395
406	3324.680000	0.122117	7.936691	8.035254	3.115942	0.040000	3.155942	70.968768
407	3329.640000	0.122235	7.929360	8.026184	3.115942	0.040000	3.155942	70.946634
408	3343.600000	0.122024	7.944177	8.007866	3.097703	0.040000	3.137703	70.928039
409	3349.040000	0.122125	7.938039	7.995694	3.093747	0.040000	3.133747	70.907384
410	3361.920000	0.121954	7.950122	7.988286	3.097048	0.040000	3.137048	70.900683
411	3367.280000	0.122057	7.943805	7.988286	3.105748	0.040000	3.145748	70.886910
412	3370.680000	0.122231	7.932749	7.990879	3.105748	0.040000	3.145748	70.870000
413	3394.920000	0.121652	7.972330	8.014752	3.125189	0.040000	3.165189	70.885521
414	3408.200000	0.121472	7.985182	8.015660	3.121318	0.040000	3.161318	70.920580
415	3412.240000	0.121621	7.975652	8.015812	3.121318	0.040000	3.161318	70.947759
416	3416.720000	0.121754	7.967229	8.015812	3.119531	0.040000	3.159531	70.971827
417	3419.760000	0.121938	7.955385	8.013052	3.119531	0.040000	3.159531	70.993669
418	3422.920000	0.122118	7.943885	8.013052	3.118501	0.040000	3.158501	71.014450
419	3426.480000	0.122283	7.933397	8.013052	3.118501	0.040000	3.158501	71.033413
420	3431.400000	0.122399	7.926205	8.024637	3.113271	0.040000	3.153271	71.041333
421	3438.160000	0.122449	7.923429	7.999161	3.107972	0.040000	3.147972	71.044656
422	3441.680000	0.122615	7.912969	7.999161	3.112744	0.040000	3.152744	71.041422
423	3455.400000	0.122417	7.926730	7.992761	3.108863	0.040000	3.148863	71.023830
424	3463.160000	0.122432	7.926336	7.992761	3.119352	0.040000	3.159352	71.018679
425	3465.760000	0.122628	7.913774	7.992761	3.119352	0.040000	3.159352	70.996894
426	3472.120000	0.122692	7.910118	8.007483	3.113811	0.040000	3.153811	70.969108
427	3485.440000	0.122510	7.922817	8.017512	3.114023	0.040000	3.154023	70.955878
428	3503.680000	0.122157	7.946979	8.025413	3.133028	0.040000	3.173028	70.959252
429	3505.000000	0.122397	7.931495	8.025413	3.128879	0.040000	3.168879	70.960466
430	3514.560000	0.122348	7.935291	8.013516	3.126849	0.040000	3.166849	70.967256
431	3525.960000	0.122236	7.943349	8.013516	3.131116	0.040000	3.171116	70.993039
432	3529.680000	0.122391	7.933550	8.025786	3.127091	0.040000	3.167091	70.998333
433	3537.640000	0.122398	7.933611	8.012971	3.127800	0.040000	3.167800	70.996674
434	3552.480000	0.122168	7.949561	8.009842	3.121354	0.040000	3.161354	71.007742
435	3556.280000	0.122319	7.940000	8.009842	3.121354	0.040000	3.161354	71.010115
436	3567.280000	0.122222	7.947034	8.009099	3.120989	0.040000	3.160989	71.001376
437	3573.720000	0.122282	7.943578	8.009099	3.120989	0.040000	3.160989	70.997803
438	3582.120000	0.122274	7.944622	8.020897	3.111588	0.040000	3.151588	71.003653
439	3589.800000	0.122291	7.944018	8.020403	3.111588	0.040000	3.151588	71.003645
440	3597.400000	0.122311	7.943235	8.020357	3.114286	0.040000	3.154286	70.998727
441	3605.120000	0.122326	7.942727	8.016125	3.110735	0.040000	3.150735	71.000000
442	3615.080000	0.122266	7.947302	8.020267	3.113067	0.040000	3.153067	71.010588
443	3617.920000	0.122446	7.935747	8.020267	3.112905	0.040000	3.152905	71.010745
444	3623.280000	0.122541	7.929932	8.016319	3.107345	0.040000	3.147345	70.999820
445	3626.800000	0.122698	7.920000	8.011239	3.107345	0.040000	3.147345	70.987865
446	3645.880000	0.122330	7.945079	8.000615	3.101930	0.040000	3.141930	70.986457
447	3647.760000	0.122541	7.931480	7.989211	3.096718	0.040000	3.136718	70.975391
448	3663.680000	0.122281	7.949351	7.992210	3.098515	0.040000	3.138515	70.974018
449	3667.160000	0.122438	7.939375	7.997729	3.098515	0.040000	3.138515	70.968820
450	3676.760000	0.122390	7.943073	7.993813	3.094292	0.040000	3.134292	70.965511
451	3682.280000	0.122478	7.937689	7.993813	3.102957	0.040000	3.142957	70.955033
452	3687.120000	0.122589	7.930820	7.988980	3.097267	0.040000	3.137267	70.946903
453	3701.080000	0.122397	7.944159	7.980130	3.092354	0.040000	3.132354	70.952230
454	3703.840000	0.122575	7.932715	7.980130	3.092354	0.040000	3.132354	70.956211
455	3710.600000	0.122622	7.930132	7.980130	3.097931	0.040000	3.137931	70.953934
456	3713.600000	0.122792	7.919297	7.990862	3.094022	0.040000	3.134022	70.949123
457	3719.720000	0.122859	7.915351	7.973734	3.089013	0.040000	3.129013	70.951510
458	3729.040000	0.122820	7.918425	7.956581	3.077863	0.040000	3.117863	70.946812
459	3738.400000	0.122780	7.921572	7.950362	3.074383	0.040000	3.114383	70.945621
460	3754.840000	0.122509	7.940131	7.945508	3.072627	0.040000	3.112627	70.953826
461	3760.240000	0.122599	7.934609	7.945508	3.069091	0.040000	3.109091	70.965813
462	3762.680000	0.122785	7.922690	7.943002	3.069091	0.040000	3.109091	70.975325
463	3767.040000	0.122908	7.914978	7.937384	3.067426	0.040000	3.107426	70.983067
464	3777.360000	0.122837	7.920173	7.934400	3.065853	0.040000	3.105853	70.987414
465	3782.320000	0.122940	7.913793	7.934400	3.072689	0.040000	3.112689	70.984000
466	3784.000000	0.123150	7.900387	7.940168	3.072689	0.040000	3.112689	70.979313
467	3786.840000	0.123322	7.889528	7.940168	3.072689	0.040000	3.112689	70.970707
468	3790.120000	0.123479	7.879657	7.940168	3.072689	0.040000	3.112689	70.958632
469	3793.320000	0.123638	7.869658	7.943732	3.081509	0.040000	3.121509	70.943454
470	3800.800000	0.123658	7.868827	7.932803	3.073236	0.040000	3.113236	70.932085
471	3804.240000	0.123809	7.859404	7.932803	3.073236	0.040000	3.113236	70.911592
472	3807.800000	0.123956	7.850276	7.938205	3.073236	0.040000	3.113236	70.880593
473	3816.600000	0.123932	7.852288	7.938205	3.073236	0.040000	3.113236	70.859789
474	3825.680000	0.123900	7.854884	7.943784	3.086403	0.040000	3.126403	70.842110
475	3832.520000	0.123939	7.852743	7.938506	3.079917	0.040000	3.119917	70.827705
476	3843.600000	0.123842	7.859537	7.914887	3.071670	0.040000	3.111670	70.814538
477	3856.440000	0.123689	7.870000	7.916955	3.068172	0.040000	3.108172	70.803941
478	3860.440000	0.123820	7.861887	7.916955	3.068172	0.040000	3.108172	70.794059
479	3861.680000	0.124039	7.848033	7.921478	3.068172	0.040000	3.108172	70.782046
480	3879.160000	0.123738	7.868142	7.920409	3.062822	0.040000	3.102822	70.760833
481	3885.880000	0.123781	7.865750	7.920409	3.063102	0.040000	3.103102	70.749023
482	3892.840000	0.123817	7.863867	7.920409	3.063102	0.040000	3.103102	70.739502
483	3900.160000	0.123841	7.862739	7.944327	3.057678	0.040000	3.097678	70.735321
484	3902.800000	0.124014	7.851925	7.944327	3.057678	0.040000	3.097678	70.729256
485	3905.240000	0.124192	7.840744	7.944327	3.057678	0.040000	3.097678	70.720577
486	3909.520000	0.124312	7.833402	7.951446	3.057678	0.040000	3.097678	70.709465
487	3923.520000	0.124123	7.846091	7.956098	3.055010	0.040000	3.095010	70.706283
488	3937.960000	0.123922	7.859630	7.948745	3.050202	0.040000	3.090202	70.711967
489	3943.800000	0.123992	7.855492	7.948745	3.050202	0.040000	3.090202	70.720573
490	3952.160000	0.123983	7.856524	7.970424	3.072081	0.040000	3.112081	70.723184
491	3958.000000	0.124053	7.852408	7.970424	3.077097	0.040000	3.117097	70.703381
492	3978.520000	0.123664	7.878208	7.965291	3.066934	0.040000	3.106934	70.699675
493	3992.640000	0.123477	7.890894	7.977280	3.064160	0.040000	3.104160	70.700609
494	3998.120000	0.123558	7.886004	7.977280	3.066108	0.040000	3.106108	70.698866
495	4011.920000	0.123382	7.897976	7.982311	3.072286	0.040000	3.112286	70.692364
496	4025.720000	0.123208	7.909899	7.962376	3.065663	0.040000	3.105663	70.692823
497	4037.240000	0.123104	7.917177	7.935433	3.051260	0.040000	3.091260	70.702294
498	4042.040000	0.123205	7.910905	7.935433	3.059018	0.040000	3.091260	70.712048
499	4044.840000	0.123367	7.900643	7.935433	3.059018	0.040000	3.099018	70.715030
500	4049.360000	0.123476	7.893868	7.940589	3.057412	0.040000	3.097412	70.711840
501	4058.400000	0.123448	7.896160	7.917812	3.047500	0.040000	3.087500	70.694132
502	4067.920000	0.123405	7.899401	7.904747	3.040467	0.040000	3.080467	70.671155
503	4074.000000	0.123466	7.895777	7.904747	3.047689	0.040000	3.087689	70.655189
504	4082.720000	0.123447	7.897416	7.913476	3.047689	0.040000	3.087689	70.644365
505	4089.560000	0.123485	7.895317	7.913476	3.054496	0.040000	3.094496	70.636040
506	4094.400000	0.123583	7.889267	7.918760	3.049671	0.040000	3.089671	70.631542
507	4096.640000	0.123760	7.878103	7.913888	3.049671	0.040000	3.089671	70.627850
508	4099.440000	0.123919	7.868087	7.913888	3.049671	0.040000	3.089671	70.624488
509	4108.800000	0.123880	7.871024	7.922394	3.058574	0.040000	3.098574	70.616817
510	4114.240000	0.123960	7.866248	7.910289	3.054154	0.040000	3.094154	70.608471
511	4116.840000	0.124124	7.855922	7.910289	3.054154	0.040000	3.094154	70.597104
512	4119.600000	0.124284	7.845949	7.912923	3.054154	0.040000	3.094154	70.587031
513	4121.800000	0.124460	7.834922	7.912923	3.054154	0.040000	3.094154	70.571930
514	4127.480000	0.124531	7.830721	7.912923	3.054154	0.040000	3.094154	70.562023
515	4140.400000	0.124384	7.840623	7.924607	3.063755	0.040000	3.103755	70.554563
516	4153.760000	0.124225	7.851340	7.924512	3.060763	0.040000	3.100763	70.549380
517	4157.600000	0.124351	7.843566	7.923206	3.056686	0.040000	3.096686	70.542669
518	4169.600000	0.124233	7.851605	7.909506	3.052243	0.040000	3.092243	70.529653
519	4171.000000	0.124431	7.839151	7.909506	3.057913	0.040000	3.097913	70.515222
520	4175.240000	0.124544	7.832216	7.909506	3.057913	0.040000	3.097913	70.504923
521	4194.480000	0.124211	7.854154	7.914556	3.057887	0.040000	3.097887	70.497965
522	4200.080000	0.124283	7.849827	7.887669	3.047744	0.040000	3.087744	70.488123
523	4205.040000	0.124375	7.844291	7.887669	3.050356	0.040000	3.090356	70.473270
524	4208.680000	0.124505	7.836252	7.887955	3.050356	0.040000	3.090356	70.447252
525	4212.800000	0.124620	7.829160	7.878801	3.043589	0.040000	3.083589	70.420190
526	4215.240000	0.124785	7.818895	7.878801	3.043589	0.040000	3.083589	70.393232
527	4235.080000	0.124437	7.841749	7.871657	3.040670	0.040000	3.080670	70.382543
528	4254.960000	0.124090	7.864592	7.897026	3.047807	0.040000	3.087807	70.391364
529	4264.160000	0.124057	7.867121	7.901299	3.046889	0.040000	3.086889	70.405142
530	4271.720000	0.124072	7.866541	7.896074	3.045545	0.040000	3.085545	70.420981
531	4274.240000	0.124233	7.856453	7.896074	3.045545	0.040000	3.085545	70.435782
532	4277.600000	0.124369	7.847985	7.895157	3.040000	0.040000	3.080000	70.452180
533	4283.120000	0.124442	7.843609	7.892177	3.036759	0.040000	3.076759	70.467392
534	4288.600000	0.124516	7.839174	7.890166	3.036759	0.040000	3.076759	70.484345
535	4291.640000	0.124661	7.830187	7.890166	3.032941	0.040000	3.072941	70.500112
536	4307.360000	0.124438	7.844935	7.894092	3.035670	0.040000	3.075670	70.525672
537	4309.520000	0.124608	7.834328	7.894092	3.035604	0.040000	3.075604	70.549348
538	4316.880000	0.124627	7.833445	7.882048	3.026350	0.040000	3.066350	70.565130
539	4322.000000	0.124711	7.828401	7.872993	3.021858	0.040000	3.061858	70.553989
540	4324.000000	0.124884	7.817588	7.866594	3.021858	0.040000	3.061858	70.535704
541	4326.880000	0.125032	7.808444	7.866594	3.023564	0.040000	3.063564	70.510314
542	4334.640000	0.125039	7.808355	7.869455	3.022650	0.040000	3.062650	70.489889
543	4339.440000	0.125131	7.802804	7.869455	3.022650	0.040000	3.062650	70.464530
544	4350.280000	0.125049	7.808398	7.873623	3.022971	0.040000	3.062971	70.447279
545	4362.520000	0.124928	7.816544	7.866618	3.022599	0.040000	3.062599	70.431486
546	4370.800000	0.124920	7.817394	7.872708	3.022599	0.040000	3.062599	70.415385
547	4373.520000	0.125071	7.808059	7.872708	3.027315	0.040000	3.067315	70.398318
548	4376.840000	0.125204	7.799854	7.874234	3.027315	0.040000	3.067315	70.380438
549	4379.560000	0.125355	7.790584	7.874234	3.027315	0.040000	3.067315	70.362842
550	4389.120000	0.125310	7.793807	7.874234	3.047482	0.040000	3.087482	70.348582
551	4396.840000	0.125317	7.793673	7.884883	3.046607	0.040000	3.086607	70.333866
552	4415.560000	0.125012	7.813503	7.889302	3.045581	0.040000	3.085581	70.335725
553	4422.840000	0.125033	7.812536	7.889302	3.050286	0.040000	3.090286	70.338879
554	4428.840000	0.125089	7.809259	7.893500	3.050553	0.040000	3.090553	70.337401
555	4438.600000	0.125039	7.812780	7.892906	3.054377	0.040000	3.094377	70.332468
556	4463.120000	0.124577	7.842883	7.878655	3.037385	0.040000	3.077385	70.340504
557	4465.360000	0.124738	7.832806	7.879223	3.033298	0.040000	3.073298	70.344417
558	4471.440000	0.124792	7.829659	7.874074	3.033298	0.040000	3.073298	70.345735
559	4475.280000	0.124908	7.822509	7.874074	3.035845	0.040000	3.075845	70.340680
560	4487.120000	0.124802	7.829696	7.875423	3.035845	0.040000	3.075845	70.335500
561	4497.040000	0.124749	7.833429	7.895395	3.050667	0.040000	3.090667	70.334189
562	4513.040000	0.124528	7.847986	7.888757	3.052727	0.040000	3.092727	70.344342
563	4516.080000	0.124666	7.839431	7.885245	3.048307	0.040000	3.088307	70.348917
564	4517.960000	0.124835	7.828845	7.875462	3.048307	0.040000	3.088307	70.350071
565	4519.400000	0.125017	7.817518	7.875462	3.046551	0.040000	3.086551	70.346407
566	4524.360000	0.125101	7.812460	7.868153	3.044174	0.040000	3.084174	70.341908
567	4533.920000	0.125057	7.815548	7.870191	3.044174	0.040000	3.084174	70.340741
568	4552.600000	0.124764	7.834709	7.894931	3.060867	0.040000	3.100867	70.357113
569	4562.640000	0.124709	7.838592	7.882422	3.053402	0.040000	3.093402	70.359016
570	4570.800000	0.124705	7.839156	7.874957	3.053034	0.040000	3.093034	70.365404
571	4575.360000	0.124799	7.833404	7.878138	3.053034	0.040000	3.093034	70.368336
572	4579.400000	0.124907	7.826760	7.875181	3.054389	0.040000	3.094389	70.363846
573	4583.480000	0.125014	7.820210	7.875181	3.054389	0.040000	3.094389	70.360977
574	4589.280000	0.125074	7.816684	7.875181	3.054389	0.040000	3.094389	70.361603
575	4591.760000	0.125224	7.807387	7.875181	3.067423	0.040000	3.107423	70.360765
576	4623.560000	0.124579	7.849113	7.885744	3.067372	0.040000	3.107372	70.376111
577	4631.600000	0.124579	7.849444	7.884164	3.067666	0.040000	3.107666	70.392166
578	4636.800000	0.124655	7.844853	7.886065	3.064422	0.040000	3.104422	70.408512
579	4639.280000	0.124804	7.835571	7.879864	3.062547	0.040000	3.102547	70.423351
580	4646.720000	0.124819	7.834888	7.879864	3.062547	0.040000	3.102547	70.440552
581	4660.240000	0.124672	7.844690	7.889508	3.065153	0.040000	3.105153	70.462513
582	4672.040000	0.124571	7.851497	7.898071	3.071810	0.040000	3.111810	70.482405
583	4679.480000	0.124586	7.850790	7.898071	3.067432	0.040000	3.107432	70.499142
584	4684.320000	0.124671	7.845626	7.904662	3.067432	0.040000	3.107432	70.516027
585	4689.680000	0.124742	7.841370	7.904662	3.067589	0.040000	3.107589	70.523966
586	4696.640000	0.124770	7.839863	7.906577	3.066734	0.040000	3.106734	70.532014
587	4703.320000	0.124805	7.837884	7.907407	3.066734	0.040000	3.106734	70.541465
588	4709.000000	0.124867	7.834208	7.907361	3.070118	0.040000	3.110118	70.548776
589	4720.720000	0.124769	7.840816	7.903893	3.071290	0.040000	3.111290	70.567402
590	4743.680000	0.124376	7.866486	7.899032	3.060133	0.040000	3.100133	70.597424
591	4753.280000	0.124335	7.869424	7.900133	3.060133	0.040000	3.100133	70.622809
592	4761.840000	0.124322	7.870592	7.900133	3.075541	0.040000	3.115541	70.655068
593	4769.320000	0.124336	7.869932	7.913223	3.072703	0.040000	3.112703	70.675413
594	4773.440000	0.124439	7.863609	7.909121	3.072703	0.040000	3.112703	70.688418
595	4780.760000	0.124457	7.862694	7.902914	3.068477	0.040000	3.108477	70.695328
596	4787.800000	0.124483	7.861311	7.902914	3.071074	0.040000	3.111074	70.705705
597	4791.640000	0.124592	7.854564	7.911339	3.071074	0.040000	3.111074	70.708476
598	4796.840000	0.124665	7.850117	7.911339	3.076370	0.040000	3.116370	70.705953
599	4804.000000	0.124688	7.848963	7.920330	3.076370	0.040000	3.116370	70.710985
600	4810.800000	0.124719	7.847212	7.920330	3.077694	0.040000	3.117694	70.717400
601	4830.520000	0.124417	7.867000	7.930461	3.084145	0.040000	3.124145	70.723261
602	4836.560000	0.124469	7.863960	7.935107	3.088407	0.040000	3.128407	70.722791
603	4840.040000	0.124586	7.856678	7.935107	3.088131	0.040000	3.128131	70.724378
604	4845.440000	0.124653	7.852604	7.932590	3.083666	0.040000	3.123666	70.726225
605	4862.680000	0.124417	7.868146	7.929296	3.086013	0.040000	3.126013	70.742876
606	4876.760000	0.124263	7.878413	7.942838	3.079674	0.040000	3.119674	70.758548
607	4879.840000	0.124389	7.870495	7.936873	3.079674	0.040000	3.119674	70.761186
608	4886.960000	0.124413	7.869259	7.939057	3.082532	0.040000	3.122532	70.753816
609	4895.680000	0.124395	7.870658	7.939545	3.082532	0.040000	3.122532	70.743383
610	4906.280000	0.124330	7.875140	7.940292	3.082399	0.040000	3.122399	70.737246
611	4910.320000	0.124432	7.868852	7.940292	3.088803	0.040000	3.128803	70.731457
612	4919.720000	0.124397	7.871358	7.941553	3.092924	0.040000	3.132924	70.724575
613	4931.440000	0.124304	7.877647	7.944323	3.088502	0.040000	3.128502	70.710604
614	4942.080000	0.124239	7.882153	7.935563	3.080770	0.040000	3.120770	70.704886
615	4949.080000	0.124266	7.880717	7.929246	3.076026	0.040000	3.116026	70.694959
616	4950.880000	0.124422	7.870829	7.927756	3.076026	0.040000	3.116026	70.683961
617	4969.600000	0.124155	7.888442	7.927756	3.095424	0.040000	3.135424	70.686029
618	4981.440000	0.124061	7.894846	7.936459	3.089633	0.040000	3.129633	70.687120
619	4986.680000	0.124131	7.890550	7.936459	3.088726	0.040000	3.128726	70.684847
620	4994.840000	0.124128	7.890985	7.933545	3.088331	0.040000	3.128331	70.682710
621	5004.880000	0.124079	7.894452	7.934984	3.092825	0.040000	3.132825	70.687150
622	5012.200000	0.124097	7.893527	7.934984	3.100158	0.040000	3.140158	70.696463
623	5021.240000	0.124073	7.895370	7.940983	3.105000	0.040000	3.145000	70.713323
624	5025.280000	0.124172	7.889181	7.943544	3.101043	0.040000	3.141043	70.730385
625	5048.360000	0.123803	7.913526	7.935962	3.106709	0.040000	3.146709	70.748992
626	5052.600000	0.123897	7.907648	7.944252	3.107987	0.040000	3.147987	70.764537
627	5058.520000	0.123949	7.904473	7.944252	3.107987	0.040000	3.147987	70.782392
628	5066.160000	0.123960	7.904051	7.941852	3.100376	0.040000	3.140376	70.802803
629	5074.680000	0.123949	7.905032	7.932269	3.090938	0.040000	3.130938	70.825501
630	5080.200000	0.124011	7.901240	7.928750	3.090938	0.040000	3.130938	70.840381
631	5086.440000	0.124055	7.898603	7.924306	3.090156	0.040000	3.130156	70.848241
632	5093.400000	0.124082	7.897116	7.920249	3.091384	0.040000	3.131384	70.851013
633	5096.160000	0.124211	7.888987	7.920249	3.091384	0.040000	3.131384	70.851817
634	5103.840000	0.124220	7.888657	7.921742	3.091366	0.040000	3.131366	70.852492
635	5107.600000	0.124325	7.882145	7.922919	3.091366	0.040000	3.131366	70.843969
636	5117.800000	0.124272	7.885795	7.922915	3.093581	0.040000	3.133581	70.835409
637	5120.320000	0.124406	7.877358	7.922915	3.093581	0.040000	3.133581	70.820471
638	5124.840000	0.124492	7.872088	7.924334	3.098514	0.040000	3.138514	70.804639
639	5136.200000	0.124411	7.877555	7.929768	3.103864	0.040000	3.143864	70.796307
640	5139.120000	0.124535	7.869797	7.929768	3.103864	0.040000	3.143864	70.789437
641	5148.920000	0.124492	7.872813	7.929444	3.111988	0.040000	3.151988	70.783651
642	5154.480000	0.124552	7.869204	7.931279	3.109723	0.040000	3.149723	70.780872
643	5157.480000	0.124673	7.861620	7.931279	3.109723	0.040000	3.149723	70.771757
644	5166.040000	0.124660	7.862706	7.928664	3.106790	0.040000	3.146790	70.763416
645	5173.800000	0.124667	7.862547	7.928664	3.106790	0.040000	3.146790	70.751442
646	5190.880000	0.124449	7.876837	7.947239	3.124663	0.040000	3.164663	70.750960
647	5199.600000	0.124433	7.878142	7.951485	3.130031	0.040000	3.170031	70.749861
648	5205.280000	0.124489	7.874745	7.947217	3.130031	0.040000	3.170031	70.741296
649	5215.800000	0.124430	7.878827	7.950351	3.131098	0.040000	3.171098	70.736764
650	5218.240000	0.124563	7.870447	7.947805	3.131098	0.040000	3.171098	70.728431
651	5231.520000	0.124438	7.878769	7.947805	3.132907	0.040000	3.172907	70.727496
652	5263.360000	0.123875	7.915576	7.956606	3.119939	0.040000	3.159939	70.746564
653	5277.200000	0.123740	7.924663	7.975673	3.137307	0.040000	3.177307	70.765758
654	5282.360000	0.123808	7.920429	7.972628	3.135710	0.040000	3.175710	70.787278
655	5296.800000	0.123660	7.930398	7.973756	3.134157	0.040000	3.174157	70.816733
656	5298.560000	0.123807	7.920977	7.973756	3.134157	0.040000	3.174157	70.839268
657	5305.520000	0.123833	7.919512	7.978494	3.134316	0.040000	3.174316	70.858630
658	5310.880000	0.123897	7.915616	7.975338	3.134316	0.040000	3.174316	70.871125
659	5317.880000	0.123922	7.914225	7.978739	3.142042	0.040000	3.182042	70.882792
660	5322.040000	0.124013	7.908528	7.978739	3.142042	0.040000	3.182042	70.890727
661	5336.400000	0.123866	7.918303	7.978739	3.155802	0.040000	3.195802	70.884175
662	5344.840000	0.123858	7.919092	7.993054	3.151330	0.040000	3.193593	70.878248
663	5348.240000	0.123966	7.912266	7.993054	3.151330	0.040000	3.191330	70.867813
664	5356.440000	0.123963	7.912700	7.985851	3.146746	0.040000	3.186746	70.856325
665	5381.560000	0.123570	7.938614	7.986152	3.136855	0.040000	3.176855	70.865143
666	5390.000000	0.123562	7.939368	7.984451	3.136178	0.040000	3.176178	70.870210
667	5404.560000	0.123414	7.949309	7.983964	3.141388	0.040000	3.181388	70.875682
668	5409.240000	0.123492	7.944408	7.982688	3.141388	0.040000	3.181388	70.874371
669	5418.320000	0.123470	7.946108	7.979469	3.136082	0.040000	3.176082	70.878206
670	5423.080000	0.123546	7.941345	7.978085	3.136082	0.040000	3.176082	70.880896
671	5427.920000	0.123620	7.936716	7.978085	3.136353	0.040000	3.176353	70.880715
672	5433.280000	0.123682	7.932876	7.976882	3.132687	0.040000	3.172687	70.876726
673	5436.760000	0.123787	7.926250	7.973275	3.132687	0.040000	3.172687	70.867994
674	5441.440000	0.123864	7.921426	7.971848	3.134956	0.040000	3.174956	70.853769
675	5450.680000	0.123838	7.923383	7.973353	3.136574	0.040000	3.176574	70.841541
676	5466.000000	0.123674	7.934341	7.978246	3.136993	0.040000	3.176993	70.835503
677	5469.880000	0.123769	7.928343	7.975182	3.136993	0.040000	3.176993	70.829424
678	5473.520000	0.123869	7.922009	7.975182	3.139767	0.040000	3.179767	70.819292
679	5480.280000	0.123899	7.920295	7.977843	3.139767	0.040000	3.179767	70.810781
680	5497.080000	0.123702	7.933373	7.981163	3.135907	0.040000	3.175907	70.813647
681	5501.720000	0.123779	7.928529	7.976430	3.135907	0.040000	3.175907	70.816740
682	5507.600000	0.123829	7.925521	7.973449	3.134298	0.040000	3.174298	70.814428
683	5516.840000	0.123803	7.927449	7.977945	3.134298	0.040000	3.174298	70.816047
684	5532.200000	0.123640	7.938331	7.977919	3.137431	0.040000	3.177431	70.824152
685	5538.880000	0.123671	7.936491	7.981414	3.134697	0.040000	3.174697	70.833869
686	5555.640000	0.123478	7.949372	7.982676	3.130805	0.040000	3.170805	70.852653
687	5560.120000	0.123558	7.944315	7.982676	3.130805	0.040000	3.170805	70.864338
688	5563.280000	0.123668	7.937351	7.983333	3.130805	0.040000	3.170805	70.870000
689	5570.680000	0.123683	7.936570	7.983333	3.137389	0.040000	3.177389	70.874311
690	5577.280000	0.123716	7.934630	7.995466	3.137389	0.040000	3.177389	70.877797
691	5581.640000	0.123799	7.929449	7.995466	3.136963	0.040000	3.176963	70.884168
692	5589.680000	0.123800	7.929609	7.996848	3.132761	0.040000	3.172761	70.883121
693	5599.600000	0.123759	7.932486	7.995937	3.131371	0.040000	3.171371	70.881039
694	5601.920000	0.123886	7.924387	7.995937	3.131371	0.040000	3.171371	70.873545
695	5609.000000	0.123908	7.923170	8.003086	3.131371	0.040000	3.171371	70.866993
696	5614.600000	0.123963	7.919827	8.003086	3.135235	0.040000	3.175235	70.854425
697	5628.160000	0.123842	7.927931	8.006097	3.136387	0.040000	3.176387	70.839082
698	5643.560000	0.123681	7.938651	8.002443	3.132142	0.040000	3.172142	70.829284
699	5653.760000	0.123635	7.941891	8.000113	3.128555	0.040000	3.168555	70.825064
700	5666.440000	0.123534	7.948670	7.994746	3.123554	0.040000	3.163554	70.825657
701	5679.520000	0.123426	7.956000	7.975584	3.115443	0.040000	3.155443	70.821113
702	5692.240000	0.123326	7.962796	7.971669	3.116914	0.040000	3.156914	70.820741
703	5700.320000	0.123326	7.962963	7.972829	3.118378	0.040000	3.158378	70.826117
704	5703.280000	0.123438	7.955846	7.972829	3.118378	0.040000	3.158378	70.829318
705	5716.280000	0.123332	7.963011	7.979413	3.117430	0.040000	3.157430	70.836028
706	5720.960000	0.123406	7.958355	7.984022	3.117430	0.040000	3.157430	70.842153
707	5736.920000	0.123237	7.969688	7.989679	3.120837	0.040000	3.160837	70.854710
708	5739.120000	0.123364	7.961528	7.989679	3.122897	0.040000	3.162897	70.865424
709	5745.480000	0.123401	7.959266	7.991309	3.120834	0.040000	3.160834	70.879944
710	5748.480000	0.123511	7.952271	7.987483	3.120834	0.040000	3.160834	70.892507
711	5751.000000	0.123631	7.944620	7.987483	3.121611	0.040000	3.161611	70.902954
712	5762.880000	0.123549	7.950155	7.985500	3.118669	0.040000	3.158669	70.920337
713	5770.080000	0.123568	7.949101	7.988571	3.115623	0.040000	3.155623	70.938738
714	5778.440000	0.123563	7.949677	7.985118	3.108729	0.040000	3.148729	70.959608
715	5780.640000	0.123689	7.941625	7.985118	3.108729	0.040000	3.148729	70.974769
716	5792.200000	0.123615	7.946685	7.988729	3.110455	0.040000	3.150455	70.988212
717	5801.000000	0.123599	7.947877	7.991393	3.108430	0.040000	3.148430	70.993808
718	5811.000000	0.123559	7.950739	7.983879	3.102802	0.040000	3.142802	70.997883
719	5814.080000	0.123665	7.943955	7.978242	3.102802	0.040000	3.142802	70.997608
720	5830.080000	0.123497	7.955160	7.976658	3.098988	0.040000	3.138988	71.009444
721	5831.920000	0.123630	7.946667	7.976658	3.098988	0.040000	3.138988	71.018419
722	5839.120000	0.123649	7.945631	7.974227	3.098988	0.040000	3.138988	71.023324
723	5844.080000	0.123715	7.941496	7.974227	3.103552	0.040000	3.143552	71.024509
724	5845.720000	0.123851	7.932780	7.974227	3.103552	0.040000	3.143552	71.020994
725	5868.320000	0.123545	7.953039	7.975259	3.100517	0.040000	3.140517	71.028193
726	5875.760000	0.123558	7.952331	7.981442	3.099674	0.040000	3.139674	71.035702
727	5878.400000	0.123673	7.945014	7.979239	3.099674	0.040000	3.139674	71.040220
728	5883.160000	0.123743	7.940633	7.979239	3.099213	0.040000	3.139213	71.045330
729	5893.400000	0.123698	7.943791	7.982849	3.095772	0.040000	3.135772	71.053224
730	5894.920000	0.123835	7.934979	7.980705	3.095772	0.040000	3.135772	71.055781
731	5896.680000	0.123968	7.926521	7.980705	3.093424	0.040000	3.133424	71.051710
732	5914.160000	0.123771	7.939590	7.974541	3.094683	0.040000	3.134683	71.056667
733	5924.080000	0.123732	7.942295	7.976065	3.091752	0.040000	3.131752	71.064120
734	5927.760000	0.123824	7.936480	7.976065	3.091752	0.040000	3.131752	71.067193
735	5931.200000	0.123921	7.930354	7.977281	3.096366	0.040000	3.136366	71.063782
736	5940.960000	0.123886	7.932844	7.977281	3.102957	0.040000	3.142957	71.059946
737	5959.960000	0.123659	7.947880	7.979758	3.103110	0.040000	3.143110	71.072890
738	5967.680000	0.123666	7.947571	7.982865	3.101098	0.040000	3.141098	71.084824
739	5980.720000	0.123564	7.954472	7.983583	3.095274	0.040000	3.135274	71.104628
740	5989.240000	0.123555	7.955237	7.985154	3.093813	0.040000	3.133813	71.125622
741	5993.720000	0.123629	7.950541	7.981067	3.093813	0.040000	3.133813	71.146397
742	5998.000000	0.123708	7.945587	7.981067	3.093813	0.040000	3.133813	71.160377
743	6010.080000	0.123626	7.951159	7.986365	3.100532	0.040000	3.140532	71.174213
744	6017.200000	0.123646	7.950040	7.987713	3.101673	0.040000	3.141673	71.183656
745	6018.840000	0.123778	7.941559	7.987713	3.101673	0.040000	3.141673	71.191785
746	6024.560000	0.123826	7.938577	7.995113	3.097931	0.040000	3.137931	71.189651
747	6032.440000	0.123830	7.938499	7.989549	3.096053	0.040000	3.136053	71.186667
748	6037.480000	0.123893	7.934618	7.989616	3.092222	0.040000	3.132222	71.183690
749	6044.960000	0.123905	7.934011	7.983598	3.089141	0.040000	3.129141	71.180721
750	6052.680000	0.123912	7.933725	7.975409	3.082213	0.040000	3.122213	71.173707
751	6063.600000	0.123854	7.937707	7.968053	3.081629	0.040000	3.121629	71.165646
752	6069.440000	0.123899	7.934913	7.966255	3.081627	0.040000	3.121627	71.157926
753	6082.400000	0.123800	7.941596	7.971234	3.081627	0.040000	3.121627	71.153466
754	6098.000000	0.123647	7.951766	7.982857	3.087906	0.040000	3.127906	71.156605
755	6104.760000	0.123674	7.950186	7.982147	3.084444	0.040000	3.124444	71.161801
756	6114.760000	0.123635	7.952901	7.981804	3.080783	0.040000	3.120783	71.171534
757	6116.920000	0.123755	7.945238	7.981804	3.080783	0.040000	3.120783	71.178811
758	6120.360000	0.123849	7.939287	7.980627	3.079687	0.040000	3.119687	71.182639
759	6124.160000	0.123935	7.933826	7.979035	3.079687	0.040000	3.119687	71.186719
760	6131.000000	0.123960	7.932385	7.976615	3.080208	0.040000	3.120208	71.189579
761	6133.640000	0.124070	7.925421	7.976615	3.080208	0.040000	3.120208	71.191327
762	6140.560000	0.124093	7.924100	7.976615	3.088375	0.040000	3.128375	71.191444
763	6157.720000	0.123909	7.936220	7.979169	3.086649	0.040000	3.126649	71.189934
764	6159.360000	0.124039	7.927969	7.979169	3.096446	0.040000	3.136446	71.179634
765	6172.440000	0.123938	7.934712	7.983264	3.091436	0.040000	3.131436	71.177778
766	6174.920000	0.124050	7.927582	7.983264	3.091436	0.040000	3.131436	71.169295
767	6179.880000	0.124112	7.923708	7.984735	3.089406	0.040000	3.129406	71.155515
768	6189.480000	0.124082	7.925893	7.974658	3.086865	0.040000	3.126865	71.143854
769	6210.120000	0.123830	7.942448	7.977349	3.085296	0.040000	3.125296	71.143459
770	6213.440000	0.123925	7.936437	7.979126	3.081849	0.040000	3.121849	71.140831
771	6237.680000	0.123604	7.957610	7.962967	3.076628	0.040000	3.116628	71.151284
772	6243.600000	0.123647	7.954968	7.963576	3.076276	0.040000	3.116276	71.164870
773	6245.520000	0.123769	7.947150	7.960204	3.076276	0.040000	3.116276	71.173765
774	6256.120000	0.123719	7.950582	7.949364	3.068564	0.040000	3.108564	71.183256
775	6262.760000	0.123747	7.948889	7.946480	3.066954	0.040000	3.106954	71.196542
776	6273.920000	0.123687	7.953032	7.947970	3.070925	0.040000	3.110925	71.211031
777	6278.520000	0.123755	7.948711	7.949861	3.070925	0.040000	3.110925	71.220695
778	6281.920000	0.123847	7.942857	7.949861	3.072861	0.040000	3.112861	71.231208
779	6289.360000	0.123860	7.942211	7.949215	3.074387	0.040000	3.114387	71.239024
780	6296.480000	0.123879	7.941155	7.944242	3.074293	0.040000	3.114293	71.245949
781	6298.680000	0.123994	7.933795	7.944242	3.074293	0.040000	3.114293	71.251524
782	6300.000000	0.124127	7.925327	7.944242	3.074293	0.040000	3.114293	71.251611
783	6303.040000	0.124226	7.919079	7.944242	3.077982	0.040000	3.117982	71.248020
784	6305.040000	0.124345	7.911520	7.944716	3.077982	0.040000	3.117982	71.237347
785	6308.160000	0.124442	7.905408	7.944716	3.077982	0.040000	3.117982	71.226089
786	6318.640000	0.124394	7.908688	7.944716	3.082872	0.040000	3.122872	71.222443
787	6323.200000	0.124462	7.904427	7.954207	3.083170	0.040000	3.123170	71.222262
788	6330.280000	0.124481	7.903380	7.956075	3.083170	0.040000	3.123170	71.221624
789	6339.000000	0.124468	7.904416	7.956075	3.086784	0.040000	3.126784	71.214905
790	6351.240000	0.124385	7.909911	7.960502	3.080852	0.040000	3.120852	71.213772
791	6360.360000	0.124364	7.911443	7.956541	3.077196	0.040000	3.117196	71.215171
792	6365.800000	0.124415	7.908319	7.956646	3.076600	0.040000	3.116600	71.215859
793	6372.760000	0.124436	7.907121	7.946866	3.072809	0.040000	3.112809	71.215637
794	6383.320000	0.124387	7.910467	7.953716	3.080848	0.040000	3.120848	71.217028
795	6390.520000	0.124403	7.909572	7.953716	3.080598	0.040000	3.120598	71.212579
796	6397.320000	0.124427	7.908176	7.960249	3.077065	0.040000	3.117065	71.201508
797	6401.920000	0.124494	7.904020	7.954677	3.074783	0.040000	3.114783	71.189862
798	6407.720000	0.124537	7.901380	7.951006	3.074783	0.040000	3.114783	71.174286
799	6413.000000	0.124591	7.898095	7.951006	3.078958	0.040000	3.118958	71.159850
800	6418.280000	0.124644	7.894819	7.954243	3.078958	0.040000	3.118958	71.138950
801	6421.560000	0.124736	7.889050	7.954243	3.080297	0.040000	3.120297	71.118752
802	6438.680000	0.124560	7.900574	7.957475	3.079110	0.040000	3.119110	71.104688
803	6444.480000	0.124603	7.897955	7.959802	3.075358	0.040000	3.115358	71.089415
804	6465.240000	0.124357	7.913973	7.966658	3.077041	0.040000	3.117041	71.086866
805	6470.200000	0.124417	7.910299	7.966658	3.077041	0.040000	3.117041	71.084919
806	6480.280000	0.124377	7.912994	7.966658	3.090640	0.040000	3.130640	71.082829
807	6497.080000	0.124210	7.924020	7.981133	3.090135	0.040000	3.130135	71.091301
808	6510.080000	0.124115	7.930310	7.992924	3.093808	0.040000	3.133808	71.101980
809	6516.000000	0.124156	7.927822	7.987436	3.091190	0.040000	3.131190	71.114512
810	6526.400000	0.124111	7.930878	7.987436	3.098333	0.040000	3.138333	71.129185
811	6537.400000	0.124055	7.934667	7.994020	3.096157	0.040000	3.136157	71.147275
812	6554.320000	0.123888	7.945746	8.003619	3.093626	0.040000	3.133626	71.152463
813	6566.000000	0.123820	7.950345	7.999853	3.097805	0.040000	3.137805	71.161820
814	6580.440000	0.123700	7.958327	7.997467	3.093917	0.040000	3.133917	71.168550
815	6586.200000	0.123744	7.955627	8.004380	3.093917	0.040000	3.133917	71.173399
816	6598.000000	0.123674	7.960344	8.006804	3.097961	0.040000	3.137961	71.178627
817	6607.080000	0.123655	7.961716	8.000485	3.094255	0.040000	3.134255	71.187907
818	6640.720000	0.123179	7.993146	7.997298	3.090277	0.040000	3.130277	71.213447
819	6643.360000	0.123281	7.986601	7.997298	3.090277	0.040000	3.130277	71.239267
820	6650.600000	0.123297	7.985690	7.997298	3.099663	0.040000	3.139663	71.260098
821	6655.680000	0.123353	7.982146	8.008482	3.100987	0.040000	3.140987	71.279659
822	6659.240000	0.123438	7.976760	8.008482	3.100987	0.040000	3.140987	71.298735
823	6675.560000	0.123286	7.986910	8.010673	3.102665	0.040000	3.142665	71.316452
824	6677.920000	0.123392	7.980073	8.010673	3.102665	0.040000	3.142665	71.328350
825	6679.160000	0.123519	7.971893	8.012533	3.102665	0.040000	3.142665	71.336630
826	6682.360000	0.123609	7.966109	8.012533	3.100336	0.040000	3.140336	71.337772
827	6684.840000	0.123713	7.959467	8.008010	3.100336	0.040000	3.140336	71.334075
828	6690.640000	0.123755	7.956856	8.008096	3.099976	0.040000	3.139976	71.328792
829	6700.000000	0.123731	7.958551	8.008096	3.097081	0.040000	3.137081	71.326128
830	6708.160000	0.123730	7.958794	8.010431	3.100311	0.040000	3.140311	71.316867
831	6716.360000	0.123728	7.959084	8.007446	3.095542	0.040000	3.135542	71.304741
832	6735.560000	0.123524	7.972611	7.994347	3.093397	0.040000	3.133397	71.303365
833	6739.840000	0.123593	7.968173	7.994347	3.091957	0.040000	3.131957	71.299832
834	6745.600000	0.123636	7.965522	7.992123	3.091327	0.040000	3.131327	71.293621
835	6753.360000	0.123642	7.965276	7.983574	3.084586	0.040000	3.124586	71.289677
836	6759.400000	0.123680	7.962970	7.983574	3.084586	0.040000	3.124586	71.285837
837	6775.920000	0.123526	7.973206	7.984717	3.080802	0.040000	3.120802	71.283728
838	6780.320000	0.123593	7.968937	7.984717	3.079953	0.040000	3.119953	71.279714
839	6785.280000	0.123650	7.965346	7.984717	3.079953	0.040000	3.119953	71.277998
840	6790.840000	0.123696	7.962479	7.991896	3.079953	0.040000	3.119953	71.274857
841	6796.400000	0.123742	7.959619	7.991896	3.081176	0.040000	3.121176	71.271629
842	6800.920000	0.123807	7.955529	7.992282	3.081176	0.040000	3.121176	71.270309
843	6804.480000	0.123889	7.950309	7.992282	3.082021	0.040000	3.122021	71.265813
844	6815.640000	0.123833	7.954116	7.992019	3.078359	0.040000	3.118359	71.266493
845	6823.840000	0.123831	7.954408	7.994185	3.078359	0.040000	3.118359	71.274320
846	6830.000000	0.123865	7.952284	7.994185	3.078689	0.040000	3.118689	71.284161
847	6840.040000	0.123830	7.954752	7.990409	3.073832	0.040000	3.113832	71.290815
848	6843.160000	0.123919	7.949044	7.990409	3.073832	0.040000	3.113832	71.292877
849	6849.680000	0.123947	7.947358	7.989907	3.076593	0.040000	3.116593	71.294181
850	6870.840000	0.123711	7.962921	7.989662	3.076651	0.040000	3.116651	71.301741
851	6878.680000	0.123716	7.962776	7.989302	3.077677	0.040000	3.117677	71.309095
852	6886.120000	0.123727	7.962162	7.991452	3.077677	0.040000	3.117677	71.318357
853	6895.960000	0.123696	7.964366	7.994385	3.078747	0.040000	3.118747	71.329379
854	6903.560000	0.123704	7.963939	7.994385	3.084959	0.040000	3.124959	71.336347
855	6909.240000	0.123747	7.961265	8.000000	3.081435	0.040000	3.121435	71.344094
856	6915.680000	0.123777	7.959485	7.996574	3.078983	0.040000	3.118983	71.353271
857	6928.840000	0.123686	7.965561	7.992240	3.076171	0.040000	3.116171	71.363547
858	6933.880000	0.123740	7.962147	7.987820	3.076171	0.040000	3.116171	71.376643
859	6937.440000	0.123821	7.957016	7.987820	3.076171	0.040000	3.116171	71.379371
860	6943.000000	0.123866	7.954226	7.987820	3.076171	0.040000	3.116171	71.381070
861	6959.320000	0.123719	7.963953	7.987820	3.097512	0.040000	3.137512	71.391870
862	6968.800000	0.123694	7.965714	8.016912	3.096893	0.040000	3.136893	71.402181
863	6981.680000	0.123609	7.971415	8.015006	3.102345	0.040000	3.142345	71.410058
864	6987.280000	0.123653	7.968667	8.021793	3.102345	0.040000	3.142345	71.419259
865	6997.520000	0.123615	7.971296	8.024983	3.106193	0.040000	3.146193	71.433387
866	7008.520000	0.123564	7.974798	8.023001	3.105750	0.040000	3.145750	71.451732
867	7015.680000	0.123580	7.973857	8.023001	3.103341	0.040000	3.143341	71.472203
868	7038.040000	0.123330	7.990450	8.024247	3.102212	0.040000	3.142212	71.490230
869	7051.120000	0.123243	7.996313	8.022303	3.111526	0.040000	3.151526	71.506928
870	7061.640000	0.123201	7.999217	8.028487	3.108942	0.040000	3.148942	71.522299
871	7067.320000	0.123243	7.996552	8.028487	3.108942	0.040000	3.148942	71.530333
872	7071.840000	0.123306	7.992560	8.028487	3.117636	0.040000	3.157636	71.533853
873	7076.600000	0.123364	7.988853	8.028487	3.117636	0.040000	3.157636	71.535945
874	7079.560000	0.123454	7.983093	8.039636	3.117636	0.040000	3.157636	71.534874
875	7089.040000	0.123430	7.984805	8.039636	3.121680	0.040000	3.161680	71.535451
876	7104.000000	0.123311	7.992777	8.048526	3.115923	0.040000	3.155923	71.542329
877	7110.360000	0.123341	7.990913	8.044802	3.115113	0.040000	3.155113	71.546682
878	7120.520000	0.123306	7.993387	8.040859	3.113718	0.040000	3.153718	71.544692
879	7126.160000	0.123348	7.990706	8.040859	3.111693	0.040000	3.151693	71.546030
880	7137.720000	0.123289	7.994767	8.036663	3.107117	0.040000	3.147117	71.539773
881	7148.280000	0.123246	7.997682	8.030146	3.103892	0.040000	3.143892	71.529898
882	7155.720000	0.123258	7.997049	8.030146	3.111596	0.040000	3.151596	71.523220
883	7167.320000	0.123198	8.001134	8.030146	3.111596	0.040000	3.151596	71.514428
884	7172.280000	0.123252	7.997690	8.052584	3.111596	0.040000	3.151596	71.504163
885	7178.040000	0.123293	7.995158	8.052584	3.111425	0.040000	3.151425	71.493785
886	7183.600000	0.123336	7.992407	8.052584	3.111425	0.040000	3.151425	71.483341
887	7192.200000	0.123328	7.993093	8.053587	3.107548	0.040000	3.147548	71.473777
888	7196.520000	0.123393	7.988952	8.053587	3.107548	0.040000	3.147548	71.464009
889	7215.480000	0.123207	8.001306	8.066085	3.106309	0.040000	3.146309	71.467582
890	7232.080000	0.123063	8.010979	8.068067	3.104732	0.040000	3.144732	71.476539
891	7251.000000	0.122880	8.023236	8.068419	3.105451	0.040000	3.145451	71.483143
892	7261.880000	0.122833	8.026442	8.061378	3.106711	0.040000	3.146711	71.488027
893	7264.680000	0.122924	8.020583	8.061378	3.106859	0.040000	3.146859	71.491691
894	7281.280000	0.122781	8.030190	8.072408	3.106859	0.040000	3.146859	71.493915
895	7293.080000	0.122719	8.034407	8.080177	3.114856	0.040000	3.154856	71.498816
896	7301.680000	0.122711	8.035039	8.080177	3.114856	0.040000	3.154856	71.501964
897	7313.720000	0.122646	8.039509	8.083850	3.123850	0.040000	3.163850	71.502832
898	7317.280000	0.122723	8.034515	8.083850	3.124376	0.040000	3.164376	71.500980
899	7319.360000	0.122825	8.027884	8.083850	3.124376	0.040000	3.164376	71.497976
900	7325.400000	0.122860	8.025673	8.086276	3.123046	0.040000	3.163046	71.495244
901	7330.720000	0.122907	8.022667	8.086534	3.123046	0.040000	3.163046	71.491765
902	7348.640000	0.122744	8.033651	8.088678	3.126388	0.040000	3.166388	71.480355
903	7366.400000	0.122584	8.044435	8.087429	3.121626	0.040000	3.161626	71.467863
904	7370.440000	0.122652	8.040000	8.087429	3.125357	0.040000	3.165357	71.456681
905	7378.520000	0.122653	8.040044	8.089616	3.123596	0.040000	3.163596	71.447602
906	7386.080000	0.122663	8.039514	8.081533	3.120964	0.040000	3.160964	71.437395
907	7400.000000	0.122568	8.046004	8.081224	3.121441	0.040000	3.161441	71.426990
908	7405.400000	0.122613	8.043087	8.079432	3.121441	0.040000	3.161441	71.418634
909	7411.600000	0.122646	8.041057	8.075769	3.116776	0.040000	3.156776	71.408845
910	7419.360000	0.122652	8.040748	8.072375	3.115909	0.040000	3.155909	71.400088
911	7432.480000	0.122570	8.046330	8.070294	3.117957	0.040000	3.157957	71.390340
912	7437.040000	0.122629	8.042503	8.077652	3.115744	0.040000	3.155744	71.380044
913	7445.600000	0.122623	8.043070	8.071150	3.113015	0.040000	3.153015	71.372793
914	7452.800000	0.122638	8.042147	8.066782	3.108225	0.040000	3.148225	71.366389
915	7460.880000	0.122640	8.042188	8.064459	3.107330	0.040000	3.147330	71.358951
916	7462.440000	0.122748	8.035104	8.064459	3.107330	0.040000	3.147330	71.350524
917	7469.520000	0.122766	8.034061	8.064908	3.107330	0.040000	3.147330	71.342159
918	7473.200000	0.122839	8.029313	8.065572	3.110842	0.040000	3.150842	71.333159
919	7483.000000	0.122812	8.031242	8.061748	3.107845	0.040000	3.147845	71.327748
920	7489.120000	0.122845	8.029162	8.061164	3.107169	0.040000	3.147169	71.319391
921	7508.360000	0.122663	8.041348	8.060580	3.107540	0.040000	3.147540	71.320087
922	7513.000000	0.122721	8.037655	8.060580	3.107124	0.040000	3.147124	71.318351
923	7515.120000	0.122819	8.031236	8.058670	3.107124	0.040000	3.147124	71.315840
924	7517.800000	0.122908	8.025439	8.052990	3.104780	0.040000	3.144780	71.311299
925	7527.960000	0.122875	8.027749	8.051820	3.102417	0.040000	3.142417	71.310141
926	7543.840000	0.122749	8.036238	8.036759	3.092396	0.040000	3.132396	71.312570
927	7548.640000	0.122804	8.032743	8.034079	3.092396	0.040000	3.132396	71.315340
928	7550.520000	0.122905	8.026106	8.034079	3.091064	0.040000	3.131064	71.316207
929	7556.240000	0.122945	8.023621	8.030043	3.091064	0.040000	3.131064	71.313843
930	7566.240000	0.122914	8.025748	8.025223	3.089936	0.040000	3.129936	71.309763
931	7569.480000	0.122994	8.020602	8.025223	3.089926	0.040000	3.129926	71.302470
932	7574.920000	0.123038	8.017830	8.026554	3.086822	0.040000	3.126822	71.294549
933	7579.920000	0.123088	8.014592	8.026554	3.086822	0.040000	3.126822	71.287203
934	7590.480000	0.123049	8.017320	8.032585	3.083598	0.040000	3.123598	71.286724
935	7597.840000	0.123061	8.016617	8.029503	3.082664	0.040000	3.122664	71.287358
936	7603.280000	0.123105	8.013861	8.027992	3.082154	0.040000	3.122154	71.287350
937	7606.280000	0.123188	8.008504	8.025892	3.082154	0.040000	3.122154	71.287727
938	7613.320000	0.123205	8.007471	8.025892	3.083418	0.040000	3.123418	71.291258
939	7616.160000	0.123290	8.001962	8.029662	3.083418	0.040000	3.123418	71.293078
940	7623.480000	0.123303	8.001235	8.028788	3.081307	0.040000	3.121307	71.295702
941	7634.520000	0.123256	8.004468	8.028788	3.089937	0.040000	3.129937	71.302104
942	7637.600000	0.123337	7.999235	8.028788	3.089937	0.040000	3.129937	71.308917
943	7641.920000	0.123398	7.995329	8.038358	3.089937	0.040000	3.129937	71.313043
944	7648.440000	0.123424	7.993765	8.035626	3.088403	0.040000	3.128403	71.317331
945	7657.400000	0.123410	7.994788	8.034076	3.088403	0.040000	3.128403	71.316698
946	7662.320000	0.123461	7.991534	8.034076	3.095614	0.040000	3.135614	71.313573
947	7667.280000	0.123512	7.988330	8.038825	3.095614	0.040000	3.135614	71.308300
948	7675.040000	0.123517	7.988089	8.038825	3.095614	0.040000	3.135614	71.303080
949	7682.160000	0.123533	7.987173	8.038825	3.107966	0.040000	3.147966	71.296523
950	7701.320000	0.123355	7.998946	8.057065	3.109571	0.040000	3.149571	71.291832
951	7720.080000	0.123185	8.010274	8.056008	3.105762	0.040000	3.145762	71.298423
952	7730.480000	0.123149	8.012787	8.057745	3.104526	0.040000	3.144526	71.309874
953	7747.840000	0.123002	8.022605	8.065208	3.103725	0.040000	3.143725	71.324827
954	7770.920000	0.122765	8.038405	8.060810	3.100270	0.040000	3.140270	71.345618
955	7784.960000	0.122672	8.044696	8.062697	3.103668	0.040000	3.143668	71.365152
956	7792.640000	0.122680	8.044314	8.065161	3.103668	0.040000	3.143668	71.383473
957	7796.320000	0.122750	8.039749	8.065161	3.103668	0.040000	3.143668	71.397492
958	7800.080000	0.122819	8.035277	8.065161	3.112712	0.040000	3.152712	71.408476
959	7803.280000	0.122897	8.030230	8.065161	3.112712	0.040000	3.152712	71.415516
960	7813.360000	0.122866	8.032367	8.074871	3.112149	0.040000	3.152149	71.420792
961	7820.720000	0.122879	8.031667	8.066873	3.109226	0.040000	3.149226	71.422643
962	7827.040000	0.122907	8.029886	8.064124	3.104387	0.040000	3.144387	71.423576
963	7832.560000	0.122948	8.027277	8.059650	3.101235	0.040000	3.141235	71.426376
964	7846.040000	0.122865	8.032939	8.050965	3.097741	0.040000	3.137741	71.428050
965	7852.520000	0.122890	8.031328	8.050965	3.099241	0.040000	3.139241	71.429969
966	7871.520000	0.122721	8.042694	8.050574	3.100635	0.040000	3.140635	71.431511
967	7881.720000	0.122689	8.044928	8.052188	3.098691	0.040000	3.138691	71.432223
968	7884.040000	0.122780	8.039007	8.052188	3.099530	0.040000	3.139530	71.431570
969	7885.720000	0.122880	8.032438	8.052188	3.099530	0.040000	3.139530	71.428607
970	7892.080000	0.122908	8.030712	8.053647	3.096857	0.040000	3.136857	71.427464
971	7895.080000	0.122988	8.025526	8.052082	3.096857	0.040000	3.136857	71.424511
972	7899.880000	0.123040	8.022204	8.047503	3.094271	0.040000	3.134271	71.423086
973	7902.800000	0.123121	8.016955	8.047503	3.094271	0.040000	3.134271	71.419651
974	7904.840000	0.123216	8.010812	8.047503	3.094271	0.040000	3.134271	71.411910
975	7910.400000	0.123255	8.008296	8.047503	3.102729	0.040000	3.142729	71.400533
976	7924.800000	0.123158	8.014851	8.054542	3.102828	0.040000	3.142828	71.394508
977	7933.600000	0.123147	8.015656	8.057154	3.102724	0.040000	3.142724	71.390174
978	7941.720000	0.123147	8.015763	8.057154	3.106883	0.040000	3.146883	71.383722
979	7953.160000	0.123096	8.019264	8.050172	3.102330	0.040000	3.142330	71.382635
980	7965.720000	0.123027	8.023902	8.057328	3.104671	0.040000	3.144671	71.388204
981	7968.600000	0.123108	8.018653	8.057328	3.104671	0.040000	3.144671	71.389969
982	7988.600000	0.122925	8.030866	8.046458	3.099516	0.040000	3.139516	71.397434
983	7996.200000	0.122933	8.030428	8.053185	3.099859	0.040000	3.139859	71.405738
984	8002.480000	0.122962	8.028647	8.050755	3.099859	0.040000	3.139859	71.407195
985	8008.880000	0.122988	8.026992	8.050543	3.101529	0.040000	3.141529	71.405320
986	8014.000000	0.123035	8.024041	8.050211	3.101749	0.040000	3.141749	71.405355
987	8019.280000	0.123078	8.021258	8.050211	3.100321	0.040000	3.140321	71.406282
988	8030.320000	0.123034	8.024316	8.048786	3.095792	0.040000	3.135792	71.408300
989	8039.480000	0.123018	8.025466	8.043647	3.095095	0.040000	3.135095	71.410880
990	8047.640000	0.123017	8.025602	8.039600	3.093387	0.040000	3.133387	71.414384
991	8051.000000	0.123090	8.020889	8.039600	3.093387	0.040000	3.133387	71.417881
992	8055.480000	0.123146	8.017316	8.035529	3.090339	0.040000	3.130339	71.423105
993	8061.280000	0.123181	8.015081	8.031027	3.088096	0.040000	3.128096	71.416838
994	8072.960000	0.123127	8.018771	8.034622	3.089075	0.040000	3.129075	71.415332
995	8086.160000	0.123050	8.023984	8.027952	3.084806	0.040000	3.124806	71.420663
996	8090.600000	0.123106	8.020382	8.027567	3.084806	0.040000	3.124806	71.424337
997	8098.760000	0.123105	8.020522	8.028452	3.082299	0.040000	3.122299	71.429448
998	8102.480000	0.123172	8.016209	8.023746	3.080792	0.040000	3.120792	71.431343
999	8105.480000	0.123250	8.011182	8.021228	3.080792	0.040000	3.120792	71.431552
1000	8113.720000	0.123248	8.011411	8.021228	3.081860	0.040000	3.121860	71.432680
1001	8124.560000	0.123207	8.014240	8.024111	3.078854	0.040000	3.118854	71.438801
1002	8128.080000	0.123276	8.009750	8.024111	3.078854	0.040000	3.118854	71.441916
1003	8131.080000	0.123354	8.004750	8.024111	3.078854	0.040000	3.118854	71.445224
1004	8139.520000	0.123349	8.005184	8.029141	3.084107	0.040000	3.124107	71.448645
1005	8147.800000	0.123346	8.005458	8.029191	3.085128	0.040000	3.125128	71.452816
1006	8151.400000	0.123414	8.001075	8.026246	3.085044	0.040000	3.125044	71.456978
1007	8154.120000	0.123496	7.995825	8.026246	3.085197	0.040000	3.125197	71.458312
1008	8163.480000	0.123477	7.997180	8.025748	3.085197	0.040000	3.125197	71.459246
1009	8165.200000	0.123573	7.990952	8.025748	3.088653	0.040000	3.128653	71.456254
1010	8168.680000	0.123643	7.986482	8.027335	3.088653	0.040000	3.128653	71.452119
1011	8185.000000	0.123519	7.994733	8.027439	3.088086	0.040000	3.128086	71.456142
1012	8192.640000	0.123526	7.994382	8.028196	3.088392	0.040000	3.128392	71.462253
1013	8209.760000	0.123390	8.003399	8.017986	3.081172	0.040000	3.121172	71.467799
1014	8217.920000	0.123389	8.003554	8.012293	3.080078	0.040000	3.120078	71.472663
1015	8222.840000	0.123437	8.000513	8.009825	3.079025	0.040000	3.119025	71.475507
1016	8233.680000	0.123396	8.003310	8.009825	3.084713	0.040000	3.124713	71.483819
1017	8240.600000	0.123413	8.002244	8.015501	3.084713	0.040000	3.124713	71.488220
1018	8246.760000	0.123442	8.000433	8.017899	3.086492	0.040000	3.126492	71.492338
1019	8251.400000	0.123494	7.997132	8.017899	3.086492	0.040000	3.126492	71.493268
1020	8254.440000	0.123570	7.992267	8.015199	3.084699	0.040000	3.124699	71.489059
1021	8261.600000	0.123584	7.991451	8.010757	3.086984	0.040000	3.126984	71.485602
1022	8266.680000	0.123629	7.988599	8.013346	3.084690	0.040000	3.124690	71.483483
1023	8269.840000	0.123703	7.983875	8.013346	3.084690	0.040000	3.124690	71.479765
1024	8273.280000	0.123772	7.979433	8.009961	3.083679	0.040000	3.123679	71.474023
1025	8278.560000	0.123814	7.976797	8.006389	3.082863	0.040000	3.122863	71.469190
1026	8282.960000	0.123869	7.973307	8.006576	3.079923	0.040000	3.119923	71.462378
1027	8295.480000	0.123802	7.977739	8.000425	3.077840	0.040000	3.117840	71.455696
1028	8306.480000	0.123759	7.980682	7.989066	3.071462	0.040000	3.111462	71.447510
1029	8308.360000	0.123851	7.974747	7.989066	3.071462	0.040000	3.111462	71.438056
1030	8314.480000	0.123880	7.972945	7.982901	3.070202	0.040000	3.110202	71.428621
1031	8321.360000	0.123898	7.971883	7.978887	3.068522	0.040000	3.108522	71.418468
1032	8329.560000	0.123896	7.972105	7.981055	3.072061	0.040000	3.112061	71.410504
1033	8335.320000	0.123930	7.969961	7.980153	3.071877	0.040000	3.111877	71.402478
1034	8343.920000	0.123923	7.970571	7.977225	3.068987	0.040000	3.108987	71.398414
1035	8351.760000	0.123926	7.970445	7.971500	3.066361	0.040000	3.106361	71.396135
1036	8354.480000	0.124005	7.965372	7.971500	3.066361	0.040000	3.106361	71.392162
1037	8356.440000	0.124096	7.959575	7.971500	3.069580	0.040000	3.106361	71.383799
1038	8357.960000	0.124193	7.953365	7.971500	3.069580	0.040000	3.109580	71.373796
1039	8364.080000	0.124222	7.951599	7.972595	3.069580	0.040000	3.109580	71.364042
1040	8371.640000	0.124229	7.951222	7.974604	3.071802	0.040000	3.111802	71.358731
1041	8379.280000	0.124235	7.950923	7.974095	3.072724	0.040000	3.112724	71.356158
1042	8383.280000	0.124295	7.947128	7.974095	3.074177	0.040000	3.114177	71.352821
1043	8389.960000	0.124315	7.945912	7.974158	3.074177	0.040000	3.114177	71.347037
1044	8400.120000	0.124284	7.948035	7.979658	3.077567	0.040000	3.117567	71.344904
1045	8409.120000	0.124270	7.949042	7.979658	3.079430	0.040000	3.119430	71.346794
1046	8411.160000	0.124359	7.943388	7.979658	3.079430	0.040000	3.119430	71.344168
1047	8420.600000	0.124338	7.944818	7.986325	3.079545	0.040000	3.119545	71.345559
1048	8433.480000	0.124267	7.949532	7.989953	3.079166	0.040000	3.119166	71.350954
1049	8438.760000	0.124307	7.946985	7.986742	3.078788	0.040000	3.118788	71.353670
1050	8445.720000	0.124323	7.946044	7.986742	3.079924	0.040000	3.119924	71.354705
1051	8452.680000	0.124339	7.945105	7.984726	3.075581	0.040000	3.115581	71.354748
1052	8463.760000	0.124295	7.948088	7.983796	3.072755	0.040000	3.112755	71.355741
1053	8475.240000	0.124244	7.951445	7.985396	3.073025	0.040000	3.113025	71.356087
1054	8484.480000	0.124227	7.952669	7.983126	3.071345	0.040000	3.111345	71.352713
1055	8496.280000	0.124172	7.956319	7.983330	3.070338	0.040000	3.110338	71.350370
1056	8514.320000	0.124026	7.965877	7.982519	3.073840	0.040000	3.113840	71.357008
1057	8519.560000	0.124067	7.963295	7.991286	3.072008	0.040000	3.112008	71.362725
1058	8525.000000	0.124106	7.960908	7.984780	3.070178	0.040000	3.110178	71.367713
1059	8528.280000	0.124175	7.956484	7.984780	3.068951	0.040000	3.108951	71.371747
1060	8537.800000	0.124154	7.957960	7.986030	3.068951	0.040000	3.108951	71.378943
1061	8550.160000	0.124091	7.962113	7.984150	3.069346	0.040000	3.109346	71.385561
1062	8557.440000	0.124103	7.961470	7.977164	3.067537	0.040000	3.107537	71.393333
1063	8560.400000	0.124176	7.956761	7.977164	3.067537	0.040000	3.107537	71.398194
1064	8567.840000	0.124185	7.956275	7.979348	3.069897	0.040000	3.109897	71.402218
1065	8576.960000	0.124170	7.957368	7.980298	3.070130	0.040000	3.110130	71.403606
1066	8585.760000	0.124159	7.958160	7.980298	3.073935	0.040000	3.113935	71.402326
1067	8592.960000	0.124171	7.957448	7.980781	3.071822	0.040000	3.111822	71.402737
1068	8596.040000	0.124243	7.952877	7.980781	3.071495	0.040000	3.111495	71.402022
1069	8604.800000	0.124233	7.953633	7.980093	3.071495	0.040000	3.111495	71.396445
1070	8608.480000	0.124296	7.949635	7.980093	3.074917	0.040000	3.114917	71.388897
1071	8614.760000	0.124322	7.948075	7.982449	3.072549	0.040000	3.112549	71.382148
1072	8617.840000	0.124393	7.943529	7.982449	3.072549	0.040000	3.112549	71.375410
1073	8630.840000	0.124322	7.948246	7.984111	3.072895	0.040000	3.112895	71.373979
1074	8644.720000	0.124238	7.953774	7.985841	3.073567	0.040000	3.113567	71.377989
1075	8658.080000	0.124161	7.958808	7.990914	3.074201	0.040000	3.114201	71.382474
1076	8664.040000	0.124191	7.956949	7.990914	3.073432	0.040000	3.113432	71.386097
1077	8674.480000	0.124157	7.959257	7.993137	3.070636	0.040000	3.110636	71.394615
1078	8703.080000	0.123864	7.978422	8.002392	3.073376	0.040000	3.113376	71.419184
1079	8704.880000	0.123953	7.972690	8.002392	3.073376	0.040000	3.113376	71.441409
1080	8716.520000	0.123903	7.976089	8.002392	3.080037	0.040000	3.120037	71.461852
1081	8719.160000	0.123980	7.971148	8.010294	3.080037	0.040000	3.120037	71.479075
1082	8725.840000	0.124000	7.969954	8.007824	3.078421	0.040000	3.118421	71.494085
1083	8732.320000	0.124022	7.968577	8.007824	3.080367	0.040000	3.120367	71.505633
1084	8740.720000	0.124017	7.968975	8.003960	3.079780	0.040000	3.119780	71.513875
1085	8742.920000	0.124100	7.963653	8.003960	3.079780	0.040000	3.119780	71.516571
1086	8749.320000	0.124124	7.962212	8.007766	3.079780	0.040000	3.119780	71.516906
1087	8764.720000	0.124020	7.969061	8.006984	3.078867	0.040000	3.118867	71.512493
1088	8782.720000	0.123880	7.978289	8.004968	3.077991	0.040000	3.117991	71.511029
1089	8794.040000	0.123834	7.981360	8.011668	3.085214	0.040000	3.125214	71.512984
1090	8803.600000	0.123813	7.982810	8.011668	3.085214	0.040000	3.125214	71.515266
1091	8813.960000	0.123781	7.984991	8.022077	3.096248	0.040000	3.136248	71.522640
1092	8819.880000	0.123811	7.983098	8.022077	3.095796	0.040000	3.135796	71.530549
1093	8824.960000	0.123853	7.980440	8.018291	3.094691	0.040000	3.134691	71.532553
1094	8832.120000	0.123866	7.979689	8.018291	3.093660	0.040000	3.133660	71.535905
1095	8836.080000	0.123924	7.976015	8.018291	3.093660	0.040000	3.133660	71.534904
1096	8850.400000	0.123836	7.981808	8.018966	3.089937	0.040000	3.129937	71.530985
1097	8852.560000	0.123919	7.976496	8.018966	3.089937	0.040000	3.129937	71.524777
1098	8878.400000	0.123671	7.992780	8.015176	3.087949	0.040000	3.127949	71.523862
1099	8895.360000	0.123548	8.000947	8.020144	3.087358	0.040000	3.127358	71.532157
1100	8902.720000	0.123558	8.000364	8.016649	3.084649	0.040000	3.124649	71.540000
1101	8904.920000	0.123640	7.995091	8.016649	3.083492	0.040000	3.123492	71.546739
1102	8912.480000	0.123647	7.994696	8.010612	3.081835	0.040000	3.121835	71.549256
1103	8924.400000	0.123594	7.998258	8.009200	3.079390	0.040000	3.119390	71.558731
1104	8937.760000	0.123521	8.003119	8.002903	3.074772	0.040000	3.114772	71.568696
1105	8939.240000	0.123612	7.997210	8.002903	3.074772	0.040000	3.114772	71.578027
1106	8942.120000	0.123684	7.992579	8.002903	3.074772	0.040000	3.114772	71.585244
1107	8946.440000	0.123736	7.989259	8.003545	3.074061	0.040000	3.114061	71.590244
1108	8957.040000	0.123702	7.991617	8.001431	3.076247	0.040000	3.116247	71.596390
1109	8963.800000	0.123720	7.990505	8.003861	3.073607	0.040000	3.113607	71.594986
1110	8971.600000	0.123724	7.990334	8.003214	3.072471	0.040000	3.112471	71.596180
1111	8978.120000	0.123745	7.989009	8.001356	3.070909	0.040000	3.110909	71.598308
1112	8984.800000	0.123765	7.987831	8.001569	3.070909	0.040000	3.110909	71.603669
1113	8995.560000	0.123728	7.990324	8.006625	3.073767	0.040000	3.113767	71.611680
1114	8996.760000	0.123822	7.984223	8.006625	3.073767	0.040000	3.113767	71.617917
1115	9004.040000	0.123833	7.983591	8.006625	3.076940	0.040000	3.116940	71.619587
1116	9007.280000	0.123900	7.979336	8.006625	3.076940	0.040000	3.116940	71.621900
1117	9016.320000	0.123886	7.980287	8.007929	3.075307	0.040000	3.115307	71.628362
1118	9025.560000	0.123870	7.981415	8.008384	3.075492	0.040000	3.115492	71.635349
1119	9040.240000	0.123780	7.987406	8.005998	3.076277	0.040000	3.116277	71.647507
1120	9041.680000	0.123871	7.981555	8.011702	3.076277	0.040000	3.116277	71.656179
1121	9047.840000	0.123897	7.979929	8.011702	3.077484	0.040000	3.117484	71.662337
1122	9055.040000	0.123909	7.979233	8.009770	3.077487	0.040000	3.117487	71.670053
1123	9063.160000	0.123908	7.979358	8.006331	3.076039	0.040000	3.116039	71.673232
1124	9078.960000	0.123803	7.986322	8.008685	3.076931	0.040000	3.116931	71.677972
1125	9082.200000	0.123869	7.982100	8.004797	3.076931	0.040000	3.116931	71.679147
1126	9093.480000	0.123825	7.985031	8.008282	3.076617	0.040000	3.116617	71.682913
1127	9099.080000	0.123859	7.982913	8.006232	3.076972	0.040000	3.116972	71.686886
1128	9105.400000	0.123883	7.981437	8.006232	3.077010	0.040000	3.117010	71.689645
1129	9113.240000	0.123886	7.981312	8.003726	3.075993	0.040000	3.115993	71.686129
1130	9117.000000	0.123944	7.977573	8.003726	3.075993	0.040000	3.115993	71.680566
1131	9119.640000	0.124018	7.972850	8.003726	3.077998	0.040000	3.117998	71.673139
1132	9127.920000	0.124015	7.973121	8.008323	3.077998	0.040000	3.117998	71.665124
1133	9138.400000	0.123982	7.975336	8.004838	3.075688	0.040000	3.115688	71.658358
1134	9141.880000	0.124045	7.971368	8.004838	3.075688	0.040000	3.115688	71.651393
1135	9147.360000	0.124080	7.969171	8.004838	3.079054	0.040000	3.119054	71.644053
1136	9151.960000	0.124126	7.966203	8.004838	3.079054	0.040000	3.119054	71.629577
1137	9157.920000	0.124155	7.964437	8.008329	3.077830	0.040000	3.117830	71.615690
1138	9171.880000	0.124075	7.969710	8.003773	3.074206	0.040000	3.114206	71.607979
1139	9179.000000	0.124088	7.968963	8.006108	3.074206	0.040000	3.114206	71.599122
1140	9187.640000	0.124080	7.969552	8.006108	3.078710	0.040000	3.118710	71.588246
1141	9190.560000	0.124149	7.965123	8.007916	3.076063	0.040000	3.116063	71.574969
1142	9206.520000	0.124043	7.972130	8.003203	3.072904	0.040000	3.112904	71.566760
1143	9219.600000	0.123975	7.976602	7.998646	3.069306	0.040000	3.109306	71.560770
1144	9222.520000	0.124044	7.972178	7.998646	3.067823	0.040000	3.107823	71.553392
1145	9227.480000	0.124086	7.969545	7.996878	3.067730	0.040000	3.107730	71.545188
1146	9233.960000	0.124107	7.968245	7.995979	3.067730	0.040000	3.107730	71.538604
1147	9250.080000	0.123999	7.975358	7.994879	3.069654	0.040000	3.109654	71.531125
1148	9253.440000	0.124062	7.971334	7.994879	3.069654	0.040000	3.109654	71.524948
1149	9259.760000	0.124085	7.969895	7.999274	3.073915	0.040000	3.113915	71.519443
1150	9265.400000	0.124118	7.967868	7.997409	3.071993	0.040000	3.111993	71.512348
1151	9273.080000	0.124123	7.967617	7.996135	3.071993	0.040000	3.111993	71.505613
1152	9276.200000	0.124189	7.963406	7.996135	3.071993	0.040000	3.111993	71.496667
1153	9281.000000	0.124232	7.960660	7.996135	3.071993	0.040000	3.111993	71.487840
1154	9287.840000	0.124248	7.959688	7.996135	3.071993	0.040000	3.111993	71.478406
1155	9297.200000	0.124231	7.960901	8.008621	3.085793	0.040000	3.125793	71.470061
1156	9309.200000	0.124178	7.964398	8.007917	3.085473	0.040000	3.125473	71.465329
1157	9322.680000	0.124106	7.969170	8.003608	3.084433	0.040000	3.124433	71.462956
1158	9332.840000	0.124078	7.971063	8.001579	3.083259	0.040000	3.123259	71.462003
1159	9341.760000	0.124067	7.971883	8.003499	3.083153	0.040000	3.123153	71.466264
1160	9363.000000	0.123892	7.983330	8.012568	3.086199	0.040000	3.126199	71.467172
1161	9367.920000	0.123934	7.980690	8.007596	3.084034	0.040000	3.124034	71.465736
1162	9372.400000	0.123981	7.977674	8.007596	3.084034	0.040000	3.124034	71.461928
1163	9382.440000	0.123955	7.979449	8.007652	3.081058	0.040000	3.121058	71.460705
1164	9387.320000	0.123997	7.976784	8.007652	3.081058	0.040000	3.121058	71.459897
1165	9389.000000	0.124081	7.971375	8.007652	3.081058	0.040000	3.121058	71.454455
1166	9391.680000	0.124152	7.966833	8.008396	3.081058	0.040000	3.121058	71.448885
1167	9397.440000	0.124183	7.964940	8.007400	3.081330	0.040000	3.121330	71.437806
1168	9413.920000	0.124072	7.972237	7.999524	3.075684	0.040000	3.115684	71.423664
1169	9420.120000	0.124096	7.970719	7.996160	3.075684	0.040000	3.115684	71.411257
1170	9426.200000	0.124122	7.969102	7.996160	3.079287	0.040000	3.119287	71.400171
1171	9432.680000	0.124143	7.967829	7.999015	3.077048	0.040000	3.117048	71.386678
1172	9437.800000	0.124181	7.965397	7.999423	3.075559	0.040000	3.115559	71.373242
1173	9455.240000	0.124058	7.973481	8.001524	3.071709	0.040000	3.111709	71.365354
1174	9464.120000	0.124047	7.974254	8.000372	3.071709	0.040000	3.111709	71.361090
1175	9482.760000	0.123909	7.983339	8.004020	3.071932	0.040000	3.111932	71.364562
1176	9485.400000	0.123980	7.978791	8.001316	3.071932	0.040000	3.111932	71.368844
1177	9496.600000	0.123939	7.981531	8.001316	3.071737	0.040000	3.111737	71.378556
1178	9510.560000	0.123862	7.986610	8.008559	3.071036	0.040000	3.111036	71.392564
1179	9514.840000	0.123912	7.983463	8.005657	3.069630	0.040000	3.109630	71.406378
1180	9524.080000	0.123896	7.984529	8.005657	3.074651	0.040000	3.114651	71.420068
1181	9545.880000	0.123718	7.996237	8.014555	3.070798	0.040000	3.110798	71.443827
1182	9548.160000	0.123793	7.991397	8.012695	3.070798	0.040000	3.110798	71.462030
1183	9555.000000	0.123810	7.990423	8.011174	3.068835	0.040000	3.108835	71.476450
1184	9559.480000	0.123856	7.987456	8.007410	3.066734	0.040000	3.106734	71.489797
1185	9566.240000	0.123873	7.986419	8.004623	3.066276	0.040000	3.106276	71.500287
1186	9574.520000	0.123870	7.986667	8.002176	3.065585	0.040000	3.105585	71.512715
1187	9580.200000	0.123901	7.984722	8.003545	3.063793	0.040000	3.103793	71.520135
1188	9593.520000	0.123834	7.989217	8.004441	3.068881	0.040000	3.108881	71.529024
1189	9610.400000	0.123720	7.996700	8.001800	3.068376	0.040000	3.108376	71.541833
1190	9618.040000	0.123726	7.996400	8.003930	3.068376	0.040000	3.108376	71.557479
1191	9620.840000	0.123794	7.992034	8.003930	3.069218	0.040000	3.109218	71.563661
1192	9636.280000	0.123699	7.998287	8.002959	3.069767	0.040000	3.109767	71.575872
1193	9642.280000	0.123726	7.996611	8.002959	3.069767	0.040000	3.109767	71.590008
1194	9651.600000	0.123710	7.997720	8.005714	3.067320	0.040000	3.107320	71.609045
1195	9660.520000	0.123699	7.998492	8.007131	3.065041	0.040000	3.105041	71.629958
1196	9663.840000	0.123760	7.994577	8.007131	3.065041	0.040000	3.105041	71.649599
1197	9671.080000	0.123771	7.993946	8.007131	3.067705	0.040000	3.107705	71.668304
1198	9682.240000	0.123732	7.996591	8.006026	3.063623	0.040000	3.103623	71.685876
1199	9693.240000	0.123694	7.999098	8.011183	3.063623	0.040000	3.103623	71.703286
1200	9695.600000	0.123767	7.994395	8.011183	3.065025	0.040000	3.105025	71.720500
1201	9697.080000	0.123852	7.988967	8.010017	3.065025	0.040000	3.105025	71.736320
1202	9706.760000	0.123831	7.990375	8.009777	3.065896	0.040000	3.105896	71.748253
1203	9710.240000	0.123890	7.986622	8.009777	3.067426	0.040000	3.107426	71.756442
1204	9715.600000	0.123924	7.984439	8.012442	3.067426	0.040000	3.107426	71.763721
1205	9722.280000	0.123942	7.983355	8.012442	3.066678	0.040000	3.106678	71.770058
1206	9726.360000	0.123993	7.980116	8.012993	3.065601	0.040000	3.105601	71.771144
1207	9737.040000	0.123960	7.982355	8.009811	3.064494	0.040000	3.104494	71.769909
1208	9738.880000	0.124039	7.977266	8.009811	3.064494	0.040000	3.104494	71.765662
1209	9743.400000	0.124084	7.974404	8.009811	3.065954	0.040000	3.105954	71.761787
1210	9759.800000	0.123978	7.981373	8.000230	3.060885	0.040000	3.100885	71.756727
1211	9766.360000	0.123997	7.980198	7.997180	3.059885	0.040000	3.099885	71.752172
1212	9777.240000	0.123961	7.982593	7.994435	3.056909	0.040000	3.096909	71.749571
1213	9783.760000	0.123981	7.981386	7.988595	3.053127	0.040000	3.093127	71.745359
1214	9790.640000	0.123996	7.980478	7.985110	3.053127	0.040000	3.093127	71.740000
1215	9799.760000	0.123983	7.981417	7.989135	3.058597	0.040000	3.098597	71.735671
1216	9808.560000	0.123973	7.982091	7.989135	3.063635	0.040000	3.103635	71.732533
1217	9810.320000	0.124053	7.976974	7.989135	3.063635	0.040000	3.103635	71.727921
1218	9818.000000	0.124058	7.976730	7.994230	3.062313	0.040000	3.102313	71.725616
1219	9819.920000	0.124135	7.971757	7.994230	3.062313	0.040000	3.102313	71.722330
1220	9825.320000	0.124169	7.969647	7.994169	3.062313	0.040000	3.102313	71.718984
1221	9830.400000	0.124207	7.967279	7.994169	3.065452	0.040000	3.105452	71.716036
1222	9835.240000	0.124247	7.964717	7.996159	3.065452	0.040000	3.105452	71.711686
1223	9839.080000	0.124300	7.961342	7.996159	3.065452	0.040000	3.105452	71.705936
1224	9853.120000	0.124225	7.966312	8.002341	3.071909	0.040000	3.111909	71.707124
1225	9855.280000	0.124299	7.961569	8.002341	3.071909	0.040000	3.111909	71.708278
1226	9867.600000	0.124245	7.965127	8.006141	3.071753	0.040000	3.111753	71.708679
1227	9883.600000	0.124145	7.971680	8.016364	3.071753	0.040000	3.111753	71.712013
1228	9887.920000	0.124192	7.968704	8.016364	3.075685	0.040000	3.111753	71.713616
1229	9902.400000	0.124111	7.974007	8.023066	3.075235	0.040000	3.115235	71.716094
1230	9917.400000	0.124024	7.979723	8.026656	3.074170	0.040000	3.114170	71.720488
1231	9922.480000	0.124062	7.977366	8.023883	3.073528	0.040000	3.113528	71.719708
1232	9942.480000	0.123913	7.987132	8.022908	3.068410	0.040000	3.108410	71.726558
1233	9970.240000	0.123668	8.003182	8.017345	3.062655	0.040000	3.102655	71.735118
1234	9981.520000	0.123628	8.005839	8.017345	3.062655	0.040000	3.102655	71.743987
1235	9987.400000	0.123656	8.004117	8.017345	3.062655	0.040000	3.102655	71.752615
1236	10006.040000	0.123525	8.012729	8.032321	3.074831	0.040000	3.114831	71.764919
1237	10016.000000	0.123502	8.014304	8.028347	3.073071	0.040000	3.113071	71.782053
1238	10019.800000	0.123555	8.010897	8.030890	3.070865	0.040000	3.110865	71.800162
1239	10026.480000	0.123573	8.009822	8.030481	3.070865	0.040000	3.110865	71.814948
1240	10029.360000	0.123637	8.005682	8.030481	3.070168	0.040000	3.110168	71.825613
1241	10034.200000	0.123677	8.003129	8.029111	3.070168	0.040000	3.110168	71.834714
1242	10038.920000	0.123718	8.000483	8.029111	3.070208	0.040000	3.110208	71.841385
1243	10040.440000	0.123799	7.995266	8.028768	3.070208	0.040000	3.110208	71.846629
1244	10070.840000	0.123525	8.013290	8.025614	3.064956	0.040000	3.104956	71.853312
1245	10073.640000	0.123590	8.009100	8.023012	3.064956	0.040000	3.104956	71.855068
1246	10077.960000	0.123636	8.006137	8.023012	3.064956	0.040000	3.104956	71.855987
1247	10081.400000	0.123693	8.002472	8.023012	3.064956	0.040000	3.104956	71.857161
1248	10085.440000	0.123743	7.999294	8.023012	3.064956	0.040000	3.104956	71.853045
1249	10094.840000	0.123727	8.000417	8.032134	3.072936	0.040000	3.112936	71.848935
1250	10105.880000	0.123690	8.002850	8.033540	3.071765	0.040000	3.111765	71.847872
1251	10118.760000	0.123632	8.006752	8.031161	3.069865	0.040000	3.109865	71.852246
1252	10125.960000	0.123643	8.006107	8.036600	3.067492	0.040000	3.107492	71.855687
1253	10129.200000	0.123702	8.002300	8.034921	3.067492	0.040000	3.107492	71.858069
1254	10143.960000	0.123620	8.007694	8.037018	3.067829	0.040000	3.107829	71.865072
1255	10148.760000	0.123660	8.005136	8.036070	3.065780	0.040000	3.105780	71.871331
1256	10167.880000	0.123526	8.013992	8.031171	3.062292	0.040000	3.102292	71.877516
1257	10172.720000	0.123566	8.011465	8.032291	3.060506	0.040000	3.100506	71.883819
1258	10184.400000	0.123522	8.014383	8.033307	3.061279	0.040000	3.101279	71.890874
1259	10187.440000	0.123584	8.010429	8.033307	3.061830	0.040000	3.101830	71.897061
1260	10194.440000	0.123597	8.009627	8.032366	3.060804	0.040000	3.100804	71.897460
1261	10208.520000	0.123524	8.014444	8.031402	3.061369	0.040000	3.101369	71.900428
1262	10217.040000	0.123519	8.014845	8.033360	3.059591	0.040000	3.099591	71.904406
1263	10227.480000	0.123491	8.016767	8.028782	3.058382	0.040000	3.098382	71.912082
1264	10233.640000	0.123514	8.015297	8.028782	3.060031	0.040000	3.100031	71.922057
1265	10241.240000	0.123520	8.014968	8.030455	3.059702	0.040000	3.099702	71.931826
1266	10255.360000	0.123448	8.019794	8.033354	3.056601	0.040000	3.096601	71.943128
1267	10262.720000	0.123457	8.019273	8.031668	3.054335	0.040000	3.094335	71.954159
1268	10274.080000	0.123417	8.021910	8.029014	3.055387	0.040000	3.095387	71.967003
1269	10278.160000	0.123466	8.018801	8.029014	3.055387	0.040000	3.095387	71.979228
1270	10286.880000	0.123458	8.019354	8.033933	3.055594	0.040000	3.095594	71.990772
1271	10291.040000	0.123505	8.016315	8.035406	3.055594	0.040000	3.095594	72.000283
1272	10296.040000	0.123543	8.013942	8.035406	3.055594	0.040000	3.095594	72.007327
1273	10303.600000	0.123549	8.013585	8.035406	3.059079	0.040000	3.099079	72.015679
1274	10311.360000	0.123553	8.013386	8.039594	3.059532	0.040000	3.099532	72.023265
1275	10315.000000	0.123606	8.009953	8.039594	3.060327	0.040000	3.100327	72.027702
1276	10320.920000	0.123632	8.008314	8.034143	3.057556	0.040000	3.097556	72.027837
1277	10327.320000	0.123653	8.007053	8.031004	3.057556	0.040000	3.097556	72.027847
1278	10329.120000	0.123728	8.002193	8.031004	3.058600	0.040000	3.098600	72.025196
1279	10333.760000	0.123769	7.999562	8.030140	3.056783	0.040000	3.096783	72.019234
1280	10350.040000	0.123671	8.006036	8.026584	3.059054	0.040000	3.099054	72.015656
1281	10366.800000	0.123568	8.012875	8.031907	3.062078	0.040000	3.102078	72.014145
1282	10374.280000	0.123575	8.012459	8.031907	3.065221	0.040000	3.105221	72.010140
1283	10385.640000	0.123536	8.015070	8.034237	3.065573	0.040000	3.105573	72.009291
1284	10388.680000	0.123596	8.011193	8.036749	3.065573	0.040000	3.105573	72.008224
1285	10391.640000	0.123657	8.007259	8.036749	3.065089	0.040000	3.105089	72.007689
1286	10401.400000	0.123637	8.008623	8.032148	3.062301	0.040000	3.102301	72.008678
1287	10407.520000	0.123661	8.007154	8.029931	3.062006	0.040000	3.102006	72.011904
1288	10413.040000	0.123691	8.005221	8.030494	3.062006	0.040000	3.102006	72.014472
1289	10426.080000	0.123632	8.009130	8.028043	3.061140	0.040000	3.101140	72.017967
1290	10436.440000	0.123605	8.010954	8.028329	3.059569	0.040000	3.099569	72.019442
1291	10448.080000	0.123563	8.013767	8.026369	3.060446	0.040000	3.100446	72.022463
1292	10455.560000	0.123571	8.013354	8.029301	3.058710	0.040000	3.098710	72.025511
1293	10467.640000	0.123524	8.016502	8.028764	3.058558	0.040000	3.098558	72.030008
1294	10473.920000	0.123545	8.015159	8.028589	3.058558	0.040000	3.098558	72.037032
1295	10476.880000	0.123606	8.011252	8.028589	3.058558	0.040000	3.098558	72.041575
1296	10479.760000	0.123667	8.007290	8.028589	3.060138	0.040000	3.100138	72.043426
1297	10495.000000	0.123583	8.012870	8.027626	3.057138	0.040000	3.097138	72.048882
1298	10501.040000	0.123607	8.011349	8.026993	3.056758	0.040000	3.096758	72.056055
1299	10507.520000	0.123626	8.010169	8.027492	3.057204	0.040000	3.097204	72.062756
1300	10516.240000	0.123618	8.010716	8.026891	3.056580	0.040000	3.096580	72.070369
1301	10527.200000	0.123585	8.012985	8.029466	3.056580	0.040000	3.096580	72.080184
1302	10534.160000	0.123598	8.012175	8.031854	3.060717	0.040000	3.100717	72.088848
1303	10543.800000	0.123580	8.013425	8.029634	3.060807	0.040000	3.100807	72.094735
1304	10552.120000	0.123577	8.013661	8.030586	3.058843	0.040000	3.098843	72.105184
1305	10561.880000	0.123558	8.015000	8.028076	3.057582	0.040000	3.097582	72.113992
1306	10563.360000	0.123635	8.009992	8.028076	3.057582	0.040000	3.097582	72.118499
1307	10564.960000	0.123711	8.005084	8.028076	3.057582	0.040000	3.097582	72.120949
1308	10574.200000	0.123697	8.006029	8.028906	3.059058	0.040000	3.099058	72.124281
1309	10578.600000	0.123740	8.003272	8.028906	3.060501	0.040000	3.100501	72.123514
1310	10586.160000	0.123746	8.002934	8.032437	3.060501	0.040000	3.100501	72.124061
1311	10596.080000	0.123725	8.004397	8.027688	3.059758	0.040000	3.099758	72.118719
1312	10605.840000	0.123705	8.005736	8.027364	3.059500	0.040000	3.099500	72.116951
1313	10613.680000	0.123708	8.005610	8.027364	3.059500	0.040000	3.099500	72.116161
1314	10617.240000	0.123761	8.002224	8.031824	3.058608	0.040000	3.098608	72.113577
1315	10624.800000	0.123767	8.001887	8.030620	3.057022	0.040000	3.097022	72.109536
1316	10640.680000	0.123676	8.007878	8.034528	3.057553	0.040000	3.097553	72.111641
1317	10649.920000	0.123663	8.008815	8.033238	3.056151	0.040000	3.096151	72.113865
1318	10658.240000	0.123660	8.009051	8.032338	3.055535	0.040000	3.095535	72.112898
1319	10660.120000	0.123732	8.004401	8.032338	3.055535	0.040000	3.095535	72.110720
1320	10665.760000	0.123761	8.002608	8.032338	3.057604	0.040000	3.097604	72.109121
1321	10670.560000	0.123799	8.000182	8.035659	3.057604	0.040000	3.097604	72.105889
1322	10680.840000	0.123773	8.001908	8.027669	3.054316	0.040000	3.094316	72.100545
1323	10691.560000	0.123742	8.003964	8.027769	3.050000	0.040000	3.090000	72.099138
1324	10706.200000	0.123667	8.008980	8.026107	3.050315	0.040000	3.090315	72.096707
1325	10712.440000	0.123688	8.007644	8.021363	3.049408	0.040000	3.089408	72.093374
1326	10720.600000	0.123687	8.007758	8.021377	3.047725	0.040000	3.087725	72.092127
1327	10733.880000	0.123627	8.011735	8.023725	3.049394	0.040000	3.089394	72.093052
1328	10750.000000	0.123535	8.017845	8.023241	3.048633	0.040000	3.088633	72.098042
1329	10752.960000	0.123594	8.014036	8.023241	3.048955	0.040000	3.088955	72.102995
1330	10755.320000	0.123660	8.009782	8.022746	3.048955	0.040000	3.088955	72.107549
1331	10759.720000	0.123702	8.007068	8.022746	3.049396	0.040000	3.089396	72.112517
1332	10763.520000	0.123751	8.003907	8.021387	3.048793	0.040000	3.088793	72.114414
1333	10770.480000	0.123764	8.003123	8.015458	3.046399	0.040000	3.086399	72.113458
1334	10775.960000	0.123794	8.001230	8.013780	3.044550	0.040000	3.084550	72.112564
1335	10779.080000	0.123851	7.997571	8.011152	3.044550	0.040000	3.084550	72.110772
1336	10786.640000	0.123857	7.997243	8.011152	3.046746	0.040000	3.086746	72.111766
1337	10795.720000	0.123845	7.998054	8.016077	3.044870	0.040000	3.084870	72.110187
1338	10804.560000	0.123837	7.998684	8.010445	3.042847	0.040000	3.082847	72.107474
1339	10811.600000	0.123848	7.997967	8.010526	3.042847	0.040000	3.082847	72.106199
1340	10819.760000	0.123847	7.998088	8.011496	3.044237	0.040000	3.084237	72.104090
1341	10830.080000	0.123822	7.999821	8.011496	3.044237	0.040000	3.084237	72.104072
1342	10836.960000	0.123835	7.998986	8.011496	3.054952	0.040000	3.094952	72.105604
1343	10842.160000	0.123868	7.996900	8.019956	3.054952	0.040000	3.094952	72.107729
1344	10846.680000	0.123909	7.994311	8.019956	3.055592	0.040000	3.095592	72.111726
1345	10855.040000	0.123906	7.994583	8.023107	3.054102	0.040000	3.094102	72.117651
1346	10865.800000	0.123875	7.996639	8.024361	3.054102	0.040000	3.094102	72.124190
1347	10873.720000	0.123877	7.996582	8.024343	3.055923	0.040000	3.095923	72.129800
1348	10876.160000	0.123941	7.992457	8.024343	3.055923	0.040000	3.095923	72.134095
1349	10883.880000	0.123945	7.992255	8.027218	3.059513	0.040000	3.099513	72.140430
1350	10889.760000	0.123970	7.990689	8.027227	3.061357	0.040000	3.101357	72.142370
1351	10908.840000	0.123845	7.998904	8.023594	3.059220	0.040000	3.099220	72.142206
1352	10914.720000	0.123869	7.997335	8.022294	3.058529	0.040000	3.098529	72.142071
1353	10920.120000	0.123900	7.995414	8.022294	3.058529	0.040000	3.098529	72.138980
1354	10934.160000	0.123832	7.999882	8.022966	3.060852	0.040000	3.100852	72.135775
1355	10939.800000	0.123860	7.998139	8.021922	3.060866	0.040000	3.100866	72.129063
1356	10948.480000	0.123853	7.998642	8.021554	3.060411	0.040000	3.100411	72.121711
1357	10954.880000	0.123872	7.997463	8.021554	3.061656	0.040000	3.101656	72.116404
1358	10961.400000	0.123889	7.996374	8.021025	3.059619	0.040000	3.099619	72.111929
1359	10967.160000	0.123915	7.994728	8.019459	3.058932	0.040000	3.098932	72.105931
1360	10974.560000	0.123923	7.994290	8.015380	3.055486	0.040000	3.095486	72.098676
1361	10981.680000	0.123934	7.993647	8.013937	3.055486	0.040000	3.095486	72.090051
1362	10986.920000	0.123966	7.991624	8.013937	3.055486	0.040000	3.095486	72.081557
1363	10993.080000	0.123987	7.990279	8.019036	3.060773	0.040000	3.100773	72.071842
1364	10999.160000	0.124009	7.988877	8.012828	3.058733	0.040000	3.098733	72.062229
1365	11005.880000	0.124025	7.987947	8.009731	3.058865	0.040000	3.098865	72.050344
1366	11007.920000	0.124092	7.983590	8.009731	3.058865	0.040000	3.098865	72.035081
1367	11020.200000	0.124045	7.986735	8.010589	3.058211	0.040000	3.098211	72.024433
1368	11025.840000	0.124072	7.985018	8.010589	3.061279	0.040000	3.101279	72.014503
1369	11031.800000	0.124096	7.983538	8.011657	3.061279	0.040000	3.101279	72.007480
1370	11056.680000	0.123907	7.995880	8.014862	3.067237	0.040000	3.107237	72.005255
1371	11060.120000	0.123959	7.992555	8.015867	3.066261	0.040000	3.106261	72.003472
1372	11074.640000	0.123887	7.997316	8.014830	3.063705	0.040000	3.103705	72.008688
1373	11076.920000	0.123951	7.993149	8.014830	3.063705	0.040000	3.103705	72.013168
1374	11086.840000	0.123931	7.994552	8.011916	3.059913	0.040000	3.099913	72.020699
1375	11097.800000	0.123898	7.996710	8.009335	3.059957	0.040000	3.099957	72.029673
1376	11108.000000	0.123875	7.998313	8.011523	3.061154	0.040000	3.101154	72.037122
1377	11115.440000	0.123882	7.997907	8.004236	3.055810	0.040000	3.095810	72.042847
1378	11127.320000	0.123839	8.000726	8.001612	3.055540	0.040000	3.095540	72.052308
1379	11134.120000	0.123854	7.999855	8.001612	3.055540	0.040000	3.095540	72.058419
1380	11135.840000	0.123924	7.995301	8.001612	3.059382	0.040000	3.099382	72.061536
1381	11137.600000	0.123994	7.990783	8.001612	3.059382	0.040000	3.099382	72.061984
1382	11140.560000	0.124051	7.987140	8.004227	3.059382	0.040000	3.099382	72.057598
1383	11145.200000	0.124089	7.984718	8.004227	3.059943	0.040000	3.099943	72.053912
1384	11147.960000	0.124148	7.980940	8.004227	3.059943	0.040000	3.099943	72.047717
1385	11158.200000	0.124124	7.982572	8.002757	3.057102	0.040000	3.097102	72.043552
1386	11167.160000	0.124114	7.983278	8.004620	3.058294	0.040000	3.098294	72.036739
1387	11173.760000	0.124130	7.982280	8.005964	3.056619	0.040000	3.096619	72.031665
1388	11179.480000	0.124156	7.980649	8.004527	3.055147	0.040000	3.095147	72.028559
1389	11183.360000	0.124202	7.977695	8.001231	3.055147	0.040000	3.095147	72.026321
1390	11190.880000	0.124208	7.977365	8.001946	3.053381	0.040000	3.093381	72.023223
1391	11203.160000	0.124161	7.980460	7.999514	3.053381	0.040000	3.093381	72.020791
1392	11212.880000	0.124143	7.981711	8.006029	3.059114	0.040000	3.099114	72.020259
1393	11222.080000	0.124130	7.982586	8.006029	3.063241	0.040000	3.103241	72.020761
1394	11223.720000	0.124201	7.978033	8.007537	3.063241	0.040000	3.103241	72.019512
1395	11233.760000	0.124179	7.979512	8.007537	3.063241	0.040000	3.103241	72.015713
1396	11236.800000	0.124235	7.975971	8.007537	3.063241	0.040000	3.103241	72.009885
1397	11242.640000	0.124259	7.974441	8.007537	3.072240	0.040000	3.112240	72.003751
1398	11247.080000	0.124299	7.971911	8.016377	3.070763	0.040000	3.110763	71.996595
1399	11248.880000	0.124368	7.967496	8.013856	3.070763	0.040000	3.110763	71.986676
1400	11264.720000	0.124282	7.973124	8.018148	3.071915	0.040000	3.111915	71.977000
1401	11283.760000	0.124161	7.981029	8.009432	3.066591	0.040000	3.106591	71.970307
1402	11310.400000	0.123957	7.994347	8.011972	3.070673	0.040000	3.110673	71.970528
1403	11315.320000	0.123991	7.992154	8.014798	3.070673	0.040000	3.110673	71.970178
1404	11328.640000	0.123934	7.995952	8.019688	3.072153	0.040000	3.112153	71.971396
1405	11345.360000	0.123839	8.002165	8.019986	3.071711	0.040000	3.111711	71.979872
1406	11351.400000	0.123861	8.000769	8.022914	3.070982	0.040000	3.110982	71.989673
1407	11355.560000	0.123904	7.998037	8.020212	3.070982	0.040000	3.110982	71.999403
1408	11359.240000	0.123952	7.994968	8.020212	3.070982	0.040000	3.110982	72.009261
1409	11367.400000	0.123951	7.995085	8.024576	3.075424	0.040000	3.115424	72.014422
1410	11370.720000	0.124003	7.991767	8.024576	3.075963	0.040000	3.115963	72.018667
1411	11382.960000	0.123957	7.994780	8.022736	3.074161	0.040000	3.114161	72.020751
1412	11401.640000	0.123842	8.002353	8.032135	3.078647	0.040000	3.118647	72.029037
1413	11417.320000	0.123759	8.007790	8.035239	3.076481	0.040000	3.116481	72.040198
1414	11431.560000	0.123693	8.012201	8.033643	3.076174	0.040000	3.116174	72.054144
1415	11438.640000	0.123704	8.011542	8.033563	3.078566	0.040000	3.118566	72.065640
1416	11452.880000	0.123637	8.015943	8.037640	3.079411	0.040000	3.119411	72.079040
1417	11458.760000	0.123661	8.014435	8.037640	3.079411	0.040000	3.119411	72.090445
1418	11467.880000	0.123650	8.015215	8.036634	3.076720	0.040000	3.116720	72.103752
1419	11474.920000	0.123661	8.014528	8.034366	3.075350	0.040000	3.115350	72.113094
1420	11482.440000	0.123667	8.014179	8.032498	3.073870	0.040000	3.113870	72.117662
1421	11489.800000	0.123675	8.013718	8.032498	3.075077	0.040000	3.115077	72.119803
1422	11492.920000	0.123728	8.010274	8.033594	3.073487	0.040000	3.113487	72.118847
1423	11495.560000	0.123787	8.006498	8.033594	3.073487	0.040000	3.113487	72.111286
1424	11502.280000	0.123802	8.005594	8.034997	3.073487	0.040000	3.113487	72.103708
1425	11511.400000	0.123790	8.006376	8.029449	3.070265	0.040000	3.110265	72.095130
1426	11524.680000	0.123734	8.010077	8.027429	3.068906	0.040000	3.108906	72.090491
1427	11532.880000	0.123733	8.010210	8.027429	3.071170	0.040000	3.111170	72.086671
1428	11537.760000	0.123768	8.008017	8.029972	3.071170	0.040000	3.111170	72.083613
1429	11551.840000	0.123703	8.012269	8.031371	3.072879	0.040000	3.112879	72.086214
1430	11560.920000	0.123693	8.013016	8.032239	3.072550	0.040000	3.112550	72.087413
1431	11565.120000	0.123734	8.010350	8.028556	3.071583	0.040000	3.111583	72.087631
1432	11578.040000	0.123682	8.013781	8.026315	3.071256	0.040000	3.111256	72.089358
1433	11582.520000	0.123721	8.011313	8.026315	3.075700	0.040000	3.115700	72.091305
1434	11588.120000	0.123747	8.009630	8.030153	3.074927	0.040000	3.114927	72.095174
1435	11596.160000	0.123748	8.009651	8.026482	3.072881	0.040000	3.112881	72.099261
1436	11601.760000	0.123774	8.007972	8.026482	3.075488	0.040000	3.115488	72.099331
1437	11607.400000	0.123800	8.006323	8.028983	3.073472	0.040000	3.113472	72.097035
1438	11613.680000	0.123819	8.005122	8.022059	3.069972	0.040000	3.109972	72.091266
1439	11615.480000	0.123886	8.000807	8.022059	3.069972	0.040000	3.109972	72.081918
1440	11623.560000	0.123886	8.000862	8.017999	3.066290	0.040000	3.106290	72.073611
1441	11634.920000	0.123851	8.003194	8.014114	3.065362	0.040000	3.105362	72.070312
1442	11651.040000	0.123766	8.008827	8.017879	3.068245	0.040000	3.108245	72.070097
1443	11658.240000	0.123775	8.008266	8.018059	3.067043	0.040000	3.107043	72.070686
1444	11665.160000	0.123787	8.007512	8.013938	3.065979	0.040000	3.105979	72.072548
1445	11676.200000	0.123756	8.009612	8.010103	3.063402	0.040000	3.103402	72.074740
1446	11679.000000	0.123812	8.006007	8.006036	3.063402	0.040000	3.103402	72.075436
1447	11682.000000	0.123866	8.002545	8.006036	3.063907	0.040000	3.103907	72.075826
1448	11683.920000	0.123931	7.998341	8.004688	3.062521	0.040000	3.102521	72.075552
1449	11690.480000	0.123947	7.997348	8.001370	3.062521	0.040000	3.102521	72.076660
1450	11694.040000	0.123995	7.994286	8.001370	3.064422	0.040000	3.104422	72.076221
1451	11698.320000	0.124035	7.991724	7.998249	3.060889	0.040000	3.100889	72.074376
1452	11702.320000	0.124078	7.988973	7.995051	3.060889	0.040000	3.100889	72.067190
1453	11703.800000	0.124148	7.984490	7.995051	3.060889	0.040000	3.100889	72.056105
1454	11711.880000	0.124147	7.984556	7.995051	3.060889	0.040000	3.100889	72.045365
1455	11715.280000	0.124197	7.981403	7.995051	3.068197	0.040000	3.108197	72.033457
1456	11726.560000	0.124163	7.983670	8.002213	3.067495	0.040000	3.107495	72.025357
1457	11733.720000	0.124172	7.983104	7.999318	3.063749	0.040000	3.103749	72.018092
1458	11735.440000	0.124239	7.978806	7.999318	3.063749	0.040000	3.103749	72.010233
1459	11749.480000	0.124176	7.982963	7.996757	3.064452	0.040000	3.104452	72.008170
1460	11755.080000	0.124202	7.981330	7.997658	3.063156	0.040000	3.103156	72.007699
1461	11764.200000	0.124190	7.982110	7.996027	3.061645	0.040000	3.101645	72.008022
1462	11769.440000	0.124220	7.980233	7.992554	3.060163	0.040000	3.100163	72.009494
1463	11772.640000	0.124271	7.976963	7.992554	3.059498	0.040000	3.099498	72.011675
1464	11788.840000	0.124185	7.982584	7.988827	3.057519	0.040000	3.097519	72.013333
1465	11793.000000	0.124226	7.979973	7.986938	3.056965	0.040000	3.096965	72.013215
1466	11795.600000	0.124284	7.976300	7.986938	3.056965	0.040000	3.096965	72.009686
1467	11799.520000	0.124327	7.973533	7.986938	3.059336	0.040000	3.099336	72.007171
1468	11801.400000	0.124392	7.969380	7.986938	3.059336	0.040000	3.099336	72.001471
1469	11804.680000	0.124442	7.966185	7.986938	3.059336	0.040000	3.099336	71.990905
1470	11807.320000	0.124499	7.962560	7.986938	3.059336	0.040000	3.099336	71.978476
1471	11813.040000	0.124523	7.961034	7.991903	3.057348	0.040000	3.097348	71.966363
1472	11821.280000	0.124521	7.961224	7.988479	3.055081	0.040000	3.095081	71.954783
1473	11826.560000	0.124550	7.959402	7.987243	3.053477	0.040000	3.093477	71.943652
1474	11829.960000	0.124599	7.956307	7.987243	3.053477	0.040000	3.093477	71.931967
1475	11841.960000	0.124557	7.959050	7.985415	3.053477	0.040000	3.093477	71.924692
1476	11852.800000	0.124528	7.961003	7.989022	3.058638	0.040000	3.098638	71.918753
1477	11860.120000	0.124535	7.960569	7.986442	3.058532	0.040000	3.098532	71.911334
1478	11876.440000	0.124448	7.966229	7.986460	3.057201	0.040000	3.097201	71.908958
1479	11882.480000	0.124469	7.964926	7.986460	3.058991	0.040000	3.098991	71.906450
1480	11886.400000	0.124512	7.962191	7.989294	3.057876	0.040000	3.097876	71.902216
1481	11889.720000	0.124561	7.959054	7.985914	3.057876	0.040000	3.097876	71.896907
1482	11905.280000	0.124483	7.964186	7.986192	3.058121	0.040000	3.098121	71.890310
1483	11911.000000	0.124507	7.962672	7.988779	3.058216	0.040000	3.098216	71.884046
1484	11922.800000	0.124467	7.965260	7.989001	3.056810	0.040000	3.096810	71.882022
1485	11930.400000	0.124472	7.965013	7.990402	3.055164	0.040000	3.095164	71.881428
1486	11936.640000	0.124491	7.963852	7.989069	3.054137	0.040000	3.094137	71.882288
1487	11948.040000	0.124456	7.966164	7.987559	3.054181	0.040000	3.094181	71.881399
1488	11956.640000	0.124450	7.966590	7.983621	3.050814	0.040000	3.090814	71.880995
1489	11966.840000	0.124427	7.968091	7.980053	3.051101	0.040000	3.091101	71.883412
1490	11974.840000	0.124428	7.968113	7.984043	3.051101	0.040000	3.091101	71.887168
1491	11987.000000	0.124385	7.970926	7.984043	3.053173	0.040000	3.093173	71.890355
1492	11990.520000	0.124432	7.967941	7.989920	3.051992	0.040000	3.091992	71.891823
1493	11993.680000	0.124482	7.964718	7.986862	3.050120	0.040000	3.090120	71.888895
1494	11997.520000	0.124526	7.961956	7.986862	3.050120	0.040000	3.090120	71.883909
1495	12006.880000	0.124512	7.962892	7.985939	3.051683	0.040000	3.091683	71.879920
1496	12011.000000	0.124552	7.960321	7.986959	3.049947	0.040000	3.089947	71.873476
1497	12015.160000	0.124593	7.957781	7.984441	3.049947	0.040000	3.089947	71.867602
1498	12018.560000	0.124641	7.954736	7.984441	3.049947	0.040000	3.089947	71.861415
1499	12024.520000	0.124662	7.953405	7.986764	3.052199	0.040000	3.092199	71.855530
1500	12037.000000	0.124616	7.956424	7.986764	3.054343	0.040000	3.094343	71.846880
1501	12052.000000	0.124544	7.961120	7.993179	3.054032	0.040000	3.094032	71.840293
1502	12054.400000	0.124602	7.957415	7.990531	3.054032	0.040000	3.094032	71.833742
1503	12070.240000	0.124521	7.962663	7.989854	3.050404	0.040000	3.090404	71.829914
1504	12074.760000	0.124557	7.960373	7.988246	3.050404	0.040000	3.090404	71.826064
1505	12084.320000	0.124542	7.961436	7.988246	3.054180	0.040000	3.094180	71.821794
1506	12095.280000	0.124511	7.963429	7.990238	3.054911	0.040000	3.094911	71.817291
1507	12110.480000	0.124438	7.968234	7.989571	3.052858	0.040000	3.092858	71.812926
1508	12115.320000	0.124471	7.966158	7.988575	3.052533	0.040000	3.092533	71.808780
1509	12120.880000	0.124496	7.964562	7.988575	3.052076	0.040000	3.092076	71.804851
1510	12127.640000	0.124509	7.963764	7.991589	3.050092	0.040000	3.090092	71.801907
1511	12131.120000	0.124556	7.960795	7.991589	3.050092	0.040000	3.090092	71.795314
1512	12152.520000	0.124419	7.969689	7.984684	3.050178	0.040000	3.090178	71.793889
1513	12159.000000	0.124435	7.968704	7.988087	3.050178	0.040000	3.090178	71.792518
1514	12165.120000	0.124454	7.967482	7.989908	3.052510	0.040000	3.092510	71.789590
1515	12171.200000	0.124474	7.966235	7.989908	3.051399	0.040000	3.091399	71.787089
1516	12175.840000	0.124509	7.964040	7.989494	3.051365	0.040000	3.091365	71.782744
1517	12187.280000	0.124474	7.966332	7.990709	3.050544	0.040000	3.090544	71.781806
1518	12194.800000	0.124479	7.966038	7.989403	3.052163	0.040000	3.092163	71.779078
1519	12199.440000	0.124514	7.963847	7.989148	3.052163	0.040000	3.092163	71.775695
1520	12201.440000	0.124575	7.959921	7.989148	3.052967	0.040000	3.092967	71.771579
1521	12211.440000	0.124555	7.961263	7.988867	3.053429	0.040000	3.093429	71.765865
1522	12219.080000	0.124559	7.961052	7.983346	3.051033	0.040000	3.091033	71.757293
1523	12222.960000	0.124602	7.958371	7.980170	3.048930	0.040000	3.088930	71.747656
1524	12230.840000	0.124603	7.958319	7.977598	3.049315	0.040000	3.089315	71.737297
1525	12234.400000	0.124649	7.955433	7.972673	3.047536	0.040000	3.087536	71.723620
1526	12248.400000	0.124588	7.959397	7.972195	3.046536	0.040000	3.086536	71.712765
1527	12258.520000	0.124566	7.960813	7.972362	3.045465	0.040000	3.085465	71.704388
1528	12268.480000	0.124547	7.962122	7.972692	3.045016	0.040000	3.085016	71.697932
1529	12275.560000	0.124556	7.961545	7.972692	3.045016	0.040000	3.085016	71.691799
1530	12279.480000	0.124598	7.958901	7.974529	3.045016	0.040000	3.085016	71.686614
1531	12282.440000	0.124649	7.955634	7.974529	3.045016	0.040000	3.085016	71.680627
1532	12289.800000	0.124656	7.955245	7.974529	3.046987	0.040000	3.086987	71.677520
1533	12295.320000	0.124682	7.953655	7.978545	3.047709	0.040000	3.087709	71.673894
1534	12297.080000	0.124745	7.949615	7.978545	3.047709	0.040000	3.087709	71.669570
1535	12301.360000	0.124783	7.947223	7.979442	3.045759	0.040000	3.085759	71.665694
1536	12306.800000	0.124809	7.945590	7.976316	3.044485	0.040000	3.084485	71.659870
1537	12315.760000	0.124799	7.946250	7.977628	3.044485	0.040000	3.084485	71.656031
1538	12325.600000	0.124781	7.947482	7.972893	3.043105	0.040000	3.083105	71.650585
1539	12327.960000	0.124838	7.943849	7.970660	3.041345	0.040000	3.081345	71.644055
1540	12345.800000	0.124739	7.950279	7.967829	3.041859	0.040000	3.081859	71.638468
1541	12361.360000	0.124663	7.955221	7.970613	3.041859	0.040000	3.081859	71.635042
1542	12369.800000	0.124658	7.955535	7.970613	3.048723	0.040000	3.088723	71.633696
1543	12378.120000	0.124655	7.955772	7.979587	3.048723	0.040000	3.088723	71.635023
1544	12385.640000	0.124660	7.955489	7.981277	3.049330	0.040000	3.089330	71.632953
1545	12387.640000	0.124721	7.951632	7.981277	3.049330	0.040000	3.089330	71.630395
1546	12394.120000	0.124737	7.950680	7.980670	3.048191	0.040000	3.088191	71.628693
1547	12395.920000	0.124799	7.946701	7.978364	3.048191	0.040000	3.088191	71.627046
1548	12397.800000	0.124861	7.942780	7.978364	3.048191	0.040000	3.088191	71.623282
1549	12407.160000	0.124847	7.943695	7.978364	3.050862	0.040000	3.090862	71.618954
1550	12430.000000	0.124698	7.953312	7.985167	3.052648	0.040000	3.092648	71.615303
1551	12442.440000	0.124654	7.956206	7.982105	3.052041	0.040000	3.092041	71.610342
1552	12451.280000	0.124646	7.956776	7.982296	3.051905	0.040000	3.091905	71.607809
1553	12462.800000	0.124611	7.959072	7.983282	3.053017	0.040000	3.093017	71.607830
1554	12478.760000	0.124532	7.964224	7.985147	3.053385	0.040000	3.093385	71.611480
1555	12487.640000	0.124523	7.964813	7.984159	3.053299	0.040000	3.093299	71.613659
1556	12492.600000	0.124554	7.962881	7.983274	3.052166	0.040000	3.092166	71.612879
1557	12498.400000	0.124576	7.961491	7.980345	3.052644	0.040000	3.092644	71.609326
1558	12505.280000	0.124587	7.960796	7.980741	3.052644	0.040000	3.092644	71.606393
1559	12508.640000	0.124634	7.957843	7.980741	3.054167	0.040000	3.094167	71.602668
1560	12514.280000	0.124658	7.956357	7.981468	3.054167	0.040000	3.094167	71.596000
1561	12519.160000	0.124689	7.954385	7.981468	3.054167	0.040000	3.094167	71.587495
1562	12527.720000	0.124684	7.954773	7.985128	3.056316	0.040000	3.096316	71.579385
1563	12533.240000	0.124708	7.953214	7.982766	3.056316	0.040000	3.096316	71.568599
1564	12538.520000	0.124736	7.951504	7.982766	3.056316	0.040000	3.096316	71.556394
1565	12545.000000	0.124751	7.950563	7.982766	3.060688	0.040000	3.100688	71.545176
1566	12558.120000	0.124700	7.953866	7.990757	3.062533	0.040000	3.102533	71.538570
1567	12569.560000	0.124666	7.956092	7.988575	3.061603	0.040000	3.101603	71.532738
1568	12587.760000	0.124565	7.962629	7.997940	3.065743	0.040000	3.105743	71.530153
1569	12591.520000	0.124608	7.959949	7.995731	3.064203	0.040000	3.104203	71.527215
1570	12610.320000	0.124501	7.966858	7.992416	3.065415	0.040000	3.105415	71.527236
1571	12623.280000	0.124453	7.970038	7.993333	3.066244	0.040000	3.106244	71.526034
1572	12629.160000	0.124474	7.968708	7.994984	3.064532	0.040000	3.104532	71.525191
1573	12646.640000	0.124381	7.974758	7.991524	3.065664	0.040000	3.105664	71.526866
1574	12656.840000	0.124360	7.976173	7.993026	3.065749	0.040000	3.105749	71.525972
1575	12659.040000	0.124417	7.972503	7.993026	3.065126	0.040000	3.105126	71.524521
1576	12668.560000	0.124402	7.973486	7.993026	3.065126	0.040000	3.105126	71.526396
1577	12681.720000	0.124352	7.976777	7.997222	3.063748	0.040000	3.103748	71.529360
1578	12695.760000	0.124293	7.980621	7.996345	3.061474	0.040000	3.101474	71.536122
1579	12712.280000	0.124211	7.986033	7.999975	3.060566	0.040000	3.100566	71.549791
1580	12717.400000	0.124239	7.984218	7.997986	3.059044	0.040000	3.099044	71.560886
1581	12723.640000	0.124257	7.983114	7.996553	3.058957	0.040000	3.098957	71.573030
1582	12729.720000	0.124276	7.981910	7.996530	3.058957	0.040000	3.098957	71.582402
1583	12741.800000	0.124237	7.984501	7.996530	3.064523	0.040000	3.104523	71.594719
1584	12749.440000	0.124241	7.984283	8.000854	3.062535	0.040000	3.102535	71.606667
1585	12757.680000	0.124239	7.984444	7.996888	3.061517	0.040000	3.101517	71.615319
1586	12761.240000	0.124283	7.981653	7.996539	3.061517	0.040000	3.101517	71.619420
1587	12764.160000	0.124333	7.978462	7.996539	3.061517	0.040000	3.101517	71.620164
1588	12770.360000	0.124350	7.977341	7.998095	3.064862	0.040000	3.104862	71.620630
1589	12776.080000	0.124373	7.975919	7.998095	3.066725	0.040000	3.106725	71.618024
1590	12780.160000	0.124412	7.973468	8.000025	3.066725	0.040000	3.106725	71.615019
1591	12790.240000	0.124392	7.974792	8.001176	3.065557	0.040000	3.105557	71.613325
1592	12805.200000	0.124324	7.979183	7.999250	3.062861	0.040000	3.102861	71.610377
1593	12819.200000	0.124267	7.982965	7.998826	3.062347	0.040000	3.102347	71.611852
1594	12826.440000	0.124275	7.982498	7.998826	3.062347	0.040000	3.102347	71.615257
1595	12830.840000	0.124310	7.980251	8.001871	3.066625	0.040000	3.106625	71.619561
1596	12841.440000	0.124285	7.981893	8.002569	3.068055	0.040000	3.108055	71.621479
1597	12852.040000	0.124260	7.983534	8.001495	3.067589	0.040000	3.107589	71.624947
1598	12856.880000	0.124291	7.981565	8.002590	3.069589	0.040000	3.109589	71.627534
1599	12863.160000	0.124308	7.980501	8.000000	3.068376	0.040000	3.108376	71.628118
1600	12882.240000	0.124202	7.987442	8.005771	3.072418	0.040000	3.112418	71.636400
1601	12893.000000	0.124176	7.989175	8.004099	3.071230	0.040000	3.111230	71.647745
1602	12897.760000	0.124208	7.987158	8.004099	3.071757	0.040000	3.111757	71.658402
1603	12917.680000	0.124093	7.994607	8.002382	3.072288	0.040000	3.112288	71.669694
1604	12933.160000	0.124022	7.999276	8.007564	3.074944	0.040000	3.114944	71.685436
1605	12935.760000	0.124075	7.995910	8.011276	3.074944	0.040000	3.114944	71.698991
1606	12946.400000	0.124050	7.997558	8.008911	3.074554	0.040000	3.114554	71.712777
1607	12949.840000	0.124094	7.994720	8.008911	3.073420	0.040000	3.113420	71.725825
1608	12958.400000	0.124089	7.995072	8.009301	3.073420	0.040000	3.113420	71.737463
1609	12965.960000	0.124094	7.994801	8.009468	3.073721	0.040000	3.113721	71.745233
1610	12972.560000	0.124108	7.993934	8.009314	3.074565	0.040000	3.114565	71.754683
1611	12979.320000	0.124121	7.993168	8.007333	3.074000	0.040000	3.114000	71.762855
1612	12985.840000	0.124135	7.992253	8.007526	3.075484	0.040000	3.115484	71.771861
1613	12995.520000	0.124120	7.993300	8.007526	3.078989	0.040000	3.118989	71.780657
1614	13008.120000	0.124076	7.996156	8.012602	3.081824	0.040000	3.121824	71.786171
1615	13019.280000	0.124047	7.998116	8.014163	3.082537	0.040000	3.122537	71.791554
1616	13022.600000	0.124092	7.995220	8.011003	3.081280	0.040000	3.121280	71.796436
1617	13024.920000	0.124147	7.991708	8.011003	3.081280	0.040000	3.121280	71.799901
1618	13034.000000	0.124137	7.992381	8.011003	3.085117	0.040000	3.125117	71.802200
1619	13042.600000	0.124132	7.992756	8.014957	3.083294	0.040000	3.123294	71.804151
1620	13045.160000	0.124184	7.989401	8.014038	3.083294	0.040000	3.123294	71.804296
1621	13054.800000	0.124169	7.990420	8.010952	3.080663	0.040000	3.120663	71.805379
1622	13065.680000	0.124142	7.992202	8.006994	3.078970	0.040000	3.118970	71.806017
1623	13075.760000	0.124123	7.993490	8.007549	3.077255	0.040000	3.117255	71.803524
1624	13079.120000	0.124167	7.990635	8.007549	3.077255	0.040000	3.117255	71.798177
1625	13081.120000	0.124225	7.986946	8.007549	3.080343	0.040000	3.120343	71.791655
1626	13094.760000	0.124172	7.990425	8.005872	3.076650	0.040000	3.116650	71.786667
1627	13098.880000	0.124209	7.988044	8.003912	3.076650	0.040000	3.116650	71.780996
1628	13107.920000	0.124200	7.988691	8.002346	3.074164	0.040000	3.114164	71.774496
1629	13112.800000	0.124230	7.986781	8.002346	3.074164	0.040000	3.114164	71.767612
1630	13117.360000	0.124263	7.984678	8.005031	3.074164	0.040000	3.114164	71.762528
1631	13121.960000	0.124295	7.982601	8.005031	3.074728	0.040000	3.114728	71.759215
1632	13128.280000	0.124312	7.981582	8.004222	3.073098	0.040000	3.113098	71.753162
1633	13148.080000	0.124201	7.988824	8.003049	3.081804	0.040000	3.121804	71.750716
1634	13156.080000	0.124201	7.988830	8.008551	3.080585	0.040000	3.120585	71.749988
1635	13163.600000	0.124206	7.988543	8.008551	3.083530	0.040000	3.123530	71.750948
1636	13167.280000	0.124247	7.985908	8.008551	3.083530	0.040000	3.123530	71.751809
1637	13174.800000	0.124252	7.985623	8.008491	3.081751	0.040000	3.121751	71.753916
1638	13177.040000	0.124307	7.982114	8.008491	3.081751	0.040000	3.121751	71.754408
1639	13191.320000	0.124248	7.985958	8.008627	3.079077	0.040000	3.119077	71.754070
1640	13194.680000	0.124293	7.983136	8.008160	3.079077	0.040000	3.119077	71.753902
1641	13213.240000	0.124194	7.989585	8.009994	3.081577	0.040000	3.121577	71.751005
1642	13216.640000	0.124237	7.986789	8.009994	3.082085	0.040000	3.122085	71.748307
1643	13225.160000	0.124233	7.987113	8.009406	3.083343	0.040000	3.123343	71.743177
1644	13228.880000	0.124274	7.984516	8.009037	3.083343	0.040000	3.123343	71.736667
1645	13236.240000	0.124280	7.984136	8.009831	3.085424	0.040000	3.125424	71.731672
1646	13243.520000	0.124287	7.983708	8.009831	3.086800	0.040000	3.126800	71.726027
1647	13252.480000	0.124279	7.984301	8.012753	3.086505	0.040000	3.126505	71.722283
1648	13262.400000	0.124261	7.985477	8.010465	3.085051	0.040000	3.125051	71.719417
1649	13284.160000	0.124133	7.993835	8.014653	3.085142	0.040000	3.125142	71.721916
1650	13292.280000	0.124132	7.993911	8.014653	3.085142	0.040000	3.125142	71.724509
1651	13309.600000	0.124046	7.999564	8.017529	3.087257	0.040000	3.127257	71.732574
1652	13316.320000	0.124058	7.998789	8.019277	3.090000	0.040000	3.130000	71.739395
1653	13327.560000	0.124029	8.000751	8.020783	3.089849	0.040000	3.129849	71.748070
1654	13332.000000	0.124062	7.998596	8.017641	3.088905	0.040000	3.128905	71.753325
1655	13334.160000	0.124117	7.995067	8.017641	3.088905	0.040000	3.128905	71.757486
1656	13340.920000	0.124129	7.994320	8.017641	3.092628	0.040000	3.132628	71.760507
1657	13350.600000	0.124114	7.995338	8.020889	3.092019	0.040000	3.132019	71.761279
1658	13365.760000	0.124048	7.999662	8.019508	3.090012	0.040000	3.130012	71.762123
1659	13367.160000	0.124110	7.995682	8.019508	3.090012	0.040000	3.130012	71.760820
1660	13376.840000	0.124095	7.996697	8.024034	3.089214	0.040000	3.129214	71.756289
1661	13379.960000	0.124141	7.993759	8.023347	3.087578	0.040000	3.127578	71.749958
1662	13385.320000	0.124166	7.992173	8.020120	3.087118	0.040000	3.127118	71.741324
1663	13402.520000	0.124081	7.997714	8.016038	3.084450	0.040000	3.124450	71.736693
1664	13404.960000	0.124133	7.994372	8.014474	3.084450	0.040000	3.124450	71.728846
1665	13411.280000	0.124149	7.993365	8.014474	3.085499	0.040000	3.125499	71.721441
1666	13416.240000	0.124178	7.991544	8.014474	3.085499	0.040000	3.125499	71.713373
1667	13436.440000	0.124066	7.998872	8.017767	3.084391	0.040000	3.124391	71.708002
1668	13448.000000	0.124033	8.001008	8.013810	3.083194	0.040000	3.123194	71.706283
1669	13454.520000	0.124048	8.000120	8.013810	3.083194	0.040000	3.123194	71.705716
1670	13458.360000	0.124086	7.997627	8.016019	3.081930	0.040000	3.121930	71.706108
1671	13459.840000	0.124147	7.993725	8.013937	3.080429	0.040000	3.120429	71.703794
1672	13468.320000	0.124143	7.994016	8.011095	3.078644	0.040000	3.118644	71.700933
1673	13479.280000	0.124116	7.995789	8.006251	3.077433	0.040000	3.117433	71.700132
1674	13489.160000	0.124100	7.996916	8.005819	3.078291	0.040000	3.118291	71.698566
1675	13498.160000	0.124091	7.997515	8.004961	3.078221	0.040000	3.118221	71.696884
1676	13502.560000	0.124125	7.995367	8.003962	3.078221	0.040000	3.118221	71.694916
1677	13504.400000	0.124182	7.991695	8.003962	3.078221	0.040000	3.118221	71.690757
1678	13509.600000	0.124208	7.990030	8.003962	3.078221	0.040000	3.118221	71.686913
1679	13518.320000	0.124202	7.990465	8.003962	3.078221	0.040000	3.118221	71.681501
1680	13525.160000	0.124213	7.989780	8.003962	3.090053	0.040000	3.130053	71.677714
1681	13526.320000	0.124276	7.985714	8.015270	3.090053	0.040000	3.130053	71.672980
1682	13534.440000	0.124276	7.985794	8.014028	3.088431	0.040000	3.128431	71.668371
1683	13538.120000	0.124316	7.983234	8.011131	3.088431	0.040000	3.128431	71.663007
1684	13544.840000	0.124328	7.982484	8.011131	3.090012	0.040000	3.130012	71.657031
1685	13549.760000	0.124356	7.980665	8.011131	3.090012	0.040000	3.130012	71.650896
1686	13559.560000	0.124340	7.981745	8.016118	3.092348	0.040000	3.132348	71.646572
1687	13586.840000	0.124164	7.993191	8.013963	3.097946	0.040000	3.137946	71.642774
1688	13598.000000	0.124136	7.995068	8.019304	3.097109	0.040000	3.137109	71.641919
1689	13604.000000	0.124155	7.993886	8.019304	3.097288	0.040000	3.137288	71.641634
1690	13612.720000	0.124149	7.994316	8.018433	3.095948	0.040000	3.135948	71.642012
1691	13631.720000	0.124049	8.000828	8.016678	3.101495	0.040000	3.141495	71.643146
1692	13636.120000	0.124082	7.998699	8.022766	3.101495	0.040000	3.141495	71.644066
1693	13639.120000	0.124128	7.995745	8.022766	3.101741	0.040000	3.141741	71.642812
1694	13655.320000	0.124054	8.000591	8.019976	3.099190	0.040000	3.139190	71.641299
1695	13661.200000	0.124074	7.999339	8.017029	3.099484	0.040000	3.139484	71.639292
1696	13667.800000	0.124087	7.998513	8.015892	3.099449	0.040000	3.139449	71.637028
1697	13676.400000	0.124082	7.998868	8.013154	3.097364	0.040000	3.137364	71.635404
1698	13688.480000	0.124046	8.001273	8.015677	3.097364	0.040000	3.137364	71.638304
1699	13699.160000	0.124022	8.002850	8.016604	3.099216	0.040000	3.139216	71.637599
1700	13714.960000	0.123952	8.007440	8.016875	3.101661	0.040000	3.141661	71.640682
1701	13718.280000	0.123995	8.004682	8.016875	3.101661	0.040000	3.141661	71.643104
1702	13723.360000	0.124022	8.002963	8.018399	3.100456	0.040000	3.140456	71.643502
1703	13727.720000	0.124056	8.000823	8.018399	3.100888	0.040000	3.140888	71.644674
1704	13731.360000	0.124096	7.998262	8.018399	3.100888	0.040000	3.140888	71.644225
1705	13738.040000	0.124108	7.997488	8.016439	3.098810	0.040000	3.139428	71.644457
1706	13744.240000	0.124125	7.996434	8.015986	3.098810	0.040000	3.138810	71.644971
1707	13745.800000	0.124183	7.992661	8.015986	3.098122	0.040000	3.138122	71.644663
1708	13754.120000	0.124181	7.992853	8.012727	3.095329	0.040000	3.135329	71.638244
1709	13765.400000	0.124152	7.994778	8.012727	3.095329	0.040000	3.135329	71.635295
1710	13774.200000	0.124145	7.995249	8.015320	3.094645	0.040000	3.134645	71.629778
1711	13782.600000	0.124142	7.995485	8.012123	3.093473	0.040000	3.133473	71.624617
1712	13798.000000	0.124076	7.999813	8.015177	3.096316	0.040000	3.136316	71.624136
1713	13808.480000	0.124054	8.001262	8.015819	3.096121	0.040000	3.136121	71.626643
1714	13810.880000	0.124105	7.997992	8.015819	3.095763	0.040000	3.135763	71.627328
1715	13818.240000	0.124111	7.997620	8.015113	3.095476	0.040000	3.135476	71.628152
1716	13824.960000	0.124123	7.996875	8.014733	3.094006	0.040000	3.134006	71.629744
1717	13831.080000	0.124141	7.995781	8.013635	3.094006	0.040000	3.134006	71.633058
1718	13845.720000	0.124082	7.999651	8.012252	3.094337	0.040000	3.134337	71.634109
1719	13851.240000	0.124104	7.998207	8.012870	3.095880	0.040000	3.135880	71.636626
1720	13864.160000	0.124061	8.001070	8.013025	3.093757	0.040000	3.133757	71.640860
1721	13865.720000	0.124119	7.997326	8.012601	3.093757	0.040000	3.133757	71.640442
1722	13869.240000	0.124160	7.994724	8.012601	3.093403	0.040000	3.133403	71.638606
1723	13881.720000	0.124120	7.997329	8.011231	3.092448	0.040000	3.132448	71.638886
1724	13893.080000	0.124091	7.999280	8.013110	3.093156	0.040000	3.133156	71.641740
1725	13905.680000	0.124050	8.001949	8.011995	3.092818	0.040000	3.132818	71.648812
1726	13910.520000	0.124079	8.000116	8.011995	3.092818	0.040000	3.132818	71.652167
1727	13916.520000	0.124097	7.998957	8.015447	3.091152	0.040000	3.131152	71.656283
1728	13925.200000	0.124092	7.999351	8.014485	3.090869	0.040000	3.130869	71.660185
1729	13930.440000	0.124117	7.997755	8.012474	3.089988	0.040000	3.129988	71.664407
1730	13932.720000	0.124168	7.994448	8.012474	3.089983	0.040000	3.129983	71.665272
1731	13945.520000	0.124126	7.997225	8.012299	3.088529	0.040000	3.128529	71.668562
1732	13948.160000	0.124174	7.994131	8.012299	3.087743	0.040000	3.127743	71.670716
1733	13958.840000	0.124151	7.995681	8.013464	3.086085	0.040000	3.126085	71.671021
1734	13962.400000	0.124191	7.993122	8.012055	3.086085	0.040000	3.126085	71.669481
1735	13969.760000	0.124197	7.992757	8.012055	3.089042	0.040000	3.129042	71.668680
1736	13983.160000	0.124149	7.995873	8.014940	3.088440	0.040000	3.128440	71.669032
1737	13992.080000	0.124142	7.996406	8.015826	3.090315	0.040000	3.130315	71.667864
1738	13999.320000	0.124149	7.995970	8.018476	3.090241	0.040000	3.130241	71.668470
1739	14002.440000	0.124193	7.993165	8.017136	3.090241	0.040000	3.130241	71.667395
1740	14009.640000	0.124200	7.992708	8.014791	3.087963	0.040000	3.127963	71.666874
1741	14017.280000	0.124204	7.992506	8.013799	3.087963	0.040000	3.127963	71.666077
1742	14026.520000	0.124193	7.993222	8.016535	3.089811	0.040000	3.129811	71.665695
1743	14038.160000	0.124162	7.995316	8.018149	3.089572	0.040000	3.129572	71.664188
1744	14043.160000	0.124189	7.993597	8.018149	3.089572	0.040000	3.129572	71.661628
1745	14056.600000	0.124141	7.996720	8.017237	3.088511	0.040000	3.128511	71.658819
1746	14073.640000	0.124062	8.001903	8.018163	3.088210	0.040000	3.128210	71.660481
1747	14076.600000	0.124107	7.999015	8.022759	3.086815	0.040000	3.126815	71.661774
1748	14083.000000	0.124121	7.998100	8.021151	3.085262	0.040000	3.125262	71.664233
1749	14092.480000	0.124109	7.998947	8.017325	3.084096	0.040000	3.124096	71.665660
1750	14100.800000	0.124106	7.999131	8.013167	3.081773	0.040000	3.121773	71.666080
1751	14105.800000	0.124133	7.997417	8.010705	3.081363	0.040000	3.121363	71.663986
1752	14118.640000	0.124091	8.000183	8.009694	3.079728	0.040000	3.119728	71.663516
1753	14126.160000	0.124096	7.999909	8.005692	3.079025	0.040000	3.119025	71.663617
1754	14133.640000	0.124101	7.999612	8.005692	3.079025	0.040000	3.119025	71.663444
1755	14146.320000	0.124061	8.002281	8.011966	3.086618	0.040000	3.126618	71.662427
1756	14155.400000	0.124052	8.002895	8.012095	3.086840	0.040000	3.126840	71.663781
1757	14161.600000	0.124068	8.001868	8.012066	3.086769	0.040000	3.126769	71.664724
1758	14163.480000	0.124122	7.998384	8.012066	3.085701	0.040000	3.125701	71.665529
1759	14172.440000	0.124114	7.998931	8.011335	3.083980	0.040000	3.123980	71.667970
1760	14177.040000	0.124144	7.996998	8.011335	3.083980	0.040000	3.123980	71.671455
1761	14189.000000	0.124110	7.999250	8.013379	3.082418	0.040000	3.122418	71.678410
1762	14193.280000	0.124143	7.997138	8.013379	3.083388	0.040000	3.123388	71.685653
1763	14198.600000	0.124167	7.995619	8.013010	3.081919	0.040000	3.121919	71.690822
1764	14202.320000	0.124205	7.993193	8.011354	3.080790	0.040000	3.120790	71.694785
1765	14219.360000	0.124127	7.998322	8.006513	3.080045	0.040000	3.120045	71.697768
1766	14222.920000	0.124166	7.995807	8.006513	3.081869	0.040000	3.121869	71.699320
1767	14230.960000	0.124166	7.995832	8.006513	3.081869	0.040000	3.121869	71.701053
1768	14235.240000	0.124199	7.993729	8.010811	3.081508	0.040000	3.121508	71.701697
1769	14238.680000	0.124239	7.991154	8.009252	3.081508	0.040000	3.121508	71.701142
1770	14242.480000	0.124276	7.988785	8.009252	3.081508	0.040000	3.121508	71.697288
1771	14254.960000	0.124237	7.991322	8.012598	3.085264	0.040000	3.125264	71.692151
1772	14257.720000	0.124284	7.988368	8.012598	3.086610	0.040000	3.126610	71.686862
1773	14262.960000	0.124308	7.986817	8.013423	3.084921	0.040000	3.124921	71.681331
1774	14272.400000	0.124296	7.987637	8.010354	3.083212	0.040000	3.123212	71.676753
1775	14276.880000	0.124327	7.985660	8.010354	3.083212	0.040000	3.123212	71.672676
1776	14284.560000	0.124330	7.985487	8.010354	3.086240	0.040000	3.126240	71.667680
1777	14296.840000	0.124293	7.987905	8.015398	3.085676	0.040000	3.125676	71.662983
1778	14311.760000	0.124233	7.991806	8.017623	3.084101	0.040000	3.124101	71.659618
1779	14320.200000	0.124230	7.992058	8.016112	3.083292	0.040000	3.123292	71.655559
1780	14322.560000	0.124279	7.988893	8.015924	3.083292	0.040000	3.123292	71.650539
1781	14326.880000	0.124312	7.986831	8.015924	3.085148	0.040000	3.125148	71.645525
1782	14339.720000	0.124270	7.989556	8.014474	3.083287	0.040000	3.123287	71.639506
1783	14349.800000	0.124253	7.990730	8.013952	3.085363	0.040000	3.125363	71.633202
1784	14360.320000	0.124231	7.992148	8.015120	3.084266	0.040000	3.124266	71.627265
1785	14368.520000	0.124230	7.992265	8.015120	3.085156	0.040000	3.125156	71.620594
1786	14378.280000	0.124215	7.993255	8.016406	3.088299	0.040000	3.128299	71.616327
1787	14392.200000	0.124164	7.996573	8.014641	3.086975	0.040000	3.126975	71.612893
1788	14396.160000	0.124200	7.994314	8.014641	3.086975	0.040000	3.126975	71.609306
1789	14399.800000	0.124238	7.991879	8.014641	3.088931	0.040000	3.128931	71.606059
1790	14412.880000	0.124194	7.994723	8.020334	3.088726	0.040000	3.128726	71.602503
1791	14418.160000	0.124218	7.993207	8.019410	3.087653	0.040000	3.127653	71.599955
1792	14432.600000	0.124163	7.996806	8.018877	3.089094	0.040000	3.129094	71.598482
1793	14445.080000	0.124125	7.999308	8.018711	3.091616	0.040000	3.131616	71.595962
1794	14451.760000	0.124137	7.998572	8.018989	3.091853	0.040000	3.131853	71.594069
1795	14455.520000	0.124174	7.996210	8.019267	3.091853	0.040000	3.131853	71.591510
1796	14468.520000	0.124132	7.998997	8.016120	3.089446	0.040000	3.129446	71.591604
1797	14482.680000	0.124079	8.002428	8.013355	3.088549	0.040000	3.128549	71.591586
1798	14488.000000	0.124103	8.000935	8.013355	3.088549	0.040000	3.128549	71.591858
1799	14495.320000	0.124109	8.000556	8.013355	3.096381	0.040000	3.136381	71.590750
1800	14501.000000	0.124129	7.999266	8.020255	3.096381	0.040000	3.136381	71.588156
1801	14513.480000	0.124092	8.001756	8.020255	3.102522	0.040000	3.142522	71.586963
1802	14515.960000	0.124139	7.998690	8.020255	3.102522	0.040000	3.142522	71.584062
1803	14522.040000	0.124156	7.997625	8.026704	3.102886	0.040000	3.142886	71.580788
1804	14526.280000	0.124189	7.995541	8.026512	3.102886	0.040000	3.142886	71.578780
1805	14538.360000	0.124154	7.997805	8.024826	3.102728	0.040000	3.142728	71.577729
1806	14546.480000	0.124154	7.997873	8.024437	3.100938	0.040000	3.140938	71.579380
1807	14566.040000	0.124056	8.004275	8.022501	3.100165	0.040000	3.140165	71.580055
1808	14587.120000	0.123945	8.011511	8.020308	3.097514	0.040000	3.137514	71.582743
1809	14595.080000	0.123946	8.011482	8.020308	3.099505	0.040000	3.139505	71.584721
1810	14601.000000	0.123964	8.010326	8.021924	3.098681	0.040000	3.138681	71.585989
1811	14604.160000	0.124006	8.007646	8.021055	3.097177	0.040000	3.137177	71.586372
1812	14608.560000	0.124037	8.005654	8.018605	3.096707	0.040000	3.136707	71.585497
1813	14617.040000	0.124033	8.005916	8.020329	3.096707	0.040000	3.136707	71.585527
1814	14626.480000	0.124022	8.006707	8.019046	3.095285	0.040000	3.135285	71.583572
1815	14633.640000	0.124029	8.006240	8.017346	3.094948	0.040000	3.134948	71.583295
1816	14643.680000	0.124013	8.007361	8.016911	3.094984	0.040000	3.134984	71.586079
1817	14652.000000	0.124010	8.007533	8.016201	3.093676	0.040000	3.133676	71.589653
1818	14659.120000	0.124018	8.007045	8.012685	3.091148	0.040000	3.132794	71.592959
1819	14669.800000	0.123996	8.008515	8.009503	3.089765	0.040000	3.129765	71.596636
1820	14678.200000	0.123993	8.008730	8.009520	3.090393	0.040000	3.130393	71.601714
1821	14684.880000	0.124005	8.008000	8.009520	3.090911	0.040000	3.130911	71.607600
1822	14688.600000	0.124042	8.005645	8.009907	3.090098	0.040000	3.130098	71.612536
1823	14693.080000	0.124072	8.003710	8.008353	3.088894	0.040000	3.128894	71.614306
1824	14697.800000	0.124100	8.001909	8.008353	3.088894	0.040000	3.128894	71.615022
1825	14707.120000	0.124090	8.002632	8.009373	3.088894	0.040000	3.128894	71.618038
1826	14711.880000	0.124117	8.000855	8.010261	3.089450	0.040000	3.129450	71.617656
1827	14714.960000	0.124159	7.998160	8.010261	3.089450	0.040000	3.129450	71.616814
1828	14719.320000	0.124191	7.996169	8.009668	3.089450	0.040000	3.129450	71.614923
1829	14722.920000	0.124228	7.993764	8.009668	3.089450	0.040000	3.129450	71.612794
1830	14724.800000	0.124280	7.990421	8.009206	3.090903	0.040000	3.130903	71.609530
1831	14730.600000	0.124299	7.989224	8.009206	3.090875	0.040000	3.130875	71.606947
1832	14734.680000	0.124333	7.987089	8.008200	3.090304	0.040000	3.130304	71.601245
1833	14744.640000	0.124316	7.988166	8.007043	3.090304	0.040000	3.130304	71.596705
1834	14749.120000	0.124346	7.986252	8.007043	3.094079	0.040000	3.134079	71.591189
1835	14752.720000	0.124384	7.983860	8.009951	3.094079	0.040000	3.134079	71.585221
1836	14763.560000	0.124360	7.985417	8.009186	3.094173	0.040000	3.134173	71.576885
1837	14766.560000	0.124403	7.982702	8.008703	3.093341	0.040000	3.133341	71.567774
1838	14785.960000	0.124307	7.988917	8.003859	3.096750	0.040000	3.136750	71.562873
1839	14789.440000	0.124345	7.986464	8.008992	3.096750	0.040000	3.136750	71.557455
1840	14799.120000	0.124332	7.987384	8.008992	3.100422	0.040000	3.140422	71.554500
1841	14821.600000	0.124211	7.995261	8.008735	3.096877	0.040000	3.136877	71.556219
1842	14828.040000	0.124224	7.994416	8.006505	3.096199	0.040000	3.136199	71.557481
1843	14836.400000	0.124222	7.994615	8.005356	3.096708	0.040000	3.136708	71.560543
1844	14842.120000	0.124241	7.993380	8.004727	3.097799	0.040000	3.137799	71.563297
1845	14843.920000	0.124293	7.990022	8.004727	3.097799	0.040000	3.137799	71.565637
1846	14858.240000	0.124241	7.993453	8.002284	3.093829	0.040000	3.133829	71.567411
1847	14867.560000	0.124230	7.994171	7.998471	3.091081	0.040000	3.131081	71.566129
1848	14870.120000	0.124276	7.991229	7.996127	3.091081	0.040000	3.131081	71.563766
1849	14874.200000	0.124309	7.989113	7.994667	3.090237	0.040000	3.130237	71.559892
1850	14883.760000	0.124297	7.989962	7.994667	3.092445	0.040000	3.132445	71.557038
1851	14890.200000	0.124310	7.989124	7.997077	3.091407	0.040000	3.131407	71.555894
1852	14894.320000	0.124343	7.987034	7.995145	3.090284	0.040000	3.130284	71.554276
1853	14897.400000	0.124384	7.984384	7.995145	3.090284	0.040000	3.130284	71.549962
1854	14904.520000	0.124392	7.983918	7.992876	3.088987	0.040000	3.128987	71.545221
1855	14907.200000	0.124437	7.981057	7.990606	3.088987	0.040000	3.128987	71.540205
1856	14916.520000	0.124426	7.981779	7.991318	3.089218	0.040000	3.129218	71.536832
1857	14921.160000	0.124454	7.979978	7.991318	3.088527	0.040000	3.128527	71.533247
1858	14927.400000	0.124469	7.979041	7.990080	3.088822	0.040000	3.128822	71.531001
1859	14933.720000	0.124483	7.978149	7.989272	3.088967	0.040000	3.128967	71.528908
1860	14937.480000	0.124519	7.975880	7.989342	3.088967	0.040000	3.128967	71.526624
1861	14945.240000	0.124521	7.975763	7.989342	3.088171	0.040000	3.128171	71.522622
1862	14947.520000	0.124569	7.972703	7.990203	3.087226	0.040000	3.127226	71.516391
1863	14955.800000	0.124567	7.972868	7.988156	3.086667	0.040000	3.126667	71.512335
1864	14963.960000	0.124566	7.972968	7.989893	3.086129	0.040000	3.126129	71.507983
1865	14967.680000	0.124602	7.970687	7.988681	3.084504	0.040000	3.124504	71.503807
1866	14971.480000	0.124637	7.968450	7.988681	3.084504	0.040000	3.124504	71.498499
1867	14976.360000	0.124663	7.966795	7.987215	3.083776	0.040000	3.123776	71.491741
1868	14983.640000	0.124669	7.966427	7.986475	3.084371	0.040000	3.124371	71.484861
1869	14993.280000	0.124656	7.967323	7.985522	3.085626	0.040000	3.125626	71.479829
1870	15006.720000	0.124611	7.970251	7.985559	3.083385	0.040000	3.123385	71.478588
1871	15018.080000	0.124583	7.972064	7.980053	3.080765	0.040000	3.120765	71.478439
1872	15020.440000	0.124630	7.969065	7.978640	3.080765	0.040000	3.120765	71.476944
1873	15028.640000	0.124629	7.969188	7.978640	3.081572	0.040000	3.121572	71.473807
1874	15032.240000	0.124665	7.966855	7.978640	3.081572	0.040000	3.121572	71.470630
1875	15036.920000	0.124693	7.965101	7.981753	3.081210	0.040000	3.121210	71.466261
1876	15044.800000	0.124694	7.965056	7.981753	3.081210	0.040000	3.121210	71.461258
1877	15053.400000	0.124689	7.965394	7.986964	3.080170	0.040000	3.120170	71.456878
1878	15060.240000	0.124699	7.964795	7.985910	3.080170	0.040000	3.120170	71.453461
1879	15063.120000	0.124742	7.962087	7.984708	3.080255	0.040000	3.120255	71.448026
1880	15070.000000	0.124751	7.961511	7.984708	3.079322	0.040000	3.119322	71.442404
1881	15073.800000	0.124786	7.959298	7.984708	3.079322	0.040000	3.119322	71.437214
1882	15085.920000	0.124752	7.961510	7.987119	3.078750	0.040000	3.118750	71.435367
1883	15096.480000	0.124731	7.962891	7.985101	3.077672	0.040000	3.117672	71.435773
1884	15110.760000	0.124679	7.966245	7.983615	3.075708	0.040000	3.115708	71.437580
1885	15132.120000	0.124569	7.973355	7.980369	3.072426	0.040000	3.112426	71.441952
1886	15140.200000	0.124569	7.973411	7.978134	3.071355	0.040000	3.111355	71.446299
1887	15142.600000	0.124615	7.970456	7.978134	3.070917	0.040000	3.110917	71.449899
1888	15151.560000	0.124608	7.970980	7.976881	3.071659	0.040000	3.111659	71.450148
1889	15157.040000	0.124629	7.969661	7.978009	3.070611	0.040000	3.110611	71.449571
1890	15163.640000	0.124640	7.968936	7.975895	3.070174	0.040000	3.110174	71.450307
1891	15171.360000	0.124643	7.968804	7.976602	3.070174	0.040000	3.110174	71.451634
1892	15174.680000	0.124681	7.966346	7.975899	3.069553	0.040000	3.109553	71.452896
1893	15184.320000	0.124668	7.967230	7.975786	3.068046	0.040000	3.108046	71.453967
1894	15187.880000	0.124705	7.964902	7.973971	3.066562	0.040000	3.106562	71.454805
1895	15191.160000	0.124744	7.962429	7.972031	3.066562	0.040000	3.106562	71.453699
1896	15195.800000	0.124771	7.960675	7.972031	3.066002	0.040000	3.106002	71.451857
1897	15211.440000	0.124709	7.964726	7.968847	3.062546	0.040000	3.102546	71.454507
1898	15215.200000	0.124744	7.962509	7.966998	3.061110	0.040000	3.101110	71.456143
1899	15220.000000	0.124770	7.960843	7.965738	3.061110	0.040000	3.101110	71.456177
1900	15232.960000	0.124730	7.963476	7.965149	3.062552	0.040000	3.102552	71.459495
1901	15239.240000	0.124744	7.962589	7.967887	3.061349	0.040000	3.101349	71.463419
1902	15251.080000	0.124712	7.964629	7.967611	3.059770	0.040000	3.099770	71.467256
1903	15254.280000	0.124752	7.962124	7.966228	3.058715	0.040000	3.098715	71.471844
1904	15265.640000	0.124725	7.963910	7.963653	3.057402	0.040000	3.097402	71.478235
1905	15269.440000	0.124759	7.961723	7.963088	3.057402	0.040000	3.097402	71.484220
1906	15277.000000	0.124763	7.961512	7.962148	3.057226	0.040000	3.097226	71.490997
1907	15278.520000	0.124816	7.958132	7.962148	3.057092	0.040000	3.097092	71.496487
1908	15283.440000	0.124841	7.956539	7.960896	3.055750	0.040000	3.095750	71.501614
1909	15287.680000	0.124872	7.954591	7.958917	3.055750	0.040000	3.095750	71.505437
1910	15291.920000	0.124903	7.952645	7.958917	3.055908	0.040000	3.095908	71.509215
1911	15298.440000	0.124915	7.951895	7.958917	3.055908	0.040000	3.095908	71.512444
1912	15300.840000	0.124960	7.948990	7.961853	3.055908	0.040000	3.095908	71.511130
1913	15315.800000	0.124904	7.952657	7.962976	3.056807	0.040000	3.096807	71.513769
1914	15323.560000	0.124906	7.952556	7.966344	3.056807	0.040000	3.096807	71.516949
1915	15336.760000	0.124863	7.955298	7.969272	3.056383	0.040000	3.096383	71.523718
1916	15341.600000	0.124889	7.953671	7.969272	3.056383	0.040000	3.096383	71.530605
1917	15344.560000	0.124930	7.951065	7.969272	3.056383	0.040000	3.096383	71.534857
1918	15348.800000	0.124961	7.949129	7.969272	3.059532	0.040000	3.099532	71.537685
1919	15354.640000	0.124979	7.948029	7.969034	3.058172	0.040000	3.098172	71.540302
1920	15356.400000	0.125029	7.944805	7.969034	3.058391	0.040000	3.098391	71.542146
1921	15366.440000	0.125013	7.945896	7.968905	3.058859	0.040000	3.098859	71.545549
1922	15384.880000	0.124928	7.951359	7.967648	3.056767	0.040000	3.096767	71.551051
1923	15391.320000	0.124941	7.950572	7.968286	3.055756	0.040000	3.095756	71.554883
1924	15401.920000	0.124919	7.951950	7.968923	3.055756	0.040000	3.095756	71.557464
1925	15415.000000	0.124878	7.954615	7.968923	3.058314	0.040000	3.098314	71.556197
1926	15420.680000	0.124897	7.953434	7.975603	3.058314	0.040000	3.098314	71.555556
1927	15424.880000	0.124928	7.951485	7.975603	3.056939	0.040000	3.096939	71.554312
1928	15427.320000	0.124973	7.948625	7.973981	3.055876	0.040000	3.095876	71.550083
1929	15435.920000	0.124968	7.948963	7.970062	3.054421	0.040000	3.094421	71.546978
1930	15445.400000	0.124956	7.949756	7.970511	3.055232	0.040000	3.095232	71.544352
1931	15451.400000	0.124972	7.948746	7.968545	3.053925	0.040000	3.093925	71.541564
1932	15458.120000	0.124983	7.948110	7.969077	3.053925	0.040000	3.093925	71.539275
1933	15475.960000	0.124903	7.953230	7.969294	3.052297	0.040000	3.092297	71.537506
1934	15493.440000	0.124827	7.958158	7.963784	3.050817	0.040000	3.090817	71.537911
1935	15497.400000	0.124860	7.956091	7.960596	3.049291	0.040000	3.089291	71.537550
1936	15501.640000	0.124890	7.954171	7.959712	3.050005	0.040000	3.090005	71.538285
1937	15507.640000	0.124906	7.953161	7.959712	3.050005	0.040000	3.090005	71.536562
1938	15512.680000	0.124930	7.951657	7.959712	3.053922	0.040000	3.093922	71.534613
1939	15519.040000	0.124943	7.950836	7.963429	3.053922	0.040000	3.093922	71.534647
1940	15527.760000	0.124938	7.951233	7.962853	3.053887	0.040000	3.093887	71.532680
1941	15538.120000	0.124919	7.952474	7.963364	3.053183	0.040000	3.093183	71.534261
1942	15547.640000	0.124906	7.953282	7.964736	3.052029	0.040000	3.092029	71.535757
1943	15556.160000	0.124902	7.953574	7.967049	3.052029	0.040000	3.092029	71.536531
1944	15563.200000	0.124910	7.953103	7.967049	3.052029	0.040000	3.092029	71.538436
1945	15568.160000	0.124934	7.951564	7.967049	3.054501	0.040000	3.094501	71.541573
1946	15570.600000	0.124979	7.948730	7.967049	3.054501	0.040000	3.094501	71.544419
1947	15579.040000	0.124976	7.948983	7.970481	3.053777	0.040000	3.093777	71.548454
1948	15590.880000	0.124945	7.950981	7.970169	3.053381	0.040000	3.093381	71.552156
1949	15598.400000	0.124949	7.950760	7.970164	3.055759	0.040000	3.095759	71.555752
1950	15610.080000	0.124919	7.952673	7.973286	3.054729	0.040000	3.094729	71.562010
1951	15611.880000	0.124969	7.949518	7.973286	3.054729	0.040000	3.094729	71.565187
1952	15616.640000	0.124995	7.947883	7.973136	3.053742	0.040000	3.093742	71.565799
1953	15630.320000	0.124949	7.950820	7.968224	3.053891	0.040000	3.093891	71.563400
1954	15637.560000	0.124956	7.950456	7.967686	3.053415	0.040000	3.093415	71.558854
1955	15645.040000	0.124960	7.950215	7.967686	3.053958	0.040000	3.093958	71.555274
1956	15656.160000	0.124935	7.951836	7.966395	3.051623	0.040000	3.091623	71.551759
1957	15660.320000	0.124966	7.949898	7.963093	3.049171	0.040000	3.089171	71.546857
1958	15667.120000	0.124975	7.949310	7.963093	3.049171	0.040000	3.089171	71.540184
1959	15677.400000	0.124957	7.950501	7.960386	3.046501	0.040000	3.086501	71.534803
1960	15685.520000	0.124956	7.950587	7.961341	3.047350	0.040000	3.087350	71.531837
1961	15696.160000	0.124935	7.951959	7.961218	3.049214	0.040000	3.089214	71.530138
1962	15706.760000	0.124914	7.953310	7.963998	3.049006	0.040000	3.089006	71.531315
1963	15712.400000	0.124933	7.952130	7.963185	3.049529	0.040000	3.089529	71.531452
1964	15720.160000	0.124935	7.952033	7.960507	3.048004	0.040000	3.088004	71.532077
1965	15724.160000	0.124967	7.950020	7.960507	3.047797	0.040000	3.087797	71.532967
1966	15733.160000	0.124959	7.950555	7.958927	3.047183	0.040000	3.087183	71.535443
1967	15735.320000	0.125005	7.947609	7.956722	3.047183	0.040000	3.087183	71.537306
1968	15738.440000	0.125044	7.945155	7.956722	3.047183	0.040000	3.087183	71.536707
1969	15743.560000	0.125067	7.943720	7.956722	3.047183	0.040000	3.087183	71.537532
1970	15755.400000	0.125036	7.945698	7.961052	3.051102	0.040000	3.091102	71.537218
1971	15761.560000	0.125051	7.944792	7.961052	3.051102	0.040000	3.091102	71.535099
1972	15768.640000	0.125058	7.944353	7.961052	3.057564	0.040000	3.097564	71.531826
1973	15781.560000	0.125019	7.946876	7.965939	3.056860	0.040000	3.096860	71.531151
1974	15787.040000	0.125039	7.945626	7.966966	3.056860	0.040000	3.096860	71.531145
1975	15791.640000	0.125066	7.943931	7.966966	3.056044	0.040000	3.096044	71.530916
1976	15794.760000	0.125105	7.941489	7.966135	3.056044	0.040000	3.096044	71.528016
1977	15801.560000	0.125114	7.940911	7.965265	3.054496	0.040000	3.094496	71.527061
1978	15816.800000	0.125057	7.944603	7.960302	3.052199	0.040000	3.092199	71.527139
1979	15839.520000	0.124941	7.952073	7.958954	3.050633	0.040000	3.090633	71.527802
1980	15850.320000	0.124919	7.953512	7.958132	3.048675	0.040000	3.088675	71.531697
1981	15856.840000	0.124930	7.952788	7.956867	3.048675	0.040000	3.088675	71.533831
1982	15863.560000	0.124940	7.952166	7.957090	3.048566	0.040000	3.088566	71.535923
1983	15879.920000	0.124875	7.956408	7.956471	3.047335	0.040000	3.087335	71.542552
1984	15882.680000	0.124916	7.953787	7.954369	3.045909	0.040000	3.085909	71.548387
1985	15896.360000	0.124871	7.956673	7.952292	3.043322	0.040000	3.083322	71.558872
1986	15902.680000	0.124885	7.955849	7.949320	3.042060	0.040000	3.082060	71.570010
1987	15905.320000	0.124927	7.953172	7.949320	3.042060	0.040000	3.082060	71.579950
1988	15914.720000	0.124916	7.953900	7.949320	3.042060	0.040000	3.082060	71.590744
1989	15917.680000	0.124955	7.951388	7.949320	3.046737	0.040000	3.086737	71.601146
1990	15926.960000	0.124945	7.952056	7.952428	3.046713	0.040000	3.086713	71.610010
1991	15929.840000	0.124986	7.949508	7.952428	3.046713	0.040000	3.086713	71.618463
1992	15932.560000	0.125027	7.946881	7.952428	3.046713	0.040000	3.086713	71.624418
1993	15943.440000	0.125004	7.948353	7.957803	3.051143	0.040000	3.091143	71.630888
1994	15947.440000	0.125036	7.946372	7.957803	3.051218	0.040000	3.091218	71.637172
1995	15951.680000	0.125065	7.944514	7.957265	3.051218	0.040000	3.091218	71.641764
1996	15954.280000	0.125107	7.941835	7.957265	3.050933	0.040000	3.090933	71.643547
1997	15957.680000	0.125144	7.939559	7.955751	3.050933	0.040000	3.090933	71.646069
1998	15962.480000	0.125169	7.937987	7.955751	3.050933	0.040000	3.090933	71.648088
1999	15966.680000	0.125198	7.936116	7.955751	3.053719	0.040000	3.093719	71.649165
2000	15968.080000	0.125250	7.932846	7.957567	3.053719	0.040000	3.093719	71.648600
2001	15984.280000	0.125185	7.936980	7.955100	3.051150	0.040000	3.091150	71.647456
2002	15996.000000	0.125156	7.938871	7.956259	3.052856	0.040000	3.092856	71.649091
2003	16013.800000	0.125080	7.943796	7.955984	3.051962	0.040000	3.091962	71.651882
2004	16019.760000	0.125096	7.942806	7.955589	3.051962	0.040000	3.091962	71.652655
2005	16026.640000	0.125104	7.942275	7.955589	3.051962	0.040000	3.091962	71.653786
2006	16034.920000	0.125102	7.942444	7.959444	3.057259	0.040000	3.097259	71.653519
2007	16043.600000	0.125097	7.942812	7.957558	3.055675	0.040000	3.095675	71.654449
2008	16049.080000	0.125116	7.941584	7.958810	3.055675	0.040000	3.095675	71.656016
2009	16058.640000	0.125104	7.942390	7.958810	3.054854	0.040000	3.094854	71.660309
2010	16068.360000	0.125091	7.943275	7.959762	3.054027	0.040000	3.094027	71.662468
2011	16073.160000	0.125115	7.941711	7.958455	3.054027	0.040000	3.094027	71.663610
2012	16077.160000	0.125146	7.939751	7.958455	3.053168	0.040000	3.093168	71.662883
2013	16084.160000	0.125154	7.939284	7.959624	3.053168	0.040000	3.093168	71.662295
2014	16115.720000	0.124971	7.951018	7.963757	3.055672	0.040000	3.095672	71.668183
2015	16122.160000	0.124983	7.950268	7.963757	3.055672	0.040000	3.095672	71.675772
2016	16130.160000	0.124983	7.950293	7.964091	3.057304	0.040000	3.097304	71.684802
2017	16137.080000	0.124992	7.949782	7.962310	3.055550	0.040000	3.095550	71.692315
2018	16145.840000	0.124986	7.950183	7.961717	3.054418	0.040000	3.094418	71.697423
2019	16148.840000	0.125024	7.947730	7.959724	3.054418	0.040000	3.094418	71.701991
2020	16151.800000	0.125063	7.945260	7.959724	3.054450	0.040000	3.094450	71.705347
2021	16167.720000	0.125002	7.949208	7.960709	3.053379	0.040000	3.093379	71.710777
2022	16171.480000	0.125035	7.947135	7.960709	3.054023	0.040000	3.094023	71.713907
2023	16182.520000	0.125011	7.948665	7.960571	3.054783	0.040000	3.094783	71.714642
2024	16186.400000	0.125043	7.946653	7.959902	3.054835	0.040000	3.094835	71.714565
2025	16192.520000	0.125058	7.945751	7.958958	3.054533	0.040000	3.094533	71.710242
2026	16196.440000	0.125089	7.943763	7.958958	3.053248	0.040000	3.093248	71.706397
2027	16198.720000	0.125133	7.940967	7.958958	3.053248	0.040000	3.093248	71.701569
2028	16202.240000	0.125168	7.938786	7.958408	3.052397	0.040000	3.092397	71.695404
2029	16209.160000	0.125176	7.938284	7.958841	3.051311	0.040000	3.091311	71.689561
2030	16215.400000	0.125190	7.937447	7.957074	3.050402	0.040000	3.090402	71.684690
2031	16226.720000	0.125164	7.939113	7.954779	3.049514	0.040000	3.089514	71.678070
2032	16237.160000	0.125145	7.940345	7.953141	3.045700	0.040000	3.085700	71.672520
2033	16244.160000	0.125153	7.939882	7.951538	3.045700	0.040000	3.085700	71.667388
2034	16252.840000	0.125147	7.940246	7.951538	3.047029	0.040000	3.087029	71.663638
2035	16257.360000	0.125174	7.938564	7.954400	3.047029	0.040000	3.087029	71.660128
2036	16267.480000	0.125158	7.939636	7.954912	3.045966	0.040000	3.085966	71.657800
2037	16274.720000	0.125163	7.939293	7.951730	3.045748	0.040000	3.085748	71.654924
2038	16278.240000	0.125198	7.937123	7.951730	3.045256	0.040000	3.085256	71.651462
2039	16284.560000	0.125211	7.936330	7.951734	3.044609	0.040000	3.084609	71.649475
2040	16297.120000	0.125175	7.938597	7.950312	3.047106	0.040000	3.087106	71.648314
2041	16300.640000	0.125210	7.936431	7.951977	3.047106	0.040000	3.087106	71.647134
2042	16303.880000	0.125246	7.934130	7.951977	3.047106	0.040000	3.087106	71.644897
2043	16316.840000	0.125208	7.936592	7.957502	3.052566	0.040000	3.092566	71.644170
2044	16325.640000	0.125202	7.937014	7.954016	3.050819	0.040000	3.090819	71.642094
2045	16333.640000	0.125202	7.937045	7.954016	3.051495	0.040000	3.091495	71.641056
2046	16343.000000	0.125191	7.937741	7.952113	3.049109	0.040000	3.089109	71.641525
2047	16346.920000	0.125222	7.935777	7.951922	3.048054	0.040000	3.088054	71.641583
2048	16352.440000	0.125241	7.934597	7.949630	3.046962	0.040000	3.086962	71.640605
2049	16364.520000	0.125210	7.936621	7.947483	3.047347	0.040000	3.087347	71.639922
2050	16377.200000	0.125174	7.938936	7.947483	3.052822	0.040000	3.092822	71.636917
2051	16382.680000	0.125193	7.937737	7.953725	3.051670	0.040000	3.091670	71.633135
2052	16387.200000	0.125220	7.936070	7.952874	3.051670	0.040000	3.091670	71.629922
2053	16394.680000	0.125224	7.935848	7.950141	3.050577	0.040000	3.090577	71.626556
2054	16397.920000	0.125260	7.933561	7.950141	3.053288	0.040000	3.093288	71.622434
2055	16399.200000	0.125311	7.930321	7.950141	3.053288	0.040000	3.093288	71.617421
2056	16410.160000	0.125288	7.931796	7.950325	3.051473	0.040000	3.091473	71.613813
2057	16419.160000	0.125280	7.932315	7.950058	3.052591	0.040000	3.092591	71.613048
2058	16430.840000	0.125252	7.934137	7.951075	3.052139	0.040000	3.092139	71.614266
2059	16447.800000	0.125184	7.938523	7.952743	3.051451	0.040000	3.091451	71.615270
2060	16455.840000	0.125184	7.938572	7.951532	3.051503	0.040000	3.091503	71.616699
2061	16463.200000	0.125188	7.938291	7.949874	3.051227	0.040000	3.091227	71.618632
2062	16472.280000	0.125180	7.938845	7.949879	3.051453	0.040000	3.091453	71.620039
2063	16475.280000	0.125218	7.936450	7.949879	3.051453	0.040000	3.091453	71.621289
2064	16477.880000	0.125259	7.933863	7.949879	3.051453	0.040000	3.091453	71.621318
2065	16487.160000	0.125249	7.934516	7.953764	3.054838	0.040000	3.094838	71.620048
2066	16489.640000	0.125291	7.931874	7.952185	3.054838	0.040000	3.094838	71.618180
2067	16499.720000	0.125275	7.932914	7.952883	3.053205	0.040000	3.093205	71.615269
2068	16511.080000	0.125249	7.934572	7.952251	3.054066	0.040000	3.094066	71.613288
2069	16517.960000	0.125258	7.934062	7.953102	3.054066	0.040000	3.094066	71.609995
2070	16520.960000	0.125295	7.931677	7.953102	3.054066	0.040000	3.094066	71.605778
2071	16529.600000	0.125290	7.932019	7.953102	3.055888	0.040000	3.095888	71.603052
2072	16547.320000	0.125217	7.936746	7.954767	3.054038	0.040000	3.094038	71.601602
2073	16554.080000	0.125226	7.936178	7.951273	3.052744	0.040000	3.092744	71.599633
2074	16557.840000	0.125258	7.934163	7.951273	3.054313	0.040000	3.094313	71.597300
2075	16570.720000	0.125221	7.936548	7.950917	3.052572	0.040000	3.092572	71.597571
2076	16577.880000	0.125227	7.936173	7.947396	3.049990	0.040000	3.089990	71.595954
2077	16594.960000	0.125158	7.940578	7.943249	3.054387	0.040000	3.089353	71.596919
2078	16602.040000	0.125165	7.940164	7.945409	3.053518	0.040000	3.093518	71.594533
2079	16604.720000	0.125205	7.937632	7.945409	3.053518	0.040000	3.093518	71.591207
2080	16608.360000	0.125238	7.935565	7.945409	3.055024	0.040000	3.095024	71.587942
2081	16614.640000	0.125251	7.934769	7.947579	3.055024	0.040000	3.095024	71.585469
2082	16625.800000	0.125227	7.936319	7.947579	3.056031	0.040000	3.096031	71.584227
2083	16630.200000	0.125254	7.934621	7.949651	3.055048	0.040000	3.095048	71.582487
2084	16632.400000	0.125298	7.931867	7.949651	3.055048	0.040000	3.095048	71.580154
2085	16638.000000	0.125316	7.930749	7.950994	3.053913	0.040000	3.095048	71.577746
2086	16641.680000	0.125348	7.928710	7.948419	3.052913	0.040000	3.092913	71.575686
2087	16647.440000	0.125365	7.927670	7.947316	3.052913	0.040000	3.092913	71.573742
2088	16664.880000	0.125293	7.932228	7.946508	3.052494	0.040000	3.092494	71.572931
2089	16669.280000	0.125320	7.930536	7.945560	3.052494	0.040000	3.092494	71.571757
2090	16685.960000	0.125255	7.934725	7.949819	3.056541	0.040000	3.096541	71.574794
2091	16698.960000	0.125217	7.937148	7.948871	3.056476	0.040000	3.096476	71.578575
2092	16701.080000	0.125261	7.934366	7.950857	3.055040	0.040000	3.095040	71.579484
2093	16709.400000	0.125259	7.934551	7.947345	3.054272	0.040000	3.094272	71.579379
2094	16710.720000	0.125309	7.931390	7.947345	3.053371	0.040000	3.093371	71.578548
2095	16726.400000	0.125251	7.935091	7.946673	3.052110	0.040000	3.092110	71.580067
2096	16730.560000	0.125280	7.933289	7.946673	3.053036	0.040000	3.093036	71.581660
2097	16739.280000	0.125274	7.933664	7.945793	3.052118	0.040000	3.092118	71.584511
2098	16750.800000	0.125248	7.935374	7.945762	3.052201	0.040000	3.092201	71.585529
2099	16756.000000	0.125269	7.934071	7.944573	3.051816	0.040000	3.091816	71.584850
2100	16761.560000	0.125287	7.932939	7.943291	3.051071	0.040000	3.091071	71.584133
2101	16766.280000	0.125311	7.931410	7.943291	3.051071	0.040000	3.091071	71.581266
2102	16774.760000	0.125307	7.931671	7.944872	3.051071	0.040000	3.091071	71.579182
2103	16778.320000	0.125340	7.929591	7.944872	3.053169	0.040000	3.093169	71.577461
2104	16785.080000	0.125349	7.929035	7.944872	3.053169	0.040000	3.093169	71.577395
2105	16793.680000	0.125345	7.929354	7.949034	3.052305	0.040000	3.092305	71.574271
2106	16795.560000	0.125390	7.926480	7.946086	3.052305	0.040000	3.092305	71.569440
2107	16808.960000	0.125350	7.929079	7.945866	3.052280	0.040000	3.092280	71.567024
2108	16811.240000	0.125392	7.926398	7.945866	3.052280	0.040000	3.092280	71.563491
2109	16818.400000	0.125398	7.926034	7.945866	3.056946	0.040000	3.096946	71.560436
2110	16823.320000	0.125421	7.924609	7.950619	3.056946	0.040000	3.096946	71.557592
2111	16847.800000	0.125298	7.932455	7.946748	3.056725	0.040000	3.096725	71.558162
2112	16860.280000	0.125265	7.934609	7.947528	3.058991	0.040000	3.098991	71.557386
2113	16865.880000	0.125283	7.933504	7.948515	3.058991	0.040000	3.098991	71.558183
2114	16876.480000	0.125263	7.934766	7.948515	3.062017	0.040000	3.102017	71.561949
2115	16902.400000	0.125130	7.943273	7.951394	3.064056	0.040000	3.104056	71.569740
2116	16917.680000	0.125076	7.946742	7.954071	3.062747	0.040000	3.102747	71.579282
2117	16921.640000	0.125106	7.944858	7.955767	3.061965	0.040000	3.101965	71.588795
2118	16926.720000	0.125128	7.943505	7.955767	3.061965	0.040000	3.101965	71.599415
2119	16932.080000	0.125147	7.942285	7.956690	3.061203	0.040000	3.101203	71.609552
2120	16939.920000	0.125148	7.942237	7.955169	3.061203	0.040000	3.101203	71.618547
2121	16945.520000	0.125166	7.941132	7.957464	3.063598	0.040000	3.103598	71.626346
2122	16957.000000	0.125140	7.942801	7.957728	3.061830	0.040000	3.101830	71.632573
2123	16961.400000	0.125167	7.941131	7.957728	3.061830	0.040000	3.101830	71.637984
2124	16964.920000	0.125200	7.939049	7.957728	3.061830	0.040000	3.101830	71.639642
2125	16972.040000	0.125206	7.938663	7.960375	3.061830	0.040000	3.101830	71.641224
2126	16978.320000	0.125219	7.937882	7.960375	3.063977	0.040000	3.103977	71.641279
2127	16988.280000	0.125204	7.938833	7.963358	3.064004	0.040000	3.104004	71.640056
2128	16994.920000	0.125214	7.938223	7.963563	3.062830	0.040000	3.102830	71.637274
2129	17012.080000	0.125146	7.942556	7.964197	3.061554	0.040000	3.101554	71.637182
2130	17018.920000	0.125155	7.942039	7.962697	3.063285	0.040000	3.101554	71.637239
2131	17024.560000	0.125172	7.940958	7.963519	3.062806	0.040000	3.102806	71.636565
2132	17055.760000	0.125002	7.951872	7.968075	3.067738	0.040000	3.107738	71.640807
2133	17073.600000	0.124930	7.956510	7.971340	3.069748	0.040000	3.109748	71.648814
2134	17076.680000	0.124966	7.954224	7.969841	3.069748	0.040000	3.109748	71.655520
2135	17088.600000	0.124937	7.956082	7.971554	3.068041	0.040000	3.108041	71.662351
2136	17096.120000	0.124941	7.955878	7.970224	3.068041	0.040000	3.108041	71.670056
2137	17103.960000	0.124942	7.955824	7.970224	3.070527	0.040000	3.110527	71.676294
2138	17108.800000	0.124965	7.954366	7.973333	3.070527	0.040000	3.110527	71.682451
2139	17125.280000	0.124903	7.958354	7.970824	3.069125	0.040000	3.109125	71.687779
2140	17134.400000	0.124895	7.958897	7.970950	3.070265	0.040000	3.110265	71.691925
2141	17143.320000	0.124888	7.959346	7.972545	3.070265	0.040000	3.110265	71.694965
2142	17146.800000	0.124921	7.957254	7.972545	3.070265	0.040000	3.110265	71.696695
2143	17152.840000	0.124936	7.956359	7.972545	3.075460	0.040000	3.115460	71.698535
2144	17161.760000	0.124929	7.956808	7.977153	3.074998	0.040000	3.114998	71.699739
2145	17172.360000	0.124910	7.958041	7.978745	3.074963	0.040000	3.114963	71.699841
2146	17180.480000	0.124909	7.958117	7.981375	3.074963	0.040000	3.114963	71.698844
2147	17183.160000	0.124948	7.955657	7.981375	3.074963	0.040000	3.114963	71.698482
2148	17185.800000	0.124987	7.953181	7.981375	3.074963	0.040000	3.114963	71.696127
2149	17194.800000	0.124980	7.953669	7.982183	3.077047	0.040000	3.117047	71.692452
2150	17223.720000	0.124828	7.963425	7.982550	3.077849	0.040000	3.117849	71.692874
2151	17230.560000	0.124836	7.962902	7.982550	3.077183	0.040000	3.117183	71.693817
2152	17242.960000	0.124805	7.964965	7.983289	3.076610	0.040000	3.116610	71.694796
2153	17259.280000	0.124744	7.968848	7.984574	3.077427	0.040000	3.117427	71.695476
2154	17263.920000	0.124769	7.967301	7.983127	3.076263	0.040000	3.116263	71.694726
2155	17269.600000	0.124786	7.966240	7.983127	3.076263	0.040000	3.116263	71.694497
2156	17276.960000	0.124790	7.965958	7.983127	3.080610	0.040000	3.120610	71.694063
2157	17283.400000	0.124802	7.965250	7.987000	3.079390	0.040000	3.119390	71.691182
2158	17291.480000	0.124801	7.965304	7.985471	3.079390	0.040000	3.119390	71.689286
2159	17298.920000	0.124805	7.965060	7.985471	3.079390	0.040000	3.119390	71.686855
2160	17321.880000	0.124698	7.972006	7.994386	3.084321	0.040000	3.124321	71.688630
2161	17327.600000	0.124714	7.970963	7.993373	3.084596	0.040000	3.124596	71.690477
2162	17336.480000	0.124708	7.971384	7.993373	3.084465	0.040000	3.124465	71.692544
2163	17348.400000	0.124680	7.973210	7.994670	3.082120	0.040000	3.122120	71.692926
2164	17352.640000	0.124707	7.971484	7.993567	3.082120	0.040000	3.122120	71.693272
2165	17371.520000	0.124629	7.976525	7.993567	3.088457	0.040000	3.128457	71.693118
2166	17376.840000	0.124649	7.975298	8.000958	3.088158	0.040000	3.128158	71.693389
2167	17389.480000	0.124616	7.977452	7.999208	3.088044	0.040000	3.128044	71.690798
