time	sigma	t_upRNAPelong
0	0.00000	0
0.04	-0.00223	0
0.08	-0.00223	0
0.12	-0.00223	0
0.16	-0.00223	0
0.2	-0.00223	0
0.24	-0.00223	0
0.28	-0.00223	0
0.32	-0.00223	0
0.36	-0.00223	0
0.4	-0.00223	0
0.44	-0.00223	0
0.48	-0.00223	0
0.52	-0.00223	0
0.56	-0.00223	0
0.6	-0.00223	0
0.64	-0.00223	0
0.68	-0.00223	0
0.72	-0.00223	0
0.76	-0.00223	0
0.8	-0.00223	0
0.84	-0.00223	0
0.88	-0.00223	0
0.92	-0.00223	0
0.96	-0.00223	0
1.0	-0.00223	0
1.04	-0.00223	0
1.08	-0.00223	0
1.12	-0.00223	0
1.16	-0.00223	0
1.2	-0.00223	0
1.24	-0.00446	0
1.28	-0.00446	0
1.32	-0.00446	0
1.36	-0.00446	0
1.4000000000000001	-0.00446	0
1.44	-0.00446	0
1.48	-0.00446	0
1.52	-0.00446	0
1.56	-0.00446	0
1.6	-0.00446	0
1.6400000000000001	-0.00446	0
1.68	-0.00446	0
1.72	-0.00446	0
1.76	-0.00669	0
1.8	-0.00669	0
1.84	-0.00669	0
1.8800000000000001	-0.00669	0
1.92	-0.00669	0
1.96	-0.00669	0
2.0	-0.00669	0
2.04	-0.00669	0
2.08	-0.00669	0
2.12	-0.00669	0
2.16	-0.00669	0
2.2	-0.00669	0
2.24	-0.00669	0
2.2800000000000002	-0.00669	0
2.32	-0.00669	0
2.36	-0.00669	0
2.4	-0.00669	0
2.44	-0.00669	0
2.48	-0.00669	0
2.52	-0.00669	0
2.56	-0.00669	0
2.6	-0.00669	0
2.64	-0.00669	0
2.68	-0.00669	0
2.72	-0.00669	0
2.7600000000000002	-0.00669	0
2.8000000000000003	-0.00669	0
2.84	-0.00669	0
2.88	-0.00669	0
2.92	-0.00669	0
2.96	-0.00669	0
3.0	-0.00669	0
3.04	-0.00669	0
3.08	-0.00669	0
3.12	-0.00669	0
3.16	-0.00669	0
3.2	-0.00669	0
3.24	-0.00669	0
3.2800000000000002	-0.00669	0
3.3200000000000003	-0.00669	0
3.36	-0.00669	0
3.4	-0.00669	0
3.44	-0.00669	0
3.48	-0.00669	0
3.52	-0.00669	0
3.56	-0.00669	0
3.6	-0.00669	0
3.64	-0.00669	0
3.68	-0.00669	0
3.72	-0.00669	0
3.7600000000000002	-0.00669	0
3.8000000000000003	-0.00669	0
3.84	-0.00669	0
3.88	-0.00669	0
3.92	-0.00669	0
3.96	-0.00669	0
4.0	-0.00669	0
4.04	-0.00669	0
4.08	-0.00669	0
4.12	-0.00669	0
4.16	-0.00669	0
4.2	-0.00669	0
4.24	-0.00669	0
4.28	-0.00669	0
4.32	-0.00669	0
4.36	-0.00669	0
4.4	-0.00669	0
4.44	-0.00669	0
4.48	-0.00669	0
4.5200000000000005	-0.00669	0
4.5600000000000005	-0.00669	0
4.6000000000000005	-0.00669	0
4.64	-0.00669	0
4.68	-0.01338	0
4.72	-0.01338	0
4.76	-0.01338	0
4.8	-0.01338	0
4.84	-0.01338	0
4.88	-0.01338	0
4.92	-0.01338	0
4.96	-0.01338	0
5.0	-0.01338	0
5.04	-0.01338	0
5.08	-0.01338	0
5.12	-0.01338	0
5.16	-0.01338	0
5.2	-0.01338	0
5.24	-0.01338	0
5.28	-0.01338	0
5.32	-0.01338	0
5.36	-0.01338	0
5.4	-0.01338	0
5.44	-0.01338	0
5.48	-0.01338	0
5.5200000000000005	-0.01338	0
5.5600000000000005	-0.01338	0
5.6000000000000005	-0.01338	0
5.64	-0.01338	0
5.68	-0.01338	0
5.72	-0.01338	0
5.76	-0.01338	0
5.8	-0.01338	0
5.84	-0.01338	0
5.88	-0.01338	0
5.92	-0.01338	0
5.96	-0.01338	0
6.0	-0.01338	0
6.04	-0.01338	0
6.08	-0.01338	0
6.12	-0.01338	0
6.16	-0.01338	0
6.2	-0.01338	0
6.24	-0.01338	0
6.28	-0.01338	0
6.32	-0.01338	0
6.36	-0.01338	0
6.4	-0.01338	0
6.44	-0.01338	0
6.48	-0.01338	0
6.5200000000000005	-0.01338	0
6.5600000000000005	-0.01338	0
6.6000000000000005	-0.01338	0
6.640000000000001	-0.01338	0
6.68	-0.01338	0
6.72	-0.01338	0
6.76	-0.01338	0
6.8	-0.01338	0
6.84	-0.01338	0
6.88	-0.01338	0
6.92	-0.01338	0
6.96	-0.01338	0
7.0	-0.01338	0
7.04	-0.01338	0
7.08	-0.01338	0
7.12	-0.01338	0
7.16	-0.01338	0
7.2	-0.01338	0
7.24	-0.01338	0
7.28	-0.01338	0
7.32	-0.01338	0
7.36	-0.01338	0
7.4	-0.01338	0
7.44	-0.01338	0
7.48	-0.01338	0
7.5200000000000005	-0.01338	0
7.5600000000000005	-0.01338	0
7.6000000000000005	-0.01338	0
7.640000000000001	-0.01338	0
7.68	-0.01338	0
7.72	-0.01338	0
7.76	-0.01338	0
7.8	-0.01338	0
7.84	-0.01338	0
7.88	-0.01338	0
7.92	-0.01338	0
7.96	-0.01338	0
8.0	-0.01338	0
8.040000000000001	-0.01338	0
8.08	-0.01338	0
8.120000000000001	-0.01338	0
8.16	-0.01338	0
8.2	-0.01338	0
8.24	-0.01338	0
8.28	-0.01338	0
8.32	-0.01338	0
8.36	-0.01338	0
8.4	-0.01338	0
8.44	-0.01338	0
8.48	-0.01338	0
8.52	-0.01338	0
8.56	-0.01338	0
8.6	-0.01338	0
8.64	-0.01338	0
8.68	-0.01338	0
8.72	-0.01338	0
8.76	-0.01338	0
8.8	-0.01338	0
8.84	-0.01338	0
8.88	-0.01338	0
8.92	-0.01338	0
8.96	-0.01338	0
9.0	-0.01338	0
9.040000000000001	-0.01338	0
9.08	-0.01338	0
9.120000000000001	-0.01338	0
9.16	-0.01338	0
9.200000000000001	-0.01338	0
9.24	-0.01338	0
9.28	-0.01338	0
9.32	-0.01338	0
9.36	-0.01338	0
9.4	-0.01338	0
9.44	-0.01338	0
9.48	-0.01338	0
9.52	-0.01338	0
9.56	-0.01338	0
9.6	-0.01338	0
9.64	-0.01338	0
9.68	-0.01338	0
9.72	-0.01338	0
9.76	-0.01338	0
9.8	-0.01338	0
9.84	-0.01338	0
9.88	-0.01338	0
9.92	-0.01338	0
9.96	-0.01338	0
10.0	-0.01338	0
10.040000000000001	-0.01338	0
10.08	-0.01338	0
10.120000000000001	-0.01338	0
10.16	-0.01338	0
10.200000000000001	-0.01338	0
10.24	-0.01338	0
10.28	-0.01338	0
10.32	-0.01338	0
10.36	-0.01338	0
10.4	-0.01338	0
10.44	-0.01338	0
10.48	-0.01338	0
10.52	-0.01338	0
10.56	-0.01338	0
10.6	-0.01338	0
10.64	-0.01338	0
10.68	-0.01338	0
10.72	-0.01338	0
10.76	-0.01338	0
10.8	-0.01338	0
10.84	-0.01338	0
10.88	-0.01338	0
10.92	-0.01338	0
10.96	-0.01338	0
11.0	-0.01338	0
11.040000000000001	-0.01338	0
11.08	-0.01338	0
11.120000000000001	-0.01338	0
11.16	-0.01561	0
11.200000000000001	-0.01561	0
11.24	-0.01561	0
11.28	-0.01561	0
11.32	-0.01561	0
11.36	-0.01561	0
11.4	-0.01561	0
11.44	-0.01561	0
11.48	-0.01561	0
11.52	-0.01561	0
11.56	-0.01561	0
11.6	-0.01561	0
11.64	-0.01561	0
11.68	-0.01561	0
11.72	-0.01561	0
11.76	-0.01561	0
11.8	-0.01561	0
11.84	-0.01561	0
11.88	-0.01561	0
11.92	-0.01561	0
11.96	-0.01561	0
12.0	-0.01561	0
12.040000000000001	-0.01561	0
12.08	-0.01561	0
12.120000000000001	-0.01561	0
12.16	-0.01561	0
12.200000000000001	-0.01561	0
12.24	-0.01561	0
12.280000000000001	-0.01561	0
12.32	-0.01561	0
12.36	-0.01561	0
12.4	-0.01561	0
12.44	-0.01561	0
12.48	-0.01561	0
12.52	-0.01561	0
12.56	-0.01561	0
12.6	-0.01561	0
12.64	-0.01561	0
12.68	-0.01561	0
12.72	-0.01561	0
12.76	-0.01561	0
12.8	-0.01561	0
12.84	-0.01561	0
12.88	-0.01561	0
12.92	-0.01561	0
12.96	-0.01561	0
13.0	-0.01561	0
13.040000000000001	-0.01561	0
13.08	-0.01561	0
13.120000000000001	-0.01561	0
13.16	-0.01561	0
13.200000000000001	-0.01561	0
13.24	-0.01561	0
13.280000000000001	-0.01561	0
13.32	-0.01561	0
13.36	-0.01561	0
13.4	-0.01561	0
13.44	-0.01561	0
13.48	-0.01561	0
13.52	-0.01561	0
13.56	-0.01561	0
13.6	-0.01561	0
13.64	-0.01561	0
13.68	-0.01561	0
13.72	-0.01561	0
13.76	-0.01561	0
13.8	-0.01561	0
13.84	-0.01561	0
13.88	-0.01561	0
13.92	-0.01561	0
13.96	-0.01561	0
14.0	-0.01561	0
14.040000000000001	-0.01561	0
14.08	-0.01561	0
14.120000000000001	-0.01561	0
14.16	-0.01561	0
14.200000000000001	-0.01561	0
14.24	-0.01561	0
14.280000000000001	-0.01561	0
14.32	-0.01561	0
14.36	-0.01561	0
14.4	-0.01561	0
14.44	-0.01561	0
14.48	-0.01561	0
14.52	-0.01561	0
14.56	-0.01561	0
14.6	-0.01561	0
14.64	-0.01561	0
14.68	-0.01561	0
14.72	-0.01561	0
14.76	-0.01561	0
14.8	-0.01561	0
14.84	-0.01561	0
14.88	-0.01561	0
14.92	-0.01561	0
14.96	-0.01561	0
15.0	-0.01561	0
15.040000000000001	-0.02006	0
15.08	-0.02006	0
15.120000000000001	-0.02006	0
15.16	-0.02006	0
15.200000000000001	-0.02006	0
15.24	-0.02006	0
15.280000000000001	-0.02006	0
15.32	-0.02229	0
15.36	-0.02229	0
15.4	-0.02229	0
15.44	-0.02229	0
15.48	-0.02229	0
15.52	-0.02229	0
15.56	-0.02229	0
15.6	-0.02229	0
15.64	-0.02229	0
15.68	-0.02229	0
15.72	-0.02452	0
15.76	-0.02452	0
15.8	-0.02452	0
15.84	-0.02452	0
15.88	-0.02452	0
15.92	-0.02452	0
15.96	-0.02452	0
16.0	-0.02452	0
16.04	-0.02452	0
16.080000000000002	-0.02452	0
16.12	-0.02452	0
16.16	-0.02452	0
16.2	-0.02452	0
16.240000000000002	-0.02452	0
16.28	-0.02452	0
16.32	-0.02452	0
16.36	-0.02452	0
16.4	-0.02452	0
16.44	-0.02452	0
16.48	-0.02452	0
16.52	-0.02452	0
16.56	-0.02452	0
16.6	-0.02452	0
16.64	-0.02452	0
16.68	-0.02452	0
16.72	-0.02452	0
16.76	-0.02452	0
16.8	-0.02452	0
16.84	-0.02452	0
16.88	-0.02452	0
16.92	-0.02452	0
16.96	-0.02452	0
17.0	-0.02452	0
17.04	-0.02452	0
17.080000000000002	-0.02452	0
17.12	-0.02452	0
17.16	-0.02452	0
17.2	-0.02452	0
17.240000000000002	-0.02452	0
17.28	-0.02452	0
17.32	-0.02452	0
17.36	-0.02452	0
17.400000000000002	-0.02452	0
17.44	-0.02452	0
17.48	-0.02452	0
17.52	-0.02452	0
17.56	-0.02452	0
17.6	-0.02452	0
17.64	-0.02452	0
17.68	-0.02452	0
17.72	-0.02675	0
17.76	-0.02675	0
17.8	-0.02675	0
17.84	-0.02675	0
17.88	-0.02675	0
17.92	-0.02675	0
17.96	-0.02675	0
18.0	-0.02675	0
18.04	-0.02675	0
18.080000000000002	-0.02675	0
18.12	-0.02675	0
18.16	-0.02675	0
18.2	-0.02675	0
18.240000000000002	-0.02675	0
18.28	-0.02675	0
18.32	-0.02675	0
18.36	-0.02675	0
18.400000000000002	-0.02675	0
18.44	-0.02675	0
18.48	-0.02675	0
18.52	-0.02675	0
18.56	-0.02675	0
18.6	-0.02675	0
18.64	-0.02675	0
18.68	-0.02675	0
18.72	-0.02675	0
18.76	-0.02675	0
18.8	-0.02675	0
18.84	-0.02675	0
18.88	-0.02675	0
18.92	-0.02675	0
18.96	-0.02675	0
19.0	-0.02675	0
19.04	-0.02675	0
19.080000000000002	-0.02675	0
19.12	-0.02675	0
19.16	-0.02675	0
19.2	-0.02675	0
19.240000000000002	-0.02675	0
19.28	-0.02675	0
19.32	-0.02675	0
19.36	-0.02675	0
19.400000000000002	-0.02675	0
19.44	-0.02675	0
19.48	-0.02675	0
19.52	-0.02675	0
19.56	-0.02675	0
19.6	-0.02675	0
19.64	-0.02675	0
19.68	-0.02675	0
19.72	-0.02675	0
19.76	-0.02675	0
19.8	-0.02675	0
19.84	-0.02675	0
19.88	-0.02675	0
19.92	-0.02675	0
19.96	-0.02675	0
20.0	-0.02675	0
20.04	-0.02675	0
20.080000000000002	-0.02675	0
20.12	-0.02675	0
20.16	-0.02675	0
20.2	-0.02675	0
20.240000000000002	-0.02675	0
20.28	-0.02675	0
20.32	-0.02675	0
20.36	-0.02675	0
20.400000000000002	-0.02675	0
20.44	-0.02675	0
20.48	-0.02898	0
20.52	-0.02898	0
20.56	-0.02898	0
20.6	-0.02898	0
20.64	-0.02898	0
20.68	-0.02898	0
20.72	-0.02898	0
20.76	-0.02898	0
20.8	-0.02898	0
20.84	-0.02898	0
20.88	-0.02898	0
20.92	-0.02898	0
20.96	-0.02898	0
21.0	-0.02898	0
21.04	-0.02898	0
21.080000000000002	-0.02898	0
21.12	-0.02898	0
21.16	-0.02898	0
21.2	-0.02898	0
21.240000000000002	-0.02898	0
21.28	-0.02898	0
21.32	-0.02898	0
21.36	-0.02898	0
21.400000000000002	-0.02898	0
21.44	-0.02898	0
21.48	-0.02898	0
21.52	-0.02898	0
21.56	-0.02898	0
21.6	-0.02898	0
21.64	-0.02898	0
21.68	-0.02898	0
21.72	-0.02898	0
21.76	-0.02898	0
21.8	-0.02898	0
21.84	-0.02898	0
21.88	-0.02898	0
21.92	-0.02898	0
21.96	-0.02898	0
22.0	-0.02898	0
22.04	-0.02898	0
22.080000000000002	-0.02898	0
22.12	-0.02898	0
22.16	-0.02898	0
22.2	-0.02898	0
22.240000000000002	-0.02898	0
22.28	-0.02898	0
22.32	-0.02898	0
22.36	-0.02898	0
22.400000000000002	-0.02898	0
22.44	-0.02898	0
22.48	-0.02898	0
22.52	-0.02898	0
22.56	-0.02898	0
22.6	-0.02898	0
22.64	-0.02898	0
22.68	-0.02898	0
22.72	-0.02898	0
22.76	-0.02898	0
22.8	-0.02898	0
22.84	-0.02898	0
22.88	-0.02898	0
22.92	-0.02898	0
22.96	-0.02898	0
23.0	-0.02898	0
23.04	-0.02898	0
23.080000000000002	-0.02898	0
23.12	-0.02898	0
23.16	-0.02898	0
23.2	-0.02898	0
23.240000000000002	-0.02898	0
23.28	-0.02898	0
23.32	-0.02898	0
23.36	-0.02898	0
23.400000000000002	-0.02898	0
23.44	-0.02898	0
23.48	-0.02898	0
23.52	-0.02898	0
23.56	-0.02898	0
23.6	-0.02898	0
23.64	-0.02898	0
23.68	-0.02898	0
23.72	-0.02898	0
23.76	-0.02898	0
23.8	-0.02898	0
23.84	-0.02898	0
23.88	-0.02898	0
23.92	-0.02898	0
23.96	-0.02898	0
24.0	-0.02898	0
24.04	-0.02898	0
24.080000000000002	-0.02898	0
24.12	-0.02898	0
24.16	-0.02898	0
24.2	-0.02898	0
24.240000000000002	-0.02898	0
24.28	-0.02898	0
24.32	-0.02898	0
24.36	-0.02898	0
24.400000000000002	-0.02898	0
24.44	-0.02898	0
24.48	-0.02898	0
24.52	-0.02898	0
24.560000000000002	-0.02898	0
24.6	-0.02898	0
24.64	-0.02898	0
24.68	-0.02898	0
24.72	-0.02898	0
24.76	-0.02898	0
24.8	-0.02898	0
24.84	-0.02898	0
24.88	-0.02898	0
24.92	-0.02898	0
24.96	-0.02898	0
25.0	-0.02898	0
25.04	-0.02898	0
25.080000000000002	-0.02898	0
25.12	-0.02898	0
25.16	-0.02898	0
25.2	-0.02898	0
25.240000000000002	-0.02898	0
25.28	-0.02898	0
25.32	-0.02898	0
25.36	-0.02898	0
25.400000000000002	-0.02898	0
25.44	-0.02898	0
25.48	-0.03121	0
25.52	-0.03121	0
25.560000000000002	-0.03121	0
25.6	-0.03121	0
25.64	-0.03121	0
25.68	-0.03121	0
25.72	-0.03121	0
25.76	-0.03121	0
25.8	-0.03121	0
25.84	-0.03121	0
25.88	-0.03121	0
25.92	-0.03121	0
25.96	-0.03121	0
26.0	-0.03121	0
26.04	-0.03121	0
26.080000000000002	-0.03121	0
26.12	-0.03121	0
26.16	-0.03121	0
26.2	-0.03121	0
26.240000000000002	-0.03121	0
26.28	-0.03121	0
26.32	-0.03121	0
26.36	-0.03121	0
26.400000000000002	-0.03121	0
26.44	-0.03121	0
26.48	-0.03121	0
26.52	-0.03121	0
26.560000000000002	-0.03121	0
26.6	-0.03121	0
26.64	-0.03121	0
26.68	-0.03121	0
26.72	-0.03121	0
26.76	-0.03121	0
26.8	-0.03121	0
26.84	-0.03121	0
26.88	-0.03121	0
26.92	-0.03121	0
26.96	-0.03121	0
27.0	-0.03121	0
27.04	-0.03121	0
27.080000000000002	-0.03121	0
27.12	-0.03121	0
27.16	-0.03121	0
27.2	-0.03121	0
27.240000000000002	-0.03121	0
27.28	-0.03121	0
27.32	-0.03121	0
27.36	-0.03121	0
27.400000000000002	-0.03121	0
27.44	-0.03121	0
27.48	-0.03121	0
27.52	-0.03121	0
27.560000000000002	-0.03121	0
27.6	-0.03121	0
27.64	-0.03121	0
27.68	-0.03344	0
27.72	-0.03344	0
27.76	-0.03344	0
27.8	-0.03344	0
27.84	-0.03344	0
27.88	-0.03344	0
27.92	-0.03344	0
27.96	-0.03344	0
28.0	-0.03344	0
28.04	-0.03344	0
28.080000000000002	-0.03344	0
28.12	-0.03344	0
28.16	-0.03344	0
28.2	-0.03344	0
28.240000000000002	-0.03344	0
28.28	-0.03344	0
28.32	-0.03344	0
28.36	-0.03344	0
28.400000000000002	-0.03344	0
28.44	-0.03344	0
28.48	-0.03344	0
28.52	-0.03344	0
28.560000000000002	-0.03344	0
28.6	-0.03344	0
28.64	-0.03344	0
28.68	-0.03344	0
28.72	-0.03344	0
28.76	-0.03344	0
28.8	-0.03344	0
28.84	-0.03344	0
28.88	-0.03344	0
28.92	-0.03344	0
28.96	-0.03344	0
29.0	-0.03344	0
29.04	-0.03344	0
29.080000000000002	-0.03344	0
29.12	-0.03344	0
29.16	-0.03344	0
29.2	-0.03344	0
29.240000000000002	-0.03344	0
29.28	-0.03344	0
29.32	-0.03344	0
29.36	-0.03344	0
29.400000000000002	-0.03344	0
29.44	-0.03344	0
29.48	-0.03344	0
29.52	-0.03344	0
29.560000000000002	-0.03344	0
29.6	-0.03344	0
29.64	-0.03344	0
29.68	-0.03344	0
29.72	-0.03344	0
29.76	-0.03344	0
29.8	-0.03344	0
29.84	-0.03344	0
29.88	-0.03344	0
29.92	-0.03344	0
29.96	-0.03344	0
30.0	-0.03344	0
30.04	-0.03344	0
30.080000000000002	-0.03344	0
30.12	-0.03344	0
30.16	-0.03344	0
30.2	-0.03344	0
30.240000000000002	-0.03344	0
30.28	-0.03344	0
30.32	-0.03344	0
30.36	-0.03344	0
30.400000000000002	-0.03344	0
30.44	-0.03344	0
30.48	-0.03344	0
30.52	-0.03344	0
30.560000000000002	-0.03344	0
30.6	-0.03344	0
30.64	-0.03344	0
30.68	-0.03344	0
30.72	-0.03344	0
30.76	-0.03344	0
30.8	-0.03344	0
30.84	-0.03344	0
30.88	-0.03344	0
30.92	-0.03344	0
30.96	-0.03344	0
31.0	-0.03344	0
31.04	-0.03344	0
31.080000000000002	-0.03344	0
31.12	-0.03344	0
31.16	-0.03344	0
31.2	-0.03344	0
31.240000000000002	-0.03344	0
31.28	-0.03344	0
31.32	-0.03344	0
31.36	-0.03567	0
31.400000000000002	-0.03790	0
31.44	-0.03790	0
31.48	-0.03790	0
31.52	-0.03790	0
31.560000000000002	-0.03790	0
31.6	-0.03790	0
31.64	-0.03790	0
31.68	-0.03790	0
31.720000000000002	-0.03790	0
31.76	-0.03790	0
31.8	-0.04013	0
31.84	-0.04013	0
31.88	-0.04013	0
31.92	-0.04013	0
31.96	-0.04013	0
32.0	-0.04013	0
32.04	-0.04013	0
32.08	-0.04013	0
32.12	-0.04013	0
32.160000000000004	-0.04013	0
32.2	-0.04013	0
32.24	-0.04013	0
32.28	-0.04013	0
32.32	-0.04013	0
32.36	-0.04013	0
32.4	-0.04013	0
32.44	-0.04013	0
32.480000000000004	-0.04013	0
32.52	-0.04013	0
32.56	-0.04013	0
32.6	-0.04013	0
32.64	-0.04013	0
32.68	-0.04236	0
32.72	-0.04236	0
32.76	-0.04236	0
32.8	-0.04236	0
32.84	-0.04236	0
32.88	-0.04236	0
32.92	-0.04236	0
32.96	-0.04236	0
33.0	-0.04236	0
33.04	-0.04236	0
33.08	-0.04236	0
33.12	-0.04236	0
33.160000000000004	-0.04236	0
33.2	-0.04236	0
33.24	-0.04236	0
33.28	-0.04236	0
33.32	-0.04236	0
33.36	-0.04236	0
33.4	-0.04236	0
33.44	-0.04236	0
33.480000000000004	-0.04236	0
33.52	-0.04236	0
33.56	-0.04236	0
33.6	-0.04236	0
33.64	-0.04236	0
33.68	-0.04236	0
33.72	-0.04236	0
33.76	-0.04236	0
33.8	-0.04236	0
33.84	-0.04236	0
33.88	-0.04236	0
33.92	-0.04236	0
33.96	-0.04236	0
34.0	-0.04236	0
34.04	-0.04236	0
34.08	-0.04236	0
34.12	-0.04236	0
34.160000000000004	-0.04236	0
34.2	-0.04236	0
34.24	-0.04236	0
34.28	-0.04236	0
34.32	-0.04236	0
34.36	-0.04236	0
34.4	-0.04236	0
34.44	-0.04236	0
34.480000000000004	-0.04236	0
34.52	-0.04236	0
34.56	-0.04236	0
34.6	-0.04236	0
34.64	-0.04236	0
34.68	-0.04236	0
34.72	-0.04236	0
34.76	-0.04236	0
34.800000000000004	-0.04236	0
34.84	-0.04236	0
34.88	-0.04236	0
34.92	-0.04236	0
34.96	-0.04236	0
35.0	-0.04236	0
35.04	-0.04236	0
35.08	-0.04236	0
35.12	-0.04236	0
35.160000000000004	-0.04236	0
35.2	-0.04236	0
35.24	-0.04236	0
35.28	-0.04236	0
35.32	-0.04236	0
35.36	-0.04236	0
35.4	-0.04236	0
35.44	-0.04236	0
35.480000000000004	-0.04236	0
35.52	-0.04236	0
35.56	-0.04236	0
35.6	-0.04236	0
35.64	-0.04236	0
35.68	-0.04236	0
35.72	-0.04236	0
35.76	-0.04236	0
35.800000000000004	-0.04236	0
35.84	-0.04236	0
35.88	-0.04236	0
35.92	-0.04236	0
35.96	-0.04236	0
36.0	-0.04236	0
36.04	-0.04236	0
36.08	-0.04236	0
36.12	-0.04236	0
36.160000000000004	-0.04236	0
36.2	-0.04236	0
36.24	-0.04236	0
36.28	-0.04236	0
36.32	-0.04236	0
36.36	-0.04236	0
36.4	-0.04236	0
36.44	-0.04236	0
36.480000000000004	-0.04236	0
36.52	-0.04236	0
36.56	-0.04236	0
36.6	-0.04236	0
36.64	-0.04236	0
36.68	-0.04236	0
36.72	-0.04236	0
36.76	-0.04236	0
36.800000000000004	-0.04236	0
36.84	-0.04236	0
36.88	-0.04236	0
36.92	-0.04459	0
36.96	-0.04459	0
37.0	-0.04459	0
37.04	-0.04459	0
37.08	-0.04459	0
37.12	-0.04459	0
37.160000000000004	-0.04459	0
37.2	-0.04459	0
37.24	-0.04459	0
37.28	-0.04459	0
37.32	-0.04459	0
37.36	-0.04459	0
37.4	-0.04459	0
37.44	-0.04459	0
37.480000000000004	-0.04459	0
37.52	-0.04459	0
37.56	-0.04459	0
37.6	-0.04459	0
37.64	-0.04459	0
37.68	-0.04459	0
37.72	-0.04459	0
37.76	-0.04459	0
37.800000000000004	-0.04459	0
37.84	-0.04459	0
37.88	-0.04459	0
37.92	-0.04459	0
37.96	-0.04459	0
38.0	-0.04459	0
38.04	-0.04459	0
38.08	-0.04459	0
38.12	-0.04459	0
38.160000000000004	-0.04682	0
38.2	-0.04682	0
38.24	-0.04682	0
38.28	-0.04682	0
38.32	-0.04682	0
38.36	-0.04682	0
38.4	-0.04682	0
38.44	-0.04904	0
38.480000000000004	-0.04904	0
38.52	-0.04904	0
38.56	-0.04904	0
38.6	-0.04904	0
38.64	-0.04904	0
38.68	-0.04904	0
38.72	-0.04904	0
38.76	-0.04904	0
38.800000000000004	-0.04904	0
38.84	-0.04904	0
38.88	-0.04904	0
38.92	-0.04904	0
38.96	-0.04904	0
39.0	-0.04904	0
39.04	-0.04904	0
39.08	-0.04904	0
39.12	-0.04904	0
39.160000000000004	-0.04904	0
39.2	-0.04904	0
39.24	-0.04904	0
39.28	-0.04904	0
39.32	-0.04904	0
39.36	-0.04904	0
39.4	-0.04904	0
39.44	-0.04904	0
39.480000000000004	-0.04904	0
39.52	-0.04904	0
39.56	-0.04904	0
39.6	-0.04904	0
39.64	-0.04904	0
39.68	-0.04904	0
39.72	-0.04904	0
39.76	-0.04904	0
39.800000000000004	-0.04904	0
39.84	-0.04904	0
39.88	-0.04904	0
39.92	-0.04904	0
39.96	-0.04904	0
40.0	-0.04904	0
40.04	-0.04904	0
40.08	-0.04904	0
40.12	-0.04904	0
40.160000000000004	-0.04904	0
40.2	-0.04904	0
40.24	-0.04904	0
40.28	-0.04904	0
40.32	-0.04904	0
40.36	-0.04904	0
40.4	-0.04904	0
40.44	-0.04904	0
40.480000000000004	-0.04904	0
40.52	-0.04904	0
40.56	-0.04904	0
40.6	-0.04904	0
40.64	-0.04904	0
40.68	-0.04904	0
40.72	-0.04904	0
40.76	-0.04904	0
40.800000000000004	-0.04904	0
40.84	-0.04904	0
40.88	-0.04904	0
40.92	-0.04904	0
40.96	-0.04904	0
41.0	-0.04904	0
41.04	-0.04904	0
41.08	-0.04904	0
41.12	-0.04904	0
41.160000000000004	-0.04904	0
41.2	-0.04904	0
41.24	-0.04904	0
41.28	-0.04904	0
41.32	-0.04904	0
41.36	-0.04904	0
41.4	-0.04904	0
41.44	-0.04904	0
41.480000000000004	-0.04904	0
41.52	-0.04904	0
41.56	-0.04904	0
41.6	-0.04904	0
41.64	-0.04904	0
41.68	-0.04904	0
41.72	-0.04904	0
41.76	-0.04904	0
41.800000000000004	-0.04904	0
41.84	-0.04904	0
41.88	-0.04904	0
41.92	-0.04904	0
41.96	-0.04904	0
42.0	-0.04904	0
42.04	-0.04904	0
42.08	-0.04904	0
42.12	-0.04904	0
42.160000000000004	-0.04904	0
42.2	-0.04904	0
42.24	-0.04904	0
42.28	-0.04904	0
42.32	-0.04904	0
42.36	-0.04904	0
42.4	-0.04904	0
42.44	-0.04904	0
42.480000000000004	-0.04904	0
42.52	-0.04904	0
42.56	-0.04904	0
42.6	-0.04904	0
42.64	-0.04904	0
42.68	-0.04904	0
42.72	-0.04904	0
42.76	-0.04904	0
42.800000000000004	-0.04904	0
42.84	-0.04904	0
42.88	-0.04904	0
42.92	-0.04904	0
42.96	-0.04904	0
43.0	-0.04904	0
43.04	-0.04904	0
43.08	-0.04904	0
43.12	-0.04904	0
43.160000000000004	-0.04904	0
43.2	-0.04904	0
43.24	-0.04904	0
43.28	-0.04904	0
43.32	-0.04904	0
43.36	-0.04904	0
43.4	-0.05127	0
43.44	-0.05127	0
43.480000000000004	-0.05127	0
43.52	-0.05127	0
43.56	-0.05016	0
43.6	-0.05016	0
43.64	-0.05016	0
43.68	-0.05016	0
43.72	-0.05016	0
43.76	-0.05016	0
43.800000000000004	-0.05016	0
43.84	-0.05016	0
43.88	-0.05016	0
43.92	-0.05016	0
43.96	-0.05016	0
44.0	-0.05016	0
44.04	-0.05016	0
44.08	-0.05016	0
44.12	-0.04904	0
44.160000000000004	-0.04904	0
44.2	-0.04904	0
44.24	-0.04904	0
44.28	-0.04904	0
44.32	-0.04904	0
44.36	-0.04904	0
44.4	-0.04904	0
44.44	-0.04904	0
44.480000000000004	-0.04904	0
44.52	-0.04904	0
44.56	-0.04904	0
44.6	-0.04904	0
44.64	-0.04904	0
44.68	-0.04904	0
44.72	-0.05127	0
44.76	-0.05127	0
44.800000000000004	-0.05127	0
44.84	-0.05127	0
44.88	-0.05127	0
44.92	-0.05127	0
44.96	-0.05127	0
45.0	-0.05127	0
45.04	-0.05127	0
45.08	-0.05127	0
45.12	-0.05139	1
45.160000000000004	-0.05151	1
45.2	-0.05163	1
45.24	-0.05175	1
45.28	-0.05187	1
45.32	-0.05199	1
45.36	-0.05210	1
45.4	-0.05222	1
45.44	-0.05234	1
45.480000000000004	-0.05246	1
45.52	-0.05127	1
45.56	-0.05138	1
45.6	-0.05150	1
45.64	-0.05162	1
45.68	-0.05174	1
45.72	-0.05186	1
45.76	-0.05198	1
45.800000000000004	-0.05210	1
45.84	-0.05221	1
45.88	-0.05233	1
45.92	-0.05245	1
45.96	-0.05126	1
46.0	-0.05138	1
46.04	-0.05149	1
46.08	-0.05030	1
46.12	-0.04911	1
46.160000000000004	-0.04923	1
46.2	-0.04935	1
46.24	-0.04947	1
46.28	-0.04958	1
46.32	-0.04970	1
46.36	-0.04982	1
46.4	-0.04994	1
46.44	-0.05006	1
46.480000000000004	-0.05018	1
46.52	-0.05030	1
46.56	-0.04911	1
46.6	-0.04922	1
46.64	-0.04934	1
46.68	-0.04946	1
46.72	-0.04958	1
46.76	-0.04970	1
46.800000000000004	-0.04982	1
46.84	-0.04993	1
46.88	-0.05005	1
46.92	-0.05017	1
46.96	-0.05290	1
47.0	-0.05302	1
47.04	-0.05314	1
47.08	-0.05326	1
47.12	-0.05338	0
47.160000000000004	-0.05349	0
47.2	-0.05361	0
47.24	-0.05373	0
47.28	-0.05385	0
47.32	-0.05396	0
47.36	-0.05669	0
47.4	-0.05681	0
47.44	-0.05693	0
47.480000000000004	-0.05704	0
47.52	-0.05716	0
47.56	-0.05728	0
47.6	-0.05740	0
47.64	-0.05751	0
47.68	-0.05763	0
47.72	-0.05775	0
47.76	-0.05656	0
47.800000000000004	-0.05668	0
47.84	-0.05679	0
47.88	-0.05561	0
47.92	-0.05573	0
47.96	-0.05584	0
48.0	-0.05596	0
48.04	-0.05608	0
48.08	-0.05619	0
48.120000000000005	-0.05631	0
48.160000000000004	-0.05643	0
48.2	-0.05524	0
48.24	-0.05536	0
48.28	-0.05548	0
48.32	-0.05559	0
48.36	-0.05571	0
48.4	-0.05583	0
48.44	-0.05595	0
48.480000000000004	-0.05606	0
48.52	-0.05618	0
48.56	-0.05630	0
48.6	-0.05641	0
48.64	-0.05913	0
48.68	-0.05795	0
48.72	-0.05806	0
48.76	-0.05688	0
48.800000000000004	-0.05700	0
48.84	-0.05711	0
48.88	-0.05723	0
48.92	-0.05735	0
48.96	-0.05746	0
49.0	-0.05628	0
49.04	-0.05640	0
49.08	-0.05651	0
49.120000000000005	-0.05663	0
49.160000000000004	-0.05675	0
49.2	-0.05686	0
49.24	-0.05698	0
49.28	-0.05710	0
49.32	-0.05721	0
49.36	-0.05733	0
49.4	-0.05745	1
49.44	-0.05757	1
49.480000000000004	-0.05768	1
49.52	-0.05649	1
49.56	-0.05661	1
49.6	-0.05541	1
49.64	-0.05553	1
49.68	-0.05827	1
49.72	-0.05839	1
49.76	-0.05851	1
49.800000000000004	-0.05863	1
49.84	-0.05875	1
49.88	-0.05886	1
49.92	-0.05898	1
49.96	-0.05910	1
50.0	-0.05922	1
50.04	-0.05933	1
50.08	-0.05945	1
50.120000000000005	-0.05957	1
50.160000000000004	-0.05969	1
50.2	-0.05980	1
50.24	-0.05992	1
50.28	-0.06004	1
50.32	-0.06016	1
50.36	-0.06027	1
50.4	-0.06039	1
50.44	-0.06051	1
50.480000000000004	-0.06062	1
50.52	-0.06074	1
50.56	-0.06348	1
50.6	-0.06360	1
50.64	-0.06371	1
50.68	-0.06645	1
50.72	-0.06657	1
50.76	-0.06668	1
50.800000000000004	-0.06680	1
50.84	-0.06691	1
50.88	-0.06703	1
50.92	-0.06584	0
50.96	-0.06595	0
51.0	-0.06607	0
51.04	-0.06619	0
51.08	-0.06630	0
51.120000000000005	-0.06642	0
51.160000000000004	-0.06654	0
51.2	-0.06665	0
51.24	-0.06677	0
51.28	-0.06689	0
51.32	-0.06700	0
51.36	-0.06712	0
51.4	-0.06723	0
51.44	-0.06735	0
51.480000000000004	-0.06747	0
51.52	-0.06758	0
51.56	-0.06770	0
51.6	-0.06781	0
51.64	-0.06793	0
51.68	-0.06805	0
51.72	-0.06816	0
51.76	-0.06828	0
51.800000000000004	-0.06839	0
51.84	-0.06851	0
51.88	-0.06862	0
51.92	-0.06874	0
51.96	-0.06886	0
52.0	-0.06897	0
52.04	-0.07039	0
52.08	-0.07051	0
52.120000000000005	-0.07062	0
52.160000000000004	-0.07074	0
52.2	-0.07085	0
52.24	-0.07227	0
52.28	-0.07239	0
52.32	-0.07250	0
52.36	-0.07262	0
52.4	-0.07273	0
52.44	-0.07285	0
52.480000000000004	-0.07296	0
52.52	-0.07308	0
52.56	-0.07319	0
52.6	-0.07331	0
52.64	-0.07212	0
52.68	-0.07223	0
52.72	-0.07235	0
52.76	-0.07246	0
52.800000000000004	-0.07258	0
52.84	-0.07269	0
52.88	-0.07281	0
52.92	-0.07292	0
52.96	-0.07304	0
53.0	-0.07315	0
53.04	-0.07327	0
53.08	-0.07338	0
53.120000000000005	-0.07350	0
53.160000000000004	-0.07361	0
53.2	-0.07373	0
53.24	-0.07384	0
53.28	-0.07266	0
53.32	-0.07277	0
53.36	-0.07289	0
53.4	-0.07300	0
53.44	-0.07312	0
53.480000000000004	-0.07323	0
53.52	-0.07334	0
53.56	-0.07216	0
53.6	-0.07228	0
53.64	-0.07499	0
53.68	-0.07510	0
53.72	-0.07392	0
53.76	-0.07403	0
53.800000000000004	-0.07415	0
53.84	-0.07426	0
53.88	-0.07437	0
53.92	-0.07449	0
53.96	-0.07331	0
54.0	-0.07342	0
54.04	-0.07354	0
54.08	-0.07365	0
54.120000000000005	-0.07376	0
54.160000000000004	-0.07388	0
54.2	-0.07399	0
54.24	-0.07411	0
54.28	-0.07422	0
54.32	-0.07434	0
54.36	-0.07704	0
54.4	-0.07715	0
54.44	-0.07727	0
54.480000000000004	-0.07738	0
54.52	-0.07749	0
54.56	-0.07761	0
54.6	-0.07772	0
54.64	-0.07784	0
54.68	-0.07795	0
54.72	-0.07677	0
54.76	-0.07688	0
54.800000000000004	-0.07700	0
54.84	-0.07582	0
54.88	-0.07593	0
54.92	-0.07604	0
54.96	-0.07874	0
55.0	-0.07886	0
55.04	-0.07897	0
55.08	-0.07908	0
55.120000000000005	-0.07920	0
55.160000000000004	-0.07931	0
55.2	-0.07942	0
55.24	-0.07954	0
55.28	-0.07965	0
55.32	-0.07976	0
55.36	-0.07988	0
55.4	-0.07999	0
55.44	-0.08010	0
55.480000000000004	-0.08021	0
55.52	-0.08033	0
55.56	-0.08044	0
55.6	-0.08055	0
55.64	-0.08067	0
55.68	-0.08078	0
55.72	-0.08089	0
55.76	-0.08101	0
55.800000000000004	-0.08112	0
55.84	-0.08123	0
55.88	-0.08134	0
55.92	-0.08146	0
55.96	-0.08157	0
56.0	-0.08168	0
56.04	-0.08179	0
56.08	-0.08191	0
56.120000000000005	-0.08202	0
56.160000000000004	-0.08213	0
56.2	-0.08224	0
56.24	-0.08236	0
56.28	-0.08247	0
56.32	-0.08258	0
56.36	-0.08269	0
56.4	-0.08281	0
56.44	-0.08292	0
56.480000000000004	-0.08303	0
56.52	-0.08314	0
56.56	-0.08326	0
56.6	-0.08337	0
56.64	-0.08348	0
56.68	-0.08359	0
56.72	-0.08371	0
56.76	-0.08382	0
56.800000000000004	-0.08393	0
56.84	-0.08404	0
56.88	-0.08415	0
56.92	-0.08427	0
56.96	-0.08438	0
57.0	-0.08449	0
57.04	-0.08460	0
57.08	-0.08471	0
57.120000000000005	-0.08483	0
57.160000000000004	-0.08494	0
57.2	-0.08505	0
57.24	-0.08388	0
57.28	-0.08399	0
57.32	-0.08410	0
57.36	-0.08421	0
57.4	-0.08433	0
57.44	-0.08444	0
57.480000000000004	-0.08455	0
57.52	-0.08466	0
57.56	-0.08477	0
57.6	-0.08488	0
57.64	-0.08500	0
57.68	-0.08383	0
57.72	-0.08394	0
57.76	-0.08405	0
57.800000000000004	-0.08416	0
57.84	-0.08427	0
57.88	-0.08438	0
57.92	-0.08450	0
57.96	-0.08461	0
58.0	-0.08472	0
58.04	-0.08483	0
58.08	-0.08494	0
58.120000000000005	-0.08505	0
58.160000000000004	-0.08389	0
58.2	-0.08400	0
58.24	-0.08411	0
58.28	-0.08422	0
58.32	-0.08433	0
58.36	-0.08444	0
58.4	-0.08456	0
58.44	-0.08467	0
58.480000000000004	-0.08478	0
58.52	-0.08361	0
58.56	-0.08372	0
58.6	-0.08383	0
58.64	-0.08395	0
58.68	-0.08406	0
58.72	-0.08417	0
58.76	-0.08428	0
58.800000000000004	-0.08439	0
58.84	-0.08450	0
58.88	-0.08461	0
58.92	-0.08473	0
58.96	-0.08484	0
59.0	-0.08495	0
59.04	-0.08506	0
59.08	-0.08517	0
59.120000000000005	-0.08528	0
59.160000000000004	-0.08539	0
59.2	-0.08550	0
59.24	-0.08562	0
59.28	-0.08573	0
59.32	-0.08584	0
59.36	-0.08595	0
59.4	-0.08478	0
59.44	-0.08490	0
59.480000000000004	-0.08756	0
59.52	-0.08767	0
59.56	-0.08778	0
59.6	-0.08661	0
59.64	-0.08673	0
59.68	-0.08684	0
59.72	-0.08695	0
59.76	-0.08706	0
59.800000000000004	-0.08717	0
59.84	-0.08728	0
59.88	-0.08739	0
59.92	-0.08750	0
59.96	-0.08634	0
60.0	-0.08645	0
60.04	-0.08656	0
60.08	-0.08667	0
60.120000000000005	-0.08678	0
60.160000000000004	-0.08689	0
60.2	-0.08700	0
60.24	-0.08711	0
60.28	-0.08722	0
60.32	-0.08606	0
60.36	-0.08617	0
60.4	-0.08628	0
60.44	-0.08639	0
60.480000000000004	-0.08523	0
60.52	-0.08534	0
60.56	-0.08546	0
60.6	-0.08557	0
60.64	-0.08568	0
60.68	-0.08579	0
60.72	-0.08590	0
60.76	-0.08601	0
60.800000000000004	-0.08612	0
60.84	-0.08623	0
60.88	-0.08634	0
60.92	-0.08645	0
60.96	-0.08656	0
61.0	-0.08667	0
61.04	-0.08678	0
61.08	-0.08689	0
61.120000000000005	-0.08700	0
61.160000000000004	-0.08711	0
61.2	-0.08722	0
61.24	-0.08733	0
61.28	-0.08744	0
61.32	-0.08755	0
61.36	-0.08766	0
61.4	-0.08777	0
61.44	-0.08788	0
61.480000000000004	-0.08799	0
61.52	-0.08810	0
61.56	-0.08821	0
61.6	-0.08832	0
61.64	-0.08843	0
61.68	-0.08854	0
61.72	-0.08866	1
61.76	-0.08877	1
61.800000000000004	-0.08889	1
61.84	-0.08900	1
61.88	-0.08911	1
61.92	-0.08923	1
61.96	-0.08934	1
62.0	-0.08946	1
62.04	-0.08694	1
62.08	-0.08706	1
62.120000000000005	-0.08717	1
62.160000000000004	-0.08728	1
62.2	-0.08740	1
62.24	-0.08751	1
62.28	-0.08763	1
62.32	-0.08774	1
62.36	-0.08786	1
62.4	-0.08797	1
62.440000000000005	-0.08808	1
62.480000000000004	-0.08820	1
62.52	-0.08831	1
62.56	-0.08842	1
62.6	-0.08723	1
62.64	-0.08603	1
62.68	-0.08614	1
62.72	-0.08626	1
62.76	-0.08637	1
62.800000000000004	-0.08649	1
62.84	-0.08922	1
62.88	-0.08933	1
62.92	-0.08945	1
62.96	-0.08956	1
63.0	-0.08968	1
63.04	-0.08979	1
63.08	-0.08990	1
63.120000000000005	-0.09002	1
63.160000000000004	-0.09013	1
63.2	-0.09024	1
63.24	-0.09036	1
63.28	-0.09047	1
63.32	-0.09058	1
63.36	-0.09070	1
63.4	-0.09081	1
63.440000000000005	-0.09092	1
63.480000000000004	-0.09104	1
63.52	-0.09115	1
63.56	-0.09126	1
63.6	-0.09138	1
63.64	-0.09149	1
63.68	-0.09160	1
63.72	-0.09171	1
63.76	-0.09183	1
63.800000000000004	-0.09194	1
63.84	-0.09205	1
63.88	-0.09217	1
63.92	-0.09228	1
63.96	-0.09239	1
64.0	-0.09120	1
64.04	-0.09131	1
64.08	-0.09143	1
64.12	-0.09154	1
64.16	-0.09165	1
64.2	-0.09176	1
64.24	-0.09188	1
64.28	-0.09199	1
64.32000000000001	-0.09210	1
64.36	-0.09222	1
64.4	-0.09233	1
64.44	-0.09244	1
64.48	-0.09255	1
64.52	-0.09255	1
64.56	-0.09255	1
64.6	-0.09255	1
64.64	-0.09255	1
64.68	-0.09255	1
64.72	-0.09255	1
64.76	-0.09255	1
64.8	-0.09255	1
64.84	-0.09136	1
64.88	-0.09148	1
64.92	-0.09159	1
64.96000000000001	-0.09170	1
65.0	-0.09181	1
65.04	-0.09193	1
65.08	-0.09204	1
65.12	-0.09215	1
65.16	-0.09096	0
65.2	-0.09107	0
65.24	-0.08989	0
65.28	-0.09000	0
65.32000000000001	-0.09011	0
65.36	-0.09022	0
65.4	-0.09034	0
65.44	-0.09045	0
65.48	-0.09056	0
65.52	-0.09067	0
65.56	-0.09079	0
65.6	-0.09090	0
65.64	-0.09101	0
65.68	-0.09112	0
65.72	-0.09124	0
65.76	-0.09135	0
65.8	-0.09146	0
65.84	-0.09157	0
65.88	-0.09169	0
65.92	-0.09180	0
65.96000000000001	-0.09191	0
66.0	-0.09202	0
66.04	-0.09214	0
66.08	-0.09225	0
66.12	-0.09236	0
66.16	-0.09247	0
66.2	-0.09259	0
66.24	-0.09259	1
66.28	-0.09259	1
66.32000000000001	-0.09259	1
66.36	-0.09259	1
66.4	-0.09259	1
66.44	-0.09259	1
66.48	-0.09259	1
66.52	-0.09259	1
66.56	-0.09259	1
66.6	-0.09259	1
66.64	-0.09138	1
66.68	-0.09150	1
66.72	-0.09161	1
66.76	-0.09173	1
66.8	-0.09184	1
66.84	-0.08932	1
66.88	-0.08944	1
66.92	-0.08955	1
66.96000000000001	-0.08967	1
67.0	-0.08978	1
67.04	-0.08989	1
67.08	-0.09001	1
67.12	-0.09012	1
67.16	-0.09024	1
67.2	-0.09035	1
67.24	-0.09046	1
67.28	-0.09058	1
67.32000000000001	-0.09069	1
67.36	-0.09080	1
67.4	-0.09092	1
67.44	-0.09103	1
67.48	-0.09114	1
67.52	-0.09126	1
67.56	-0.09137	1
67.6	-0.09148	1
67.64	-0.09160	1
67.68	-0.09171	1
67.72	-0.09183	1
67.76	-0.09063	1
67.8	-0.09074	1
67.84	-0.09086	1
67.88	-0.09097	1
67.92	-0.09108	1
67.96000000000001	-0.09120	1
68.0	-0.09131	1
68.04	-0.09142	1
68.08	-0.09154	1
68.12	-0.09165	1
68.16	-0.09176	1
68.2	-0.09187	1
68.24	-0.09199	1
68.28	-0.09210	1
68.32000000000001	-0.09221	1
68.36	-0.09233	1
68.4	-0.09244	1
68.44	-0.09255	1
68.48	-0.09255	1
68.52	-0.09255	1
68.56	-0.09255	1
68.60000000000001	-0.09255	1
68.64	-0.09255	1
68.68	-0.09255	1
68.72	-0.09255	1
68.76	-0.09255	1
68.8	-0.09255	1
68.84	-0.09255	1
68.88	-0.09255	1
68.92	-0.09255	1
68.96000000000001	-0.09255	1
69.0	-0.09255	1
69.04	-0.09255	1
69.08	-0.09255	1
69.12	-0.09136	1
69.16	-0.09147	1
69.2	-0.09159	1
69.24	-0.09170	1
69.28	-0.09181	1
69.32000000000001	-0.09192	1
69.36	-0.09204	1
69.4	-0.09215	1
69.44	-0.09226	1
69.48	-0.09238	1
69.52	-0.09118	1
69.56	-0.09130	1
69.60000000000001	-0.09141	1
69.64	-0.09152	1
69.68	-0.09163	1
69.72	-0.09044	1
69.76	-0.09056	1
69.8	-0.09067	1
69.84	-0.09078	1
69.88	-0.09089	1
69.92	-0.09101	1
69.96000000000001	-0.09112	1
70.0	-0.09123	1
70.04	-0.09135	1
70.08	-0.09146	1
70.12	-0.09157	1
70.16	-0.09168	1
70.2	-0.09180	1
70.24	-0.09061	1
70.28	-0.09072	1
70.32000000000001	-0.09333	1
70.36	-0.09333	1
70.4	-0.09333	1
70.44	-0.09333	1
70.48	-0.09333	1
70.52	-0.09333	1
70.56	-0.09333	1
70.60000000000001	-0.09333	1
70.64	-0.09333	1
70.68	-0.09333	1
70.72	-0.09333	1
70.76	-0.09333	1
70.8	-0.09333	1
70.84	-0.09333	1
70.88	-0.09333	1
70.92	-0.09333	1
70.96000000000001	-0.09333	1
71.0	-0.09333	1
71.04	-0.09333	1
71.08	-0.09333	1
71.12	-0.09333	1
71.16	-0.09333	1
71.2	-0.09333	1
71.24	-0.09333	1
71.28	-0.09333	1
71.32000000000001	-0.09333	1
71.36	-0.09333	1
71.4	-0.09333	1
71.44	-0.09333	1
71.48	-0.09333	1
71.52	-0.09333	1
71.56	-0.09333	1
71.60000000000001	-0.09333	1
71.64	-0.09333	1
71.68	-0.09333	1
71.72	-0.09333	1
71.76	-0.09333	1
71.8	-0.09333	1
71.84	-0.09333	1
71.88	-0.09333	1
71.92	-0.09333	1
71.96000000000001	-0.09333	0
72.0	-0.09333	0
72.04	-0.09333	0
72.08	-0.09333	0
72.12	-0.09333	0
72.16	-0.09333	0
72.2	-0.09333	0
72.24	-0.09333	0
72.28	-0.09333	0
72.32000000000001	-0.09333	0
72.36	-0.09333	0
72.4	-0.09333	0
72.44	-0.09214	0
72.48	-0.09225	0
72.52	-0.09485	0
72.56	-0.09485	0
72.60000000000001	-0.09485	0
72.64	-0.09485	0
72.68	-0.09355	0
72.72	-0.09355	0
72.76	-0.09355	0
72.8	-0.09355	0
72.84	-0.09355	0
72.88	-0.09355	0
72.92	-0.09355	0
72.96000000000001	-0.09355	0
73.0	-0.09355	0
73.04	-0.09355	0
73.08	-0.09355	0
73.12	-0.09355	0
73.16	-0.09355	0
73.2	-0.09355	0
73.24	-0.09355	0
73.28	-0.09355	0
73.32000000000001	-0.09355	0
73.36	-0.09355	0
73.4	-0.09355	0
73.44	-0.09236	0
73.48	-0.09247	0
73.52	-0.09259	0
73.56	-0.09259	0
73.60000000000001	-0.09259	0
73.64	-0.09259	0
73.68	-0.09259	0
73.72	-0.09259	0
73.76	-0.09259	0
73.8	-0.09259	0
73.84	-0.09259	0
73.88	-0.09259	0
73.92	-0.09259	0
73.96000000000001	-0.09259	0
74.0	-0.09259	0
74.04	-0.09259	0
74.08	-0.09259	0
74.12	-0.09140	0
74.16	-0.09021	0
74.2	-0.09032	0
74.24	-0.09043	0
74.28	-0.09055	0
74.32000000000001	-0.09066	0
74.36	-0.09077	0
74.4	-0.09088	0
74.44	-0.09100	0
74.48	-0.09111	0
74.52	-0.09122	0
74.56	-0.09133	0
74.60000000000001	-0.09145	0
74.64	-0.09156	0
74.68	-0.09037	0
74.72	-0.09048	0
74.76	-0.09060	0
74.8	-0.09071	0
74.84	-0.09082	0
74.88	-0.09093	0
74.92	-0.09105	0
74.96000000000001	-0.09116	0
75.0	-0.09127	1
75.04	-0.09139	1
75.08	-0.09150	1
75.12	-0.09161	1
75.16	-0.09173	1
75.2	-0.09184	1
75.24	-0.09196	1
75.28	-0.09207	1
75.32000000000001	-0.09218	1
75.36	-0.09230	1
75.4	-0.09241	1
75.44	-0.09252	1
75.48	-0.09252	1
75.52	-0.09252	1
75.56	-0.09252	1
75.60000000000001	-0.09252	1
75.64	-0.09252	1
75.68	-0.09132	1
75.72	-0.09144	1
75.76	-0.09155	1
75.8	-0.09035	1
75.84	-0.09047	1
75.88	-0.09058	1
75.92	-0.09069	1
75.96000000000001	-0.09081	1
76.0	-0.08961	1
76.04	-0.08841	1
76.08	-0.08852	1
76.12	-0.08864	1
76.16	-0.08875	1
76.2	-0.08887	1
76.24	-0.08898	1
76.28	-0.08909	1
76.32000000000001	-0.08790	1
76.36	-0.08801	1
76.4	-0.08812	1
76.44	-0.08824	1
76.48	-0.08835	1
76.52	-0.08847	1
76.56	-0.08858	1
76.60000000000001	-0.08869	1
76.64	-0.08881	1
76.68	-0.08892	1
76.72	-0.08903	1
76.76	-0.08915	1
76.8	-0.08926	1
76.84	-0.09199	1
76.88	-0.09210	1
76.92	-0.09091	1
76.96000000000001	-0.08971	1
77.0	-0.08983	1
77.04	-0.08863	1
77.08	-0.08875	0
77.12	-0.09017	0
77.16	-0.09028	0
77.2	-0.09039	0
77.24	-0.09051	0
77.28	-0.09062	0
77.32000000000001	-0.09073	0
77.36	-0.09085	0
77.4	-0.09096	0
77.44	-0.09107	0
77.48	-0.08988	0
77.52	-0.08999	0
77.56	-0.09011	0
77.60000000000001	-0.09022	0
77.64	-0.09033	0
77.68	-0.09045	0
77.72	-0.09056	0
77.76	-0.09067	0
77.8	-0.09078	0
77.84	-0.09090	0
77.88	-0.09101	0
77.92	-0.09112	0
77.96000000000001	-0.09124	0
78.0	-0.09135	0
78.04	-0.09146	0
78.08	-0.09157	0
78.12	-0.09169	0
78.16	-0.09180	0
78.2	-0.09191	0
78.24	-0.09202	0
78.28	-0.09214	0
78.32000000000001	-0.09225	0
78.36	-0.09236	0
78.4	-0.09248	0
78.44	-0.09259	0
78.48	-0.09259	0
78.52	-0.09259	0
78.56	-0.09259	0
78.60000000000001	-0.09259	0
78.64	-0.09259	0
78.68	-0.09259	0
78.72	-0.09259	0
78.76	-0.09259	0
78.8	-0.09259	0
78.84	-0.09259	0
78.88	-0.09259	0
78.92	-0.09259	0
78.96000000000001	-0.09259	1
79.0	-0.09139	1
79.04	-0.09150	1
79.08	-0.09161	1
79.12	-0.09173	1
79.16	-0.09184	1
79.2	-0.09196	1
79.24	-0.09207	1
79.28	-0.09218	1
79.32000000000001	-0.09230	1
79.36	-0.09241	1
79.4	-0.09252	1
79.44	-0.09252	1
79.48	-0.09252	1
79.52	-0.09252	1
79.56	-0.09252	1
79.60000000000001	-0.09252	1
79.64	-0.09252	1
79.68	-0.09252	1
79.72	-0.09252	1
79.76	-0.09252	1
79.8	-0.09252	1
79.84	-0.09252	1
79.88	-0.09132	1
79.92	-0.09144	1
79.96000000000001	-0.09024	1
80.0	-0.09035	1
80.04	-0.09047	1
80.08	-0.09058	1
80.12	-0.09069	1
80.16	-0.09081	1
80.2	-0.09092	1
80.24	-0.09103	1
80.28	-0.09115	1
80.32000000000001	-0.09126	1
80.36	-0.09137	1
80.4	-0.09149	1
80.44	-0.09160	1
80.48	-0.09171	1
80.52	-0.09183	1
80.56	-0.09063	1
80.60000000000001	-0.09074	1
80.64	-0.09086	1
80.68	-0.09097	1
80.72	-0.09108	1
80.76	-0.09120	1
80.8	-0.09131	1
80.84	-0.09142	1
80.88	-0.09154	1
80.92	-0.09165	1
80.96000000000001	-0.09176	1
81.0	-0.09188	1
81.04	-0.09199	1
81.08	-0.09210	1
81.12	-0.09222	1
81.16	-0.09233	1
81.2	-0.09244	1
81.24	-0.09125	1
81.28	-0.09136	1
81.32000000000001	-0.09147	1
81.36	-0.09159	1
81.4	-0.09039	1
81.44	-0.09051	1
81.48	-0.09062	1
81.52	-0.09073	1
81.56	-0.09085	1
81.60000000000001	-0.09096	1
81.64	-0.09107	1
81.68	-0.09119	1
81.72	-0.09130	1
81.76	-0.09011	1
81.8	-0.09022	1
81.84	-0.09033	1
81.88	-0.09045	1
81.92	-0.09056	1
81.96000000000001	-0.09067	1
82.0	-0.09078	1
82.04	-0.09090	1
82.08	-0.09101	1
82.12	-0.09112	1
82.16	-0.09124	1
82.2	-0.09254	1
82.24	-0.09254	1
82.28	-0.09254	1
82.32000000000001	-0.09135	1
82.36	-0.09146	1
82.4	-0.09027	1
82.44	-0.09038	1
82.48	-0.08789	1
82.52	-0.08800	1
82.56	-0.08812	1
82.60000000000001	-0.08823	1
82.64	-0.08834	1
82.68	-0.08846	0
82.72	-0.08857	0
82.76	-0.08868	0
82.8	-0.08880	0
82.84	-0.08891	0
82.88	-0.08902	0
82.92	-0.08913	0
82.96000000000001	-0.09185	0
83.0	-0.09196	0
83.04	-0.09207	0
83.08	-0.09219	0
83.12	-0.09230	0
83.16	-0.09241	0
83.2	-0.09252	0
83.24	-0.09252	1
83.28	-0.09252	1
83.32000000000001	-0.09252	1
83.36	-0.09252	1
83.4	-0.09252	1
83.44	-0.09252	1
83.48	-0.09252	1
83.52	-0.09252	1
83.56	-0.09252	1
83.60000000000001	-0.09252	1
83.64	-0.09252	1
83.68	-0.09252	1
83.72	-0.09252	1
83.76	-0.09252	1
83.8	-0.09252	1
83.84	-0.09252	1
83.88	-0.09252	1
83.92	-0.09252	1
83.96000000000001	-0.09252	1
84.0	-0.09252	1
84.04	-0.09252	1
84.08	-0.09252	1
84.12	-0.09252	1
84.16	-0.09252	1
84.2	-0.09132	1
84.24	-0.09144	1
84.28	-0.09155	1
84.32000000000001	-0.09166	1
84.36	-0.09178	1
84.4	-0.09189	1
84.44	-0.09200	1
84.48	-0.09212	1
84.52	-0.09223	1
84.56	-0.09235	1
84.60000000000001	-0.09246	1
84.64	-0.09257	1
84.68	-0.09257	1
84.72	-0.09137	1
84.76	-0.09149	1
84.8	-0.09160	1
84.84	-0.09171	1
84.88	-0.09183	1
84.92	-0.09194	1
84.96000000000001	-0.09205	1
85.0	-0.09217	1
85.04	-0.09097	1
85.08	-0.09108	1
85.12	-0.09120	1
85.16	-0.09131	1
85.2	-0.09142	1
85.24	-0.09154	1
85.28	-0.09165	1
85.32000000000001	-0.09176	1
85.36	-0.09188	1
85.4	-0.09068	1
85.44	-0.09079	1
85.48	-0.09091	1
85.52	-0.09102	1
85.56	-0.09113	1
85.60000000000001	-0.09125	1
85.64	-0.09136	1
85.68	-0.09147	1
85.72	-0.09159	1
85.76	-0.09170	1
85.8	-0.09181	1
85.84	-0.09193	1
85.88	-0.09454	1
85.92	-0.09454	1
85.96000000000001	-0.09454	1
86.0	-0.09454	1
86.04	-0.09454	1
86.08	-0.09454	1
86.12	-0.09454	1
86.16	-0.09454	1
86.2	-0.09454	1
86.24	-0.09454	1
86.28	-0.09454	1
86.32000000000001	-0.09454	1
86.36	-0.09454	1
86.4	-0.09454	1
86.44	-0.09454	1
86.48	-0.09454	1
86.52	-0.09454	1
86.56	-0.09454	1
86.60000000000001	-0.09454	1
86.64	-0.09454	1
86.68	-0.09454	1
86.72	-0.09454	1
86.76	-0.09454	1
86.8	-0.09454	0
86.84	-0.09454	0
86.88	-0.09454	0
86.92	-0.09454	0
86.96000000000001	-0.09454	0
87.0	-0.09454	0
87.04	-0.09454	0
87.08	-0.09454	0
87.12	-0.09454	0
87.16	-0.09454	0
87.2	-0.09454	0
87.24	-0.09454	0
87.28	-0.09454	0
87.32000000000001	-0.09454	0
87.36	-0.09454	0
87.4	-0.09454	0
87.44	-0.09454	0
87.48	-0.09454	0
87.52	-0.09454	0
87.56	-0.09454	0
87.60000000000001	-0.09454	0
87.64	-0.09454	0
87.68	-0.09454	0
87.72	-0.09454	0
87.76	-0.09454	0
87.8	-0.09454	0
87.84	-0.09454	0
87.88	-0.09454	0
87.92	-0.09454	0
87.96000000000001	-0.09454	0
88.0	-0.09454	0
88.04	-0.09454	0
88.08	-0.09454	0
88.12	-0.09454	0
88.16	-0.09454	0
88.2	-0.09454	0
88.24	-0.09454	0
88.28	-0.09454	0
88.32000000000001	-0.09454	0
88.36	-0.09454	0
88.4	-0.09454	0
88.44	-0.09454	0
88.48	-0.09454	0
88.52	-0.09454	0
88.56	-0.09454	0
88.60000000000001	-0.09454	0
88.64	-0.09454	0
88.68	-0.09454	0
88.72	-0.09454	0
88.76	-0.09454	0
88.8	-0.09454	0
88.84	-0.09454	0
88.88	-0.09454	0
88.92	-0.09454	0
88.96000000000001	-0.09454	0
89.0	-0.09454	0
89.04	-0.09454	0
89.08	-0.09454	0
89.12	-0.09454	0
89.16	-0.09454	0
89.2	-0.09454	0
89.24	-0.09454	0
89.28	-0.09454	0
89.32000000000001	-0.09454	0
89.36	-0.09454	0
89.4	-0.09454	0
89.44	-0.09454	0
89.48	-0.09454	0
89.52	-0.09454	0
89.56	-0.09454	0
89.60000000000001	-0.09323	0
89.64	-0.09204	0
89.68	-0.09215	0
89.72	-0.09096	0
89.76	-0.09107	0
89.8	-0.09118	0
89.84	-0.09130	0
89.88	-0.09141	0
89.92	-0.09152	0
89.96000000000001	-0.09164	0
90.0	-0.09175	0
90.04	-0.09186	0
90.08	-0.09198	0
90.12	-0.09209	0
90.16	-0.09220	0
90.2	-0.09231	0
90.24	-0.09243	0
90.28	-0.09123	0
90.32000000000001	-0.09135	0
90.36	-0.09146	0
90.4	-0.09157	0
90.44	-0.09169	0
90.48	-0.09180	0
90.52	-0.09061	0
90.56	-0.09072	0
90.60000000000001	-0.09083	0
90.64	-0.09095	0
90.68	-0.09106	0
90.72	-0.08987	0
90.76	-0.08998	1
90.8	-0.09010	1
90.84	-0.09021	1
90.88	-0.09032	1
90.92	-0.09044	1
90.96000000000001	-0.09055	1
91.0	-0.09067	1
91.04	-0.09078	1
91.08	-0.09089	1
91.12	-0.09101	1
91.16	-0.09112	1
91.2	-0.09123	1
91.24	-0.09135	1
91.28	-0.09015	1
91.32000000000001	-0.09026	1
91.36	-0.09038	1
91.4	-0.09049	1
91.44	-0.09060	1
91.48	-0.09072	1
91.52	-0.09083	1
91.56	-0.09094	1
91.60000000000001	-0.09106	1
91.64	-0.09117	1
91.68	-0.09128	1
91.72	-0.09140	1
91.76	-0.09151	1
91.8	-0.09163	1
91.84	-0.09174	1
91.88	-0.09185	1
91.92	-0.09197	1
91.96000000000001	-0.09208	1
92.0	-0.09219	1
92.04	-0.09230	1
92.08	-0.09242	1
92.12	-0.09504	1
92.16	-0.09504	1
92.2	-0.09504	1
92.24	-0.09504	1
92.28	-0.09504	1
92.32000000000001	-0.09504	1
92.36	-0.09504	1
92.4	-0.09373	1
92.44	-0.09253	1
92.48	-0.09253	1
92.52	-0.09253	1
92.56	-0.09253	1
92.60000000000001	-0.09253	1
92.64	-0.09253	1
92.68	-0.09253	1
92.72	-0.09253	1
92.76	-0.09253	1
92.8	-0.09253	1
92.84	-0.09253	1
92.88	-0.09253	1
92.92	-0.09253	1
92.96000000000001	-0.09253	1
93.0	-0.09253	1
93.04	-0.09253	1
93.08	-0.09253	1
93.12	-0.09253	1
93.16	-0.09253	1
93.2	-0.09253	1
93.24	-0.09253	1
93.28	-0.09253	1
93.32000000000001	-0.09253	1
93.36	-0.09253	1
93.4	-0.09253	1
93.44	-0.09253	1
93.48	-0.09253	1
93.52	-0.09253	1
93.56	-0.09253	1
93.60000000000001	-0.09253	1
93.64	-0.09253	1
93.68	-0.09253	1
93.72	-0.09253	1
93.76	-0.09134	1
93.8	-0.09145	1
93.84	-0.09156	1
93.88	-0.09167	1
93.92	-0.09179	1
93.96000000000001	-0.09190	1
94.0	-0.09201	1
94.04	-0.09213	1
94.08	-0.09224	1
94.12	-0.09235	1
94.16	-0.09247	1
94.2	-0.09258	1
94.24	-0.09258	1
94.28	-0.09258	1
94.32000000000001	-0.09258	1
94.36	-0.09258	1
94.4	-0.09258	1
94.44	-0.09258	1
94.48	-0.09258	1
94.52	-0.09258	1
94.56	-0.09258	1
94.60000000000001	-0.09258	1
94.64	-0.09258	1
94.68	-0.09139	1
94.72	-0.09150	1
94.76	-0.09161	1
94.8	-0.09172	1
94.84	-0.09184	1
94.88	-0.09195	1
94.92	-0.09076	1
94.96000000000001	-0.09087	1
95.0	-0.09098	1
95.04	-0.09110	1
95.08	-0.09121	1
95.12	-0.09132	1
95.16	-0.09144	1
95.2	-0.09155	1
95.24	-0.09166	1
95.28	-0.09177	1
95.32000000000001	-0.09189	1
95.36	-0.09200	1
95.4	-0.09211	1
95.44	-0.09223	1
95.48	-0.09103	1
95.52	-0.09115	1
95.56	-0.09126	1
95.60000000000001	-0.09137	1
95.64	-0.09149	1
95.68	-0.09160	1
95.72	-0.09041	1
95.76	-0.09052	1
95.8	-0.09063	1
95.84	-0.09075	1
95.88	-0.09086	1
95.92	-0.09097	1
95.96000000000001	-0.09108	1
96.0	-0.09120	1
96.04	-0.09131	1
96.08	-0.09142	1
96.12	-0.09154	1
96.16	-0.09165	1
96.2	-0.09176	1
96.24000000000001	-0.09187	1
96.28	-0.09199	1
96.32000000000001	-0.09210	1
96.36	-0.09221	1
96.4	-0.09102	1
96.44	-0.09114	1
96.48	-0.08995	1
96.52	-0.09006	1
96.56	-0.09017	0
96.60000000000001	-0.09029	0
96.64	-0.09040	0
96.68	-0.09051	0
96.72	-0.09062	0
96.76	-0.09074	0
96.8	-0.09085	0
96.84	-0.08966	0
96.88	-0.08977	0
96.92	-0.08989	0
96.96000000000001	-0.09000	0
97.0	-0.09011	0
97.04	-0.09022	0
97.08	-0.09034	0
97.12	-0.09045	0
97.16	-0.08926	0
97.2	-0.08938	0
97.24000000000001	-0.08949	0
97.28	-0.09220	0
97.32000000000001	-0.09231	0
97.36	-0.09242	0
97.4	-0.09253	0
97.44	-0.09253	0
97.48	-0.09253	0
97.52	-0.09253	0
97.56	-0.09253	0
97.60000000000001	-0.09253	0
97.64	-0.09253	0
97.68	-0.09253	0
97.72	-0.09253	0
97.76	-0.09253	0
97.8	-0.09253	0
97.84	-0.09253	0
97.88	-0.09253	0
97.92	-0.09253	0
97.96000000000001	-0.09253	0
98.0	-0.09253	0
98.04	-0.09253	0
98.08	-0.09253	0
98.12	-0.09253	0
98.16	-0.09253	0
98.2	-0.09253	0
98.24000000000001	-0.09135	0
98.28	-0.09146	0
98.32000000000001	-0.09157	0
98.36	-0.09168	0
98.4	-0.09180	0
98.44	-0.09191	0
98.48	-0.09202	0
98.52	-0.09213	0
98.56	-0.09224	0
98.60000000000001	-0.09236	0
98.64	-0.09247	0
98.68	-0.09258	0
98.72	-0.09258	0
98.76	-0.09258	0
98.8	-0.09258	0
98.84	-0.09258	0
98.88	-0.09258	0
98.92	-0.09258	0
98.96000000000001	-0.09258	0
99.0	-0.09258	0
99.04	-0.09258	0
99.08	-0.09258	0
99.12	-0.09258	0
99.16	-0.09258	0
99.2	-0.09258	0
99.24000000000001	-0.09258	0
99.28	-0.09258	0
99.32000000000001	-0.09258	0
99.36	-0.09258	0
99.4	-0.09140	0
99.44	-0.09399	0
99.48	-0.09399	0
99.52	-0.09399	0
99.56	-0.09399	0
99.60000000000001	-0.09399	0
99.64	-0.09399	0
99.68	-0.09399	0
99.72	-0.09399	0
99.76	-0.09399	0
99.8	-0.09399	0
99.84	-0.09399	0
99.88	-0.09399	0
99.92	-0.09399	0
99.96000000000001	-0.09399	0
100.0	-0.09399	0
100.04	-0.09399	0
100.08	-0.09399	0
100.12	-0.09269	0
100.16	-0.09269	0
100.2	-0.09269	0
100.24000000000001	-0.09269	0
100.28	-0.09022	0
100.32000000000001	-0.09033	0
100.36	-0.09044	0
100.4	-0.09055	0
100.44	-0.09066	0
100.48	-0.09078	0
100.52	-0.09089	0
100.56	-0.09100	0
100.60000000000001	-0.09111	0
100.64	-0.09122	0
100.68	-0.09134	0
100.72	-0.09145	0
100.76	-0.09156	0
100.8	-0.09167	0
100.84	-0.09178	0
100.88	-0.09189	0
100.92	-0.09201	0
100.96000000000001	-0.09212	0
101.0	-0.09223	0
101.04	-0.09234	0
101.08	-0.09245	0
101.12	-0.09256	0
101.16	-0.09256	0
101.2	-0.09256	0
101.24000000000001	-0.09256	0
101.28	-0.09256	0
101.32000000000001	-0.09256	0
101.36	-0.09256	0
101.4	-0.09256	0
101.44	-0.09256	0
101.48	-0.09256	0
101.52	-0.09256	0
101.56	-0.09139	0
101.60000000000001	-0.09150	0
101.64	-0.09161	0
101.68	-0.09172	0
101.72	-0.09183	0
101.76	-0.09194	0
101.8	-0.09205	0
101.84	-0.09217	0
101.88	-0.09228	0
101.92	-0.09239	0
101.96000000000001	-0.09250	0
102.0	-0.09250	0
102.04	-0.09250	0
102.08	-0.09132	0
102.12	-0.09143	0
102.16	-0.09155	0
102.2	-0.09166	0
102.24000000000001	-0.09177	0
102.28	-0.09188	0
102.32000000000001	-0.09199	1
102.36	-0.09211	1
102.4	-0.09222	1
102.44	-0.09233	1
102.48	-0.09113	1
102.52	-0.09125	1
102.56	-0.09136	1
102.60000000000001	-0.09148	1
102.64	-0.09159	1
102.68	-0.09170	1
102.72	-0.09182	1
102.76	-0.09193	1
102.8	-0.09204	1
102.84	-0.09216	1
102.88	-0.09227	1
102.92	-0.09238	1
102.96000000000001	-0.09250	1
103.0	-0.09261	1
103.04	-0.09261	1
103.08	-0.09261	1
103.12	-0.09261	1
103.16	-0.09261	1
103.2	-0.09261	1
103.24000000000001	-0.09141	1
103.28	-0.09153	1
103.32000000000001	-0.09164	1
103.36	-0.09175	1
103.4	-0.09187	1
103.44	-0.09198	1
103.48	-0.09209	1
103.52	-0.09221	1
103.56	-0.09232	1
103.60000000000001	-0.09243	1
103.64	-0.09255	1
103.68	-0.09255	1
103.72	-0.09255	1
103.76	-0.09255	1
103.8	-0.09255	1
103.84	-0.09255	1
103.88	-0.09255	1
103.92	-0.09255	1
103.96000000000001	-0.09255	1
104.0	-0.09255	1
104.04	-0.09255	1
104.08	-0.09255	1
104.12	-0.09255	1
104.16	-0.09255	1
104.2	-0.09255	1
104.24000000000001	-0.09255	1
104.28	-0.09255	1
104.32000000000001	-0.09255	1
104.36	-0.09255	1
104.4	-0.09255	1
104.44	-0.09255	1
104.48	-0.09255	1
104.52	-0.09255	1
104.56	-0.09255	1
104.60000000000001	-0.09255	1
104.64	-0.09255	1
104.68	-0.09255	1
104.72	-0.09255	1
104.76	-0.09255	1
104.8	-0.09255	1
104.84	-0.09255	1
104.88	-0.09255	1
104.92	-0.09255	1
104.96000000000001	-0.09255	1
105.0	-0.09255	1
105.04	-0.09255	1
105.08	-0.09135	1
105.12	-0.09146	1
105.16	-0.09158	1
105.2	-0.09038	1
105.24000000000001	-0.09049	1
105.28	-0.09061	1
105.32000000000001	-0.09072	1
105.36	-0.09083	1
105.4	-0.09095	1
105.44	-0.09106	1
105.48	-0.09117	1
105.52	-0.09129	1
105.56	-0.09140	1
105.60000000000001	-0.09151	1
105.64	-0.09163	1
105.68	-0.09174	1
105.72	-0.09054	1
105.76	-0.09066	1
105.8	-0.09077	1
105.84	-0.09088	1
105.88	-0.09100	1
105.92	-0.09111	1
105.96000000000001	-0.09122	1
106.0	-0.09134	1
106.04	-0.09145	1
106.08	-0.09026	1
106.12	-0.09037	1
106.16	-0.09048	0
106.2	-0.09060	0
106.24000000000001	-0.08940	0
106.28	-0.08952	0
106.32000000000001	-0.08963	0
106.36	-0.08974	0
106.4	-0.08986	0
106.44	-0.08997	0
106.48	-0.09008	0
106.52	-0.09020	0
106.56	-0.09031	0
106.60000000000001	-0.09042	0
106.64	-0.09053	0
106.68	-0.09065	0
106.72	-0.08946	0
106.76	-0.08957	0
106.8	-0.08968	0
106.84	-0.08980	0
106.88	-0.08991	0
106.92	-0.09002	0
106.96000000000001	-0.09013	0
107.0	-0.09025	0
107.04	-0.09036	0
107.08	-0.09047	0
107.12	-0.08928	0
107.16	-0.08940	0
107.2	-0.08951	0
107.24000000000001	-0.09223	0
107.28	-0.09234	0
107.32000000000001	-0.09245	0
107.36	-0.09256	0
107.4	-0.09256	0
107.44	-0.09256	0
107.48	-0.09256	0
107.52	-0.09137	0
107.56	-0.09398	0
107.60000000000001	-0.09398	0
107.64	-0.09398	0
107.68	-0.09398	0
107.72	-0.09398	0
107.76	-0.09398	0
107.8	-0.09398	0
107.84	-0.09398	0
107.88	-0.09267	0
107.92	-0.09267	0
107.96000000000001	-0.09267	0
108.0	-0.09267	1
108.04	-0.09267	1
108.08	-0.09267	1
108.12	-0.09267	1
108.16	-0.09267	1
108.2	-0.09267	1
108.24000000000001	-0.09267	1
108.28	-0.09267	1
108.32000000000001	-0.09267	1
108.36	-0.09267	1
108.4	-0.09267	1
108.44	-0.09267	1
108.48	-0.09267	1
108.52	-0.09147	1
108.56	-0.09159	1
108.60000000000001	-0.09170	1
108.64	-0.09181	1
108.68	-0.09193	1
108.72	-0.09204	1
108.76	-0.09084	1
108.8	-0.09096	1
108.84	-0.09107	1
108.88	-0.09118	1
108.92	-0.09130	1
108.96000000000001	-0.09141	1
109.0	-0.09152	1
109.04	-0.09164	1
109.08	-0.09175	1
109.12	-0.09186	1
109.16	-0.09198	1
109.2	-0.09209	1
109.24000000000001	-0.09221	1
109.28	-0.09232	1
109.32000000000001	-0.09243	1
109.36	-0.09255	1
109.4	-0.09255	1
109.44	-0.09255	1
109.48	-0.09255	1
109.52	-0.09255	1
109.56	-0.09255	1
109.60000000000001	-0.09135	1
109.64	-0.09146	1
109.68	-0.09157	1
109.72	-0.09169	1
109.76	-0.09180	1
109.8	-0.09191	1
109.84	-0.09203	1
109.88	-0.09214	1
109.92	-0.09225	1
109.96000000000001	-0.09237	1
110.0	-0.09248	1
110.04	-0.09510	1
110.08	-0.09510	1
110.12	-0.09510	1
110.16	-0.09510	1
110.2	-0.09510	1
110.24000000000001	-0.09379	1
110.28	-0.09379	1
110.32000000000001	-0.09379	1
110.36	-0.09379	1
110.4	-0.09379	1
110.44	-0.09379	1
110.48	-0.09379	1
110.52	-0.09379	1
110.56	-0.09379	1
110.60000000000001	-0.09379	1
110.64	-0.09379	1
110.68	-0.09379	1
110.72	-0.09379	1
110.76	-0.09379	1
110.8	-0.09379	1
110.84	-0.09259	1
110.88	-0.09259	1
110.92	-0.09259	1
110.96000000000001	-0.09259	1
111.0	-0.09259	1
111.04	-0.09259	1
111.08	-0.09259	1
111.12	-0.09140	1
111.16	-0.09151	1
111.2	-0.09162	1
111.24000000000001	-0.09174	1
111.28	-0.09185	1
111.32000000000001	-0.09196	1
111.36	-0.09208	1
111.4	-0.09219	1
111.44	-0.09230	1
111.48	-0.09242	1
111.52	-0.09253	1
111.56	-0.09253	1
111.60000000000001	-0.09133	1
111.64	-0.09145	1
111.68	-0.09156	1
111.72	-0.09167	1
111.76	-0.09179	1
111.8	-0.09190	1
111.84	-0.09201	1
111.88	-0.09213	1
111.92	-0.09093	1
111.96000000000001	-0.09105	1
112.0	-0.09116	1
112.04	-0.09127	1
112.08	-0.09138	1
112.12	-0.09150	1
112.16	-0.09161	1
112.2	-0.09172	1
112.24000000000001	-0.09184	1
112.28	-0.09195	1
112.32000000000001	-0.09206	1
112.36	-0.09218	1
112.4	-0.09229	1
112.44	-0.09240	1
112.48	-0.09251	1
112.52	-0.09251	1
112.56	-0.09251	1
112.60000000000001	-0.09251	0
112.64	-0.09251	0
112.68	-0.09251	0
112.72	-0.09251	0
112.76	-0.09251	0
112.8	-0.09251	0
112.84	-0.09251	0
112.88	-0.09251	0
112.92	-0.09251	0
112.96000000000001	-0.09251	0
113.0	-0.09251	0
113.04	-0.09251	0
113.08	-0.09251	0
113.12	-0.09251	0
113.16	-0.09251	0
113.2	-0.09132	0
113.24000000000001	-0.09143	0
113.28	-0.09155	0
113.32000000000001	-0.09166	0
113.36	-0.09177	0
113.4	-0.09189	0
113.44	-0.09200	0
113.48	-0.09211	0
113.52	-0.09222	0
113.56	-0.09103	0
113.60000000000001	-0.08984	0
113.64	-0.08996	0
113.68	-0.09007	0
113.72	-0.09018	0
113.76	-0.09030	0
113.8	-0.09041	0
113.84	-0.08922	0
113.88	-0.08933	0
113.92	-0.08945	0
113.96000000000001	-0.08956	0
114.0	-0.08967	0
114.04	-0.08978	0
114.08	-0.08990	0
114.12	-0.09001	0
114.16	-0.09012	0
114.2	-0.08894	0
114.24000000000001	-0.08905	0
114.28	-0.08916	0
114.32000000000001	-0.08927	0
114.36	-0.08939	0
114.4	-0.08950	0
114.44	-0.08831	0
114.48	-0.08583	0
114.52	-0.08594	0
114.56	-0.08605	0
114.60000000000001	-0.08617	0
114.64	-0.08628	0
114.68	-0.08639	0
114.72	-0.08651	0
114.76	-0.08532	0
114.8	-0.08543	0
114.84	-0.08425	0
114.88	-0.08436	0
114.92	-0.08448	0
114.96000000000001	-0.08718	0
115.0	-0.08730	0
115.04	-0.08741	0
115.08	-0.08752	0
115.12	-0.08763	0
115.16	-0.08775	0
115.2	-0.08786	0
115.24000000000001	-0.08797	0
115.28	-0.08808	0
115.32000000000001	-0.08820	0
115.36	-0.08831	0
115.4	-0.08842	0
115.44	-0.08853	0
115.48	-0.08865	0
115.52	-0.08876	0
115.56	-0.08887	0
115.60000000000001	-0.08898	0
115.64	-0.08910	0
115.68	-0.08921	0
115.72	-0.08932	0
115.76	-0.08943	0
115.8	-0.08954	0
115.84	-0.08966	0
115.88	-0.08977	0
115.92	-0.08988	0
115.96000000000001	-0.08999	0
116.0	-0.09010	0
116.04	-0.09022	0
116.08	-0.09033	0
116.12	-0.09044	0
116.16	-0.09055	0
116.2	-0.09066	0
116.24000000000001	-0.09078	0
116.28	-0.09089	0
116.32000000000001	-0.09100	0
116.36	-0.09111	0
116.4	-0.09122	0
116.44	-0.09133	0
116.48	-0.09145	0
116.52	-0.09156	1
116.56	-0.09167	1
116.60000000000001	-0.09179	1
116.64	-0.09190	1
116.68	-0.09202	1
116.72	-0.09213	1
116.76	-0.09224	1
116.8	-0.09236	1
116.84	-0.09247	1
116.88	-0.09258	1
116.92	-0.09258	1
116.96000000000001	-0.09258	1
117.0	-0.09258	1
117.04	-0.09258	1
117.08	-0.09258	1
117.12	-0.09258	1
117.16	-0.09258	1
117.2	-0.09258	1
117.24000000000001	-0.09258	1
117.28	-0.09258	1
117.32000000000001	-0.09258	1
117.36	-0.09258	1
117.4	-0.09258	1
117.44	-0.09258	1
117.48	-0.09138	1
117.52	-0.09150	1
117.56	-0.09161	1
117.60000000000001	-0.09172	1
117.64	-0.09184	1
117.68	-0.09195	1
117.72	-0.09075	1
117.76	-0.09087	1
117.8	-0.09098	1
117.84	-0.09109	1
117.88	-0.09121	1
117.92	-0.09383	1
117.96000000000001	-0.09252	1
118.0	-0.09252	1
118.04	-0.09252	1
118.08	-0.09252	1
118.12	-0.09252	1
118.16	-0.09252	1
118.2	-0.09252	1
118.24000000000001	-0.09252	1
118.28	-0.09252	1
118.32000000000001	-0.09252	1
118.36	-0.09252	1
118.4	-0.09252	1
118.44	-0.09252	1
118.48	-0.09252	1
118.52	-0.09252	1
118.56	-0.09252	1
118.60000000000001	-0.09252	1
118.64	-0.09252	1
118.68	-0.09252	1
118.72	-0.09132	1
118.76	-0.09143	1
118.8	-0.09155	1
118.84	-0.09166	1
118.88	-0.09046	1
118.92	-0.09058	1
118.96000000000001	-0.09069	1
119.0	-0.09080	1
119.04	-0.09092	1
119.08	-0.09103	1
119.12	-0.08983	1
119.16	-0.08995	1
119.2	-0.09006	0
119.24000000000001	-0.09017	0
119.28	-0.09029	0
119.32000000000001	-0.09040	0
119.36	-0.09051	0
119.4	-0.09063	0
119.44	-0.09074	0
119.48	-0.09085	0
119.52	-0.09097	0
119.56	-0.09108	0
119.60000000000001	-0.09119	0
119.64	-0.09131	0
119.68	-0.09142	0
119.72	-0.09153	0
119.76	-0.09165	0
119.8	-0.09176	0
119.84	-0.09187	0
119.88	-0.09199	0
119.92	-0.09210	0
119.96000000000001	-0.09221	0
120.0	-0.09232	0
120.04	-0.09244	0
120.08	-0.09505	0
120.12	-0.09505	0
120.16	-0.09505	0
120.2	-0.09505	0
120.24000000000001	-0.09505	0
120.28	-0.09505	0
120.32000000000001	-0.09505	0
120.36	-0.09505	0
120.4	-0.09505	0
120.44	-0.09505	0
120.48	-0.09505	0
120.52	-0.09505	0
120.56	-0.09505	0
120.60000000000001	-0.09505	0
120.64	-0.09505	0
120.68	-0.09505	0
120.72	-0.09505	0
120.76	-0.09505	0
120.8	-0.09505	0
120.84	-0.09505	0
120.88	-0.09505	0
120.92	-0.09505	0
120.96000000000001	-0.09505	0
121.0	-0.09505	0
121.04	-0.09505	0
121.08	-0.09505	0
121.12	-0.09505	0
121.16	-0.09505	0
121.2	-0.09505	0
121.24000000000001	-0.09505	0
121.28	-0.09505	0
121.32000000000001	-0.09505	0
121.36	-0.09505	0
121.4	-0.09505	0
121.44	-0.09505	0
121.48	-0.09505	0
121.52	-0.09505	0
121.56	-0.09505	0
121.60000000000001	-0.09505	0
121.64	-0.09374	0
121.68	-0.09374	0
121.72	-0.09374	0
121.76	-0.09374	0
121.8	-0.09374	0
121.84	-0.09374	0
121.88	-0.09374	0
121.92	-0.09374	0
121.96000000000001	-0.09374	0
122.0	-0.09255	0
122.04	-0.09255	0
122.08	-0.09255	0
122.12	-0.09255	0
122.16	-0.09255	0
122.2	-0.09255	0
122.24000000000001	-0.09255	0
122.28	-0.09255	0
122.32000000000001	-0.09255	0
122.36	-0.09255	0
122.4	-0.09255	0
122.44	-0.09255	0
122.48	-0.09255	0
122.52	-0.09255	0
122.56	-0.09255	0
122.60000000000001	-0.09255	0
122.64	-0.09255	0
122.68	-0.09255	0
122.72	-0.09255	0
122.76	-0.09255	0
122.8	-0.09255	0
122.84	-0.09255	0
122.88	-0.09255	0
122.92	-0.09255	0
122.96000000000001	-0.09255	0
123.0	-0.09255	0
123.04	-0.09255	0
123.08	-0.09255	0
123.12	-0.09255	0
123.16	-0.09255	0
123.2	-0.09255	0
123.24000000000001	-0.09255	0
123.28	-0.09255	0
123.32000000000001	-0.09255	0
123.36	-0.09255	0
123.4	-0.09255	0
123.44	-0.09255	0
123.48	-0.09255	0
123.52	-0.09255	0
123.56	-0.09255	0
123.60000000000001	-0.09255	0
123.64	-0.09255	0
123.68	-0.09255	0
123.72	-0.09255	0
123.76	-0.09255	0
123.8	-0.09255	0
123.84	-0.09255	1
123.88000000000001	-0.09255	1
123.92	-0.09255	1
123.96000000000001	-0.09255	1
124.0	-0.09255	1
124.04	-0.09255	1
124.08	-0.09255	1
124.12	-0.09255	1
124.16	-0.09255	1
124.2	-0.09255	1
124.24000000000001	-0.09255	1
124.28	-0.09255	1
124.32000000000001	-0.09255	1
124.36	-0.09255	1
124.4	-0.09255	1
124.44	-0.09255	1
124.48	-0.09255	1
124.52	-0.09255	1
124.56	-0.09255	1
124.60000000000001	-0.09255	1
124.64	-0.09255	1
124.68	-0.09255	1
124.72	-0.09255	1
124.76	-0.09255	1
124.8	-0.09255	1
124.84	-0.09255	1
124.88000000000001	-0.09255	1
124.92	-0.09255	1
124.96000000000001	-0.09255	1
125.0	-0.09255	1
125.04	-0.09255	1
125.08	-0.09255	1
125.12	-0.09255	1
125.16	-0.09255	1
125.2	-0.09255	1
125.24000000000001	-0.09135	1
125.28	-0.09146	1
125.32000000000001	-0.09158	1
125.36	-0.09169	1
125.4	-0.09180	1
125.44	-0.09192	1
125.48	-0.09203	1
125.52	-0.09215	1
125.56	-0.09226	1
125.60000000000001	-0.09237	1
125.64	-0.09249	1
125.68	-0.09260	1
125.72	-0.09260	1
125.76	-0.09260	1
125.8	-0.09260	1
125.84	-0.09260	1
125.88000000000001	-0.09260	1
125.92	-0.09260	1
125.96000000000001	-0.09260	1
126.0	-0.09260	1
126.04	-0.09260	1
126.08	-0.09260	1
126.12	-0.09260	1
126.16	-0.09260	1
126.2	-0.09260	1
126.24000000000001	-0.09260	1
126.28	-0.09260	1
126.32000000000001	-0.09260	1
126.36	-0.09260	1
126.4	-0.09260	1
126.44	-0.09260	1
126.48	-0.09260	1
126.52	-0.09260	1
126.56	-0.09260	1
126.60000000000001	-0.09260	1
126.64	-0.09140	1
126.68	-0.09151	1
126.72	-0.09163	1
126.76	-0.09174	1
126.8	-0.09185	1
126.84	-0.09197	1
126.88000000000001	-0.09208	1
126.92	-0.09219	1
126.96000000000001	-0.09231	1
127.0	-0.09242	1
127.04	-0.09253	1
127.08	-0.09253	1
127.12	-0.09253	1
127.16	-0.09253	1
127.2	-0.09253	1
127.24000000000001	-0.09253	1
127.28	-0.09253	1
127.32000000000001	-0.09253	1
127.36	-0.09253	1
127.4	-0.09253	1
127.44	-0.09134	1
127.48	-0.09145	1
127.52	-0.09156	1
127.56	-0.09168	1
127.60000000000001	-0.09179	1
127.64	-0.09190	1
127.68	-0.09202	1
127.72	-0.09213	1
127.76	-0.09224	1
127.8	-0.09236	1
127.84	-0.09116	1
127.88000000000001	-0.09127	1
127.92	-0.09139	1
127.96000000000001	-0.09150	1
128.0	-0.09161	1
128.04	-0.09173	1
128.08	-0.09184	1
128.12	-0.09195	1
128.16	-0.09207	1
128.2	-0.09218	1
128.24	-0.09229	1
128.28	-0.09241	1
128.32	-0.09252	1
128.36	-0.09252	1
128.4	-0.09252	1
128.44	-0.09252	1
128.48	-0.09252	1
128.52	-0.09252	1
128.56	-0.09132	1
128.6	-0.09144	1
128.64000000000001	-0.09155	1
128.68	-0.09166	0
128.72	-0.09178	0
128.76	-0.09189	0
128.8	-0.09200	0
128.84	-0.09212	0
128.88	-0.09223	0
128.92000000000002	-0.09104	0
128.96	-0.09115	0
129.0	-0.09126	0
129.04	-0.09137	0
129.08	-0.09149	0
129.12	-0.09160	0
129.16	-0.09041	0
129.2	-0.09052	0
129.24	-0.09063	0
129.28	-0.09075	0
129.32	-0.09086	0
129.36	-0.09097	0
129.4	-0.09109	0
129.44	-0.09120	0
129.48	-0.09131	0
129.52	-0.09142	0
129.56	-0.09154	0
129.6	-0.09035	0
129.64000000000001	-0.09046	0
129.68	-0.09057	0
129.72	-0.09069	0
129.76	-0.09080	0
129.8	-0.09091	0
129.84	-0.09102	0
129.88	-0.09114	0
129.92000000000002	-0.09125	0
129.96	-0.09136	1
130.0	-0.09148	1
130.04	-0.09159	1
130.08	-0.09170	1
130.12	-0.09182	1
130.16	-0.09193	1
130.2	-0.09205	1
130.24	-0.09085	1
130.28	-0.09096	1
130.32	-0.08976	1
130.36	-0.08987	1
130.4	-0.08999	1
130.44	-0.09010	1
130.48	-0.09021	1
130.52	-0.09033	1
130.56	-0.09044	1
130.6	-0.09056	1
130.64000000000001	-0.09067	1
130.68	-0.09078	1
130.72	-0.09090	1
130.76	-0.08970	1
130.8	-0.08981	1
130.84	-0.08993	1
130.88	-0.09004	1
130.92000000000002	-0.09015	1
130.96	-0.09027	1
131.0	-0.08907	1
131.04	-0.08918	1
131.08	-0.08930	1
131.12	-0.08941	1
131.16	-0.08952	1
131.2	-0.08964	1
131.24	-0.08975	1
131.28	-0.08986	1
131.32	-0.08998	1
131.36	-0.09009	1
131.4	-0.09021	1
131.44	-0.09032	1
131.48	-0.09043	1
131.52	-0.09055	1
131.56	-0.09066	1
131.6	-0.09077	1
131.64000000000001	-0.09089	1
131.68	-0.09100	1
131.72	-0.09111	1
131.76	-0.09122	1
131.8	-0.09134	1
131.84	-0.09145	1
131.88	-0.09156	1
131.92000000000002	-0.09168	1
131.96	-0.09179	1
132.0	-0.09190	1
132.04	-0.09202	1
132.08	-0.09213	1
132.12	-0.09224	1
132.16	-0.09235	1
132.2	-0.09247	1
132.24	-0.09258	1
132.28	-0.09258	1
132.32	-0.09258	1
132.36	-0.09258	1
132.4	-0.09139	1
132.44	-0.09150	1
132.48	-0.09161	1
132.52	-0.09173	1
132.56	-0.09184	1
132.6	-0.09195	1
132.64000000000001	-0.09207	1
132.68	-0.09218	1
132.72	-0.09229	1
132.76	-0.09240	1
132.8	-0.09252	1
132.84	-0.09252	1
132.88	-0.09252	1
132.92000000000002	-0.09252	1
132.96	-0.09252	1
133.0	-0.09252	1
133.04	-0.09252	1
133.08	-0.09252	1
133.12	-0.09252	1
133.16	-0.09252	1
133.2	-0.09133	1
133.24	-0.09144	1
133.28	-0.09025	1
133.32	-0.09036	1
133.36	-0.09047	1
133.4	-0.09059	1
133.44	-0.09070	1
133.48	-0.08951	1
133.52	-0.08962	1
133.56	-0.08974	1
133.6	-0.08985	1
133.64000000000001	-0.08996	1
133.68	-0.09007	1
133.72	-0.09019	1
133.76	-0.08900	1
133.8	-0.08911	1
133.84	-0.08922	1
133.88	-0.08934	1
133.92000000000002	-0.08945	1
133.96	-0.08956	1
134.0	-0.08968	1
134.04	-0.08979	1
134.08	-0.08990	1
134.12	-0.09001	1
134.16	-0.09013	1
134.2	-0.09024	1
134.24	-0.09035	1
134.28	-0.09046	1
134.32	-0.09058	1
134.36	-0.09069	1
134.4	-0.09080	1
134.44	-0.09091	1
134.48	-0.09103	1
134.52	-0.08984	1
134.56	-0.08995	1
134.6	-0.09007	1
134.64000000000001	-0.09018	1
134.68	-0.09029	1
134.72	-0.09289	1
134.76	-0.09289	1
134.8	-0.09289	1
134.84	-0.09289	1
134.88	-0.09289	1
134.92000000000002	-0.09289	1
134.96	-0.09289	1
135.0	-0.09289	1
135.04	-0.09289	1
135.08	-0.09170	1
135.12	-0.09181	1
135.16	-0.09192	1
135.2	-0.09204	1
135.24	-0.09215	1
135.28	-0.09226	1
135.32	-0.09237	1
135.36	-0.09248	1
135.4	-0.09260	1
135.44	-0.09141	1
135.48	-0.09152	1
135.52	-0.09164	1
135.56	-0.09175	1
135.6	-0.09186	1
135.64000000000001	-0.09197	1
135.68	-0.09209	1
135.72	-0.09220	1
135.76	-0.09231	1
135.8	-0.09242	1
135.84	-0.09253	1
135.88	-0.09253	1
135.92000000000002	-0.09253	1
135.96	-0.09253	1
136.0	-0.09253	1
136.04	-0.09253	1
136.08	-0.09253	1
136.12	-0.09253	1
136.16	-0.09253	1
136.2	-0.09253	1
136.24	-0.09253	1
136.28	-0.09253	1
136.32	-0.09253	1
136.36	-0.09135	1
136.4	-0.09146	1
136.44	-0.09157	1
136.48	-0.09169	1
136.52	-0.09180	1
136.56	-0.09191	1
136.6	-0.09202	1
136.64000000000001	-0.09213	1
136.68	-0.09225	1
136.72	-0.09236	1
136.76	-0.09247	1
136.8	-0.09258	1
136.84	-0.09258	1
136.88	-0.09258	1
136.92000000000002	-0.09258	1
136.96	-0.09258	1
137.0	-0.09258	1
137.04	-0.09258	1
137.08	-0.09258	1
137.12	-0.09258	1
137.16	-0.09258	1
137.20000000000002	-0.09258	1
137.24	-0.09258	1
137.28	-0.09258	1
137.32	-0.09258	1
137.36	-0.09258	1
137.4	-0.09258	1
137.44	-0.09258	1
137.48	-0.09258	1
137.52	-0.09258	1
137.56	-0.09258	0
137.6	-0.09258	0
137.64000000000001	-0.09258	0
137.68	-0.09258	0
137.72	-0.09258	0
137.76	-0.09258	0
137.8	-0.09258	0
137.84	-0.09258	0
137.88	-0.09258	0
137.92000000000002	-0.09258	0
137.96	-0.09258	0
138.0	-0.09258	0
138.04	-0.09258	0
138.08	-0.09258	0
138.12	-0.09258	0
138.16	-0.09258	0
138.20000000000002	-0.09258	0
138.24	-0.09258	0
138.28	-0.09140	0
138.32	-0.09151	0
138.36	-0.09162	0
138.4	-0.09174	0
138.44	-0.09185	0
138.48	-0.09196	0
138.52	-0.09207	0
138.56	-0.09218	0
138.6	-0.09229	0
138.64000000000001	-0.09241	0
138.68	-0.09252	0
138.72	-0.09252	0
138.76	-0.09252	0
138.8	-0.09252	0
138.84	-0.09252	0
138.88	-0.09252	0
138.92000000000002	-0.09252	0
138.96	-0.09252	0
139.0	-0.09252	0
139.04	-0.09252	0
139.08	-0.09252	0
139.12	-0.09134	0
139.16	-0.09145	0
139.20000000000002	-0.09156	0
139.24	-0.09167	0
139.28	-0.09178	0
139.32	-0.09190	0
139.36	-0.09201	0
139.4	-0.09083	0
139.44	-0.09094	0
139.48	-0.08847	0
139.52	-0.08859	0
139.56	-0.08870	0
139.6	-0.08881	0
139.64000000000001	-0.08892	0
139.68	-0.08903	0
139.72	-0.08915	0
139.76	-0.08926	0
139.8	-0.08937	0
139.84	-0.08948	0
139.88	-0.08959	0
139.92000000000002	-0.08970	0
139.96	-0.08982	0
140.0	-0.08993	0
140.04	-0.09004	0
140.08	-0.09015	0
140.12	-0.09026	0
140.16	-0.09037	0
140.20000000000002	-0.09048	0
140.24	-0.09060	0
140.28	-0.08942	0
140.32	-0.09210	0
140.36	-0.09222	0
140.4	-0.09233	0
140.44	-0.09244	0
140.48	-0.09126	0
140.52	-0.09138	0
140.56	-0.09149	0
140.6	-0.09160	0
140.64000000000001	-0.09171	0
140.68	-0.09182	0
140.72	-0.09193	1
140.76	-0.09205	1
140.8	-0.09216	1
140.84	-0.09227	1
140.88	-0.09107	1
140.92000000000002	-0.09119	1
140.96	-0.09130	1
141.0	-0.09142	1
141.04	-0.09153	1
141.08	-0.09164	1
141.12	-0.09176	1
141.16	-0.09187	1
141.20000000000002	-0.09198	1
141.24	-0.09210	1
141.28	-0.09221	1
141.32	-0.09101	1
141.36	-0.09112	1
141.4	-0.09124	1
141.44	-0.09135	1
141.48	-0.09147	1
141.52	-0.09158	1
141.56	-0.09169	1
141.6	-0.09181	1
141.64000000000001	-0.09192	1
141.68	-0.09203	1
141.72	-0.09215	1
141.76	-0.09226	1
141.8	-0.09237	1
141.84	-0.09249	1
141.88	-0.09129	1
141.92000000000002	-0.09140	1
141.96	-0.09152	1
142.0	-0.09163	1
142.04	-0.09174	1
142.08	-0.09186	1
142.12	-0.09197	1
142.16	-0.09328	1
142.20000000000002	-0.09328	1
142.24	-0.09328	1
142.28	-0.09328	1
142.32	-0.09328	1
142.36	-0.09328	1
142.4	-0.09328	1
142.44	-0.09328	1
142.48	-0.09328	1
142.52	-0.09328	1
142.56	-0.09328	1
142.6	-0.09328	1
142.64000000000001	-0.09328	1
142.68	-0.09328	1
142.72	-0.09328	1
142.76	-0.09328	1
142.8	-0.09328	1
142.84	-0.09328	1
142.88	-0.09328	1
142.92000000000002	-0.09328	1
142.96	-0.09328	1
143.0	-0.09328	1
143.04	-0.09328	1
143.08	-0.09328	1
143.12	-0.09328	1
143.16	-0.09328	1
143.20000000000002	-0.09328	1
143.24	-0.09328	1
143.28	-0.09208	1
143.32	-0.09220	1
143.36	-0.09100	1
143.4	-0.09111	1
143.44	-0.09123	1
143.48	-0.09134	0
143.52	-0.09145	0
143.56	-0.09157	0
143.6	-0.09168	0
143.64000000000001	-0.09179	0
143.68	-0.09190	0
143.72	-0.09202	0
143.76	-0.09213	0
143.8	-0.09224	0
143.84	-0.09236	0
143.88	-0.09247	0
143.92000000000002	-0.09258	0
143.96	-0.09258	0
144.0	-0.09258	0
144.04	-0.09258	0
144.08	-0.09258	0
144.12	-0.09258	0
144.16	-0.09258	0
144.20000000000002	-0.09258	0
144.24	-0.09258	0
144.28	-0.09258	0
144.32	-0.09258	0
144.36	-0.09258	0
144.4	-0.09139	0
144.44	-0.09150	0
144.48	-0.09031	0
144.52	-0.09042	0
144.56	-0.09054	0
144.6	-0.09065	0
144.64000000000001	-0.09076	0
144.68	-0.09088	0
144.72	-0.09099	0
144.76	-0.09110	0
144.8	-0.09121	0
144.84	-0.09133	0
144.88	-0.09144	0
144.92000000000002	-0.09155	0
144.96	-0.09167	0
145.0	-0.09178	0
145.04	-0.09189	0
145.08	-0.09200	0
145.12	-0.09212	0
145.16	-0.09223	0
145.20000000000002	-0.09234	0
145.24	-0.09115	0
145.28	-0.09126	0
145.32	-0.09138	0
145.36	-0.09149	0
145.4	-0.09160	0
145.44	-0.09171	0
145.48	-0.09183	0
145.52	-0.09194	0
145.56	-0.09205	0
145.6	-0.09217	0
145.64000000000001	-0.09228	0
145.68	-0.09239	0
145.72	-0.09250	0
145.76	-0.09250	0
145.8	-0.09131	0
145.84	-0.09143	0
145.88	-0.09154	0
145.92000000000002	-0.09165	0
145.96	-0.09176	0
146.0	-0.09058	0
146.04	-0.09069	0
146.08	-0.09080	0
146.12	-0.09091	0
146.16	-0.09103	0
146.20000000000002	-0.09114	0
146.24	-0.09125	0
146.28	-0.09136	0
146.32	-0.09148	0
146.36	-0.09029	0
146.4	-0.08910	0
146.44	-0.08922	0
146.48	-0.08933	0
146.52	-0.08944	0
146.56	-0.08826	0
146.6	-0.08837	0
146.64000000000001	-0.08848	0
146.68	-0.08860	0
146.72	-0.08871	0
146.76	-0.08882	0
146.8	-0.08893	0
146.84	-0.08905	0
146.88	-0.08916	0
146.92000000000002	-0.08927	0
146.96	-0.08938	0
147.0	-0.09079	0
147.04	-0.09090	0
147.08	-0.09102	0
147.12	-0.09113	0
147.16	-0.09124	0
147.20000000000002	-0.09135	0
147.24	-0.09146	0
147.28	-0.09158	0
147.32	-0.09169	0
147.36	-0.09051	0
147.4	-0.09062	0
147.44	-0.09073	0
147.48	-0.09084	0
147.52	-0.09095	0
147.56	-0.09107	0
147.6	-0.09118	0
147.64000000000001	-0.09129	0
147.68	-0.09140	1
147.72	-0.09152	1
147.76	-0.09163	1
147.8	-0.09043	1
147.84	-0.08923	1
147.88	-0.08934	1
147.92000000000002	-0.08814	1
147.96	-0.08826	1
148.0	-0.08837	1
148.04	-0.08849	1
148.08	-0.08860	1
148.12	-0.08871	1
148.16	-0.08883	1
148.20000000000002	-0.08894	1
148.24	-0.08906	1
148.28	-0.08917	1
148.32	-0.08928	1
148.36	-0.08940	1
148.4	-0.08951	1
148.44	-0.08962	1
148.48	-0.08974	1
148.52	-0.08985	1
148.56	-0.08997	1
148.6	-0.09008	1
148.64000000000001	-0.09019	1
148.68	-0.08900	1
148.72	-0.08911	1
148.76	-0.08922	1
148.8	-0.08934	1
148.84	-0.08814	1
148.88	-0.08825	1
148.92000000000002	-0.08837	1
148.96	-0.08848	1
149.0	-0.08860	1
149.04	-0.08871	1
149.08	-0.08882	1
149.12	-0.08894	1
149.16	-0.08905	1
149.20000000000002	-0.08916	1
149.24	-0.08797	1
149.28	-0.08808	1
149.32	-0.08820	1
149.36	-0.08831	1
149.4	-0.08842	1
149.44	-0.08854	1
149.48	-0.08865	1
149.52	-0.08876	1
149.56	-0.08888	1
149.6	-0.08899	1
149.64000000000001	-0.08910	1
149.68	-0.08922	1
149.72	-0.08933	1
149.76	-0.08944	1
149.8	-0.08956	1
149.84	-0.08967	1
149.88	-0.08978	1
149.92000000000002	-0.08990	1
149.96	-0.09001	1
150.0	-0.09012	1
150.04	-0.09024	1
150.08	-0.09035	1
150.12	-0.09046	1
150.16	-0.08797	1
150.20000000000002	-0.08808	1
150.24	-0.08819	1
150.28	-0.08831	1
150.32	-0.08842	1
150.36	-0.08853	1
150.4	-0.08865	1
150.44	-0.08745	1
150.48	-0.08757	1
150.52	-0.08768	1
150.56	-0.08779	1
150.6	-0.08660	1
150.64000000000001	-0.08672	1
150.68	-0.08683	1
150.72	-0.08694	1
150.76	-0.08706	1
150.8	-0.08717	1
150.84	-0.08728	1
150.88	-0.08740	1
150.92000000000002	-0.08751	1
150.96	-0.08762	1
151.0	-0.08774	1
151.04	-0.08785	1
151.08	-0.08796	1
151.12	-0.08808	1
151.16	-0.08819	1
151.20000000000002	-0.08830	1
151.24	-0.08841	1
151.28	-0.09113	1
151.32	-0.09124	0
151.36	-0.09135	0
151.4	-0.09147	1
151.44	-0.09027	1
151.48	-0.09038	1
151.52	-0.09049	1
151.56	-0.09061	1
151.6	-0.09072	1
151.64000000000001	-0.09083	1
151.68	-0.09095	1
151.72	-0.09106	1
151.76	-0.09118	1
151.8	-0.09129	1
151.84	-0.09140	1
151.88	-0.09152	1
151.92000000000002	-0.09163	1
151.96	-0.09174	1
152.0	-0.09186	1
152.04	-0.09197	1
152.08	-0.09208	1
152.12	-0.09220	1
152.16	-0.09231	1
152.20000000000002	-0.09242	1
152.24	-0.09254	1
152.28	-0.09254	1
152.32	-0.09254	1
152.36	-0.09254	1
152.4	-0.09254	1
152.44	-0.09254	1
152.48	-0.09254	1
152.52	-0.09254	1
152.56	-0.09254	1
152.6	-0.09254	1
152.64000000000001	-0.09254	1
152.68	-0.09254	1
152.72	-0.09254	1
152.76	-0.09254	1
152.8	-0.09254	1
152.84	-0.09254	1
152.88	-0.09254	1
152.92000000000002	-0.09254	1
152.96	-0.09254	1
153.0	-0.09254	1
153.04	-0.09254	1
153.08	-0.09134	1
153.12	-0.09145	1
153.16	-0.09157	1
153.20000000000002	-0.09168	1
153.24	-0.09048	1
153.28	-0.09060	1
153.32	-0.09071	1
153.36	-0.09082	1
153.4	-0.09094	1
153.44	-0.08974	1
153.48	-0.08985	1
153.52	-0.08997	1
153.56	-0.09008	1
153.6	-0.09019	1
153.64000000000001	-0.09031	1
153.68	-0.09042	1
153.72	-0.09053	1
153.76	-0.09065	1
153.8	-0.09076	1
153.84	-0.09087	1
153.88	-0.09099	1
153.92000000000002	-0.09110	1
153.96	-0.09121	1
154.0	-0.09133	1
154.04	-0.09144	1
154.08	-0.09155	0
154.12	-0.09167	0
154.16	-0.09178	0
154.20000000000002	-0.09059	0
154.24	-0.09070	0
154.28	-0.09081	0
154.32	-0.09093	0
154.36	-0.09104	0
154.4	-0.09115	0
154.44	-0.09126	0
154.48	-0.09138	0
154.52	-0.09019	0
154.56	-0.09030	0
154.6	-0.09041	0
154.64000000000001	-0.08922	0
154.68	-0.08933	0
154.72	-0.08814	0
154.76	-0.08825	0
154.8	-0.08837	0
154.84	-0.08848	0
154.88	-0.08859	0
154.92000000000002	-0.08871	0
154.96	-0.08882	0
155.0	-0.08893	0
155.04	-0.08905	0
155.08	-0.09177	0
155.12	-0.09188	0
155.16	-0.09069	0
155.20000000000002	-0.09080	0
155.24	-0.08961	0
155.28	-0.08972	0
155.32	-0.08984	0
155.36	-0.08995	0
155.4	-0.09006	0
155.44	-0.09018	0
155.48	-0.09029	0
155.52	-0.09040	0
155.56	-0.09051	0
155.6	-0.09312	0
155.64000000000001	-0.09312	0
155.68	-0.09312	0
155.72	-0.09312	0
155.76	-0.09312	0
155.8	-0.09312	0
155.84	-0.09312	0
155.88	-0.09312	0
155.92000000000002	-0.09312	0
155.96	-0.09312	0
156.0	-0.09312	0
156.04	-0.09312	0
156.08	-0.09312	0
156.12	-0.09312	0
156.16	-0.09312	0
156.20000000000002	-0.09312	0
156.24	-0.09312	0
156.28	-0.09312	0
156.32	-0.09312	0
156.36	-0.09312	0
156.4	-0.09193	0
156.44	-0.09204	0
156.48	-0.09215	0
156.52	-0.09227	0
156.56	-0.09238	0
156.6	-0.09249	1
156.64000000000001	-0.09261	1
156.68	-0.09261	1
156.72	-0.09261	1
156.76	-0.09261	1
156.8	-0.09261	1
156.84	-0.09261	1
156.88	-0.09261	1
156.92000000000002	-0.09261	1
156.96	-0.09261	1
157.0	-0.09261	1
157.04	-0.09261	1
157.08	-0.09261	1
157.12	-0.09261	1
157.16	-0.09261	1
157.20000000000002	-0.09261	1
157.24	-0.09261	1
157.28	-0.09261	1
157.32	-0.09261	1
157.36	-0.09261	1
157.4	-0.09261	1
157.44	-0.09140	1
157.48	-0.09152	1
157.52	-0.09163	1
157.56	-0.09175	1
157.6	-0.09186	1
157.64000000000001	-0.09197	1
157.68	-0.09209	1
157.72	-0.09220	1
157.76	-0.09231	1
157.8	-0.09111	1
157.84	-0.09123	1
157.88	-0.09134	1
157.92000000000002	-0.09145	1
157.96	-0.09157	1
158.0	-0.09168	1
158.04	-0.09180	1
158.08	-0.09191	1
158.12	-0.09202	1
158.16	-0.09214	1
158.20000000000002	-0.09225	1
158.24	-0.09236	1
158.28	-0.09248	1
158.32	-0.09259	1
158.36	-0.09259	1
158.4	-0.09259	1
158.44	-0.09139	1
158.48	-0.09150	1
158.52	-0.09413	1
158.56	-0.09413	1
158.6	-0.09413	1
158.64000000000001	-0.09413	1
158.68	-0.09413	1
158.72	-0.09413	1
158.76	-0.09413	1
158.8	-0.09413	1
158.84	-0.09413	1
158.88	-0.09413	1
158.92000000000002	-0.09413	1
158.96	-0.09413	1
159.0	-0.09413	1
159.04	-0.09282	1
159.08	-0.09282	1
159.12	-0.09282	1
159.16	-0.09282	1
159.20000000000002	-0.09162	1
159.24	-0.09173	1
159.28	-0.09185	1
159.32	-0.09065	1
159.36	-0.08945	1
159.4	-0.08957	1
159.44	-0.08968	1
159.48	-0.09241	1
159.52	-0.09252	1
159.56	-0.09252	1
159.6	-0.09252	1
159.64000000000001	-0.09252	1
159.68	-0.09252	1
159.72	-0.09252	1
159.76	-0.09252	1
159.8	-0.09252	1
159.84	-0.09252	1
159.88	-0.09252	1
159.92000000000002	-0.09252	1
159.96	-0.09252	1
160.0	-0.09252	1
160.04	-0.09133	1
160.08	-0.09144	1
160.12	-0.09156	1
160.16	-0.09167	1
160.20000000000002	-0.09178	1
160.24	-0.09189	1
160.28	-0.09201	1
160.32	-0.09212	1
160.36	-0.09223	1
160.4	-0.09235	1
160.44	-0.09246	1
160.48	-0.09257	1
160.52	-0.09257	1
160.56	-0.09257	1
160.6	-0.09257	1
160.64000000000001	-0.09257	1
160.68	-0.09257	1
160.72	-0.09257	1
160.76	-0.09257	1
160.8	-0.09257	1
160.84	-0.09257	1
160.88	-0.09257	1
160.92000000000002	-0.09257	1
160.96	-0.09257	1
161.0	-0.09257	1
161.04	-0.09257	1
161.08	-0.09257	1
161.12	-0.09257	1
161.16	-0.09257	1
161.20000000000002	-0.09257	1
161.24	-0.09257	1
161.28	-0.09257	1
161.32	-0.09007	1
161.36	-0.09019	1
161.4	-0.09030	1
161.44	-0.09041	1
161.48	-0.09052	1
161.52	-0.09064	1
161.56	-0.09075	1
161.6	-0.09086	1
161.64000000000001	-0.09098	1
161.68	-0.09109	1
161.72	-0.09120	1
161.76	-0.09132	1
161.8	-0.09143	1
161.84	-0.09154	1
161.88	-0.09165	1
161.92000000000002	-0.09426	1
161.96	-0.09426	1
162.0	-0.09426	1
162.04	-0.09426	1
162.08	-0.09426	1
162.12	-0.09426	1
162.16	-0.09296	1
162.20000000000002	-0.09296	1
162.24	-0.09177	1
162.28	-0.09188	1
162.32	-0.09199	1
162.36	-0.09211	1
162.4	-0.09222	1
162.44	-0.09233	1
162.48	-0.09114	1
162.52	-0.09125	1
162.56	-0.09137	1
162.6	-0.09148	1
162.64000000000001	-0.09159	1
162.68	-0.09170	1
162.72	-0.09182	1
162.76	-0.09193	1
162.8	-0.09204	1
162.84	-0.09216	1
162.88	-0.09227	1
162.92000000000002	-0.09238	1
162.96	-0.09249	1
163.0	-0.09261	1
163.04	-0.09261	1
163.08	-0.09261	1
163.12	-0.09261	1
163.16	-0.09261	1
163.20000000000002	-0.09261	1
163.24	-0.09261	1
163.28	-0.09261	1
163.32	-0.09261	1
163.36	-0.09261	1
163.4	-0.09261	1
163.44	-0.09261	1
163.48	-0.09261	1
163.52	-0.09261	1
163.56	-0.09261	1
163.6	-0.09261	1
163.64000000000001	-0.09261	1
163.68	-0.09261	1
163.72	-0.09261	0
163.76	-0.09261	0
163.8	-0.09261	0
163.84	-0.09261	0
163.88	-0.09261	0
163.92000000000002	-0.09261	0
163.96	-0.09261	0
164.0	-0.09261	0
164.04	-0.09261	0
164.08	-0.09261	0
164.12	-0.09261	0
164.16	-0.09261	0
164.20000000000002	-0.09261	0
164.24	-0.09261	0
164.28	-0.09261	0
164.32	-0.09261	0
164.36	-0.09261	0
164.4	-0.09261	0
164.44	-0.09261	0
164.48	-0.09261	0
164.52	-0.09261	0
164.56	-0.09261	0
164.6	-0.09261	0
164.64000000000001	-0.09261	0
164.68	-0.09261	0
164.72	-0.09261	0
164.76	-0.09261	0
164.8	-0.09261	0
164.84	-0.09261	0
164.88	-0.09261	0
164.92000000000002	-0.09261	0
164.96	-0.09261	0
165.0	-0.09261	0
165.04	-0.09261	0
165.08	-0.09261	0
165.12	-0.09261	0
165.16	-0.09261	0
165.20000000000002	-0.09261	0
165.24	-0.09261	0
165.28	-0.09261	0
165.32	-0.09261	0
165.36	-0.09261	0
165.4	-0.09261	0
165.44	-0.09261	1
165.48	-0.09261	1
165.52	-0.09261	1
165.56	-0.09261	1
165.6	-0.09261	1
165.64000000000001	-0.09261	1
165.68	-0.09140	1
165.72	-0.09152	1
165.76	-0.09163	1
165.8	-0.09175	1
165.84	-0.09186	1
165.88	-0.09197	1
165.92000000000002	-0.09209	1
165.96	-0.09220	1
166.0	-0.09231	1
166.04	-0.09243	1
166.08	-0.09254	1
166.12	-0.09254	1
166.16	-0.09254	1
166.20000000000002	-0.09254	1
166.24	-0.09254	1
166.28	-0.09254	1
166.32	-0.09254	1
166.36	-0.09254	1
166.4	-0.09254	1
166.44	-0.09254	1
166.48	-0.09254	1
166.52	-0.09254	1
166.56	-0.09254	1
166.6	-0.09254	1
166.64000000000001	-0.09254	1
166.68	-0.09254	1
166.72	-0.09254	1
166.76	-0.09254	1
166.8	-0.09254	1
166.84	-0.09254	1
166.88	-0.09254	1
166.92000000000002	-0.09254	1
166.96	-0.09254	1
167.0	-0.09254	1
167.04	-0.09134	1
167.08	-0.09145	1
167.12	-0.09157	1
167.16	-0.09168	1
167.20000000000002	-0.09179	1
167.24	-0.09191	1
167.28	-0.09202	1
167.32	-0.09214	1
167.36	-0.09225	1
167.4	-0.09236	1
167.44	-0.09248	1
167.48	-0.09510	1
167.52	-0.09379	1
167.56	-0.09379	1
167.6	-0.09379	1
167.64000000000001	-0.09379	1
167.68	-0.09259	1
167.72	-0.09259	1
167.76	-0.09259	1
167.8	-0.09259	1
167.84	-0.09259	1
167.88	-0.09259	1
167.92000000000002	-0.09259	1
167.96	-0.09259	1
168.0	-0.09259	1
168.04	-0.09259	1
168.08	-0.09259	1
168.12	-0.09259	1
168.16	-0.09259	1
168.20000000000002	-0.09259	1
168.24	-0.09259	1
168.28	-0.09259	1
168.32	-0.09259	1
168.36	-0.09259	1
168.4	-0.09139	1
168.44	-0.09150	1
168.48	-0.09162	1
168.52	-0.09173	1
168.56	-0.09184	1
168.6	-0.09196	1
168.64000000000001	-0.09207	1
168.68	-0.09469	1
168.72	-0.09338	1
168.76	-0.09338	1
168.8	-0.09338	1
168.84	-0.09338	1
168.88	-0.09338	1
168.92000000000002	-0.09338	1
168.96	-0.09338	1
169.0	-0.09338	1
169.04	-0.09338	1
169.08	-0.09338	1
169.12	-0.09338	1
169.16	-0.09338	1
169.20000000000002	-0.09338	1
169.24	-0.09338	1
169.28	-0.09338	1
169.32	-0.09338	1
169.36	-0.09338	1
169.4	-0.09338	1
169.44	-0.09338	1
169.48	-0.09338	1
169.52	-0.09338	1
169.56	-0.09338	1
169.6	-0.09338	1
169.64000000000001	-0.09338	1
169.68	-0.09338	1
169.72	-0.09338	1
169.76	-0.09338	1
169.8	-0.09338	1
169.84	-0.09218	1
169.88	-0.09230	1
169.92000000000002	-0.09241	1
169.96	-0.09252	1
170.0	-0.09252	1
170.04	-0.09252	1
170.08	-0.09252	1
170.12	-0.09252	1
170.16	-0.09133	1
170.20000000000002	-0.09144	1
170.24	-0.09155	1
170.28	-0.09167	1
170.32	-0.09178	1
170.36	-0.09189	1
170.4	-0.09201	1
170.44	-0.09212	1
170.48	-0.09223	1
170.52	-0.09235	1
170.56	-0.09246	1
170.6	-0.09257	1
170.64000000000001	-0.09257	1
170.68	-0.09257	1
170.72	-0.09257	1
170.76	-0.09257	1
170.8	-0.09257	1
170.84	-0.09257	1
170.88	-0.09257	1
170.92000000000002	-0.09257	1
170.96	-0.09257	1
171.0	-0.09257	1
171.04	-0.09257	1
171.08	-0.09257	1
171.12	-0.09257	1
171.16	-0.09257	1
171.20000000000002	-0.09257	1
171.24	-0.09257	1
171.28	-0.09257	1
171.32	-0.09257	1
171.36	-0.09257	1
171.4	-0.09257	1
171.44	-0.09257	1
171.48	-0.09257	1
171.52	-0.09257	1
171.56	-0.09257	1
171.6	-0.09257	1
171.64000000000001	-0.09138	1
171.68	-0.09149	1
171.72	-0.09030	1
171.76	-0.09041	1
171.8	-0.09052	1
171.84	-0.09064	1
171.88	-0.09075	1
171.92000000000002	-0.09086	1
171.96	-0.09098	1
172.0	-0.09109	1
172.04	-0.09120	1
172.08	-0.09132	1
172.12	-0.09012	1
172.16	-0.09024	1
172.20000000000002	-0.09035	1
172.24	-0.09046	1
172.28	-0.09058	1
172.32	-0.09069	1
172.36	-0.09080	1
172.4	-0.09091	1
172.44	-0.09103	1
172.48	-0.08984	1
172.52	-0.08995	1
172.56	-0.09006	1
172.6	-0.09018	1
172.64000000000001	-0.08898	1
172.68	-0.08779	1
172.72	-0.08791	1
172.76	-0.08802	1
172.8	-0.08813	1
172.84	-0.08825	1
172.88	-0.08836	1
172.92000000000002	-0.08847	1
172.96	-0.08859	1
173.0	-0.08870	1
173.04	-0.08881	1
173.08	-0.08893	1
173.12	-0.08904	1
173.16	-0.08915	1
173.20000000000002	-0.08926	1
173.24	-0.08938	1
173.28	-0.08949	1
173.32	-0.09220	1
173.36	-0.09232	1
173.4	-0.09243	1
173.44	-0.09254	1
173.48	-0.09254	1
173.52	-0.09254	1
173.56	-0.09254	1
173.6	-0.09254	1
173.64000000000001	-0.09254	1
173.68	-0.09254	1
173.72	-0.09254	1
173.76	-0.09254	1
173.8	-0.09254	1
173.84	-0.09254	1
173.88	-0.09135	1
173.92000000000002	-0.09147	1
173.96	-0.09158	1
174.0	-0.09039	1
174.04	-0.09050	1
174.08	-0.09062	1
174.12	-0.09073	1
174.16	-0.09084	1
174.20000000000002	-0.09095	1
174.24	-0.09107	1
174.28	-0.09118	1
174.32	-0.09129	1
174.36	-0.09140	1
174.4	-0.09152	1
174.44	-0.09163	1
174.48	-0.09174	1
174.52	-0.09185	1
174.56	-0.09067	1
174.6	-0.09078	1
174.64000000000001	-0.09089	1
174.68	-0.09100	1
174.72	-0.09112	1
174.76	-0.09123	1
174.8	-0.09134	1
174.84	-0.09145	1
174.88	-0.09157	1
174.92000000000002	-0.09168	1
174.96	-0.09179	1
175.0	-0.09190	1
175.04	-0.09201	1
175.08	-0.09213	1
175.12	-0.09224	1
175.16	-0.09105	1
175.20000000000002	-0.09117	1
175.24	-0.09128	1
175.28	-0.09387	1
175.32	-0.09387	1
175.36	-0.09257	1
175.4	-0.09257	1
175.44	-0.09257	1
175.48	-0.09139	1
175.52	-0.09150	1
175.56	-0.09161	1
175.6	-0.09043	1
175.64000000000001	-0.09054	1
175.68	-0.09066	1
175.72	-0.09077	1
175.76	-0.09088	1
175.8	-0.08970	1
175.84	-0.08981	1
175.88	-0.08992	1
175.92000000000002	-0.09004	1
175.96	-0.09015	1
176.0	-0.09026	1
176.04	-0.09284	1
176.08	-0.09284	1
176.12	-0.09284	1
176.16	-0.09166	1
176.20000000000002	-0.09178	1
176.24	-0.09189	1
176.28	-0.09200	1
176.32	-0.09458	1
176.36	-0.09458	1
176.4	-0.09458	1
176.44	-0.09458	1
176.48	-0.09458	1
176.52	-0.09458	1
176.56	-0.09458	1
176.6	-0.09458	1
176.64000000000001	-0.09458	1
176.68	-0.09458	1
176.72	-0.09458	1
176.76	-0.09458	1
176.8	-0.09329	1
176.84	-0.09329	1
176.88	-0.09329	1
176.92000000000002	-0.09329	1
176.96	-0.09329	1
177.0	-0.09329	1
177.04	-0.09329	1
177.08	-0.09329	1
177.12	-0.09329	1
177.16	-0.09211	1
177.20000000000002	-0.09222	1
177.24	-0.09233	1
177.28	-0.09245	1
177.32	-0.09256	1
177.36	-0.09256	1
177.4	-0.09256	1
177.44	-0.09256	1
177.48	-0.09256	1
177.52	-0.09256	1
177.56	-0.09256	1
177.6	-0.09256	0
177.64000000000001	-0.09256	0
177.68	-0.09256	0
177.72	-0.09256	0
177.76	-0.09256	0
177.8	-0.09256	0
177.84	-0.09256	0
177.88	-0.09256	0
177.92000000000002	-0.09256	0
177.96	-0.09256	0
178.0	-0.09256	0
178.04	-0.09256	0
178.08	-0.09256	0
178.12	-0.09256	0
178.16	-0.09138	0
178.20000000000002	-0.09149	0
178.24	-0.09160	0
178.28	-0.09171	0
178.32	-0.09429	0
178.36	-0.09429	0
178.4	-0.09429	0
178.44	-0.09429	0
178.48	-0.09429	0
178.52	-0.09429	0
178.56	-0.09429	0
178.6	-0.09300	0
178.64000000000001	-0.09300	0
178.68	-0.09300	0
178.72	-0.09182	0
178.76	-0.09194	0
178.8	-0.09205	0
178.84	-0.09216	0
178.88	-0.09227	0
178.92000000000002	-0.09238	0
178.96	-0.09249	0
179.0	-0.09260	0
179.04	-0.09260	0
179.08	-0.09260	0
179.12	-0.09260	0
179.16	-0.09260	0
179.20000000000002	-0.09260	0
179.24	-0.09260	0
179.28	-0.09260	0
179.32	-0.09260	0
179.36	-0.09260	0
179.4	-0.09260	0
179.44	-0.09143	0
179.48	-0.09154	0
179.52	-0.09036	0
179.56	-0.09047	0
179.6	-0.09059	0
179.64000000000001	-0.09070	0
179.68	-0.09081	0
179.72	-0.09092	0
179.76	-0.09103	0
179.8	-0.08986	0
179.84	-0.08997	0
179.88	-0.09008	0
179.92000000000002	-0.09019	0
179.96	-0.09030	0
180.0	-0.09041	0
180.04	-0.09052	0
180.08	-0.09064	0
180.12	-0.09075	1
180.16	-0.09086	1
180.20000000000002	-0.08966	1
180.24	-0.08978	1
180.28	-0.08989	1
180.32	-0.09000	1
180.36	-0.09263	1
180.4	-0.09143	1
180.44	-0.09155	1
180.48	-0.09166	1
180.52	-0.09177	1
180.56	-0.09189	1
180.6	-0.09200	1
180.64000000000001	-0.09211	1
180.68	-0.09223	1
180.72	-0.09234	1
180.76	-0.09245	1
180.8	-0.09257	1
180.84	-0.09137	1
180.88	-0.09148	1
180.92000000000002	-0.09160	1
180.96	-0.09171	1
181.0	-0.09182	1
181.04	-0.09194	1
181.08	-0.09205	1
181.12	-0.09216	1
181.16	-0.09228	1
181.20000000000002	-0.09239	1
181.24	-0.09250	1
181.28	-0.09250	1
181.32	-0.09131	1
181.36	-0.09142	1
181.4	-0.09153	1
181.44	-0.09165	1
181.48	-0.09176	1
181.52	-0.09187	1
181.56	-0.09199	1
181.6	-0.09210	1
181.64000000000001	-0.09221	1
181.68	-0.09233	1
181.72	-0.09244	1
181.76	-0.09255	1
181.8	-0.09255	1
181.84	-0.09255	1
181.88	-0.09255	1
181.92000000000002	-0.09255	1
181.96	-0.09255	1
182.0	-0.09255	1
182.04	-0.09255	1
182.08	-0.09255	1
182.12	-0.09255	1
182.16	-0.09255	1
182.20000000000002	-0.09255	1
182.24	-0.09255	1
182.28	-0.09255	1
182.32	-0.09255	1
182.36	-0.09255	1
182.4	-0.09255	1
182.44	-0.09255	1
182.48	-0.09136	1
182.52	-0.09397	1
182.56	-0.09397	1
182.6	-0.09397	1
182.64000000000001	-0.09397	1
182.68	-0.09397	1
182.72	-0.09397	0
182.76	-0.09397	0
182.8	-0.09397	0
182.84	-0.09397	0
182.88	-0.09397	0
182.92000000000002	-0.09266	0
182.96	-0.09266	0
183.0	-0.09266	0
183.04	-0.09266	0
183.08	-0.09266	0
183.12	-0.09266	0
183.16	-0.09266	0
183.20000000000002	-0.09266	0
183.24	-0.09147	0
183.28	-0.09158	0
183.32	-0.09170	0
183.36	-0.09181	0
183.4	-0.09192	0
183.44	-0.09204	0
183.48	-0.09215	0
183.52	-0.09226	0
183.56	-0.09237	0
183.6	-0.09249	0
183.64000000000001	-0.09129	0
183.68	-0.09141	0
183.72	-0.09021	0
183.76	-0.09033	0
183.8	-0.09044	0
183.84	-0.09055	0
183.88	-0.09067	0
183.92000000000002	-0.09078	0
183.96	-0.09089	0
184.0	-0.09101	0
184.04	-0.09112	0
184.08	-0.09123	0
184.12	-0.09134	0
184.16	-0.09015	0
184.20000000000002	-0.09027	0
184.24	-0.09038	0
184.28	-0.09049	0
184.32	-0.09060	0
184.36	-0.09072	0
184.4	-0.09083	0
184.44	-0.09094	0
184.48	-0.09106	0
184.52	-0.09117	0
184.56	-0.09128	0
184.6	-0.09139	0
184.64000000000001	-0.09151	0
184.68	-0.09162	0
184.72	-0.09422	0
184.76	-0.09422	0
184.8	-0.09422	0
184.84	-0.09422	0
184.88	-0.09422	0
184.92000000000002	-0.09422	0
184.96	-0.09422	0
185.0	-0.09422	0
185.04	-0.09292	0
185.08	-0.09292	0
185.12	-0.09292	0
185.16	-0.09292	0
185.20000000000002	-0.09292	0
185.24	-0.09292	0
185.28	-0.09292	0
185.32	-0.09292	0
185.36	-0.09292	0
185.4	-0.09292	0
185.44	-0.09292	0
185.48	-0.09292	0
185.52	-0.09292	0
185.56	-0.09292	0
185.6	-0.09292	0
185.64000000000001	-0.09292	0
185.68	-0.09292	0
185.72	-0.09173	0
185.76	-0.09184	0
185.8	-0.09196	0
185.84	-0.09207	0
185.88	-0.09218	0
185.92000000000002	-0.09229	0
185.96	-0.09241	0
186.0	-0.09252	0
186.04	-0.09252	0
186.08	-0.09252	0
186.12	-0.09252	0
186.16	-0.09252	0
186.20000000000002	-0.09133	0
186.24	-0.09145	1
186.28	-0.09024	1
186.32	-0.09036	1
186.36	-0.09047	1
186.4	-0.09059	1
186.44	-0.09070	1
186.48	-0.09081	1
186.52	-0.09093	1
186.56	-0.09104	1
186.6	-0.09115	1
186.64000000000001	-0.09127	1
186.68	-0.09138	1
186.72	-0.09150	1
186.76	-0.09161	1
186.8	-0.09041	1
186.84	-0.09304	1
186.88	-0.09304	1
186.92000000000002	-0.09304	1
186.96	-0.09184	1
187.0	-0.09195	1
187.04	-0.09206	1
187.08	-0.09218	1
187.12	-0.09229	1
187.16	-0.09240	1
187.20000000000002	-0.09252	1
187.24	-0.09252	1
187.28	-0.09252	1
187.32	-0.09252	1
187.36	-0.09252	1
187.4	-0.09252	1
187.44	-0.09252	1
187.48	-0.09252	1
187.52	-0.09252	1
187.56	-0.09252	1
187.6	-0.09252	1
187.64000000000001	-0.09252	1
187.68	-0.09252	1
187.72	-0.09252	1
187.76	-0.09252	1
187.8	-0.09252	1
187.84	-0.09252	1
187.88	-0.09252	1
187.92000000000002	-0.09252	1
187.96	-0.09252	1
188.0	-0.09252	1
188.04	-0.09252	1
188.08	-0.09252	1
188.12	-0.09252	1
188.16	-0.09252	1
188.20000000000002	-0.09252	1
188.24	-0.09252	1
188.28	-0.09252	1
188.32	-0.09252	1
188.36	-0.09252	1
188.4	-0.09252	1
188.44	-0.09252	1
188.48	-0.09252	1
188.52	-0.09252	1
188.56	-0.09252	1
188.6	-0.09252	1
188.64000000000001	-0.09252	1
188.68	-0.09252	1
188.72	-0.09252	1
188.76	-0.09252	1
188.8	-0.09252	1
188.84	-0.09252	1
188.88	-0.09252	1
188.92000000000002	-0.09252	1
188.96	-0.09252	1
189.0	-0.09252	1
189.04	-0.09252	1
189.08	-0.09252	1
189.12	-0.09252	1
189.16	-0.09252	1
189.20000000000002	-0.09252	1
189.24	-0.09252	1
189.28	-0.09252	1
189.32	-0.09252	1
189.36	-0.09252	1
189.4	-0.09132	1
189.44	-0.09143	1
189.48	-0.09155	1
189.52	-0.09166	1
189.56	-0.09177	1
189.6	-0.09189	1
189.64000000000001	-0.09200	1
189.68	-0.09211	1
189.72	-0.09223	1
189.76	-0.09234	1
189.8	-0.09245	1
189.84	-0.09257	1
189.88	-0.09257	1
189.92000000000002	-0.09257	1
189.96	-0.09257	1
190.0	-0.09257	1
190.04	-0.09257	1
190.08	-0.09257	1
190.12	-0.09137	1
190.16	-0.09148	1
190.20000000000002	-0.09160	1
190.24	-0.09171	1
190.28	-0.09182	1
190.32	-0.09194	1
190.36	-0.09205	1
190.4	-0.09467	1
190.44	-0.09467	1
190.48	-0.09467	1
190.52	-0.09467	1
190.56	-0.09467	1
190.6	-0.09467	1
190.64000000000001	-0.09467	1
190.68	-0.09467	1
190.72	-0.09467	1
190.76	-0.09336	1
190.8	-0.09336	1
190.84	-0.09336	1
190.88	-0.09336	1
190.92000000000002	-0.09336	1
190.96	-0.09336	1
191.0	-0.09336	1
191.04	-0.09336	1
191.08	-0.09336	1
191.12	-0.09336	1
191.16	-0.09336	1
191.20000000000002	-0.09336	1
191.24	-0.09336	1
191.28	-0.09336	1
191.32	-0.09336	1
191.36	-0.09336	1
191.4	-0.09336	1
191.44	-0.09336	1
191.48000000000002	-0.09336	1
191.52	-0.09336	1
191.56	-0.09336	1
191.6	-0.09336	1
191.64000000000001	-0.09336	1
191.68	-0.09336	1
191.72	-0.09336	1
191.76	-0.09336	1
191.8	-0.09336	1
191.84	-0.09336	1
191.88	-0.09336	1
191.92000000000002	-0.09336	1
191.96	-0.09336	1
192.0	-0.09336	1
192.04	-0.09336	1
192.08	-0.09336	1
192.12	-0.09336	1
192.16	-0.09336	1
192.20000000000002	-0.09336	1
192.24	-0.09336	1
192.28	-0.09336	1
192.32	-0.09336	1
192.36	-0.09336	1
192.4	-0.09336	1
192.44	-0.09336	1
192.48000000000002	-0.09336	1
192.52	-0.09336	1
192.56	-0.09336	1
192.6	-0.09336	1
192.64000000000001	-0.09336	1
192.68	-0.09336	1
192.72	-0.09336	1
192.76	-0.09336	1
192.8	-0.09336	1
192.84	-0.09336	1
192.88	-0.09336	1
192.92000000000002	-0.09336	1
192.96	-0.09216	1
193.0	-0.09227	1
193.04	-0.09239	1
193.08	-0.09250	1
193.12	-0.09250	1
193.16	-0.09250	1
193.20000000000002	-0.09250	1
193.24	-0.09250	1
193.28	-0.09250	1
193.32	-0.09250	1
193.36	-0.09250	1
193.4	-0.09250	1
193.44	-0.09250	1
193.48000000000002	-0.09250	1
193.52	-0.09250	1
193.56	-0.09250	1
193.6	-0.09250	1
193.64000000000001	-0.09250	1
193.68	-0.09250	1
193.72	-0.09250	1
193.76	-0.09250	1
193.8	-0.09250	1
193.84	-0.09250	1
193.88	-0.09250	1
193.92000000000002	-0.09250	1
193.96	-0.09250	1
194.0	-0.09250	1
194.04	-0.09250	1
194.08	-0.09131	1
194.12	-0.09142	1
194.16	-0.09153	1
194.20000000000002	-0.09165	1
194.24	-0.09176	1
194.28	-0.09187	1
194.32	-0.09198	1
194.36	-0.09210	1
194.4	-0.09221	1
194.44	-0.09232	1
194.48000000000002	-0.09244	1
194.52	-0.09255	1
194.56	-0.09255	1
194.6	-0.09255	1
194.64000000000001	-0.09255	1
194.68	-0.09255	1
194.72	-0.09255	1
194.76	-0.09255	1
194.8	-0.09255	1
194.84	-0.09255	1
194.88	-0.09255	1
194.92000000000002	-0.09255	1
194.96	-0.09255	1
195.0	-0.09255	1
195.04	-0.09255	1
195.08	-0.09255	1
195.12	-0.09255	1
195.16	-0.09136	1
195.20000000000002	-0.09147	1
195.24	-0.09158	1
195.28	-0.09039	1
195.32	-0.09050	1
195.36	-0.09062	1
195.4	-0.09073	1
195.44	-0.08954	0
195.48000000000002	-0.08965	0
195.52	-0.08976	0
195.56	-0.08988	1
195.6	-0.08999	1
195.64000000000001	-0.09011	1
195.68	-0.09022	1
195.72	-0.09033	1
195.76	-0.09045	1
195.8	-0.09056	1
195.84	-0.09068	1
195.88	-0.09079	1
195.92000000000002	-0.09090	1
195.96	-0.09102	1
196.0	-0.09113	1
196.04	-0.09124	1
196.08	-0.09136	1
196.12	-0.09147	1
196.16	-0.09158	1
196.20000000000002	-0.09170	1
196.24	-0.09181	1
196.28	-0.09193	1
196.32	-0.09073	1
196.36	-0.09084	1
196.4	-0.09095	1
196.44	-0.09107	1
196.48000000000002	-0.09118	1
196.52	-0.09129	1
196.56	-0.09141	1
196.6	-0.09152	1
196.64000000000001	-0.09163	1
196.68	-0.09175	1
196.72	-0.09186	1
196.76	-0.09197	1
196.8	-0.09209	1
196.84	-0.09220	1
196.88	-0.09231	1
196.92000000000002	-0.09243	1
196.96	-0.09254	1
197.0	-0.09254	1
197.04	-0.09254	1
197.08	-0.09254	1
197.12	-0.09254	1
197.16	-0.09254	1
197.20000000000002	-0.09254	1
197.24	-0.09254	1
197.28	-0.09254	1
197.32	-0.09254	1
197.36	-0.09254	1
197.4	-0.09254	1
197.44	-0.09254	1
197.48000000000002	-0.09254	1
197.52	-0.09254	1
197.56	-0.09254	1
197.6	-0.09254	1
197.64000000000001	-0.09254	1
197.68	-0.09254	1
197.72	-0.09254	1
197.76	-0.09134	1
197.8	-0.09146	1
197.84	-0.09157	1
197.88	-0.09168	1
197.92000000000002	-0.09180	1
197.96	-0.09191	1
198.0	-0.09202	1
198.04	-0.09214	1
198.08	-0.09225	1
198.12	-0.09236	1
198.16	-0.09117	1
198.20000000000002	-0.09128	1
198.24	-0.09009	1
198.28	-0.09020	1
198.32	-0.09031	1
198.36	-0.09043	1
198.4	-0.09054	1
198.44	-0.09065	1
198.48000000000002	-0.09077	1
198.52	-0.09088	1
198.56	-0.09099	1
198.6	-0.09111	1
198.64000000000001	-0.09122	1
198.68	-0.09133	1
198.72	-0.09145	1
198.76	-0.09156	1
198.8	-0.09167	1
198.84	-0.09178	1
198.88	-0.09190	1
198.92000000000002	-0.09201	1
198.96	-0.09212	1
199.0	-0.09223	1
199.04	-0.09235	1
199.08	-0.09246	1
199.12	-0.09257	1
199.16	-0.09257	1
199.20000000000002	-0.09257	1
199.24	-0.09257	1
199.28	-0.09257	1
199.32	-0.09257	1
199.36	-0.09257	1
199.4	-0.09257	1
199.44	-0.09257	1
199.48000000000002	-0.09138	1
199.52	-0.09150	1
199.56	-0.09161	1
199.6	-0.09172	1
199.64000000000001	-0.09183	1
199.68	-0.09195	1
199.72	-0.09206	1
199.76	-0.09217	1
199.8	-0.09228	1
199.84	-0.09109	1
199.88	-0.09121	1
199.92000000000002	-0.09132	1
199.96	-0.09143	1
200.0	-0.09024	1
200.04	-0.08906	1
200.08	-0.08917	1
200.12	-0.08928	1
200.16	-0.08939	1
200.20000000000002	-0.08821	1
200.24	-0.08832	1
200.28	-0.08843	1
200.32	-0.08855	1
200.36	-0.08866	1
200.4	-0.08877	1
200.44	-0.08888	1
200.48000000000002	-0.08900	1
200.52	-0.08911	1
200.56	-0.08922	1
200.6	-0.09193	1
200.64000000000001	-0.09204	1
200.68	-0.09216	1
200.72	-0.09227	1
200.76	-0.09238	1
200.8	-0.09249	1
200.84	-0.09131	1
200.88	-0.09142	1
200.92000000000002	-0.09153	1
200.96	-0.09164	1
201.0	-0.09424	1
201.04	-0.09424	1
201.08	-0.09424	1
201.12	-0.09424	1
201.16	-0.09424	1
201.20000000000002	-0.09424	1
201.24	-0.09424	1
201.28	-0.09294	1
201.32	-0.09294	1
201.36	-0.09294	1
201.4	-0.09294	1
201.44	-0.09294	1
201.48000000000002	-0.09176	1
201.52	-0.09187	1
201.56	-0.09198	1
201.6	-0.09209	1
201.64000000000001	-0.09220	1
201.68	-0.09232	1
201.72	-0.09113	1
201.76	-0.09125	1
201.8	-0.09136	1
201.84	-0.09147	1
201.88	-0.09158	1
201.92000000000002	-0.09169	1
201.96	-0.09181	1
202.0	-0.09192	1
202.04	-0.09203	1
202.08	-0.09214	1
202.12	-0.09225	1
202.16	-0.09237	1
202.20000000000002	-0.09248	1
202.24	-0.09259	1
202.28	-0.09259	1
202.32	-0.09259	1
202.36	-0.09141	1
202.4	-0.09152	1
202.44	-0.09163	1
202.48000000000002	-0.09174	1
202.52	-0.09185	1
202.56	-0.09197	1
202.6	-0.09208	1
202.64000000000001	-0.09219	1
202.68	-0.09101	1
202.72	-0.09112	1
202.76	-0.09123	0
202.8	-0.09134	0
202.84	-0.09146	0
202.88	-0.09028	0
202.92000000000002	-0.09039	0
202.96	-0.09050	0
203.0	-0.09061	0
203.04	-0.09072	0
203.08	-0.09084	0
203.12	-0.09095	0
203.16	-0.09106	0
203.20000000000002	-0.09117	0
203.24	-0.09128	0
203.28	-0.09010	0
203.32	-0.09022	0
203.36	-0.09033	0
203.4	-0.09044	0
203.44	-0.09055	0
203.48000000000002	-0.09066	0
203.52	-0.09077	0
203.56	-0.09089	0
203.6	-0.09100	0
203.64000000000001	-0.08982	0
203.68	-0.08993	0
203.72	-0.09004	0
203.76	-0.09016	0
203.8	-0.09027	0
203.84	-0.09038	0
203.88	-0.09049	0
203.92000000000002	-0.09060	0
203.96	-0.09071	0
204.0	-0.09082	0
204.04	-0.09094	0
204.08	-0.08976	0
204.12	-0.08987	0
204.16	-0.08998	0
204.20000000000002	-0.09010	0
204.24	-0.09021	0
204.28	-0.09032	0
204.32	-0.09043	0
204.36	-0.09054	0
204.4	-0.09065	0
204.44	-0.09076	0
204.48000000000002	-0.09088	0
204.52	-0.09099	0
204.56	-0.09110	0
204.6	-0.09121	0
204.64000000000001	-0.09132	0
204.68	-0.09143	0
204.72	-0.09154	0
204.76	-0.09165	0
204.8	-0.09176	0
204.84	-0.09188	0
204.88	-0.09199	0
204.92000000000002	-0.09210	0
204.96	-0.09221	1
205.0	-0.09233	1
205.04	-0.09244	1
205.08	-0.09255	1
205.12	-0.09255	1
205.16	-0.09135	1
205.20000000000002	-0.09015	1
205.24	-0.09027	1
205.28	-0.08907	1
205.32	-0.08918	1
205.36	-0.08929	1
205.4	-0.08941	1
205.44	-0.08952	1
205.48000000000002	-0.08964	1
205.52	-0.08975	1
205.56	-0.08986	1
205.6	-0.08998	1
205.64000000000001	-0.08878	1
205.68	-0.08889	1
205.72	-0.08901	1
205.76	-0.08912	1
205.8	-0.08923	1
205.84	-0.08935	1
205.88	-0.08946	1
205.92000000000002	-0.08957	1
205.96	-0.08838	1
206.0	-0.08849	1
206.04	-0.08860	1
206.08	-0.08872	1
206.12	-0.08883	1
206.16	-0.08895	1
206.20000000000002	-0.08906	1
206.24	-0.08917	1
206.28	-0.08929	1
206.32	-0.08940	1
206.36	-0.08951	1
206.4	-0.08963	1
206.44	-0.08843	1
206.48000000000002	-0.09116	1
206.52	-0.09128	1
206.56	-0.09139	1
206.6	-0.09150	1
206.64000000000001	-0.09162	1
206.68	-0.09423	1
206.72	-0.09423	1
206.76	-0.09423	1
206.8	-0.09423	1
206.84	-0.09423	1
206.88	-0.09423	1
206.92000000000002	-0.09423	1
206.96	-0.09423	1
207.0	-0.09423	1
207.04	-0.09423	1
207.08	-0.09423	1
207.12	-0.09423	1
207.16	-0.09423	1
207.20000000000002	-0.09423	1
207.24	-0.09423	1
207.28	-0.09423	1
207.32	-0.09423	1
207.36	-0.09423	1
207.4	-0.09423	1
207.44	-0.09423	1
207.48000000000002	-0.09423	1
207.52	-0.09423	1
207.56	-0.09423	1
207.6	-0.09423	1
207.64000000000001	-0.09423	1
207.68	-0.09423	1
207.72	-0.09423	1
207.76	-0.09423	1
207.8	-0.09423	1
207.84	-0.09423	1
207.88	-0.09423	1
207.92000000000002	-0.09423	1
207.96	-0.09423	1
208.0	-0.09423	1
208.04	-0.09423	1
208.08	-0.09423	1
208.12	-0.09423	1
208.16	-0.09423	1
208.20000000000002	-0.09423	1
208.24	-0.09423	1
208.28	-0.09423	1
208.32	-0.09423	1
208.36	-0.09292	1
208.4	-0.09292	1
208.44	-0.09292	1
208.48000000000002	-0.09292	1
208.52	-0.09292	1
208.56	-0.09292	1
208.6	-0.09292	1
208.64000000000001	-0.09292	1
208.68	-0.09292	1
208.72	-0.09292	1
208.76	-0.09292	1
208.8	-0.09292	1
208.84	-0.09292	1
208.88	-0.09292	1
208.92000000000002	-0.09292	1
208.96	-0.09173	1
209.0	-0.09184	1
209.04	-0.09196	1
209.08	-0.09207	1
209.12	-0.09087	1
209.16	-0.09229	1
209.20000000000002	-0.09241	1
209.24	-0.09252	1
209.28	-0.09252	1
209.32	-0.09252	1
209.36	-0.09252	1
209.4	-0.09133	1
209.44	-0.09144	1
209.48000000000002	-0.09155	1
209.52	-0.09167	1
209.56	-0.09178	1
209.6	-0.09189	1
209.64000000000001	-0.09200	1
209.68	-0.09081	1
209.72	-0.09093	1
209.76	-0.09104	1
209.8	-0.09115	1
209.84	-0.09126	1
209.88	-0.09387	1
209.92000000000002	-0.09387	1
209.96	-0.09387	1
210.0	-0.09387	1
210.04	-0.09387	1
210.08	-0.09387	1
210.12	-0.09387	1
210.16	-0.09387	1
210.20000000000002	-0.09387	1
210.24	-0.09387	1
210.28	-0.09387	1
210.32	-0.09387	1
210.36	-0.09387	1
210.4	-0.09387	1
210.44	-0.09387	1
210.48000000000002	-0.09387	1
210.52	-0.09387	1
210.56	-0.09387	1
210.6	-0.09387	1
210.64000000000001	-0.09387	1
210.68	-0.09387	1
210.72	-0.09387	1
210.76	-0.09387	1
210.8	-0.09387	1
210.84	-0.09387	1
210.88	-0.09387	1
210.92000000000002	-0.09387	1
210.96	-0.09387	1
211.0	-0.09387	1
211.04	-0.09387	1
211.08	-0.09387	1
211.12	-0.09387	1
211.16	-0.09387	1
211.20000000000002	-0.09387	1
211.24	-0.09387	1
211.28	-0.09387	1
211.32	-0.09387	1
211.36	-0.09257	1
211.4	-0.09257	1
211.44	-0.09257	1
211.48000000000002	-0.09257	1
211.52	-0.09257	1
211.56	-0.09257	1
211.6	-0.09138	1
211.64000000000001	-0.09149	1
211.68	-0.09160	1
211.72	-0.09172	1
211.76	-0.09183	1
211.8	-0.09194	1
211.84	-0.09205	1
211.88	-0.09217	1
211.92000000000002	-0.09228	1
211.96	-0.09239	1
212.0	-0.09250	1
212.04	-0.09250	1
212.08	-0.09250	1
212.12	-0.09250	1
212.16	-0.09250	1
212.20000000000002	-0.09250	1
212.24	-0.09250	1
212.28	-0.09250	1
212.32	-0.09250	1
212.36	-0.09250	1
212.4	-0.09250	1
212.44	-0.09250	1
212.48000000000002	-0.09250	1
212.52	-0.09250	1
212.56	-0.09250	1
212.6	-0.09250	1
212.64000000000001	-0.09250	1
212.68	-0.09250	1
212.72	-0.09250	1
212.76	-0.09250	0
212.8	-0.09250	0
212.84	-0.09250	0
212.88	-0.09250	0
212.92000000000002	-0.09250	0
212.96	-0.09250	0
213.0	-0.09250	0
213.04	-0.09250	0
213.08	-0.09131	0
213.12	-0.09143	0
213.16	-0.09154	0
213.20000000000002	-0.09165	0
213.24	-0.09176	0
213.28	-0.09188	0
213.32	-0.09199	0
213.36	-0.09210	0
213.4	-0.09222	0
213.44	-0.09233	0
213.48000000000002	-0.09244	1
213.52	-0.09256	1
213.56	-0.09256	1
213.6	-0.09256	1
213.64000000000001	-0.09256	1
213.68	-0.09256	1
213.72	-0.09256	1
213.76	-0.09135	1
213.8	-0.09147	1
213.84	-0.09158	1
213.88	-0.09170	1
213.92000000000002	-0.09181	1
213.96	-0.09192	1
214.0	-0.09204	1
214.04	-0.09215	1
214.08	-0.09226	1
214.12	-0.09238	1
214.16	-0.09249	1
214.20000000000002	-0.09260	1
214.24	-0.09260	1
214.28	-0.09260	1
214.32	-0.09260	1
214.36	-0.09260	1
214.4	-0.09260	1
214.44	-0.09260	1
214.48000000000002	-0.09260	1
214.52	-0.09260	1
214.56	-0.09260	1
214.6	-0.09260	1
214.64000000000001	-0.09260	1
214.68	-0.09260	1
214.72	-0.09260	1
214.76	-0.09260	1
214.8	-0.09260	1
214.84	-0.09260	1
214.88	-0.09260	1
214.92000000000002	-0.09260	1
214.96	-0.09260	1
215.0	-0.09260	1
215.04	-0.09260	1
215.08	-0.09260	1
215.12	-0.09260	1
215.16	-0.09260	1
215.20000000000002	-0.09260	1
215.24	-0.09260	1
215.28	-0.09260	1
215.32	-0.09260	1
215.36	-0.09140	1
215.4	-0.09152	1
215.44	-0.09163	1
215.48000000000002	-0.09175	1
215.52	-0.09186	1
215.56	-0.09197	1
215.6	-0.09209	1
215.64000000000001	-0.09220	1
215.68	-0.09231	1
215.72	-0.09243	1
215.76	-0.09254	1
215.8	-0.09134	1
215.84	-0.09146	1
215.88	-0.09157	1
215.92000000000002	-0.09168	1
215.96	-0.09180	1
216.0	-0.09191	1
216.04	-0.09071	1
216.08	-0.09083	1
216.12	-0.09094	1
216.16	-0.09105	1
216.20000000000002	-0.09117	1
216.24	-0.09128	1
216.28	-0.09139	1
216.32	-0.09020	1
216.36	-0.09031	1
216.4	-0.08912	1
216.44	-0.08923	1
216.48000000000002	-0.08934	1
216.52	-0.08946	1
216.56	-0.08957	1
216.6	-0.08968	1
216.64000000000001	-0.08980	1
216.68	-0.08991	1
216.72	-0.09002	1
216.76	-0.09014	1
216.8	-0.08894	1
216.84	-0.08906	0
216.88	-0.08917	0
216.92000000000002	-0.08928	0
216.96	-0.08940	0
217.0	-0.08951	0
217.04	-0.08962	0
217.08	-0.08973	0
217.12	-0.08985	0
217.16	-0.08996	0
217.20000000000002	-0.09007	0
217.24	-0.09019	0
217.28	-0.09030	0
217.32	-0.09041	0
217.36	-0.09053	0
217.4	-0.09064	0
217.44	-0.09075	0
217.48000000000002	-0.09087	0
217.52	-0.09098	0
217.56	-0.09109	0
217.6	-0.08990	0
217.64000000000001	-0.09001	0
217.68	-0.09013	0
217.72	-0.09024	0
217.76	-0.09035	0
217.8	-0.09046	0
217.84	-0.09058	0
217.88	-0.09069	0
217.92000000000002	-0.09330	0
217.96	-0.09330	0
218.0	-0.09330	0
218.04	-0.09330	0
218.08	-0.09330	0
218.12	-0.09330	0
218.16	-0.09330	0
218.20000000000002	-0.09330	0
218.24	-0.09330	0
218.28	-0.09330	0
218.32	-0.09330	0
218.36	-0.09330	0
218.4	-0.09330	0
218.44	-0.09330	0
218.48000000000002	-0.09330	0
218.52	-0.09330	0
218.56	-0.09211	0
218.6	-0.09222	0
218.64000000000001	-0.09233	0
218.68	-0.09244	0
218.72	-0.09256	1
218.76	-0.09256	1
218.8	-0.09256	1
218.84	-0.09256	1
218.88	-0.09256	1
218.92000000000002	-0.09256	1
218.96	-0.09256	1
219.0	-0.09256	1
219.04	-0.09256	1
219.08	-0.09256	1
219.12	-0.09256	1
219.16	-0.09256	1
219.20000000000002	-0.09256	1
219.24	-0.09256	1
219.28	-0.09256	1
219.32	-0.09256	1
219.36	-0.09256	1
219.4	-0.09256	1
219.44	-0.09256	1
219.48000000000002	-0.09136	1
219.52	-0.09147	1
219.56	-0.09158	1
219.6	-0.09170	1
219.64000000000001	-0.09181	1
219.68	-0.09192	1
219.72	-0.09204	1
219.76	-0.09084	1
219.8	-0.09095	1
219.84	-0.09107	1
219.88	-0.08987	1
219.92000000000002	-0.08998	1
219.96	-0.09009	1
220.0	-0.09021	1
220.04	-0.09032	1
220.08	-0.09043	1
220.12	-0.09055	1
220.16	-0.09066	1
220.20000000000002	-0.09078	1
220.24	-0.09089	1
220.28	-0.09100	1
220.32	-0.09112	1
220.36	-0.09123	1
220.4	-0.09134	1
220.44	-0.09015	1
220.48000000000002	-0.08895	1
220.52	-0.08906	1
220.56	-0.08918	1
220.6	-0.08929	1
220.64000000000001	-0.08940	1
220.68	-0.08690	1
220.72	-0.08570	1
220.76	-0.08582	1
220.8	-0.08593	1
220.84	-0.08604	1
220.88	-0.08616	1
220.92000000000002	-0.08627	1
220.96	-0.08639	1
221.0	-0.08650	1
221.04	-0.08661	1
221.08	-0.08673	1
221.12	-0.08684	1
221.16	-0.08695	1
221.20000000000002	-0.08707	1
221.24	-0.08718	1
221.28	-0.08730	1
221.32	-0.08741	1
221.36	-0.08752	1
221.4	-0.08764	1
221.44	-0.08775	1
221.48000000000002	-0.08786	1
221.52	-0.08798	1
221.56	-0.08809	1
221.6	-0.08820	1
221.64000000000001	-0.08832	1
221.68	-0.08843	1
221.72	-0.08854	1
221.76	-0.08866	1
221.8	-0.08877	1
221.84	-0.08888	1
221.88	-0.08900	1
221.92000000000002	-0.08911	1
221.96	-0.08922	1
222.0	-0.08934	1
222.04	-0.08945	1
222.08	-0.08956	1
222.12	-0.08968	1
222.16	-0.08979	1
222.20000000000002	-0.08990	1
222.24	-0.09001	1
222.28	-0.09013	1
222.32	-0.09024	1
222.36	-0.09035	1
222.4	-0.09047	1
222.44	-0.09058	1
222.48000000000002	-0.09069	1
222.52	-0.09080	1
222.56	-0.09092	1
222.6	-0.09103	1
222.64000000000001	-0.09114	1
222.68	-0.09126	1
222.72	-0.09137	1
222.76	-0.09148	1
222.8	-0.09159	1
222.84	-0.08910	1
222.88	-0.08922	1
222.92000000000002	-0.08933	1
222.96	-0.08944	1
223.0	-0.08956	1
223.04	-0.08837	1
223.08	-0.08848	1
223.12	-0.08859	1
223.16	-0.08871	1
223.20000000000002	-0.08882	1
223.24	-0.08763	1
223.28	-0.08775	1
223.32	-0.08786	1
223.36	-0.08797	1
223.4	-0.08808	1
223.44	-0.08820	1
223.48000000000002	-0.08831	1
223.52	-0.08842	1
223.56	-0.08853	1
223.6	-0.08865	1
223.64000000000001	-0.08876	1
223.68	-0.08887	1
223.72	-0.08899	1
223.76	-0.08910	1
223.8	-0.08921	1
223.84	-0.08932	1
223.88	-0.08944	1
223.92000000000002	-0.08955	1
223.96	-0.08966	1
224.0	-0.08977	0
224.04	-0.08988	0
224.08	-0.09000	0
224.12	-0.09011	0
224.16	-0.09022	0
224.20000000000002	-0.09033	0
224.24	-0.09045	0
224.28	-0.09056	0
224.32	-0.09067	0
224.36	-0.09078	0
224.4	-0.08960	0
224.44	-0.08971	0
224.48000000000002	-0.08982	0
224.52	-0.08994	0
224.56	-0.09005	0
224.6	-0.09016	0
224.64000000000001	-0.09027	0
224.68	-0.09039	0
224.72	-0.09050	0
224.76	-0.09061	0
224.8	-0.09072	0
224.84	-0.09083	0
224.88	-0.08965	0
224.92000000000002	-0.08976	0
224.96	-0.08988	0
225.0	-0.08870	0
225.04	-0.08881	0
225.08	-0.08892	0
225.12	-0.08903	0
225.16	-0.08915	1
225.20000000000002	-0.08926	1
225.24	-0.08937	1
225.28	-0.08949	1
225.32	-0.08960	1
225.36	-0.08972	1
225.4	-0.08983	1
225.44	-0.08994	1
225.48000000000002	-0.09006	1
225.52	-0.09017	1
225.56	-0.09029	1
225.6	-0.09040	1
225.64000000000001	-0.09051	1
225.68	-0.09063	1
225.72	-0.09074	1
225.76	-0.09085	1
225.8	-0.09097	1
225.84	-0.09108	1
225.88	-0.09120	1
225.92000000000002	-0.09131	1
225.96	-0.09142	1
226.0	-0.09154	1
226.04	-0.09034	1
226.08	-0.09045	1
226.12	-0.09057	1
226.16	-0.09068	1
226.20000000000002	-0.09079	1
226.24	-0.09091	1
226.28	-0.09102	1
226.32	-0.08982	1
226.36	-0.09125	1
226.4	-0.09136	1
226.44	-0.09147	1
226.48000000000002	-0.09159	1
226.52	-0.09170	1
226.56	-0.09181	1
226.6	-0.09193	1
226.64000000000001	-0.09204	1
226.68	-0.09215	1
226.72	-0.09226	1
226.76	-0.09107	1
226.8	-0.09118	1
226.84	-0.09130	1
226.88	-0.09141	1
226.92000000000002	-0.09152	1
226.96	-0.09164	1
227.0	-0.09175	1
227.04	-0.09186	1
227.08	-0.09197	1
227.12	-0.09209	1
227.16	-0.09220	1
227.20000000000002	-0.09231	1
227.24	-0.09243	1
227.28	-0.09254	1
227.32	-0.09254	1
227.36	-0.09135	1
227.4	-0.09146	1
227.44	-0.09027	1
227.48000000000002	-0.09038	1
227.52	-0.09049	1
227.56	-0.09061	1
227.6	-0.09072	1
227.64000000000001	-0.09083	1
227.68	-0.09095	1
227.72	-0.09106	1
227.76	-0.09117	1
227.8	-0.09128	1
227.84	-0.09140	1
227.88	-0.09021	1
227.92000000000002	-0.09032	1
227.96	-0.09043	1
228.0	-0.09054	1
228.04	-0.09066	1
228.08	-0.09077	1
228.12	-0.09088	1
228.16	-0.09100	1
228.20000000000002	-0.09360	1
228.24	-0.09360	1
228.28	-0.09360	1
228.32	-0.09360	1
228.36	-0.09241	1
228.4	-0.09252	1
228.44	-0.09252	1
228.48000000000002	-0.09252	1
228.52	-0.09252	1
228.56	-0.09252	1
228.6	-0.09252	1
228.64000000000001	-0.09252	1
228.68	-0.09252	1
228.72	-0.09252	1
228.76	-0.09252	1
228.8	-0.09252	1
228.84	-0.09252	1
228.88	-0.09252	1
228.92000000000002	-0.09252	1
228.96	-0.09252	1
229.0	-0.09252	1
229.04	-0.09252	1
229.08	-0.09252	1
229.12	-0.09252	0
229.16	-0.09252	0
229.20000000000002	-0.09252	0
229.24	-0.09252	0
229.28	-0.09252	0
229.32	-0.09252	0
229.36	-0.09252	0
229.4	-0.09252	0
229.44	-0.09252	0
229.48000000000002	-0.09252	0
229.52	-0.09133	0
229.56	-0.09145	0
229.6	-0.09156	0
229.64000000000001	-0.09167	0
229.68	-0.09178	0
229.72	-0.09190	0
229.76	-0.09201	0
229.8	-0.09212	0
229.84	-0.09223	0
229.88	-0.09235	0
229.92000000000002	-0.09246	0
229.96	-0.09257	0
230.0	-0.09257	0
230.04	-0.09257	0
230.08	-0.09257	0
230.12	-0.09257	0
230.16	-0.09138	0
230.20000000000002	-0.09150	0
230.24	-0.09161	0
230.28	-0.09172	0
230.32	-0.09183	0
230.36	-0.09195	0
230.4	-0.09206	0
230.44	-0.09217	0
230.48000000000002	-0.09228	0
230.52	-0.09240	0
230.56	-0.09251	0
230.6	-0.09251	0
230.64000000000001	-0.09251	0
230.68	-0.09251	0
230.72	-0.09251	0
230.76	-0.09251	0
230.8	-0.09251	0
230.84	-0.09251	0
230.88	-0.09251	0
230.92000000000002	-0.09251	0
230.96	-0.09251	0
231.0	-0.09251	0
231.04	-0.09251	0
231.08	-0.09251	0
231.12	-0.09251	0
231.16	-0.09251	0
231.20000000000002	-0.09251	0
231.24	-0.09251	0
231.28	-0.09251	0
231.32	-0.09251	0
231.36	-0.09251	0
231.4	-0.09251	0
231.44	-0.09251	0
231.48000000000002	-0.09251	0
231.52	-0.09251	0
231.56	-0.09251	0
231.6	-0.09251	0
231.64000000000001	-0.09251	0
231.68	-0.09251	0
231.72	-0.09251	0
231.76	-0.09251	0
231.8	-0.09251	0
231.84	-0.09251	0
231.88	-0.09251	0
231.92000000000002	-0.09251	0
231.96	-0.09251	0
232.0	-0.09251	0
232.04	-0.09251	0
232.08	-0.09251	0
232.12	-0.09251	0
232.16	-0.09132	0
232.20000000000002	-0.09143	0
232.24	-0.09155	0
232.28	-0.09166	0
232.32	-0.09177	0
232.36	-0.09188	0
232.4	-0.09200	0
232.44	-0.09211	0
232.48000000000002	-0.09222	0
232.52	-0.09233	0
232.56	-0.09244	0
232.6	-0.09256	0
232.64000000000001	-0.09256	0
232.68	-0.09137	0
232.72	-0.09148	0
232.76	-0.09030	0
232.8	-0.09041	0
232.84	-0.08923	0
232.88	-0.08934	0
232.92000000000002	-0.08945	0
232.96	-0.08957	0
233.0	-0.08968	0
233.04	-0.08979	0
233.08	-0.08861	0
233.12	-0.08872	0
233.16	-0.08883	0
233.20000000000002	-0.08894	0
233.24	-0.08906	0
233.28	-0.08917	0
233.32	-0.08928	0
233.36	-0.08939	0
233.4	-0.08951	0
233.44	-0.08962	0
233.48000000000002	-0.08973	0
233.52	-0.08984	0
233.56	-0.08995	0
233.6	-0.09007	0
233.64000000000001	-0.09018	0
233.68	-0.09029	0
233.72	-0.09040	0
233.76	-0.09051	0
233.8	-0.09063	0
233.84	-0.09074	0
233.88	-0.09085	0
233.92000000000002	-0.09096	0
233.96	-0.09107	0
234.0	-0.09119	0
234.04	-0.09130	0
234.08	-0.09141	0
234.12	-0.09152	0
234.16	-0.09163	0
234.20000000000002	-0.09174	0
234.24	-0.09186	0
234.28	-0.09197	0
234.32	-0.09208	0
234.36	-0.09219	0
234.4	-0.09230	0
234.44	-0.09241	0
234.48000000000002	-0.09499	0
234.52	-0.09499	0
234.56	-0.09370	0
234.6	-0.09370	0
234.64000000000001	-0.09370	0
234.68	-0.09370	0
234.72	-0.09252	0
234.76	-0.09252	1
234.8	-0.09252	1
234.84	-0.09252	1
234.88	-0.09252	1
234.92000000000002	-0.09252	1
234.96	-0.09252	1
235.0	-0.09252	1
235.04	-0.09252	1
235.08	-0.09252	1
235.12	-0.09252	1
235.16	-0.09132	1
235.20000000000002	-0.09144	1
235.24	-0.09155	1
235.28	-0.09166	1
235.32	-0.09178	1
235.36	-0.09189	1
235.4	-0.09201	1
235.44	-0.09212	1
235.48000000000002	-0.09223	1
235.52	-0.09235	1
235.56	-0.09246	1
235.6	-0.09257	1
235.64000000000001	-0.09257	1
235.68	-0.09257	1
235.72	-0.09137	1
235.76	-0.09149	1
235.8	-0.09160	1
235.84	-0.09171	1
235.88	-0.09183	1
235.92000000000002	-0.09194	1
235.96	-0.09205	1
236.0	-0.09217	1
236.04	-0.09228	1
236.08	-0.09108	1
236.12	-0.09120	1
236.16	-0.09131	1
236.20000000000002	-0.09142	1
236.24	-0.09154	1
236.28	-0.09165	1
236.32	-0.09176	1
236.36	-0.09188	1
236.4	-0.09199	1
236.44	-0.09210	1
236.48000000000002	-0.09222	1
236.52	-0.09233	1
236.56	-0.09244	1
236.6	-0.09125	1
236.64000000000001	-0.09136	1
236.68	-0.09147	1
236.72	-0.09159	1
236.76	-0.09170	1
236.8	-0.09181	1
236.84	-0.09193	1
236.88	-0.09204	1
236.92000000000002	-0.09215	1
236.96	-0.09227	1
237.0	-0.09238	1
237.04	-0.09249	1
237.08	-0.09261	1
237.12	-0.09261	1
237.16	-0.09261	1
237.20000000000002	-0.09261	1
237.24	-0.09261	1
237.28	-0.09261	1
237.32	-0.09261	1
237.36	-0.09261	1
237.4	-0.09261	1
237.44	-0.09261	1
237.48000000000002	-0.09261	1
237.52	-0.09261	1
237.56	-0.09261	0
237.6	-0.09261	0
237.64000000000001	-0.09261	0
237.68	-0.09261	0
237.72	-0.09141	0
237.76	-0.09152	0
237.8	-0.09164	0
237.84	-0.09175	0
237.88	-0.09186	0
237.92000000000002	-0.09198	0
237.96	-0.09209	0
238.0	-0.09220	0
238.04	-0.09232	0
238.08	-0.09243	0
238.12	-0.09254	0
238.16	-0.09135	0
238.20000000000002	-0.09146	0
238.24	-0.09157	0
238.28	-0.09169	0
238.32	-0.09180	0
238.36	-0.09191	0
238.4	-0.09203	0
238.44	-0.09214	0
238.48000000000002	-0.09225	0
238.52	-0.09236	0
238.56	-0.09248	0
238.6	-0.09508	0
238.64000000000001	-0.09508	0
238.68	-0.09508	0
238.72	-0.09508	0
238.76	-0.09508	0
238.8	-0.09508	0
238.84	-0.09508	0
238.88	-0.09508	0
238.92000000000002	-0.09508	0
238.96	-0.09508	0
239.0	-0.09508	0
239.04	-0.09508	0
239.08	-0.09508	0
239.12	-0.09508	0
239.16	-0.09508	0
239.20000000000002	-0.09508	0
239.24	-0.09508	0
239.28	-0.09508	0
239.32	-0.09378	0
239.36	-0.09378	0
239.4	-0.09378	0
239.44	-0.09378	0
239.48000000000002	-0.09378	0
239.52	-0.09378	0
239.56	-0.09378	0
239.6	-0.09378	0
239.64000000000001	-0.09378	0
239.68	-0.09378	0
239.72	-0.09378	0
239.76	-0.09378	1
239.8	-0.09258	1
239.84	-0.09258	1
239.88	-0.09258	1
239.92000000000002	-0.09258	1
239.96	-0.09258	1
240.0	-0.09138	1
240.04	-0.09149	1
240.08	-0.09161	1
240.12	-0.09041	1
240.16	-0.09052	1
240.20000000000002	-0.09063	1
240.24	-0.09075	1
240.28	-0.09086	1
240.32	-0.09097	1
240.36	-0.09109	1
240.4	-0.09120	1
240.44	-0.09131	1
240.48000000000002	-0.09012	1
240.52	-0.09023	1
240.56	-0.09034	1
240.6	-0.09046	1
240.64000000000001	-0.09057	1
240.68	-0.09068	1
240.72	-0.09080	1
240.76	-0.09091	1
240.8	-0.09102	1
240.84	-0.09114	1
240.88	-0.09125	1
240.92000000000002	-0.09137	1
240.96	-0.09148	1
241.0	-0.09159	1
241.04	-0.09171	1
241.08	-0.09182	1
241.12	-0.09193	1
241.16	-0.09074	1
241.20000000000002	-0.09085	1
241.24	-0.09096	1
241.28	-0.08977	1
241.32	-0.08857	1
241.36	-0.08868	1
241.4	-0.08880	1
241.44	-0.08891	1
241.48000000000002	-0.08902	1
241.52	-0.08914	1
241.56	-0.08925	1
241.6	-0.08937	1
241.64000000000001	-0.08948	1
241.68	-0.08959	1
241.72	-0.08971	1
241.76	-0.08982	1
241.8	-0.08993	1
241.84	-0.08874	1
241.88	-0.08885	1
241.92000000000002	-0.08897	1
241.96	-0.08908	1
242.0	-0.08919	1
242.04	-0.08931	1
242.08	-0.08811	1
242.12	-0.08823	1
242.16	-0.08834	1
242.20000000000002	-0.09106	1
242.24	-0.09118	1
242.28	-0.09129	1
242.32	-0.09010	1
242.36	-0.09271	1
242.4	-0.09271	1
242.44	-0.09271	1
242.48000000000002	-0.09271	1
242.52	-0.09271	1
242.56	-0.09271	1
242.6	-0.09271	1
242.64000000000001	-0.09271	1
242.68	-0.09271	1
242.72	-0.09271	1
242.76	-0.09271	1
242.8	-0.09271	1
242.84	-0.09271	1
242.88	-0.09271	1
242.92000000000002	-0.09271	1
242.96	-0.09271	1
243.0	-0.09152	1
243.04	-0.09163	1
243.08	-0.09174	1
243.12	-0.09185	1
243.16	-0.09197	1
243.20000000000002	-0.09208	1
243.24	-0.09219	1
243.28	-0.09231	1
243.32	-0.09242	1
243.36	-0.09253	1
243.4	-0.09253	1
243.44	-0.09253	1
243.48000000000002	-0.09253	1
243.52	-0.09253	1
243.56	-0.09253	1
243.6	-0.09253	1
243.64000000000001	-0.09253	1
243.68	-0.09134	1
243.72	-0.09145	0
243.76	-0.09157	0
243.8	-0.09168	0
243.84	-0.09179	0
243.88	-0.09190	0
243.92000000000002	-0.09202	0
243.96	-0.09213	0
244.0	-0.09224	0
244.04	-0.09235	0
244.08	-0.09247	0
244.12	-0.09258	0
244.16	-0.09258	0
244.20000000000002	-0.09258	0
244.24	-0.09258	0
244.28	-0.09258	0
244.32	-0.09258	0
244.36	-0.09258	0
244.4	-0.09258	0
244.44	-0.09258	0
244.48000000000002	-0.09258	0
244.52	-0.09258	1
244.56	-0.09258	1
244.6	-0.09258	1
244.64000000000001	-0.09258	1
244.68	-0.09258	1
244.72	-0.09258	1
244.76	-0.09258	1
244.8	-0.09258	1
244.84	-0.09258	1
244.88	-0.09258	1
244.92000000000002	-0.09258	1
244.96	-0.09258	1
245.0	-0.09258	1
245.04	-0.09258	1
245.08	-0.09258	1
245.12	-0.09258	1
245.16	-0.09258	1
245.20000000000002	-0.09258	1
245.24	-0.09258	1
245.28	-0.09258	1
245.32	-0.09258	1
245.36	-0.09138	1
245.4	-0.09149	1
245.44	-0.09161	1
245.48000000000002	-0.09172	1
245.52	-0.09052	1
245.56	-0.09063	1
245.6	-0.09075	1
245.64000000000001	-0.09086	1
245.68	-0.09097	1
245.72	-0.09109	1
245.76	-0.09120	1
245.8	-0.09000	1
245.84	-0.08880	1
245.88	-0.08892	1
245.92000000000002	-0.08903	1
245.96	-0.08914	1
246.0	-0.08795	1
246.04	-0.08806	1
246.08	-0.08817	1
246.12	-0.08829	1
246.16	-0.08840	1
246.20000000000002	-0.08852	1
246.24	-0.08863	1
246.28	-0.08874	1
246.32	-0.08886	1
246.36	-0.08897	1
246.4	-0.08908	1
246.44	-0.08920	1
246.48000000000002	-0.08931	1
246.52	-0.08943	1
246.56	-0.08954	1
246.6	-0.08965	1
246.64000000000001	-0.08977	1
246.68	-0.08988	1
246.72	-0.08999	1
246.76000000000002	-0.08880	1
246.8	-0.08891	1
246.84	-0.08902	1
246.88	-0.08783	1
246.92000000000002	-0.08794	1
246.96	-0.08806	1
247.0	-0.08817	1
247.04	-0.08828	1
247.08	-0.08840	1
247.12	-0.08851	1
247.16	-0.08862	1
247.20000000000002	-0.08874	1
247.24	-0.08885	1
247.28	-0.08896	1
247.32	-0.08908	1
247.36	-0.08789	1
247.4	-0.08800	1
247.44	-0.08811	1
247.48000000000002	-0.08823	1
247.52	-0.08834	1
247.56	-0.08845	1
247.6	-0.08857	1
247.64000000000001	-0.08868	1
247.68	-0.08879	1
247.72	-0.08891	1
247.76000000000002	-0.08902	1
247.8	-0.08913	1
247.84	-0.08925	1
247.88	-0.08936	1
247.92000000000002	-0.08817	1
247.96	-0.08828	1
248.0	-0.08839	1
248.04	-0.09111	1
248.08	-0.09123	0
248.12	-0.09134	0
248.16	-0.09145	0
248.20000000000002	-0.09157	0
248.24	-0.09417	0
248.28	-0.09417	0
248.32	-0.09417	0
248.36	-0.09417	0
248.4	-0.09417	0
248.44	-0.09417	0
248.48000000000002	-0.09287	0
248.52	-0.09287	0
248.56	-0.09287	0
248.6	-0.09287	0
248.64000000000001	-0.09287	0
248.68	-0.09287	0
248.72	-0.09287	0
248.76000000000002	-0.09287	0
248.8	-0.09287	0
248.84	-0.09287	0
248.88	-0.09287	0
248.92000000000002	-0.09287	0
248.96	-0.09287	0
249.0	-0.09287	0
249.04	-0.09287	0
249.08	-0.09287	0
249.12	-0.09287	0
249.16	-0.09287	0
249.20000000000002	-0.09168	0
249.24	-0.09179	0
249.28	-0.09060	0
249.32	-0.09071	0
249.36	-0.09083	0
249.4	-0.09094	0
249.44	-0.09105	0
249.48000000000002	-0.09116	0
249.52	-0.09128	0
249.56	-0.09388	0
249.6	-0.09388	0
249.64000000000001	-0.09388	0
249.68	-0.09388	0
249.72	-0.09388	0
249.76000000000002	-0.09388	0
249.8	-0.09258	0
249.84	-0.09258	0
249.88	-0.09258	0
249.92000000000002	-0.09258	0
249.96	-0.09258	0
250.0	-0.09258	0
250.04	-0.09258	0
250.08	-0.09258	0
250.12	-0.09258	0
250.16	-0.09258	0
250.20000000000002	-0.09258	0
250.24	-0.09258	0
250.28	-0.09258	0
250.32	-0.09258	0
250.36	-0.09258	0
250.4	-0.09258	0
250.44	-0.09139	0
250.48000000000002	-0.09150	0
250.52	-0.09162	0
250.56	-0.09173	0
250.6	-0.09054	0
250.64000000000001	-0.09065	0
250.68	-0.09076	0
250.72	-0.09088	0
250.76000000000002	-0.09348	0
250.8	-0.09348	0
250.84	-0.09348	0
250.88	-0.09229	0
250.92000000000002	-0.09240	0
250.96	-0.09252	0
251.0	-0.09252	0
251.04	-0.09252	0
251.08	-0.09252	0
251.12	-0.09252	0
251.16	-0.09252	0
251.20000000000002	-0.09252	0
251.24	-0.09252	0
251.28	-0.09133	0
251.32	-0.09144	0
251.36	-0.09155	0
251.4	-0.09166	0
251.44	-0.09178	0
251.48000000000002	-0.09189	0
251.52	-0.09200	0
251.56	-0.09211	0
251.6	-0.09223	0
251.64000000000001	-0.09234	0
251.68	-0.09245	0
251.72	-0.09256	0
251.76000000000002	-0.09256	0
251.8	-0.09256	0
251.84	-0.09256	0
251.88	-0.09256	0
251.92000000000002	-0.09256	0
251.96	-0.09256	0
252.0	-0.09256	0
252.04	-0.09256	0
252.08	-0.09256	0
252.12	-0.09256	0
252.16	-0.09256	0
252.20000000000002	-0.09138	0
252.24	-0.09149	0
252.28	-0.09160	0
252.32	-0.09042	0
252.36	-0.09053	0
252.4	-0.09064	0
252.44	-0.09075	0
252.48000000000002	-0.09087	0
252.52	-0.09098	0
252.56	-0.09109	0
252.6	-0.09120	0
252.64000000000001	-0.09132	0
252.68	-0.09143	0
252.72	-0.09154	0
252.76000000000002	-0.09036	0
252.8	-0.09047	0
252.84	-0.09058	0
252.88	-0.09069	0
252.92000000000002	-0.09080	0
252.96	-0.09092	0
253.0	-0.09103	0
253.04	-0.09114	0
253.08	-0.09125	0
253.12	-0.09137	0
253.16	-0.09148	0
253.20000000000002	-0.09159	0
253.24	-0.09170	0
253.28	-0.09181	0
253.32	-0.09192	0
253.36	-0.09204	0
253.4	-0.09215	0
253.44	-0.09226	0
253.48000000000002	-0.09237	0
253.52	-0.09248	0
253.56	-0.09260	0
253.6	-0.09260	0
253.64000000000001	-0.09260	1
253.68	-0.09260	1
253.72	-0.09260	1
253.76000000000002	-0.09260	1
253.8	-0.09260	1
253.84	-0.09260	1
253.88	-0.09260	1
253.92000000000002	-0.09260	1
253.96	-0.09260	1
254.0	-0.09260	1
254.04	-0.09260	1
254.08	-0.09260	1
254.12	-0.09260	1
254.16	-0.09260	1
254.20000000000002	-0.09260	1
254.24	-0.09260	1
254.28	-0.09260	1
254.32	-0.09260	1
254.36	-0.09260	1
254.4	-0.09260	1
254.44	-0.09260	1
254.48000000000002	-0.09260	1
254.52	-0.09260	1
254.56	-0.09260	1
254.6	-0.09260	1
254.64000000000001	-0.09260	1
254.68	-0.09260	1
254.72	-0.09260	1
254.76000000000002	-0.09260	1
254.8	-0.09139	1
254.84	-0.09151	1
254.88	-0.09162	1
254.92000000000002	-0.09174	1
254.96	-0.09185	1
255.0	-0.09196	1
255.04	-0.09208	1
255.08	-0.09219	1
255.12	-0.09230	1
255.16	-0.09242	1
255.20000000000002	-0.09253	1
255.24	-0.09253	1
255.28	-0.09253	1
255.32	-0.09253	1
255.36	-0.09253	1
255.4	-0.09253	1
255.44	-0.09253	1
255.48000000000002	-0.09253	1
255.52	-0.09253	1
255.56	-0.09253	1
255.6	-0.09253	1
255.64000000000001	-0.09253	1
255.68	-0.09253	1
255.72	-0.09253	1
255.76000000000002	-0.09253	1
255.8	-0.09253	1
255.84	-0.09253	1
255.88	-0.09253	1
255.92000000000002	-0.09253	1
255.96	-0.09253	1
256.0	-0.09253	1
256.04	-0.09253	1
256.08	-0.09253	1
256.12	-0.09253	1
256.16	-0.09253	1
256.2	-0.09253	1
256.24	-0.09253	1
256.28000000000003	-0.09253	1
256.32	-0.09133	1
256.36	-0.09144	1
256.4	-0.09025	1
256.44	-0.09036	1
256.48	-0.08916	1
256.52	-0.08927	1
256.56	-0.08939	1
256.6	-0.08950	1
256.64	-0.08962	1
256.68	-0.08973	1
256.72	-0.08984	1
256.76	-0.08996	1
256.8	-0.09007	1
256.84000000000003	-0.09018	1
256.88	-0.09030	1
256.92	-0.09041	1
256.96	-0.09052	1
257.0	-0.09064	1
257.04	-0.09075	1
257.08	-0.09086	1
257.12	-0.09098	1
257.16	-0.09109	1
257.2	-0.09121	1
257.24	-0.09132	1
257.28000000000003	-0.09143	0
257.32	-0.09154	0
257.36	-0.09166	0
257.4	-0.09046	0
257.44	-0.09058	0
257.48	-0.09069	0
257.52	-0.09080	0
257.56	-0.09092	0
257.6	-0.09103	0
257.64	-0.09114	0
257.68	-0.09126	0
257.72	-0.09137	0
257.76	-0.09148	0
257.8	-0.09159	0
257.84000000000003	-0.09171	0
257.88	-0.09182	0
257.92	-0.09193	0
257.96	-0.09205	0
258.0	-0.09216	0
258.04	-0.09227	0
258.08	-0.09239	0
258.12	-0.09250	0
258.16	-0.09261	0
258.2	-0.09261	0
258.24	-0.09261	0
258.28000000000003	-0.09261	0
258.32	-0.09261	0
258.36	-0.09261	0
258.4	-0.09261	0
258.44	-0.09261	0
258.48	-0.09261	0
258.52	-0.09261	0
258.56	-0.09261	0
258.6	-0.09261	0
258.64	-0.09261	0
258.68	-0.09261	0
258.72	-0.09261	0
258.76	-0.09261	0
258.8	-0.09261	0
258.84000000000003	-0.09261	0
258.88	-0.09261	0
258.92	-0.09261	0
258.96	-0.09261	0
259.0	-0.09261	0
259.04	-0.09261	0
259.08	-0.09261	0
259.12	-0.09261	0
259.16	-0.09261	0
259.2	-0.09261	0
259.24	-0.09261	0
259.28000000000003	-0.09261	0
259.32	-0.09261	0
259.36	-0.09142	0
259.4	-0.09153	0
259.44	-0.09164	0
259.48	-0.09176	0
259.52	-0.09187	0
259.56	-0.09198	0
259.6	-0.09210	0
259.64	-0.09221	0
259.68	-0.09232	1
259.72	-0.09244	1
259.76	-0.09255	1
259.8	-0.09135	1
259.84000000000003	-0.09146	1
259.88	-0.09158	1
259.92	-0.09038	1
259.96	-0.09049	1
260.0	-0.09060	1
260.04	-0.09072	1
260.08	-0.09083	1
260.12	-0.09095	1
260.16	-0.09106	1
260.2	-0.09117	1
260.24	-0.09129	1
260.28000000000003	-0.09140	1
260.32	-0.09151	1
260.36	-0.09163	1
260.4	-0.09174	1
260.44	-0.09185	1
260.48	-0.09197	1
260.52	-0.09208	1
260.56	-0.09219	1
260.6	-0.09231	1
260.64	-0.09242	1
260.68	-0.09253	1
260.72	-0.09253	1
260.76	-0.09253	1
260.8	-0.09253	1
260.84000000000003	-0.09253	1
260.88	-0.09253	1
260.92	-0.09253	1
260.96	-0.09253	1
261.0	-0.09253	1
261.04	-0.09253	1
261.08	-0.09134	1
261.12	-0.09145	1
261.16	-0.09156	1
261.2	-0.09168	1
261.24	-0.09179	1
261.28000000000003	-0.09190	1
261.32	-0.09202	1
261.36	-0.09213	1
261.4	-0.09224	1
261.44	-0.09236	1
261.48	-0.09116	1
261.52	-0.09127	1
261.56	-0.09139	1
261.6	-0.09150	1
261.64	-0.09161	1
261.68	-0.09173	1
261.72	-0.09184	1
261.76	-0.09195	1
261.8	-0.09207	1
261.84000000000003	-0.09218	1
261.88	-0.09229	1
261.92	-0.09240	1
261.96	-0.09252	1
262.0	-0.09252	1
262.04	-0.09252	1
262.08	-0.09252	1
262.12	-0.09252	1
262.16	-0.09252	1
262.2	-0.09252	1
262.24	-0.09252	1
262.28000000000003	-0.09252	1
262.32	-0.09252	1
262.36	-0.09252	1
262.4	-0.09252	1
262.44	-0.09252	1
262.48	-0.09252	0
262.52	-0.09252	0
262.56	-0.09252	0
262.6	-0.09252	0
262.64	-0.09252	0
262.68	-0.09252	0
262.72	-0.09252	0
262.76	-0.09252	0
262.8	-0.09252	0
262.84000000000003	-0.09252	0
262.88	-0.09252	0
262.92	-0.09252	0
262.96	-0.09252	0
263.0	-0.09252	0
263.04	-0.09252	0
263.08	-0.09252	0
263.12	-0.09252	0
263.16	-0.09252	0
263.2	-0.09252	0
263.24	-0.09132	0
263.28000000000003	-0.09144	0
263.32	-0.09155	0
263.36	-0.09166	0
263.4	-0.09178	0
263.44	-0.09189	0
263.48	-0.09200	0
263.52	-0.09211	0
263.56	-0.09223	0
263.6	-0.09234	0
263.64	-0.09245	0
263.68	-0.09257	0
263.72	-0.09257	0
263.76	-0.09257	0
263.8	-0.09257	0
263.84000000000003	-0.09257	0
263.88	-0.09257	0
263.92	-0.09257	0
263.96	-0.09257	0
264.0	-0.09257	0
264.04	-0.09257	0
264.08	-0.09257	0
264.12	-0.09257	0
264.16	-0.09257	0
264.2	-0.09257	0
264.24	-0.09257	0
264.28000000000003	-0.09257	0
264.32	-0.09137	0
264.36	-0.09149	0
264.4	-0.09030	0
264.44	-0.09041	0
264.48	-0.09052	0
264.52	-0.09063	0
264.56	-0.09075	0
264.6	-0.09086	0
264.64	-0.08967	0
264.68	-0.08978	1
264.72	-0.08990	1
264.76	-0.09001	1
264.8	-0.09013	1
264.84000000000003	-0.09024	1
264.88	-0.09035	1
264.92	-0.09047	1
264.96	-0.09058	1
265.0	-0.09069	1
265.04	-0.09081	1
265.08	-0.09092	1
265.12	-0.09104	1
265.16	-0.09115	1
265.2	-0.09126	1
265.24	-0.09138	1
265.28000000000003	-0.09400	1
265.32	-0.09400	1
265.36	-0.09400	1
265.4	-0.09400	1
265.44	-0.09400	1
265.48	-0.09400	1
265.52	-0.09400	1
265.56	-0.09400	1
265.6	-0.09400	1
265.64	-0.09400	1
265.68	-0.09400	1
265.72	-0.09400	1
265.76	-0.09400	1
265.8	-0.09400	1
265.84000000000003	-0.09269	1
265.88	-0.09269	1
265.92	-0.09269	1
265.96	-0.09269	1
266.0	-0.09269	1
266.04	-0.09269	1
266.08	-0.09269	1
266.12	-0.09269	1
266.16	-0.09269	1
266.2	-0.09269	1
266.24	-0.09149	1
266.28000000000003	-0.09160	1
266.32	-0.09172	1
266.36	-0.09183	1
266.4	-0.09194	1
266.44	-0.09075	1
266.48	-0.09086	1
266.52	-0.09097	1
266.56	-0.09109	1
266.6	-0.09120	1
266.64	-0.09382	1
266.68	-0.09382	1
266.72	-0.09382	1
266.76	-0.09382	1
266.8	-0.09382	1
266.84000000000003	-0.09382	1
266.88	-0.09382	1
266.92	-0.09382	1
266.96	-0.09382	1
267.0	-0.09382	1
267.04	-0.09382	1
267.08	-0.09382	1
267.12	-0.09382	1
267.16	-0.09382	1
267.2	-0.09251	1
267.24	-0.09131	1
267.28000000000003	-0.09143	1
267.32	-0.09154	1
267.36	-0.09034	1
267.4	-0.09046	1
267.44	-0.09057	1
267.48	-0.08937	1
267.52	-0.08949	1
267.56	-0.08960	1
267.6	-0.08971	1
267.64	-0.08983	1
267.68	-0.08994	1
267.72	-0.09005	1
267.76	-0.09017	1
267.8	-0.09028	1
267.84000000000003	-0.09040	1
267.88	-0.09051	1
267.92	-0.09062	1
267.96	-0.09073	1
268.0	-0.09085	1
268.04	-0.09096	1
268.08	-0.09107	1
268.12	-0.09119	1
268.16	-0.09130	1
268.2	-0.09141	1
268.24	-0.09153	1
268.28000000000003	-0.09164	1
268.32	-0.09175	1
268.36	-0.09187	1
268.4	-0.09067	1
268.44	-0.09079	1
268.48	-0.09090	1
268.52	-0.09101	1
268.56	-0.09113	1
268.6	-0.09124	1
268.64	-0.09135	1
268.68	-0.09146	1
268.72	-0.09158	1
268.76	-0.09169	1
268.8	-0.09180	1
268.84000000000003	-0.09192	1
268.88	-0.09203	1
268.92	-0.09214	1
268.96	-0.09225	1
269.0	-0.09237	1
269.04	-0.09248	1
269.08	-0.09259	1
269.12	-0.09259	1
269.16	-0.09259	1
269.2	-0.09259	1
269.24	-0.09259	1
269.28000000000003	-0.09259	1
269.32	-0.09259	1
269.36	-0.09259	1
269.4	-0.09259	1
269.44	-0.09140	1
269.48	-0.09151	1
269.52	-0.09163	1
269.56	-0.09174	1
269.6	-0.09185	0
269.64	-0.09196	0
269.68	-0.09078	0
269.72	-0.09089	0
269.76	-0.09100	0
269.8	-0.09111	0
269.84000000000003	-0.09123	0
269.88	-0.09004	0
269.92	-0.09015	0
269.96	-0.09026	0
270.0	-0.09038	0
270.04	-0.09049	0
270.08	-0.09060	0
270.12	-0.09071	0
270.16	-0.09083	0
270.2	-0.09094	0
270.24	-0.09105	0
270.28000000000003	-0.09116	0
270.32	-0.09128	0
270.36	-0.09139	0
270.4	-0.09150	0
270.44	-0.09161	0
270.48	-0.09173	0
270.52	-0.09184	0
270.56	-0.09195	0
270.6	-0.09206	0
270.64	-0.09217	0
270.68	-0.09229	0
270.72	-0.09240	0
270.76	-0.09500	0
270.8	-0.09500	0
270.84000000000003	-0.09500	0
270.88	-0.09500	0
270.92	-0.09500	0
270.96	-0.09500	1
271.0	-0.09500	1
271.04	-0.09500	1
271.08	-0.09500	1
271.12	-0.09500	1
271.16	-0.09500	1
271.2	-0.09500	1
271.24	-0.09500	1
271.28000000000003	-0.09500	1
271.32	-0.09500	1
271.36	-0.09500	1
271.4	-0.09500	1
271.44	-0.09500	1
271.48	-0.09500	1
271.52	-0.09500	1
271.56	-0.09500	1
271.6	-0.09500	1
271.64	-0.09500	1
271.68	-0.09500	1
271.72	-0.09500	1
271.76	-0.09500	1
271.8	-0.09500	1
271.84000000000003	-0.09500	1
271.88	-0.09500	1
271.92	-0.09500	1
271.96	-0.09500	1
272.0	-0.09500	1
272.04	-0.09500	1
272.08	-0.09500	1
272.12	-0.09500	1
272.16	-0.09500	1
272.2	-0.09500	1
272.24	-0.09500	1
272.28000000000003	-0.09500	1
272.32	-0.09500	1
272.36	-0.09500	1
272.4	-0.09500	1
272.44	-0.09500	1
272.48	-0.09500	1
272.52	-0.09500	1
272.56	-0.09500	1
272.6	-0.09500	1
272.64	-0.09500	1
272.68	-0.09500	1
272.72	-0.09500	1
272.76	-0.09368	1
272.8	-0.09368	1
272.84000000000003	-0.09368	1
272.88	-0.09368	1
272.92	-0.09368	1
272.96	-0.09368	1
273.0	-0.09368	1
273.04	-0.09368	1
273.08	-0.09368	1
273.12	-0.09368	1
273.16	-0.09368	1
273.2	-0.09368	1
273.24	-0.09368	1
273.28000000000003	-0.09368	1
273.32	-0.09368	1
273.36	-0.09368	1
273.40000000000003	-0.09368	1
273.44	-0.09368	1
273.48	-0.09248	1
273.52	-0.09259	1
273.56	-0.09259	1
273.6	-0.09259	1
273.64	-0.09259	1
273.68	-0.09139	1
273.72	-0.09151	1
273.76	-0.09162	1
273.8	-0.09042	1
273.84000000000003	-0.09053	1
273.88	-0.09065	1
273.92	-0.09076	1
273.96	-0.09087	1
274.0	-0.09099	1
274.04	-0.09110	1
274.08	-0.09121	1
274.12	-0.09133	1
274.16	-0.09144	1
274.2	-0.09156	1
274.24	-0.09167	1
274.28000000000003	-0.09178	1
274.32	-0.09190	1
274.36	-0.09201	1
274.40000000000003	-0.09081	1
274.44	-0.09093	1
274.48	-0.08973	1
274.52	-0.08984	1
274.56	-0.08995	1
274.6	-0.09007	1
274.64	-0.09018	1
274.68	-0.09030	1
274.72	-0.09041	1
274.76	-0.09052	1
274.8	-0.09064	1
274.84000000000003	-0.09075	1
274.88	-0.09086	1
274.92	-0.09098	1
274.96	-0.09109	1
275.0	-0.09120	1
275.04	-0.09132	1
275.08	-0.09143	1
275.12	-0.09154	1
275.16	-0.09166	1
275.2	-0.09177	1
275.24	-0.09188	1
275.28000000000003	-0.09200	1
275.32	-0.09211	1
275.36	-0.09222	1
275.40000000000003	-0.09233	1
275.44	-0.09245	1
275.48	-0.09125	1
275.52	-0.09137	1
275.56	-0.09148	1
275.6	-0.09159	1
275.64	-0.09171	1
275.68	-0.09182	1
275.72	-0.09193	1
275.76	-0.09204	1
275.8	-0.09216	1
275.84000000000003	-0.09227	1
275.88	-0.09238	1
275.92	-0.09250	1
275.96	-0.09261	1
276.0	-0.09261	1
276.04	-0.09261	1
276.08	-0.09261	1
276.12	-0.09261	1
276.16	-0.09261	1
276.2	-0.09261	1
276.24	-0.09261	1
276.28000000000003	-0.09261	1
276.32	-0.09261	1
276.36	-0.09261	1
276.40000000000003	-0.09261	1
276.44	-0.09261	1
276.48	-0.09261	1
276.52	-0.09261	1
276.56	-0.09142	1
276.6	-0.09153	1
276.64	-0.08903	1
276.68	-0.08915	1
276.72	-0.08926	1
276.76	-0.08937	1
276.8	-0.08949	1
276.84000000000003	-0.08960	1
276.88	-0.08971	1
276.92	-0.08982	1
276.96	-0.08994	1
277.0	-0.09005	1
277.04	-0.09016	1
277.08	-0.09028	1
277.12	-0.09039	1
277.16	-0.08920	1
277.2	-0.08931	1
277.24	-0.08943	1
277.28000000000003	-0.08954	1
277.32	-0.08965	1
277.36	-0.08976	1
277.40000000000003	-0.08988	1
277.44	-0.08999	1
277.48	-0.09010	1
277.52	-0.09022	1
277.56	-0.09033	1
277.6	-0.09044	1
277.64	-0.08925	1
277.68	-0.08937	1
277.72	-0.08948	1
277.76	-0.08959	1
277.8	-0.08970	1
277.84000000000003	-0.08982	1
277.88	-0.08993	1
277.92	-0.09004	1
277.96	-0.09015	1
278.0	-0.09027	1
278.04	-0.09038	1
278.08	-0.09049	1
278.12	-0.09060	1
278.16	-0.09072	1
278.2	-0.09083	1
278.24	-0.09094	1
278.28000000000003	-0.09105	1
278.32	-0.09117	1
278.36	-0.09128	1
278.40000000000003	-0.09009	1
278.44	-0.08891	1
278.48	-0.08902	1
278.52	-0.08913	0
278.56	-0.08925	0
278.6	-0.08936	0
278.64	-0.08947	0
278.68	-0.08958	0
278.72	-0.08970	1
278.76	-0.08981	1
278.8	-0.08993	1
278.84000000000003	-0.09004	1
278.88	-0.09015	1
278.92	-0.09027	1
278.96	-0.09038	1
279.0	-0.08918	1
279.04	-0.08929	1
279.08	-0.08941	1
279.12	-0.08952	1
279.16	-0.08832	1
279.2	-0.08844	1
279.24	-0.08855	1
279.28000000000003	-0.08735	1
279.32	-0.08747	1
279.36	-0.08758	1
279.40000000000003	-0.08770	1
279.44	-0.08781	1
279.48	-0.08792	1
279.52	-0.08804	1
279.56	-0.08815	1
279.6	-0.08695	1
279.64	-0.08707	1
279.68	-0.08718	1
279.72	-0.08730	1
279.76	-0.08610	1
279.8	-0.08621	1
279.84000000000003	-0.08633	1
279.88	-0.08644	1
279.92	-0.08655	1
279.96	-0.08667	1
280.0	-0.08678	1
280.04	-0.08690	1
280.08	-0.08701	1
280.12	-0.08712	0
280.16	-0.08724	0
280.2	-0.08735	0
280.24	-0.08877	0
280.28000000000003	-0.08889	1
280.32	-0.08900	1
280.36	-0.08912	1
280.40000000000003	-0.08923	1
280.44	-0.08934	1
280.48	-0.08946	1
280.52	-0.08957	1
280.56	-0.08969	1
280.6	-0.08980	1
280.64	-0.08991	1
280.68	-0.09003	1
280.72	-0.09014	1
280.76	-0.08894	1
280.8	-0.08906	1
280.84000000000003	-0.08917	1
280.88	-0.08797	1
280.92	-0.08677	1
280.96	-0.08689	1
281.0	-0.08700	1
281.04	-0.08712	1
281.08	-0.08723	1
281.12	-0.08734	1
281.16	-0.08746	1
281.2	-0.08757	1
281.24	-0.08769	1
281.28000000000003	-0.08780	1
281.32	-0.08791	1
281.36	-0.08803	1
281.40000000000003	-0.08814	1
281.44	-0.08825	1
281.48	-0.08837	1
281.52	-0.08848	1
281.56	-0.08860	1
281.6	-0.09133	1
281.64	-0.09144	1
281.68	-0.09155	1
281.72	-0.09167	1
281.76	-0.09178	1
281.8	-0.09189	1
281.84000000000003	-0.09201	1
281.88	-0.09212	1
281.92	-0.09223	1
281.96	-0.09235	1
282.0	-0.09246	1
282.04	-0.09257	1
282.08	-0.09257	1
282.12	-0.09257	1
282.16	-0.09138	1
282.2	-0.09149	1
282.24	-0.09160	1
282.28000000000003	-0.09172	1
282.32	-0.09183	1
282.36	-0.09444	1
282.40000000000003	-0.09444	1
282.44	-0.09444	1
282.48	-0.09444	1
282.52	-0.09444	1
282.56	-0.09444	1
282.6	-0.09444	1
282.64	-0.09444	1
282.68	-0.09444	1
282.72	-0.09444	1
282.76	-0.09444	1
282.8	-0.09444	1
282.84000000000003	-0.09444	1
282.88	-0.09444	1
282.92	-0.09444	1
282.96	-0.09444	1
283.0	-0.09444	1
283.04	-0.09444	1
283.08	-0.09444	1
283.12	-0.09444	1
283.16	-0.09444	1
283.2	-0.09444	1
283.24	-0.09444	1
283.28000000000003	-0.09444	1
283.32	-0.09444	1
283.36	-0.09444	1
283.40000000000003	-0.09314	1
283.44	-0.09314	1
283.48	-0.09314	1
283.52	-0.09314	0
283.56	-0.09314	0
283.6	-0.09314	0
283.64	-0.09314	0
283.68	-0.09314	0
283.72	-0.09314	0
283.76	-0.09314	0
283.8	-0.09314	0
283.84000000000003	-0.09314	0
283.88	-0.09314	0
283.92	-0.09314	0
283.96	-0.09314	0
284.0	-0.09314	0
284.04	-0.09314	0
284.08	-0.09314	0
284.12	-0.09314	0
284.16	-0.09314	0
284.2	-0.09314	0
284.24	-0.09194	0
284.28000000000003	-0.09206	0
284.32	-0.09217	0
284.36	-0.09228	0
284.40000000000003	-0.09240	0
284.44	-0.09251	0
284.48	-0.09251	0
284.52	-0.09251	0
284.56	-0.09251	0
284.6	-0.09251	0
284.64	-0.09251	0
284.68	-0.09251	0
284.72	-0.09251	0
284.76	-0.09251	0
284.8	-0.09251	0
284.84000000000003	-0.09251	0
284.88	-0.09251	0
284.92	-0.09251	0
284.96	-0.09251	0
285.0	-0.09251	0
285.04	-0.09251	0
285.08	-0.09251	0
285.12	-0.09251	0
285.16	-0.09251	0
285.2	-0.09251	0
285.24	-0.09251	0
285.28000000000003	-0.09251	0
285.32	-0.09251	0
285.36	-0.09251	0
285.40000000000003	-0.09251	0
285.44	-0.09251	0
285.48	-0.09251	0
285.52	-0.09251	0
285.56	-0.09251	0
285.6	-0.09251	0
285.64	-0.09251	0
285.68	-0.09251	0
285.72	-0.09251	0
285.76	-0.09251	0
285.8	-0.09251	0
285.84000000000003	-0.09251	0
285.88	-0.09251	0
285.92	-0.09251	0
285.96	-0.09251	0
286.0	-0.09251	0
286.04	-0.09251	0
286.08	-0.09251	0
286.12	-0.09132	0
286.16	-0.09012	0
286.2	-0.09024	0
286.24	-0.09035	0
286.28000000000003	-0.09046	0
286.32	-0.09058	0
286.36	-0.09069	0
286.40000000000003	-0.09080	0
286.44	-0.09341	0
286.48	-0.09341	0
286.52	-0.09341	0
286.56	-0.09341	1
286.6	-0.09341	1
286.64	-0.09341	1
286.68	-0.09341	1
286.72	-0.09221	1
286.76	-0.09232	1
286.8	-0.09112	1
286.84000000000003	-0.09124	1
286.88	-0.09004	1
286.92	-0.09015	1
286.96	-0.09026	1
287.0	-0.09038	1
287.04	-0.09049	1
287.08	-0.09060	1
287.12	-0.09072	1
287.16	-0.09083	1
287.2	-0.09095	1
287.24	-0.09106	1
287.28000000000003	-0.09117	1
287.32	-0.09129	1
287.36	-0.09140	1
287.40000000000003	-0.09151	1
287.44	-0.09163	1
287.48	-0.09174	1
287.52	-0.09185	1
287.56	-0.09197	1
287.6	-0.09208	1
287.64	-0.09088	1
287.68	-0.09100	1
287.72	-0.09111	1
287.76	-0.09122	1
287.8	-0.09134	1
287.84000000000003	-0.09145	1
287.88	-0.09156	1
287.92	-0.09168	1
287.96	-0.09179	1
288.0	-0.09190	1
288.04	-0.09202	0
288.08	-0.09213	0
288.12	-0.09224	0
288.16	-0.09236	0
288.2	-0.09247	0
288.24	-0.09258	0
288.28000000000003	-0.09258	0
288.32	-0.09258	0
288.36	-0.09139	0
288.40000000000003	-0.09150	0
288.44	-0.09161	0
288.48	-0.09173	0
288.52	-0.09184	0
288.56	-0.09195	1
288.6	-0.09207	1
288.64	-0.09218	1
288.68	-0.09229	1
288.72	-0.09109	1
288.76	-0.09121	1
288.8	-0.09132	1
288.84000000000003	-0.09144	1
288.88	-0.09155	1
288.92	-0.09166	1
288.96	-0.09178	1
289.0	-0.09189	1
289.04	-0.09200	1
289.08	-0.09212	1
289.12	-0.09223	1
289.16	-0.09234	1
289.2	-0.09246	1
289.24	-0.09257	1
289.28000000000003	-0.09257	1
289.32	-0.09257	1
289.36	-0.09257	1
289.40000000000003	-0.09257	1
289.44	-0.09257	1
289.48	-0.09257	1
289.52	-0.09257	1
289.56	-0.09257	1
289.6	-0.09257	1
289.64	-0.09257	1
289.68	-0.09257	1
289.72	-0.09257	1
289.76	-0.09257	1
289.8	-0.09257	1
289.84000000000003	-0.09257	1
289.88	-0.09257	1
289.92	-0.09257	1
289.96	-0.09257	1
290.0	-0.09257	1
290.04	-0.09257	1
290.08	-0.09257	1
290.12	-0.09257	1
290.16	-0.09257	1
290.2	-0.09257	1
290.24	-0.09257	1
290.28000000000003	-0.09257	1
290.32	-0.09257	1
290.36	-0.09257	1
290.40000000000003	-0.09257	1
290.44	-0.09257	1
290.48	-0.09257	1
290.52	-0.09257	1
290.56	-0.09257	1
290.6	-0.09257	1
290.64	-0.09257	1
290.68	-0.09257	1
290.72	-0.09257	1
290.76	-0.09257	1
290.8	-0.09257	1
290.84000000000003	-0.09257	1
290.88	-0.09257	1
290.92	-0.09257	1
290.96	-0.09257	1
291.0	-0.09257	1
291.04	-0.09257	1
291.08	-0.09257	1
291.12	-0.09257	1
291.16	-0.09257	1
291.2	-0.09257	1
291.24	-0.09257	1
291.28000000000003	-0.09257	1
291.32	-0.09257	1
291.36	-0.09257	1
291.40000000000003	-0.09257	1
291.44	-0.09257	1
291.48	-0.09257	1
291.52	-0.09257	1
291.56	-0.09137	1
291.6	-0.09149	1
291.64	-0.09160	1
291.68	-0.09171	1
291.72	-0.09183	1
291.76	-0.09194	1
291.8	-0.09205	1
291.84000000000003	-0.09217	1
291.88	-0.09228	1
291.92	-0.09239	1
291.96	-0.09501	1
292.0	-0.09501	1
292.04	-0.09501	1
292.08	-0.09501	1
292.12	-0.09501	1
292.16	-0.09501	1
292.2	-0.09501	1
292.24	-0.09501	1
292.28000000000003	-0.09370	1
292.32	-0.09370	1
292.36	-0.09370	1
292.40000000000003	-0.09370	1
292.44	-0.09370	1
292.48	-0.09370	1
292.52	-0.09370	1
292.56	-0.09370	1
292.6	-0.09251	1
292.64	-0.09251	1
292.68	-0.09251	1
292.72	-0.09251	1
292.76	-0.09251	1
292.8	-0.09251	1
292.84000000000003	-0.09131	1
292.88	-0.09142	1
292.92	-0.09154	1
292.96	-0.09165	1
293.0	-0.09176	1
293.04	-0.09188	1
293.08	-0.09199	1
293.12	-0.09210	1
293.16	-0.09222	1
293.2	-0.09233	1
293.24	-0.09244	1
293.28000000000003	-0.09255	1
293.32	-0.09136	1
293.36	-0.09147	1
293.40000000000003	-0.09159	1
293.44	-0.09170	1
293.48	-0.09181	1
293.52	-0.09193	1
293.56	-0.09204	1
293.6	-0.09215	1
293.64	-0.09226	1
293.68	-0.09238	1
293.72	-0.09249	1
293.76	-0.09260	0
293.8	-0.09260	0
293.84000000000003	-0.09260	0
293.88	-0.09260	0
293.92	-0.09260	0
293.96	-0.09260	0
294.0	-0.09260	0
294.04	-0.09260	0
294.08	-0.09260	0
294.12	-0.09141	0
294.16	-0.09152	0
294.2	-0.09164	0
294.24	-0.09175	0
294.28000000000003	-0.09186	0
294.32	-0.09197	0
294.36	-0.09209	0
294.40000000000003	-0.09220	0
294.44	-0.09231	0
294.48	-0.09243	0
294.52	-0.09254	0
294.56	-0.09254	0
294.6	-0.09254	0
294.64	-0.09254	0
294.68	-0.09254	0
294.72	-0.09254	0
294.76	-0.09254	0
294.8	-0.09254	0
294.84000000000003	-0.09254	0
294.88	-0.09254	0
294.92	-0.09254	0
294.96	-0.09254	0
295.0	-0.09254	0
295.04	-0.09254	0
295.08	-0.09254	0
295.12	-0.09254	0
295.16	-0.09254	0
295.2	-0.09254	0
295.24	-0.09254	0
295.28000000000003	-0.09254	0
295.32	-0.09254	0
295.36	-0.09254	0
295.40000000000003	-0.09254	0
295.44	-0.09254	0
295.48	-0.09254	0
295.52	-0.09254	0
295.56	-0.09254	0
295.6	-0.09135	0
295.64	-0.09146	0
295.68	-0.09157	0
295.72	-0.09169	0
295.76	-0.09180	0
295.8	-0.09191	0
295.84000000000003	-0.09202	0
295.88	-0.09214	0
295.92	-0.09225	0
295.96	-0.09236	0
296.0	-0.09247	0
296.04	-0.09259	0
296.08	-0.09259	0
296.12	-0.09259	0
296.16	-0.09140	0
296.2	-0.09151	0
296.24	-0.09162	0
296.28000000000003	-0.09173	0
296.32	-0.09185	0
296.36	-0.09196	0
296.40000000000003	-0.09456	0
296.44	-0.09456	0
296.48	-0.09456	0
296.52	-0.09456	0
296.56	-0.09456	0
296.6	-0.09456	0
296.64	-0.09456	0
296.68	-0.09456	0
296.72	-0.09456	0
296.76	-0.09456	0
296.8	-0.09456	0
296.84000000000003	-0.09326	0
296.88	-0.09326	0
296.92	-0.09207	0
296.96	-0.09219	0
297.0	-0.09230	0
297.04	-0.09241	0
297.08	-0.09252	0
297.12	-0.09252	0
297.16	-0.09252	0
297.2	-0.09252	0
297.24	-0.09252	0
297.28000000000003	-0.09252	0
297.32	-0.09252	0
297.36	-0.09252	0
297.40000000000003	-0.09252	0
297.44	-0.09252	0
297.48	-0.09252	0
297.52	-0.09252	0
297.56	-0.09252	0
297.6	-0.09252	0
297.64	-0.09252	0
297.68	-0.09252	0
297.72	-0.09252	0
297.76	-0.09252	0
297.8	-0.09252	0
297.84000000000003	-0.09252	0
297.88	-0.09252	0
297.92	-0.09133	0
297.96	-0.09145	0
298.0	-0.09156	0
298.04	-0.09167	0
298.08	-0.09178	0
298.12	-0.09190	0
298.16	-0.09450	0
298.2	-0.09450	0
298.24	-0.09450	0
298.28000000000003	-0.09450	0
298.32	-0.09450	0
298.36	-0.09450	0
298.40000000000003	-0.09450	0
298.44	-0.09450	0
298.48	-0.09320	0
298.52	-0.09320	0
298.56	-0.09201	0
298.6	-0.09212	0
298.64	-0.09223	0
298.68	-0.09235	0
298.72	-0.09246	0
298.76	-0.09257	0
298.8	-0.09257	0
298.84000000000003	-0.09257	0
298.88	-0.09257	0
298.92	-0.09257	0
298.96	-0.09257	0
299.0	-0.09257	0
299.04	-0.09257	0
299.08	-0.09138	0
299.12	-0.09150	0
299.16	-0.09161	0
299.2	-0.09172	0
299.24	-0.09183	0
299.28000000000003	-0.09195	0
299.32	-0.09206	0
299.36	-0.09217	0
299.40000000000003	-0.09228	0
299.44	-0.09239	0
299.48	-0.09121	0
299.52	-0.09132	0
299.56	-0.09392	0
299.6	-0.09392	0
299.64	-0.09392	0
299.68	-0.09392	0
299.72	-0.09392	0
299.76	-0.09392	0
299.8	-0.09392	0
299.84000000000003	-0.09392	0
299.88	-0.09392	0
299.92	-0.09392	0
299.96	-0.09392	0
300.0	-0.09392	0
300.04	-0.09392	0
300.08	-0.09392	0
300.12	-0.09392	0
300.16	-0.09392	0
300.2	-0.09392	0
300.24	-0.09392	0
300.28000000000003	-0.09392	0
300.32	-0.09392	0
300.36	-0.09392	0
300.40000000000003	-0.09392	0
300.44	-0.09392	0
300.48	-0.09392	0
300.52	-0.09392	0
300.56	-0.09392	0
300.6	-0.09392	0
300.64	-0.09392	0
300.68	-0.09392	0
300.72	-0.09392	0
300.76	-0.09262	0
300.8	-0.09262	0
300.84000000000003	-0.09262	1
300.88	-0.09262	1
300.92	-0.09262	1
300.96	-0.09262	1
301.0	-0.09262	1
301.04	-0.09142	1
301.08	-0.09153	1
301.12	-0.09165	1
301.16	-0.09176	1
301.2	-0.09187	1
301.24	-0.09199	1
301.28000000000003	-0.09210	1
301.32	-0.09221	1
301.36	-0.09233	1
301.40000000000003	-0.09244	1
301.44	-0.09255	1
301.48	-0.09255	1
301.52	-0.09255	1
301.56	-0.09255	1
301.6	-0.09255	1
301.64	-0.09255	1
301.68	-0.09255	1
301.72	-0.09255	1
301.76	-0.09255	1
301.8	-0.09255	1
301.84000000000003	-0.09255	1
301.88	-0.09255	1
301.92	-0.09255	1
301.96	-0.09255	1
302.0	-0.09255	1
302.04	-0.09255	1
302.08	-0.09255	1
302.12	-0.09255	1
302.16	-0.09255	1
302.2	-0.09255	1
302.24	-0.09255	1
302.28000000000003	-0.09135	1
302.32	-0.09016	1
302.36	-0.09027	1
302.40000000000003	-0.09038	1
302.44	-0.09050	1
302.48	-0.09061	1
302.52	-0.09072	1
302.56	-0.09084	1
302.6	-0.09095	1
302.64	-0.09106	1
302.68	-0.09118	1
302.72	-0.09129	1
302.76	-0.09140	1
302.8	-0.09152	1
302.84000000000003	-0.09163	1
302.88	-0.09175	1
302.92	-0.09186	1
302.96	-0.09197	1
303.0	-0.09209	1
303.04	-0.09220	1
303.08	-0.09231	1
303.12	-0.09242	1
303.16	-0.09254	1
303.2	-0.09134	1
303.24	-0.09146	1
303.28000000000003	-0.09157	1
303.32	-0.09168	1
303.36	-0.09179	1
303.40000000000003	-0.09191	1
303.44	-0.09202	1
303.48	-0.09213	1
303.52	-0.09225	1
303.56	-0.09236	1
303.6	-0.09117	1
303.64	-0.09128	1
303.68	-0.09139	1
303.72	-0.09151	1
303.76	-0.09162	1
303.8	-0.09173	1
303.84000000000003	-0.09184	1
303.88	-0.09196	1
303.92	-0.09207	1
303.96	-0.09218	1
304.0	-0.09230	1
304.04	-0.09110	1
304.08	-0.09122	1
304.12	-0.09133	1
304.16	-0.09144	1
304.2	-0.09156	1
304.24	-0.09167	1
304.28000000000003	-0.09178	1
304.32	-0.09189	1
304.36	-0.09201	1
304.40000000000003	-0.09212	1
304.44	-0.09093	1
304.48	-0.09104	1
304.52	-0.09115	1
304.56	-0.09127	1
304.6	-0.09138	0
304.64	-0.09149	0
304.68	-0.09410	0
304.72	-0.09410	0
304.76	-0.09410	0
304.8	-0.09410	0
304.84000000000003	-0.09410	0
304.88	-0.09410	0
304.92	-0.09410	0
304.96	-0.09410	0
305.0	-0.09410	0
305.04	-0.09280	0
305.08	-0.09280	0
305.12	-0.09280	0
305.16	-0.09280	0
305.2	-0.09280	0
305.24	-0.09280	0
305.28000000000003	-0.09161	0
305.32	-0.09172	0
305.36	-0.09183	0
305.40000000000003	-0.09194	0
305.44	-0.09206	0
305.48	-0.09217	0
305.52	-0.09228	0
305.56	-0.09239	0
305.6	-0.09251	1
305.64	-0.09251	1
305.68	-0.09251	1
305.72	-0.09251	1
305.76	-0.09131	1
305.8	-0.09142	1
305.84000000000003	-0.09153	1
305.88	-0.09165	1
305.92	-0.09176	1
305.96	-0.09187	1
306.0	-0.09199	1
306.04	-0.09210	1
306.08	-0.09222	1
306.12	-0.09233	1
306.16	-0.09244	1
306.2	-0.09256	1
306.24	-0.09256	1
306.28000000000003	-0.09256	1
306.32	-0.09256	1
306.36	-0.09256	1
306.40000000000003	-0.09256	1
306.44	-0.09256	1
306.48	-0.09256	1
306.52	-0.09256	1
306.56	-0.09136	1
306.6	-0.09147	1
306.64	-0.09158	1
306.68	-0.09170	1
306.72	-0.09181	1
306.76	-0.09192	1
306.8	-0.09204	1
306.84000000000003	-0.09215	1
306.88	-0.09226	1
306.92	-0.09238	1
306.96	-0.09249	1
307.0	-0.09260	1
307.04	-0.09260	1
307.08	-0.09260	1
307.12	-0.09260	1
307.16	-0.09260	1
307.2	-0.09141	1
307.24	-0.09152	1
307.28000000000003	-0.09163	1
307.32	-0.09175	1
307.36	-0.09186	1
307.40000000000003	-0.09197	1
307.44	-0.09209	1
307.48	-0.09220	1
307.52	-0.09231	1
307.56	-0.09243	1
307.6	-0.09254	1
307.64	-0.09254	1
307.68	-0.09254	1
307.72	-0.09254	1
307.76	-0.09134	1
307.8	-0.09146	1
307.84000000000003	-0.09157	1
307.88	-0.09168	1
307.92	-0.09180	1
307.96	-0.09191	1
308.0	-0.09202	0
308.04	-0.09214	0
308.08	-0.09225	0
308.12	-0.09236	0
308.16	-0.09248	0
308.2	-0.09259	0
308.24	-0.09259	0
308.28000000000003	-0.09139	0
308.32	-0.09151	0
308.36	-0.09162	0
308.40000000000003	-0.09173	1
308.44	-0.09185	1
308.48	-0.09196	1
308.52	-0.09208	1
308.56	-0.09219	1
308.6	-0.09099	1
308.64	-0.09110	1
308.68	-0.09122	1
308.72	-0.09133	1
308.76	-0.09144	1
308.8	-0.09156	1
308.84000000000003	-0.09167	1
308.88	-0.08916	1
308.92	-0.08927	1
308.96	-0.08939	1
309.0	-0.08950	1
309.04	-0.08961	1
309.08	-0.08973	1
309.12	-0.08984	1
309.16	-0.08996	1
309.2	-0.09007	1
309.24	-0.09018	1
309.28000000000003	-0.09030	1
309.32	-0.08910	1
309.36	-0.08921	1
309.40000000000003	-0.08933	1
309.44	-0.08944	1
309.48	-0.08955	1
309.52	-0.08967	1
309.56	-0.08978	1
309.6	-0.08989	1
309.64	-0.09001	1
309.68	-0.09263	1
309.72	-0.09143	1
309.76	-0.09154	1
309.8	-0.09166	1
309.84000000000003	-0.09177	1
309.88	-0.09188	1
309.92	-0.09200	1
309.96	-0.09211	1
310.0	-0.09222	1
310.04	-0.09234	1
310.08	-0.09245	1
310.12	-0.09256	1
310.16	-0.09256	1
310.2	-0.09256	1
310.24	-0.09256	1
310.28000000000003	-0.09256	1
310.32	-0.09256	1
310.36	-0.09137	1
310.40000000000003	-0.09148	1
310.44	-0.09159	1
310.48	-0.09171	1
310.52	-0.09182	1
310.56	-0.09193	1
310.6	-0.09205	1
310.64	-0.09216	1
310.68	-0.09227	1
310.72	-0.09238	1
310.76	-0.09250	1
310.8	-0.09261	1
310.84000000000003	-0.09261	1
310.88	-0.09142	1
310.92	-0.09153	1
310.96	-0.09164	1
311.0	-0.09176	1
311.04	-0.09187	1
311.08	-0.09198	1
311.12	-0.09210	1
311.16	-0.09221	1
311.2	-0.09232	1
311.24	-0.09243	1
311.28000000000003	-0.09255	1
311.32	-0.09255	1
311.36	-0.09255	1
311.40000000000003	-0.09255	1
311.44	-0.09255	1
311.48	-0.09255	1
311.52	-0.09255	1
311.56	-0.09255	1
311.6	-0.09255	1
311.64	-0.09255	1
311.68	-0.09255	1
311.72	-0.09255	1
311.76	-0.09255	1
311.8	-0.09255	1
311.84000000000003	-0.09255	1
311.88	-0.09255	1
311.92	-0.09255	1
311.96	-0.09255	1
312.0	-0.09255	1
312.04	-0.09255	1
312.08	-0.09255	1
312.12	-0.09255	1
312.16	-0.09135	1
312.2	-0.09147	1
312.24	-0.09158	1
312.28000000000003	-0.09169	1
312.32	-0.09181	1
312.36	-0.09192	1
312.40000000000003	-0.09073	1
312.44	-0.09084	1
312.48	-0.09095	1
312.52	-0.09107	1
312.56	-0.09118	1
312.6	-0.09129	1
312.64	-0.09141	1
312.68	-0.09152	1
312.72	-0.09163	1
312.76	-0.09174	1
312.8	-0.09186	1
312.84000000000003	-0.09197	1
312.88	-0.09208	1
312.92	-0.09219	1
312.96	-0.09231	1
313.0	-0.09242	1
313.04	-0.09123	1
313.08	-0.09134	1
313.12	-0.09145	1
313.16	-0.09157	1
313.2	-0.09168	1
313.24	-0.09179	1
313.28000000000003	-0.09190	1
313.32	-0.09202	1
313.36	-0.09213	1
313.40000000000003	-0.09224	1
313.44	-0.09235	1
313.48	-0.09247	1
313.52	-0.09258	1
313.56	-0.09258	1
313.6	-0.09258	1
313.64	-0.09258	1
313.68	-0.09258	1
313.72	-0.09258	1
313.76	-0.09139	1
313.8	-0.09150	1
313.84000000000003	-0.09162	1
313.88	-0.09173	1
313.92	-0.09184	1
313.96	-0.09195	1
314.0	-0.09207	1
314.04	-0.09218	1
314.08	-0.09229	1
314.12	-0.09240	1
314.16	-0.09251	1
314.2	-0.09251	1
314.24	-0.09251	1
314.28000000000003	-0.09251	1
314.32	-0.09251	1
314.36	-0.09251	1
314.40000000000003	-0.09251	1
314.44	-0.09251	0
314.48	-0.09251	0
314.52	-0.09251	0
314.56	-0.09251	0
314.6	-0.09133	0
314.64	-0.09144	0
314.68	-0.09155	0
314.72	-0.09037	0
314.76	-0.09048	0
314.8	-0.09059	0
314.84000000000003	-0.09071	0
314.88	-0.09082	0
314.92	-0.09093	0
314.96	-0.09104	0
315.0	-0.09116	0
315.04	-0.09127	0
315.08	-0.09138	0
315.12	-0.09149	0
315.16	-0.09160	0
315.2	-0.09172	0
315.24	-0.09183	0
315.28000000000003	-0.09194	0
315.32	-0.09205	0
315.36	-0.09216	0
315.40000000000003	-0.09228	0
315.44	-0.09239	0
315.48	-0.09250	0
315.52	-0.09261	0
315.56	-0.09261	0
315.6	-0.09261	0
315.64	-0.09261	0
315.68	-0.09261	0
315.72	-0.09261	0
315.76	-0.09261	0
315.8	-0.09261	0
315.84000000000003	-0.09261	0
315.88	-0.09261	0
315.92	-0.09261	0
315.96	-0.09261	0
316.0	-0.09261	0
316.04	-0.09261	0
316.08	-0.09261	0
316.12	-0.09014	0
316.16	-0.09025	0
316.2	-0.09036	0
316.24	-0.09047	0
316.28000000000003	-0.09058	0
316.32	-0.09070	0
316.36	-0.09081	0
316.40000000000003	-0.08963	0
316.44	-0.08974	0
316.48	-0.08985	0
316.52	-0.08996	0
316.56	-0.09008	0
316.6	-0.09019	0
316.64	-0.09030	0
316.68	-0.09041	0
316.72	-0.09052	0
316.76	-0.08935	0
316.8	-0.08817	0
316.84000000000003	-0.08828	0
316.88	-0.08839	0
316.92	-0.08850	0
316.96	-0.08861	0
317.0	-0.08873	0
317.04	-0.08884	0
317.08	-0.08895	0
317.12	-0.08906	0
317.16	-0.08917	0
317.2	-0.08929	0
317.24	-0.08940	0
317.28000000000003	-0.08951	0
317.32	-0.08962	0
317.36	-0.08973	0
317.40000000000003	-0.08984	0
317.44	-0.08996	0
317.48	-0.09007	0
317.52	-0.09018	0
317.56	-0.09029	0
317.6	-0.08912	0
317.64	-0.08923	0
317.68	-0.08934	0
317.72	-0.08945	0
317.76	-0.08956	0
317.8	-0.08967	0
317.84000000000003	-0.08978	0
317.88	-0.08990	0
317.92	-0.09001	0
317.96	-0.09012	0
318.0	-0.09023	0
318.04	-0.09034	0
318.08	-0.09045	0
318.12	-0.09056	0
318.16	-0.09068	0
318.2	-0.08950	0
318.24	-0.08961	0
318.28000000000003	-0.08972	0
318.32	-0.08984	0
318.36	-0.08995	0
318.40000000000003	-0.09006	0
318.44	-0.09017	0
318.48	-0.09028	0
318.52	-0.08911	0
318.56	-0.08922	0
318.6	-0.08933	0
318.64	-0.09201	0
318.68	-0.09212	0
318.72	-0.09095	0
318.76	-0.09106	0
318.8	-0.09117	0
318.84000000000003	-0.09128	0
318.88	-0.09139	0
318.92	-0.09150	0
318.96	-0.09161	0
319.0	-0.09172	0
319.04	-0.09184	0
319.08	-0.09195	0
319.12	-0.09206	0
319.16	-0.09217	0
319.2	-0.09228	0
319.24	-0.09239	0
319.28000000000003	-0.09250	0
319.32	-0.09261	0
319.36	-0.09261	0
319.40000000000003	-0.09261	0
319.44	-0.09261	0
319.48	-0.09261	0
319.52	-0.09261	0
319.56	-0.09261	0
319.6	-0.09144	0
319.64	-0.09155	0
319.68	-0.09038	0
319.72	-0.09050	1
319.76	-0.09313	1
319.8	-0.09313	1
319.84000000000003	-0.09193	1
319.88	-0.09204	1
319.92	-0.09215	1
319.96	-0.09227	1
320.0	-0.09238	1
320.04	-0.09249	1
320.08	-0.09261	1
320.12	-0.09261	1
320.16	-0.09261	1
320.2	-0.09261	1
320.24	-0.09261	1
320.28000000000003	-0.09261	1
320.32	-0.09261	1
320.36	-0.09261	1
320.40000000000003	-0.09261	1
320.44	-0.09141	1
320.48	-0.09152	1
320.52	-0.09163	1
320.56	-0.09175	1
320.6	-0.09186	1
320.64	-0.09197	1
320.68	-0.09209	1
320.72	-0.09220	1
320.76	-0.09232	1
320.8	-0.09243	1
320.84000000000003	-0.09254	1
320.88	-0.09254	1
320.92	-0.09254	1
320.96	-0.09254	1
321.0	-0.09254	1
321.04	-0.09003	1
321.08	-0.09015	1
321.12	-0.09026	1
321.16	-0.09037	1
321.2	-0.09049	1
321.24	-0.09060	1
321.28000000000003	-0.09322	1
321.32	-0.09322	1
321.36	-0.09322	1
321.40000000000003	-0.09322	1
321.44	-0.09322	1
321.48	-0.09322	1
321.52	-0.09322	1
321.56	-0.09202	1
321.6	-0.09214	1
321.64	-0.09225	1
321.68	-0.09236	1
321.72	-0.09248	1
321.76	-0.09259	1
321.8	-0.09259	1
321.84000000000003	-0.09259	1
321.88	-0.09259	1
321.92	-0.09259	1
321.96	-0.09139	1
322.0	-0.09151	1
322.04	-0.09162	1
322.08	-0.09173	1
322.12	-0.09185	1
322.16	-0.09196	1
322.2	-0.09207	1
322.24	-0.09219	1
322.28000000000003	-0.09230	1
322.32	-0.09241	1
322.36	-0.09253	0
322.40000000000003	-0.09253	0
322.44	-0.09253	0
322.48	-0.09253	0
322.52	-0.09253	0
322.56	-0.09253	0
322.6	-0.09253	0
322.64	-0.09253	0
322.68	-0.09253	0
322.72	-0.09253	0
322.76	-0.09253	0
322.8	-0.09253	0
322.84000000000003	-0.09253	0
322.88	-0.09253	0
322.92	-0.09133	0
322.96	-0.09144	0
323.0	-0.09156	0
323.04	-0.09167	0
323.08	-0.09178	0
323.12	-0.09190	0
323.16	-0.09201	0
323.2	-0.09082	0
323.24	-0.09093	0
323.28000000000003	-0.09104	0
323.32	-0.09116	0
323.36	-0.09127	0
323.40000000000003	-0.09138	0
323.44	-0.09149	0
323.48	-0.09161	0
323.52	-0.09172	0
323.56	-0.09183	0
323.6	-0.09195	0
323.64	-0.09206	0
323.68	-0.09217	0
323.72	-0.09228	0
323.76	-0.09240	0
323.8	-0.09251	0
323.84000000000003	-0.09251	0
323.88	-0.09251	0
323.92	-0.09251	0
323.96	-0.09251	0
324.0	-0.09251	0
324.04	-0.09251	0
324.08	-0.09251	0
324.12	-0.09251	0
324.16	-0.09251	0
324.2	-0.09251	0
324.24	-0.09251	0
324.28000000000003	-0.09251	0
324.32	-0.09251	0
324.36	-0.09251	0
324.40000000000003	-0.09251	0
324.44	-0.09251	0
324.48	-0.09251	0
324.52	-0.09251	0
324.56	-0.09132	0
324.6	-0.09143	0
324.64	-0.09154	0
324.68	-0.09166	0
324.72	-0.09177	0
324.76	-0.09188	0
324.8	-0.09200	0
324.84000000000003	-0.09211	0
324.88	-0.09222	0
324.92	-0.09233	0
324.96	-0.09245	0
325.0	-0.09256	0
325.04	-0.09256	0
325.08	-0.09256	0
325.12	-0.09256	0
325.16	-0.09256	0
325.2	-0.09256	0
325.24	-0.09256	0
325.28000000000003	-0.09256	0
325.32	-0.09256	0
325.36	-0.09256	0
325.40000000000003	-0.09256	0
325.44	-0.09256	0
325.48	-0.09256	0
325.52	-0.09256	0
325.56	-0.09256	0
325.6	-0.09256	0
325.64	-0.09137	0
325.68	-0.09018	0
325.72	-0.09029	0
325.76	-0.09040	0
325.8	-0.09052	0
325.84000000000003	-0.09063	0
325.88	-0.09074	0
325.92	-0.09086	0
325.96	-0.09097	0
326.0	-0.09108	0
326.04	-0.09119	0
326.08	-0.09131	0
326.12	-0.09142	0
326.16	-0.09153	0
326.2	-0.09164	0
326.24	-0.09176	0
326.28000000000003	-0.09187	0
326.32	-0.09198	0
326.36	-0.09209	1
326.40000000000003	-0.09221	1
326.44	-0.09232	1
326.48	-0.09244	1
326.52	-0.09255	1
326.56	-0.09255	1
326.6	-0.09255	1
326.64	-0.09255	1
326.68	-0.09255	1
326.72	-0.09255	1
326.76	-0.09255	1
326.8	-0.09255	1
326.84000000000003	-0.09255	1
326.88	-0.09255	1
326.92	-0.09255	1
326.96	-0.09255	1
327.0	-0.09255	1
327.04	-0.09255	1
327.08	-0.09135	1
327.12	-0.09146	1
327.16	-0.09158	1
327.2	-0.09169	1
327.24	-0.09180	1
327.28000000000003	-0.09192	1
327.32	-0.09203	1
327.36	-0.09214	1
327.40000000000003	-0.09226	1
327.44	-0.09237	1
327.48	-0.09248	1
327.52	-0.09260	1
327.56	-0.09260	1
327.6	-0.09260	1
327.64	-0.09260	1
327.68	-0.09260	1
327.72	-0.09260	1
327.76	-0.09260	1
327.8	-0.09260	1
327.84000000000003	-0.09260	1
327.88	-0.09260	1
327.92	-0.09260	1
327.96	-0.09260	1
328.0	-0.09260	1
328.04	-0.09260	1
328.08	-0.09260	1
328.12	-0.09260	1
328.16	-0.09260	1
328.2	-0.09260	1
328.24	-0.09260	1
328.28000000000003	-0.09260	1
328.32	-0.09260	1
328.36	-0.09260	1
328.40000000000003	-0.09260	1
328.44	-0.09260	1
328.48	-0.09260	1
328.52	-0.09260	1
328.56	-0.09260	1
328.6	-0.09260	1
328.64	-0.09260	1
328.68	-0.09260	1
328.72	-0.09140	1
328.76	-0.09151	1
328.8	-0.09163	1
328.84000000000003	-0.09174	1
328.88	-0.09185	1
328.92	-0.09197	1
328.96	-0.09208	1
329.0	-0.09219	1
329.04	-0.09231	1
329.08	-0.09242	1
329.12	-0.09253	1
329.16	-0.09253	1
329.2	-0.09253	1
329.24	-0.09253	1
329.28000000000003	-0.09253	1
329.32	-0.09253	1
329.36	-0.09253	1
329.40000000000003	-0.09253	1
329.44	-0.09253	1
329.48	-0.09253	1
329.52	-0.09253	1
329.56	-0.09253	1
329.6	-0.09253	1
329.64	-0.09253	1
329.68	-0.09253	1
329.72	-0.09253	1
329.76	-0.09253	1
329.8	-0.09134	1
329.84000000000003	-0.09145	1
329.88	-0.09156	1
329.92	-0.09168	1
329.96	-0.09179	1
330.0	-0.09190	1
330.04	-0.09202	1
330.08	-0.09213	1
330.12	-0.09224	1
330.16	-0.09236	1
330.2	-0.09247	1
330.24	-0.09258	1
330.28000000000003	-0.09258	1
330.32	-0.09258	1
330.36	-0.09258	1
330.40000000000003	-0.09258	1
330.44	-0.09139	1
330.48	-0.09150	1
330.52	-0.09161	1
330.56	-0.09173	1
330.6	-0.09184	1
330.64	-0.09195	1
330.68	-0.09207	1
330.72	-0.09218	1
330.76	-0.09229	1
330.8	-0.09240	1
330.84000000000003	-0.09252	1
330.88	-0.09252	1
330.92	-0.09252	1
330.96	-0.09252	1
331.0	-0.09252	1
331.04	-0.09252	1
331.08	-0.09252	1
331.12	-0.09252	1
331.16	-0.09252	1
331.2	-0.09252	1
331.24	-0.09252	1
331.28000000000003	-0.09252	1
331.32	-0.09252	1
331.36	-0.09252	1
331.40000000000003	-0.09252	1
331.44	-0.09252	1
331.48	-0.09252	1
331.52	-0.09252	1
331.56	-0.09252	1
331.6	-0.09252	1
331.64	-0.09252	1
331.68	-0.09252	1
331.72	-0.09132	1
331.76	-0.09144	1
331.8	-0.09155	1
331.84000000000003	-0.09166	1
331.88	-0.09178	1
331.92	-0.09189	1
331.96	-0.09450	1
332.0	-0.09450	1
332.04	-0.09450	1
332.08	-0.09450	1
332.12	-0.09319	1
332.16	-0.09319	1
332.2	-0.09319	1
332.24	-0.09319	1
332.28000000000003	-0.09319	1
332.32	-0.09319	1
332.36	-0.09200	1
332.40000000000003	-0.09211	1
332.44	-0.09223	1
332.48	-0.09234	1
332.52	-0.09115	1
332.56	-0.09126	1
332.6	-0.09137	1
332.64	-0.09149	1
332.68	-0.09160	1
332.72	-0.09171	1
332.76	-0.09183	1
332.8	-0.09063	1
332.84000000000003	-0.09075	1
332.88	-0.09086	1
332.92	-0.09097	1
332.96	-0.09109	1
333.0	-0.09120	1
333.04	-0.09131	1
333.08	-0.09142	1
333.12	-0.09154	1
333.16	-0.09165	1
333.2	-0.09176	1
333.24	-0.09437	1
333.28000000000003	-0.09437	1
333.32	-0.09437	1
333.36	-0.09437	1
333.40000000000003	-0.09437	1
333.44	-0.09437	1
333.48	-0.09306	1
333.52	-0.09306	1
333.56	-0.09306	1
333.6	-0.09306	1
333.64	-0.09306	1
333.68	-0.09306	1
333.72	-0.09306	1
333.76	-0.09306	1
333.8	-0.09306	1
333.84000000000003	-0.09306	1
333.88	-0.09306	1
333.92	-0.09306	1
333.96	-0.09306	1
334.0	-0.09306	1
334.04	-0.09306	1
334.08	-0.09306	1
334.12	-0.09306	1
334.16	-0.09306	1
334.2	-0.09306	1
334.24	-0.09306	1
334.28000000000003	-0.09306	1
334.32	-0.09306	1
334.36	-0.09306	1
334.40000000000003	-0.09306	1
334.44	-0.09306	1
334.48	-0.09306	1
334.52	-0.09306	1
334.56	-0.09306	0
334.6	-0.09306	0
334.64	-0.09187	0
334.68	-0.09199	0
334.72	-0.09210	0
334.76	-0.09221	0
334.8	-0.09232	0
334.84000000000003	-0.09244	0
334.88	-0.09255	0
334.92	-0.09255	0
334.96	-0.09255	0
335.0	-0.09255	0
335.04	-0.09255	0
335.08	-0.09255	0
335.12	-0.09255	0
335.16	-0.09255	0
335.2	-0.09255	0
335.24	-0.09255	0
335.28000000000003	-0.09255	0
335.32	-0.09255	0
335.36	-0.09255	0
335.40000000000003	-0.09255	0
335.44	-0.09255	0
335.48	-0.09255	0
335.52	-0.09255	0
335.56	-0.09255	0
335.6	-0.09255	0
335.64	-0.09255	0
335.68	-0.09255	0
335.72	-0.09255	0
335.76	-0.09255	0
335.8	-0.09255	0
335.84000000000003	-0.09255	0
335.88	-0.09255	0
335.92	-0.09255	0
335.96	-0.09255	0
336.0	-0.09255	0
336.04	-0.09255	0
336.08	-0.09255	0
336.12	-0.09255	0
336.16	-0.09255	0
336.2	-0.09255	0
336.24	-0.09255	0
336.28000000000003	-0.09255	0
336.32	-0.09255	0
336.36	-0.09255	0
336.40000000000003	-0.09255	0
336.44	-0.09255	0
336.48	-0.09255	0
336.52	-0.09255	0
336.56	-0.09255	0
336.6	-0.09136	0
336.64	-0.09147	0
336.68	-0.09159	0
336.72	-0.09170	0
336.76	-0.09181	0
336.8	-0.09192	0
336.84000000000003	-0.09204	0
336.88	-0.09215	0
336.92	-0.09226	0
336.96	-0.09237	0
337.0	-0.09249	0
337.04	-0.09260	0
337.08	-0.09141	0
337.12	-0.09152	0
337.16	-0.09164	0
337.2	-0.09175	0
337.24	-0.09186	0
337.28000000000003	-0.09197	0
337.32	-0.09209	0
337.36	-0.09220	0
337.40000000000003	-0.09231	0
337.44	-0.09361	0
337.48	-0.09361	0
337.52	-0.09361	0
337.56	-0.09361	0
337.6	-0.09361	0
337.64	-0.09242	0
337.68	-0.09253	0
337.72	-0.09253	0
337.76	-0.09253	0
337.8	-0.09253	0
337.84000000000003	-0.09253	0
337.88	-0.09253	0
337.92	-0.09253	0
337.96	-0.09253	0
338.0	-0.09253	0
338.04	-0.09253	0
338.08	-0.09253	0
338.12	-0.09253	0
338.16	-0.09253	0
338.2	-0.09253	0
338.24	-0.09253	0
338.28000000000003	-0.09253	0
338.32	-0.09253	0
338.36	-0.09253	0
338.40000000000003	-0.09253	0
338.44	-0.09253	0
338.48	-0.09253	0
338.52	-0.09253	0
338.56	-0.09253	0
338.6	-0.09253	0
338.64	-0.09253	0
338.68	-0.09253	0
338.72	-0.09253	0
338.76	-0.09253	0
338.8	-0.09135	0
338.84000000000003	-0.09146	0
338.88	-0.09028	0
338.92	-0.09039	0
338.96	-0.09050	0
339.0	-0.09061	0
339.04	-0.09073	0
339.08	-0.09084	0
339.12	-0.09095	0
339.16	-0.09106	0
339.2	-0.09117	0
339.24	-0.09129	0
339.28000000000003	-0.09140	0
339.32	-0.09151	0
339.36	-0.09162	0
339.40000000000003	-0.09173	0
339.44	-0.09185	0
339.48	-0.09196	0
339.52	-0.09207	0
339.56	-0.09218	0
339.6	-0.09229	0
339.64	-0.09241	0
339.68	-0.09252	0
339.72	-0.09252	0
339.76	-0.09252	1
339.8	-0.09252	1
339.84000000000003	-0.09252	1
339.88	-0.09252	1
339.92	-0.09252	1
339.96	-0.09252	1
340.0	-0.09252	1
340.04	-0.09132	1
340.08	-0.09143	1
340.12	-0.09154	1
340.16	-0.09166	1
340.2	-0.09177	1
340.24	-0.09189	1
340.28000000000003	-0.09200	1
340.32	-0.09211	1
340.36	-0.09223	1
340.40000000000003	-0.09234	1
340.44	-0.09245	1
340.48	-0.09257	1
340.52	-0.09257	1
340.56	-0.09257	1
340.6	-0.09257	1
340.64	-0.09257	1
340.68	-0.09257	1
340.72	-0.09137	1
340.76	-0.09148	1
340.8	-0.09159	1
340.84000000000003	-0.09171	1
340.88	-0.09182	1
340.92	-0.09193	1
340.96	-0.09205	1
341.0	-0.09216	1
341.04	-0.09228	1
341.08	-0.09239	1
341.12	-0.09501	1
341.16	-0.09501	1
341.2	-0.09501	1
341.24	-0.09501	1
341.28000000000003	-0.09501	1
341.32	-0.09501	1
341.36	-0.09501	1
341.40000000000003	-0.09501	1
341.44	-0.09501	1
341.48	-0.09501	1
341.52	-0.09501	1
341.56	-0.09501	1
341.6	-0.09501	1
341.64	-0.09501	1
341.68	-0.09501	1
341.72	-0.09501	1
341.76	-0.09501	1
341.8	-0.09501	1
341.84000000000003	-0.09501	1
341.88	-0.09501	1
341.92	-0.09501	1
341.96	-0.09501	1
342.0	-0.09501	1
342.04	-0.09501	1
342.08	-0.09501	1
342.12	-0.09501	1
342.16	-0.09501	1
342.2	-0.09501	1
342.24	-0.09501	1
342.28000000000003	-0.09501	1
342.32	-0.09501	1
342.36	-0.09501	1
342.40000000000003	-0.09501	1
342.44	-0.09370	1
342.48	-0.09370	1
342.52	-0.09370	1
342.56	-0.09370	1
342.6	-0.09250	1
342.64	-0.09250	1
342.68	-0.09250	1
342.72	-0.09250	1
342.76	-0.09250	1
342.8	-0.09250	1
342.84000000000003	-0.09250	1
342.88	-0.09250	1
342.92	-0.09250	1
342.96	-0.09250	1
343.0	-0.09250	1
343.04	-0.09250	1
343.08	-0.09130	1
343.12	-0.09142	1
343.16	-0.09153	1
343.2	-0.09164	1
343.24	-0.09176	1
343.28000000000003	-0.09187	1
343.32	-0.09198	1
343.36	-0.09210	1
343.40000000000003	-0.09221	1
343.44	-0.09232	1
343.48	-0.09244	0
343.52	-0.09255	0
343.56	-0.09255	0
343.6	-0.09255	0
343.64	-0.09255	0
343.68	-0.09255	0
343.72	-0.09255	0
343.76	-0.09255	0
343.8	-0.09255	0
343.84000000000003	-0.09255	0
343.88	-0.09255	0
343.92	-0.09255	0
343.96	-0.09135	0
344.0	-0.09016	0
344.04	-0.09027	0
344.08	-0.09039	0
344.12	-0.09050	0
344.16	-0.09061	0
344.2	-0.09073	0
344.24	-0.08953	0
344.28000000000003	-0.08964	0
344.32	-0.08976	0
344.36	-0.08987	0
344.40000000000003	-0.08998	0
344.44	-0.09010	0
344.48	-0.09021	0
344.52	-0.09032	0
344.56	-0.09294	0
344.6	-0.09294	0
344.64	-0.09294	0
344.68	-0.09294	0
344.72	-0.09294	0
344.76	-0.09294	0
344.8	-0.09294	0
344.84000000000003	-0.09294	0
344.88	-0.09174	0
344.92	-0.09186	0
344.96	-0.09197	0
345.0	-0.09208	0
345.04	-0.09220	0
345.08	-0.09231	0
345.12	-0.09242	0
345.16	-0.09253	0
345.2	-0.09253	0
345.24	-0.09253	0
345.28000000000003	-0.09134	0
345.32	-0.09146	0
345.36	-0.09157	0
345.40000000000003	-0.09038	0
345.44	-0.09049	0
345.48	-0.09060	0
345.52	-0.09071	0
345.56	-0.09083	0
345.6	-0.09094	0
345.64	-0.09105	0
345.68	-0.09117	0
345.72	-0.09128	0
345.76	-0.09139	0
345.8	-0.09020	0
345.84000000000003	-0.08901	0
345.88	-0.08912	0
345.92	-0.08924	0
345.96	-0.08935	0
346.0	-0.08946	0
346.04	-0.08958	0
346.08	-0.08969	0
346.12	-0.08980	0
346.16	-0.08992	0
346.2	-0.08873	0
346.24	-0.08884	0
346.28000000000003	-0.08895	0
346.32	-0.08776	0
346.36	-0.08788	0
346.40000000000003	-0.08799	0
346.44	-0.08810	0
346.48	-0.08822	0
346.52	-0.08703	0
346.56	-0.08584	0
346.6	-0.08595	0
346.64	-0.08607	0
346.68	-0.08618	0
346.72	-0.08629	0
346.76	-0.08641	0
346.8	-0.08652	0
346.84000000000003	-0.08663	0
346.88	-0.08675	0
346.92	-0.08686	0
346.96	-0.08697	0
347.0	-0.08708	0
347.04	-0.08720	0
347.08	-0.08731	0
347.12	-0.08742	0
347.16	-0.08754	0
347.2	-0.08635	0
347.24	-0.08646	0
347.28000000000003	-0.08658	0
347.32	-0.08669	0
347.36	-0.08551	0
347.40000000000003	-0.08562	0
347.44	-0.08573	0
347.48	-0.08584	0
347.52	-0.08596	0
347.56	-0.08477	0
347.6	-0.08489	0
347.64	-0.08500	0
347.68	-0.08511	0
347.72	-0.08523	0
347.76	-0.08534	0
347.8	-0.08545	0
347.84000000000003	-0.08556	0
347.88	-0.08568	0
347.92	-0.08579	0
347.96	-0.08590	0
348.0	-0.08602	0
348.04	-0.08613	0
348.08	-0.08495	0
348.12	-0.08506	0
348.16	-0.08517	0
348.2	-0.08528	0
348.24	-0.08540	0
348.28000000000003	-0.08551	0
348.32	-0.08562	0
348.36	-0.08574	0
348.40000000000003	-0.08585	0
348.44	-0.08596	0
348.48	-0.08607	0
348.52	-0.08619	0
348.56	-0.08630	0
348.6	-0.08641	0
348.64	-0.08652	0
348.68	-0.08663	0
348.72	-0.08675	0
348.76	-0.08686	0
348.8	-0.08697	0
348.84000000000003	-0.08708	0
348.88	-0.08591	0
348.92	-0.08602	1
348.96	-0.08613	1
349.0	-0.08625	1
349.04	-0.08505	1
349.08	-0.08516	1
349.12	-0.08528	1
349.16	-0.08539	1
349.2	-0.08551	1
349.24	-0.08562	1
349.28000000000003	-0.08574	1
349.32	-0.08585	1
349.36	-0.08596	1
349.40000000000003	-0.08608	1
349.44	-0.08619	1
349.48	-0.08631	1
349.52	-0.08642	1
349.56	-0.08654	1
349.6	-0.08665	1
349.64	-0.08676	1
349.68	-0.08688	1
349.72	-0.08699	1
349.76	-0.08711	1
349.8	-0.08722	1
349.84000000000003	-0.08733	1
349.88	-0.08745	1
349.92	-0.08756	1
349.96	-0.08768	1
350.0	-0.08779	1
350.04	-0.08790	1
350.08	-0.08802	1
350.12	-0.08682	1
350.16	-0.08693	1
350.2	-0.08705	1
350.24	-0.08716	1
350.28000000000003	-0.08728	1
350.32	-0.08739	1
350.36	-0.08619	1
350.40000000000003	-0.08631	1
350.44	-0.08642	1
350.48	-0.08523	1
350.52	-0.08534	1
350.56	-0.08546	0
350.6	-0.08557	0
350.64	-0.08568	0
350.68	-0.08580	0
350.72	-0.08591	0
350.76	-0.08603	0
350.8	-0.08614	0
350.84000000000003	-0.08625	0
350.88	-0.08637	0
350.92	-0.08648	0
350.96	-0.08659	0
351.0	-0.08671	0
351.04	-0.08682	0
351.08	-0.08693	0
351.12	-0.08705	0
351.16	-0.08716	0
351.2	-0.08728	0
351.24	-0.08739	0
351.28000000000003	-0.08750	0
351.32	-0.08762	0
351.36	-0.08773	0
351.40000000000003	-0.08784	0
351.44	-0.08796	0
351.48	-0.08807	0
351.52	-0.08818	0
351.56	-0.08830	0
351.6	-0.08841	0
351.64	-0.08852	0
351.68	-0.08864	0
351.72	-0.08744	0
351.76	-0.08756	0
351.8	-0.08767	0
351.84000000000003	-0.08778	0
351.88	-0.08790	0
351.92	-0.08801	0
351.96	-0.08812	0
352.0	-0.08693	0
352.04	-0.08705	0
352.08	-0.08716	0
352.12	-0.08727	0
352.16	-0.08739	0
352.2	-0.08750	0
352.24	-0.09022	0
352.28000000000003	-0.09033	0
352.32	-0.09044	0
352.36	-0.09055	0
352.40000000000003	-0.09067	0
352.44	-0.09078	0
352.48	-0.09089	0
352.52	-0.09100	0
352.56	-0.09112	0
352.6	-0.09123	0
352.64	-0.09134	0
352.68	-0.09145	0
352.72	-0.09157	0
352.76	-0.09168	0
352.8	-0.09179	0
352.84000000000003	-0.09191	1
352.88	-0.09202	1
352.92	-0.09213	1
352.96	-0.09225	1
353.0	-0.09236	1
353.04	-0.09247	1
353.08	-0.09259	1
353.12	-0.09259	1
353.16	-0.09259	1
353.2	-0.09259	1
353.24	-0.09259	1
353.28000000000003	-0.09259	1
353.32	-0.09259	1
353.36	-0.09139	1
353.40000000000003	-0.09019	1
353.44	-0.09030	1
353.48	-0.09042	1
353.52	-0.09053	1
353.56	-0.09064	1
353.6	-0.09076	1
353.64	-0.09087	1
353.68	-0.09098	1
353.72	-0.09110	1
353.76	-0.09121	1
353.8	-0.09132	1
353.84000000000003	-0.09144	1
353.88	-0.09155	1
353.92	-0.09166	1
353.96	-0.09178	1
354.0	-0.09189	1
354.04	-0.09200	1
354.08	-0.09081	1
354.12	-0.09092	1
354.16	-0.09103	1
354.2	-0.09115	1
354.24	-0.09126	1
354.28000000000003	-0.09137	1
354.32	-0.09149	1
354.36	-0.09029	1
354.40000000000003	-0.09041	1
354.44	-0.09052	1
354.48	-0.09063	1
354.52	-0.09075	1
354.56	-0.09086	1
354.6	-0.09097	1
354.64	-0.09109	1
354.68	-0.09120	1
354.72	-0.09000	1
354.76	-0.09012	0
354.8	-0.09023	0
354.84000000000003	-0.09034	0
354.88	-0.09046	0
354.92	-0.09057	0
354.96	-0.09068	0
355.0	-0.09080	0
355.04	-0.09091	0
355.08	-0.09102	0
355.12	-0.09114	0
355.16	-0.09125	0
355.2	-0.09006	0
355.24	-0.09017	0
355.28000000000003	-0.09028	0
355.32	-0.09040	0
355.36	-0.09051	0
355.40000000000003	-0.09062	0
355.44	-0.09073	0
355.48	-0.09085	0
355.52	-0.09096	0
355.56	-0.09107	0
355.6	-0.09119	0
355.64	-0.09130	0
355.68	-0.09141	0
355.72	-0.09153	0
355.76	-0.09033	0
355.8	-0.09045	0
355.84000000000003	-0.09056	0
355.88	-0.09067	0
355.92	-0.09079	0
355.96	-0.09090	0
356.0	-0.09101	0
356.04	-0.09112	0
356.08	-0.09124	0
356.12	-0.09135	0
356.16	-0.09146	0
356.2	-0.09157	0
356.24	-0.09169	0
356.28000000000003	-0.09180	0
356.32	-0.09191	0
356.36	-0.09203	0
356.40000000000003	-0.09214	0
356.44	-0.09225	1
356.48	-0.09237	1
356.52	-0.09248	1
356.56	-0.09259	1
356.6	-0.09259	1
356.64	-0.09259	1
356.68	-0.09259	1
356.72	-0.09259	1
356.76	-0.09139	1
356.8	-0.09151	1
356.84000000000003	-0.09162	1
356.88	-0.09173	1
356.92	-0.09185	1
356.96	-0.09196	1
357.0	-0.09207	1
357.04	-0.09219	1
357.08	-0.09230	1
357.12	-0.09241	1
357.16	-0.09253	1
357.2	-0.09253	1
357.24	-0.09253	1
357.28000000000003	-0.09253	1
357.32	-0.09253	1
357.36	-0.09253	1
357.40000000000003	-0.09253	1
357.44	-0.09253	1
357.48	-0.09253	1
357.52	-0.09133	1
357.56	-0.09144	1
357.6	-0.09156	1
357.64	-0.09167	1
357.68	-0.09178	1
357.72	-0.09190	1
357.76	-0.09201	1
357.8	-0.09212	1
357.84000000000003	-0.09224	1
357.88	-0.09235	1
357.92	-0.09246	1
357.96	-0.09258	1
358.0	-0.09258	1
358.04	-0.09258	1
358.08	-0.09258	1
358.12	-0.09258	1
358.16	-0.09258	1
358.2	-0.09258	1
358.24	-0.09258	1
358.28000000000003	-0.09258	1
358.32	-0.09258	1
358.36	-0.09258	1
358.40000000000003	-0.09258	1
358.44	-0.09258	1
358.48	-0.09258	1
358.52	-0.09258	1
358.56	-0.09258	1
358.6	-0.09258	1
358.64	-0.09258	1
358.68	-0.09258	1
358.72	-0.09258	1
358.76	-0.09258	1
358.8	-0.09258	1
358.84000000000003	-0.09258	1
358.88	-0.09258	1
358.92	-0.09258	1
358.96	-0.09258	1
359.0	-0.09258	1
359.04	-0.09258	1
359.08	-0.09258	1
359.12	-0.09258	1
359.16	-0.09258	1
359.2	-0.09258	1
359.24	-0.09258	1
359.28000000000003	-0.09258	1
359.32	-0.09258	1
359.36	-0.09138	1
359.40000000000003	-0.09149	1
359.44	-0.09161	1
359.48	-0.09172	1
359.52	-0.09052	1
359.56	-0.09064	1
359.6	-0.09075	1
359.64	-0.09086	1
359.68	-0.09098	1
359.72	-0.09109	1
359.76	-0.08989	1
359.8	-0.09001	1
359.84000000000003	-0.09012	1
359.88	-0.08893	1
359.92	-0.08904	1
359.96	-0.08915	1
360.0	-0.08927	1
360.04	-0.08938	1
360.08	-0.08819	1
360.12	-0.08830	1
360.16	-0.08841	1
360.2	-0.08853	1
360.24	-0.08864	1
360.28000000000003	-0.08875	1
360.32	-0.08887	1
360.36	-0.08898	1
360.40000000000003	-0.08909	1
360.44	-0.08921	1
360.48	-0.08932	1
360.52	-0.08943	1
360.56	-0.08955	1
360.6	-0.08966	1
360.64	-0.08977	1
360.68	-0.08989	1
360.72	-0.09000	1
360.76	-0.09011	1
360.8	-0.09022	1
360.84000000000003	-0.09034	1
360.88	-0.09045	1
360.92	-0.09056	1
360.96	-0.09068	1
361.0	-0.09079	1
361.04	-0.09090	1
361.08	-0.09102	1
361.12	-0.09113	1
361.16	-0.09124	1
361.2	-0.09135	1
361.24	-0.09147	1
361.28000000000003	-0.09158	1
361.32	-0.09169	1
361.36	-0.09180	1
361.40000000000003	-0.09192	1
361.44	-0.09203	1
361.48	-0.09214	1
361.52	-0.09225	1
361.56	-0.09107	1
361.6	-0.09118	1
361.64	-0.09129	1
361.68	-0.09140	1
361.72	-0.09022	1
361.76	-0.09033	1
361.8	-0.09044	1
361.84000000000003	-0.09055	1
361.88	-0.09067	1
361.92	-0.09078	1
361.96	-0.09089	1
362.0	-0.09100	1
362.04	-0.09112	1
362.08	-0.09123	0
362.12	-0.09134	0
362.16	-0.09145	0
362.2	-0.09157	0
362.24	-0.09168	0
362.28000000000003	-0.09179	0
362.32	-0.09190	0
362.36	-0.09202	0
362.40000000000003	-0.09213	0
362.44	-0.09224	0
362.48	-0.09235	0
362.52	-0.09246	0
362.56	-0.09258	0
362.6	-0.09258	0
362.64	-0.09258	0
362.68	-0.09258	0
362.72	-0.09258	0
362.76	-0.09258	0
362.8	-0.09258	1
362.84000000000003	-0.09258	1
362.88	-0.09258	1
362.92	-0.09258	1
362.96	-0.09258	1
363.0	-0.09258	1
363.04	-0.09138	1
363.08	-0.09149	1
363.12	-0.09160	1
363.16	-0.09172	1
363.2	-0.09183	1
363.24	-0.09194	1
363.28000000000003	-0.09206	1
363.32	-0.09217	1
363.36	-0.09228	1
363.40000000000003	-0.09240	1
363.44	-0.09251	1
363.48	-0.09251	1
363.52	-0.09251	1
363.56	-0.09251	1
363.6	-0.09251	1
363.64	-0.09251	1
363.68	-0.09251	1
363.72	-0.09251	1
363.76	-0.09131	1
363.8	-0.09143	1
363.84000000000003	-0.09154	1
363.88	-0.09165	1
363.92	-0.09177	1
363.96	-0.09188	1
364.0	-0.09068	1
364.04	-0.09079	1
364.08	-0.09091	1
364.12	-0.09102	1
364.16	-0.09114	1
364.2	-0.09125	1
364.24	-0.09136	1
364.28000000000003	-0.09017	1
364.32	-0.09028	1
364.36	-0.08908	1
364.40000000000003	-0.08920	1
364.44	-0.08931	1
364.48	-0.08942	1
364.52	-0.08954	1
364.56	-0.08834	1
364.6	-0.08845	1
364.64	-0.08857	1
364.68	-0.08868	1
364.72	-0.08879	1
364.76	-0.08891	1
364.8	-0.08771	1
364.84000000000003	-0.08783	1
364.88	-0.08794	1
364.92	-0.08805	1
364.96	-0.08817	1
365.0	-0.08828	1
365.04	-0.08839	1
365.08	-0.08851	1
365.12	-0.08862	1
365.16	-0.08874	1
365.2	-0.08885	1
365.24	-0.08896	1
365.28000000000003	-0.08908	1
365.32	-0.08919	1
365.36	-0.08930	1
365.40000000000003	-0.08942	1
365.44	-0.08953	1
365.48	-0.08834	1
365.52	-0.08845	1
365.56	-0.08856	0
365.6	-0.08868	0
365.64	-0.08879	0
365.68	-0.08890	0
365.72	-0.08771	0
365.76	-0.08782	0
365.8	-0.08794	0
365.84000000000003	-0.08805	0
365.88	-0.08816	0
365.92	-0.08828	1
365.96	-0.08839	1
366.0	-0.08719	1
366.04	-0.08731	1
366.08	-0.08742	1
366.12	-0.08753	1
366.16	-0.08765	1
366.2	-0.08776	1
366.24	-0.08788	1
366.28000000000003	-0.08799	1
366.32	-0.08811	1
366.36	-0.08691	1
366.40000000000003	-0.08702	1
366.44	-0.08713	1
366.48	-0.08725	1
366.52	-0.08736	1
366.56	-0.08748	1
366.6	-0.08759	1
366.64	-0.08639	1
366.68	-0.08651	1
366.72	-0.08531	1
366.76	-0.08542	1
366.8	-0.08554	1
366.84000000000003	-0.08565	1
366.88	-0.08577	1
366.92	-0.08588	1
366.96	-0.08599	1
367.0	-0.08611	1
367.04	-0.08622	1
367.08	-0.08634	1
367.12	-0.08645	1
367.16	-0.08656	1
367.2	-0.08668	1
367.24	-0.08679	1
367.28000000000003	-0.08691	1
367.32	-0.08702	1
367.36	-0.08713	1
367.40000000000003	-0.08725	1
367.44	-0.08736	1
367.48	-0.08748	1
367.52	-0.08759	1
367.56	-0.08770	1
367.6	-0.08782	0
367.64	-0.08793	0
367.68	-0.08804	0
367.72	-0.08816	0
367.76	-0.08827	0
367.8	-0.08839	1
367.84000000000003	-0.08718	1
367.88	-0.08467	1
367.92	-0.08478	1
367.96	-0.08358	1
368.0	-0.08370	1
368.04	-0.08381	1
368.08	-0.08393	1
368.12	-0.08404	1
368.16	-0.08284	1
368.2	-0.08296	1
368.24	-0.08307	1
368.28000000000003	-0.08188	1
368.32	-0.08199	1
368.36	-0.08211	1
368.40000000000003	-0.08222	1
368.44	-0.08233	1
368.48	-0.08245	1
368.52	-0.08256	1
368.56	-0.08268	1
368.6	-0.08279	1
368.64	-0.08291	1
368.68	-0.08302	1
368.72	-0.08314	1
368.76	-0.08325	1
368.8	-0.08337	1
368.84000000000003	-0.08348	1
368.88	-0.08359	1
368.92	-0.08371	1
368.96	-0.08251	1
369.0	-0.08263	1
369.04	-0.08274	1
369.08	-0.08286	1
369.12	-0.08297	1
369.16	-0.08570	1
369.2	-0.08582	1
369.24	-0.08593	1
369.28000000000003	-0.08605	1
369.32	-0.08616	1
369.36	-0.08627	1
369.40000000000003	-0.08639	1
369.44	-0.08650	1
369.48	-0.08661	1
369.52	-0.08673	1
369.56	-0.08684	1
369.6	-0.08565	1
369.64	-0.08576	1
369.68	-0.08588	1
369.72	-0.08599	1
369.76	-0.08610	1
369.8	-0.08622	1
369.84000000000003	-0.08633	1
369.88	-0.08644	1
369.92	-0.08656	1
369.96	-0.08667	1
370.0	-0.08679	1
370.04	-0.08690	1
370.08	-0.08701	1
370.12	-0.08713	1
370.16	-0.08724	1
370.2	-0.08735	1
370.24	-0.08747	1
370.28000000000003	-0.08758	1
370.32	-0.08769	1
370.36	-0.08781	1
370.40000000000003	-0.08792	1
370.44	-0.08803	1
370.48	-0.08815	1
370.52	-0.08826	1
370.56	-0.08837	1
370.6	-0.08849	1
370.64	-0.08860	1
370.68	-0.08741	1
370.72	-0.08752	1
370.76	-0.08764	1
370.8	-0.08775	1
370.84000000000003	-0.08656	1
370.88	-0.08667	1
370.92	-0.08679	1
370.96	-0.08690	1
371.0	-0.08701	1
371.04	-0.08713	1
371.08	-0.08724	1
371.12	-0.08735	1
371.16	-0.08747	1
371.2	-0.08758	1
371.24	-0.08769	1
371.28000000000003	-0.08780	1
371.32	-0.08792	1
371.36	-0.08803	1
371.40000000000003	-0.08814	1
371.44	-0.08826	1
371.48	-0.08707	1
371.52	-0.08718	1
371.56	-0.08729	1
371.6	-0.08741	1
371.64	-0.08622	1
371.68	-0.08633	1
371.72	-0.08905	1
371.76	-0.08786	1
371.8	-0.08797	1
371.84000000000003	-0.08808	1
371.88	-0.08820	1
371.92	-0.08701	1
371.96	-0.08713	1
372.0	-0.08724	1
372.04	-0.08735	1
372.08	-0.08746	1
372.12	-0.08758	1
372.16	-0.08769	1
372.2	-0.08780	1
372.24	-0.08791	1
372.28000000000003	-0.08803	1
372.32	-0.08814	1
372.36	-0.08696	1
372.40000000000003	-0.08577	1
372.44	-0.08589	1
372.48	-0.08600	1
372.52	-0.08611	1
372.56	-0.08622	1
372.6	-0.08634	1
372.64	-0.08645	1
372.68	-0.08656	1
372.72	-0.08667	1
372.76	-0.08679	1
372.8	-0.08690	1
372.84000000000003	-0.08701	1
372.88	-0.08712	1
372.92	-0.08724	1
372.96	-0.08606	1
373.0	-0.08617	1
373.04	-0.08628	1
373.08	-0.08639	1
373.12	-0.08651	1
373.16	-0.08662	1
373.2	-0.08673	1
373.24	-0.08555	1
373.28000000000003	-0.08566	1
373.32	-0.08578	1
373.36	-0.08589	1
373.40000000000003	-0.08600	1
373.44	-0.08611	1
373.48	-0.08881	1
373.52	-0.08892	1
373.56	-0.08903	1
373.6	-0.08915	1
373.64	-0.08797	1
373.68	-0.08808	1
373.72	-0.08819	1
373.76	-0.08830	1
373.8	-0.08841	1
373.84000000000003	-0.08853	1
373.88	-0.08864	1
373.92	-0.08875	1
373.96	-0.08886	1
374.0	-0.08897	1
374.04	-0.08909	1
374.08	-0.08920	1
374.12	-0.08931	1
374.16	-0.08942	1
374.2	-0.08953	1
374.24	-0.08836	1
374.28000000000003	-0.08847	1
374.32	-0.08858	1
374.36	-0.08869	1
374.40000000000003	-0.08880	0
374.44	-0.08892	0
374.48	-0.08903	0
374.52	-0.08914	0
374.56	-0.08925	0
374.6	-0.08937	1
374.64	-0.08948	1
374.68	-0.08959	1
374.72	-0.08971	1
374.76	-0.08982	1
374.8	-0.08993	1
374.84000000000003	-0.09005	1
374.88	-0.09016	1
374.92	-0.09028	1
374.96	-0.09039	1
375.0	-0.09050	1
375.04	-0.09062	1
375.08	-0.09073	1
375.12	-0.09085	1
375.16	-0.09096	1
375.2	-0.09107	1
375.24	-0.09119	1
375.28000000000003	-0.09130	1
375.32	-0.09141	1
375.36	-0.09153	1
375.40000000000003	-0.09164	1
375.44	-0.09175	1
375.48	-0.09187	1
375.52	-0.09198	1
375.56	-0.09209	1
375.6	-0.09090	1
375.64	-0.08970	1
375.68	-0.08981	1
375.72	-0.08862	1
375.76	-0.08873	1
375.8	-0.08753	1
375.84000000000003	-0.08765	1
375.88	-0.08776	1
375.92	-0.08788	1
375.96	-0.08799	1
376.0	-0.08679	1
376.04	-0.08691	1
376.08	-0.08702	1
376.12	-0.08713	1
376.16	-0.08725	1
376.2	-0.08736	1
376.24	-0.08748	1
376.28000000000003	-0.08759	1
376.32	-0.08770	1
376.36	-0.08782	1
376.40000000000003	-0.08793	1
376.44	-0.08804	1
376.48	-0.08816	1
376.52	-0.08827	1
376.56	-0.08838	1
376.6	-0.08850	1
376.64	-0.08861	1
376.68	-0.08872	1
376.72	-0.08884	1
376.76	-0.08765	1
376.8	-0.08776	1
376.84000000000003	-0.08787	1
376.88	-0.08799	1
376.92	-0.08810	1
376.96	-0.08821	1
377.0	-0.08833	1
377.04	-0.08844	1
377.08	-0.08855	1
377.12	-0.08867	1
377.16	-0.08878	1
377.2	-0.08889	1
377.24	-0.08901	1
377.28000000000003	-0.08912	1
377.32	-0.08923	1
377.36	-0.08934	1
377.40000000000003	-0.08946	1
377.44	-0.08957	1
377.48	-0.08968	1
377.52	-0.08980	1
377.56	-0.08991	1
377.6	-0.09002	1
377.64	-0.09014	1
377.68	-0.09025	1
377.72	-0.09036	1
377.76	-0.09047	1
377.8	-0.08928	1
377.84000000000003	-0.08940	1
377.88	-0.08951	1
377.92	-0.08962	1
377.96	-0.08974	1
378.0	-0.08985	1
378.04	-0.08996	1
378.08	-0.09007	1
378.12	-0.08889	1
378.16	-0.08900	1
378.2	-0.08911	1
378.24	-0.08922	1
378.28000000000003	-0.08934	1
378.32	-0.08945	1
378.36	-0.08956	1
378.40000000000003	-0.08968	1
378.44	-0.08979	1
378.48	-0.08990	1
378.52	-0.09001	1
378.56	-0.09013	1
378.6	-0.08894	1
378.64	-0.08905	1
378.68	-0.08917	1
378.72	-0.08798	1
378.76	-0.08809	1
378.8	-0.08821	1
378.84000000000003	-0.08832	1
378.88	-0.08843	1
378.92	-0.08854	1
378.96	-0.08866	1
379.0	-0.08877	1
379.04	-0.08888	1
379.08	-0.08899	1
379.12	-0.08911	1
379.16	-0.08922	1
379.2	-0.08933	1
379.24	-0.08944	1
379.28000000000003	-0.08956	1
379.32	-0.08837	1
379.36	-0.08848	1
379.40000000000003	-0.08860	1
379.44	-0.08871	1
379.48	-0.08882	1
379.52	-0.08893	1
379.56	-0.08905	1
379.6	-0.08916	1
379.64	-0.08927	1
379.68	-0.08938	1
379.72	-0.08950	1
379.76	-0.08961	1
379.8	-0.08972	1
379.84000000000003	-0.08983	1
379.88	-0.08994	1
379.92	-0.09006	1
379.96	-0.09017	1
380.0	-0.09028	1
380.04	-0.09039	1
380.08	-0.09050	1
380.12	-0.09062	1
380.16	-0.09073	1
380.2	-0.09084	1
380.24	-0.09095	1
380.28000000000003	-0.09106	1
380.32	-0.09118	1
380.36	-0.09129	1
380.40000000000003	-0.09140	1
380.44	-0.09151	1
380.48	-0.09162	1
380.52	-0.09173	1
380.56	-0.09185	1
380.6	-0.09196	1
380.64	-0.09207	1
380.68	-0.09218	1
380.72	-0.09229	1
380.76	-0.09240	1
380.8	-0.09252	1
380.84000000000003	-0.09252	1
380.88	-0.09252	1
380.92	-0.09252	1
380.96	-0.09252	1
381.0	-0.09252	1
381.04	-0.09252	1
381.08	-0.09252	1
381.12	-0.09252	1
381.16	-0.09252	1
381.2	-0.09252	1
381.24	-0.09252	1
381.28000000000003	-0.09134	1
381.32	-0.09145	1
381.36	-0.09156	1
381.40000000000003	-0.09167	1
381.44	-0.09178	1
381.48	-0.09190	1
381.52	-0.09201	0
381.56	-0.09212	0
381.6	-0.09223	0
381.64	-0.09234	0
381.68	-0.09245	0
381.72	-0.09256	0
381.76	-0.09256	0
381.8	-0.09256	0
381.84000000000003	-0.09256	0
381.88	-0.09256	0
381.92	-0.09256	0
381.96	-0.09256	0
382.0	-0.09256	0
382.04	-0.09256	0
382.08	-0.09256	0
382.12	-0.09256	0
382.16	-0.09256	0
382.2	-0.09256	0
382.24	-0.09256	0
382.28000000000003	-0.09139	0
382.32	-0.09150	0
382.36	-0.09161	0
382.40000000000003	-0.09043	0
382.44	-0.09055	0
382.48	-0.09066	0
382.52	-0.09077	0
382.56	-0.09088	0
382.6	-0.09099	0
382.64	-0.09110	0
382.68	-0.09121	0
382.72	-0.09133	0
382.76	-0.09144	0
382.8	-0.09155	0
382.84000000000003	-0.09037	0
382.88	-0.09048	0
382.92	-0.08931	0
382.96000000000004	-0.08814	0
383.0	-0.08825	0
383.04	-0.08836	0
383.08	-0.08847	0
383.12	-0.08858	0
383.16	-0.08869	0
383.2	-0.09137	0
383.24	-0.09149	0
383.28000000000003	-0.09031	0
383.32	-0.09042	0
383.36	-0.08925	0
383.40000000000003	-0.08936	0
383.44	-0.08947	0
383.48	-0.08959	0
383.52	-0.08970	0
383.56	-0.08981	0
383.6	-0.08992	0
383.64	-0.09003	0
383.68	-0.08886	0
383.72	-0.08897	0
383.76	-0.08908	0
383.8	-0.08919	0
383.84000000000003	-0.08930	0
383.88	-0.08942	0
383.92	-0.08953	0
383.96000000000004	-0.08964	0
384.0	-0.08975	0
384.04	-0.08986	0
384.08	-0.08997	0
384.12	-0.09008	0
384.16	-0.09019	0
384.2	-0.09030	0
384.24	-0.08913	0
384.28000000000003	-0.08925	0
384.32	-0.08936	0
384.36	-0.08819	0
384.40000000000003	-0.08830	0
384.44	-0.08841	0
384.48	-0.08852	0
384.52	-0.08863	0
384.56	-0.09002	0
384.6	-0.09013	0
384.64	-0.09024	0
384.68	-0.09035	0
384.72	-0.09047	0
384.76	-0.09058	0
384.8	-0.09069	0
384.84000000000003	-0.09080	0
384.88	-0.09091	0
384.92	-0.09102	0
384.96000000000004	-0.09113	0
385.0	-0.09124	0
385.04	-0.09135	0
385.08	-0.09146	0
385.12	-0.09157	0
385.16	-0.09168	0
385.2	-0.09179	0
385.24	-0.09190	0
385.28000000000003	-0.09201	0
385.32	-0.09085	0
385.36	-0.09096	0
385.40000000000003	-0.09107	0
385.44	-0.08990	0
385.48	-0.09001	0
385.52	-0.09012	0
385.56	-0.09267	0
385.6	-0.09267	0
385.64	-0.09267	0
385.68	-0.09267	0
385.72	-0.09267	0
385.76	-0.09267	0
385.8	-0.09267	0
385.84000000000003	-0.09267	0
385.88	-0.09267	0
385.92	-0.09267	0
385.96000000000004	-0.09267	0
386.0	-0.09267	0
386.04	-0.09267	0
386.08	-0.09267	0
386.12	-0.09267	0
386.16	-0.09267	0
386.2	-0.09267	0
386.24	-0.09267	0
386.28000000000003	-0.09267	0
386.32	-0.09267	0
386.36	-0.09151	0
386.40000000000003	-0.09034	0
386.44	-0.09046	0
386.48	-0.09057	0
386.52	-0.08940	0
386.56	-0.08951	0
386.6	-0.08835	0
386.64	-0.08846	0
386.68	-0.08857	0
386.72	-0.08741	0
386.76	-0.08752	0
386.8	-0.08636	0
386.84000000000003	-0.08647	0
386.88	-0.08530	0
386.92	-0.08541	0
386.96000000000004	-0.08553	0
387.0	-0.08564	0
387.04	-0.08575	0
387.08	-0.08586	0
387.12	-0.08597	0
387.16	-0.08608	0
387.2	-0.08619	0
387.24	-0.08630	0
387.28000000000003	-0.08641	0
387.32	-0.08652	0
387.36	-0.08663	0
387.40000000000003	-0.08674	0
387.44	-0.08685	0
387.48	-0.08696	0
387.52	-0.08962	0
387.56	-0.08973	0
387.6	-0.08984	0
387.64	-0.08995	0
387.68	-0.09006	0
387.72	-0.09017	0
387.76	-0.09028	0
387.8	-0.09039	0
387.84000000000003	-0.09050	0
387.88	-0.09303	0
387.92	-0.09303	0
387.96000000000004	-0.09303	0
388.0	-0.09303	0
388.04	-0.09303	0
388.08	-0.09303	0
388.12	-0.09303	0
388.16	-0.09303	0
388.2	-0.09303	0
388.24	-0.09187	0
388.28000000000003	-0.09198	0
388.32	-0.09209	0
388.36	-0.09094	0
388.40000000000003	-0.09104	0
388.44	-0.09115	0
388.48	-0.09126	0
388.52	-0.09137	0
388.56	-0.09148	0
388.6	-0.09159	0
388.64	-0.09170	0
388.68	-0.09181	0
388.72	-0.09192	0
388.76	-0.09203	0
388.8	-0.09214	0
388.84000000000003	-0.09225	0
388.88	-0.09236	0
388.92	-0.09247	0
388.96000000000004	-0.09258	0
389.0	-0.09258	0
389.04	-0.09258	0
389.08	-0.09258	0
389.12	-0.09258	0
389.16	-0.09142	0
389.2	-0.09153	0
389.24	-0.09164	0
389.28000000000003	-0.09175	0
389.32	-0.09186	0
389.36	-0.09197	0
389.40000000000003	-0.09208	0
389.44	-0.09219	0
389.48	-0.09230	0
389.52	-0.09241	0
389.56	-0.09252	0
389.6	-0.09252	0
389.64	-0.09252	0
389.68	-0.09252	0
389.72	-0.09252	0
389.76	-0.09252	0
389.8	-0.09252	0
389.84000000000003	-0.09252	0
389.88	-0.09252	0
389.92	-0.09252	0
389.96000000000004	-0.09252	0
390.0	-0.09252	1
390.04	-0.09252	1
390.08	-0.09252	1
390.12	-0.09252	1
390.16	-0.09252	1
390.2	-0.09252	1
390.24	-0.09252	1
390.28000000000003	-0.09252	1
390.32	-0.09252	1
390.36	-0.09252	1
390.40000000000003	-0.09252	1
390.44	-0.09252	1
390.48	-0.09252	1
390.52	-0.09252	1
390.56	-0.09252	1
390.6	-0.09252	1
390.64	-0.09252	1
390.68	-0.09252	1
390.72	-0.09252	1
390.76	-0.09252	1
390.8	-0.09132	1
390.84000000000003	-0.09143	1
390.88	-0.09154	1
390.92	-0.09166	1
390.96000000000004	-0.09177	1
391.0	-0.09188	1
391.04	-0.09200	1
391.08	-0.09211	1
391.12	-0.09223	1
391.16	-0.09234	1
391.2	-0.09245	1
391.24	-0.09257	1
391.28000000000003	-0.09257	1
391.32	-0.09257	1
391.36	-0.09257	1
391.40000000000003	-0.09257	1
391.44	-0.09137	1
391.48	-0.09148	1
391.52	-0.09411	1
391.56	-0.09411	1
391.6	-0.09411	1
391.64	-0.09411	1
391.68	-0.09411	1
391.72	-0.09411	1
391.76	-0.09411	1
391.8	-0.09411	1
391.84000000000003	-0.09411	1
391.88	-0.09411	1
391.92	-0.09411	1
391.96000000000004	-0.09411	1
392.0	-0.09411	1
392.04	-0.09411	1
392.08	-0.09411	1
392.12	-0.09411	1
392.16	-0.09411	1
392.2	-0.09411	1
392.24	-0.09411	1
392.28000000000003	-0.09279	1
392.32	-0.09279	1
392.36	-0.09279	1
392.40000000000003	-0.09279	1
392.44	-0.09279	1
392.48	-0.09279	1
392.52	-0.09279	1
392.56	-0.09279	1
392.6	-0.09279	1
392.64	-0.09279	1
392.68	-0.09279	1
392.72	-0.09279	1
392.76	-0.09279	1
392.8	-0.09279	1
392.84000000000003	-0.09279	1
392.88	-0.09279	1
392.92	-0.09279	1
392.96000000000004	-0.09279	1
393.0	-0.09279	1
393.04	-0.09279	1
393.08	-0.09279	1
393.12	-0.09279	1
393.16	-0.09279	1
393.2	-0.09279	1
393.24	-0.09279	1
393.28000000000003	-0.09279	1
393.32	-0.09279	1
393.36	-0.09279	1
393.40000000000003	-0.09279	1
393.44	-0.09279	1
393.48	-0.09159	1
393.52	-0.09171	1
393.56	-0.09182	1
393.6	-0.09193	1
393.64	-0.09205	1
393.68	-0.09216	1
393.72	-0.09227	1
393.76	-0.09239	1
393.8	-0.09250	1
393.84000000000003	-0.09250	1
393.88	-0.09250	1
393.92	-0.09250	1
393.96000000000004	-0.09250	1
394.0	-0.09250	1
394.04	-0.09250	1
394.08	-0.09250	1
394.12	-0.09250	1
394.16	-0.09250	1
394.2	-0.09250	1
394.24	-0.09250	1
394.28000000000003	-0.09250	1
394.32	-0.09250	1
394.36	-0.09250	1
394.40000000000003	-0.09250	1
394.44	-0.09250	1
394.48	-0.09250	1
394.52	-0.09250	1
394.56	-0.09250	1
394.6	-0.09250	1
394.64	-0.09250	1
394.68	-0.09250	1
394.72	-0.09250	1
394.76	-0.09250	1
394.8	-0.09250	1
394.84000000000003	-0.09250	1
394.88	-0.09130	1
394.92	-0.09142	1
394.96000000000004	-0.09153	1
395.0	-0.09164	1
395.04	-0.09176	1
395.08	-0.09438	1
395.12	-0.09438	1
395.16	-0.09438	1
395.2	-0.09438	1
395.24	-0.09438	1
395.28000000000003	-0.09438	1
395.32	-0.09438	1
395.36	-0.09438	1
395.40000000000003	-0.09438	1
395.44	-0.09438	1
395.48	-0.09438	1
395.52	-0.09438	1
395.56	-0.09438	1
395.6	-0.09438	1
395.64	-0.09438	1
395.68	-0.09438	1
395.72	-0.09438	1
395.76	-0.09438	1
395.8	-0.09438	1
395.84000000000003	-0.09438	1
395.88	-0.09438	1
395.92	-0.09438	1
395.96000000000004	-0.09438	1
396.0	-0.09307	1
396.04	-0.09307	1
396.08	-0.09307	1
396.12	-0.09307	1
396.16	-0.09307	1
396.2	-0.09307	1
396.24	-0.09307	1
396.28000000000003	-0.09307	1
396.32	-0.09307	1
396.36	-0.09307	1
396.40000000000003	-0.09307	1
396.44	-0.09307	1
396.48	-0.09187	1
396.52	-0.09198	1
396.56	-0.09210	1
396.6	-0.09221	1
396.64	-0.09232	1
396.68	-0.09244	1
396.72	-0.09255	1
396.76	-0.09255	1
396.8	-0.09255	1
396.84000000000003	-0.09255	1
396.88	-0.09255	1
396.92	-0.09255	1
396.96000000000004	-0.09255	1
397.0	-0.09255	1
397.04	-0.09255	1
397.08	-0.09255	1
397.12	-0.09255	1
397.16	-0.09255	1
397.2	-0.09255	1
397.24	-0.09255	1
397.28000000000003	-0.09255	1
397.32	-0.09135	0
397.36	-0.09147	0
397.40000000000003	-0.09158	0
397.44	-0.09169	0
397.48	-0.09181	0
397.52	-0.09061	0
397.56	-0.09073	0
397.6	-0.09084	0
397.64	-0.09095	0
397.68	-0.08976	0
397.72	-0.08987	0
397.76	-0.08868	0
397.8	-0.08879	0
397.84000000000003	-0.08890	0
397.88	-0.08902	0
397.92	-0.08782	0
397.96000000000004	-0.08794	0
398.0	-0.08805	0
398.04	-0.08816	0
398.08	-0.08828	0
398.12	-0.08839	0
398.16	-0.08850	0
398.2	-0.08862	0
398.24	-0.08873	0
398.28000000000003	-0.08884	0
398.32	-0.09157	0
398.36	-0.09168	0
398.40000000000003	-0.09179	0
398.44	-0.09191	0
398.48	-0.09202	0
398.52	-0.09213	0
398.56	-0.09224	0
398.6	-0.09236	0
398.64	-0.09247	0
398.68	-0.09128	0
398.72	-0.09139	0
398.76	-0.09150	0
398.8	-0.09162	0
398.84000000000003	-0.09173	0
398.88	-0.09184	0
398.92	-0.09196	0
398.96000000000004	-0.09207	0
399.0	-0.09218	0
399.04	-0.09229	0
399.08	-0.09241	0
399.12	-0.09252	0
399.16	-0.09252	0
399.2	-0.09252	0
399.24	-0.09252	0
399.28000000000003	-0.09252	0
399.32	-0.09252	0
399.36	-0.09252	0
399.40000000000003	-0.09252	0
399.44	-0.09252	0
399.48	-0.09252	0
399.52	-0.09252	0
399.56	-0.09252	0
399.6	-0.09252	0
399.64	-0.09252	0
399.68	-0.09252	0
399.72	-0.09252	0
399.76	-0.09252	0
399.8	-0.09133	0
399.84000000000003	-0.09144	0
399.88	-0.09155	0
399.92	-0.09167	0
399.96000000000004	-0.09178	0
400.0	-0.09189	0
400.04	-0.09200	0
400.08	-0.09212	0
400.12	-0.09223	0
400.16	-0.09234	0
400.2	-0.09245	0
400.24	-0.09257	0
400.28000000000003	-0.09257	0
400.32	-0.09257	0
400.36	-0.09257	0
400.40000000000003	-0.09257	0
400.44	-0.09138	0
400.48	-0.09149	0
400.52	-0.09160	0
400.56	-0.09172	0
400.6	-0.09183	0
400.64	-0.09194	0
400.68	-0.09075	0
400.72	-0.09087	0
400.76	-0.09098	0
400.8	-0.09109	0
400.84000000000003	-0.09120	0
400.88	-0.09132	0
400.92	-0.09143	0
400.96000000000004	-0.09154	0
401.0	-0.09165	0
401.04	-0.09177	0
401.08	-0.09188	0
401.12	-0.09199	0
401.16	-0.09210	0
401.2	-0.09221	0
401.24	-0.09233	0
401.28000000000003	-0.09244	0
401.32	-0.09255	0
401.36	-0.09255	0
401.40000000000003	-0.09255	0
401.44	-0.09255	0
401.48	-0.09255	0
401.52	-0.09255	0
401.56	-0.09255	0
401.6	-0.09255	0
401.64	-0.09137	0
401.68	-0.09148	1
401.72	-0.09159	1
401.76	-0.09171	1
401.8	-0.09182	1
401.84000000000003	-0.09193	1
401.88	-0.09205	1
401.92	-0.09216	1
401.96000000000004	-0.09228	1
402.0	-0.09239	1
402.04	-0.09250	1
402.08	-0.09130	1
402.12	-0.09142	1
402.16	-0.09153	1
402.2	-0.09033	1
402.24	-0.09044	1
402.28000000000003	-0.09056	1
402.32	-0.09067	1
402.36	-0.09079	1
402.40000000000003	-0.09090	1
402.44	-0.08970	1
402.48	-0.08982	1
402.52	-0.08993	1
402.56	-0.09004	1
402.6	-0.09016	1
402.64	-0.09027	1
402.68	-0.09038	1
402.72	-0.09050	1
402.76	-0.09061	1
402.8	-0.09072	1
402.84000000000003	-0.09084	1
402.88	-0.09095	1
402.92	-0.09106	1
402.96000000000004	-0.09118	1
403.0	-0.09129	1
403.04	-0.09140	1
403.08	-0.09152	1
403.12	-0.09163	1
403.16	-0.09174	1
403.2	-0.09186	1
403.24	-0.09197	1
403.28000000000003	-0.09208	1
403.32	-0.09220	1
403.36	-0.09231	1
403.40000000000003	-0.09111	1
403.44	-0.09123	1
403.48	-0.09134	1
403.52	-0.09145	1
403.56	-0.09157	1
403.6	-0.09168	1
403.64	-0.09179	1
403.68	-0.09191	1
403.72	-0.09202	1
403.76	-0.09213	1
403.8	-0.09225	1
403.84000000000003	-0.09236	1
403.88	-0.09247	1
403.92	-0.09258	1
403.96000000000004	-0.09258	1
404.0	-0.09258	1
404.04	-0.09258	1
404.08	-0.09258	1
404.12	-0.09258	1
404.16	-0.09258	1
404.2	-0.09258	1
404.24	-0.09258	1
404.28000000000003	-0.09258	1
404.32	-0.09258	1
404.36	-0.09258	1
404.40000000000003	-0.09258	1
404.44	-0.09258	1
404.48	-0.09258	1
404.52	-0.09258	1
404.56	-0.09258	1
404.6	-0.09258	1
404.64	-0.09258	1
404.68	-0.09139	1
404.72	-0.09150	1
404.76	-0.09162	1
404.8	-0.09173	1
404.84000000000003	-0.09184	1
404.88	-0.09196	1
404.92	-0.09457	1
404.96000000000004	-0.09457	1
405.0	-0.09457	1
405.04	-0.09457	1
405.08	-0.09457	1
405.12	-0.09457	1
405.16	-0.09457	1
405.2	-0.09457	1
405.24	-0.09457	1
405.28000000000003	-0.09457	1
405.32	-0.09457	1
405.36	-0.09457	1
405.40000000000003	-0.09457	1
405.44	-0.09457	1
405.48	-0.09326	1
405.52	-0.09326	1
405.56	-0.09326	1
405.6	-0.09326	1
405.64	-0.09326	1
405.68	-0.09326	1
405.72	-0.09326	1
405.76	-0.09326	1
405.8	-0.09326	1
405.84000000000003	-0.09326	1
405.88	-0.09326	1
405.92	-0.09326	1
405.96000000000004	-0.09326	1
406.0	-0.09326	1
406.04	-0.09326	1
406.08	-0.09326	1
406.12	-0.09326	1
406.16	-0.09326	1
406.2	-0.09326	1
406.24	-0.09326	1
406.28000000000003	-0.09326	1
406.32	-0.09326	1
406.36	-0.09326	1
406.40000000000003	-0.09326	1
406.44	-0.09326	0
406.48	-0.09326	0
406.52	-0.09326	0
406.56	-0.09326	0
406.6	-0.09326	0
406.64	-0.09326	0
406.68	-0.09326	0
406.72	-0.09326	0
406.76	-0.09207	0
406.8	-0.09218	0
406.84000000000003	-0.09229	0
406.88	-0.09241	0
406.92	-0.09252	0
406.96000000000004	-0.09252	0
407.0	-0.09252	0
407.04	-0.09252	0
407.08	-0.09252	0
407.12	-0.09252	0
407.16	-0.09252	0
407.2	-0.09133	0
407.24	-0.09144	0
407.28000000000003	-0.09155	0
407.32	-0.09167	0
407.36	-0.09178	0
407.40000000000003	-0.09189	0
407.44	-0.09200	0
407.48	-0.09082	0
407.52	-0.08963	0
407.56	-0.08974	0
407.6	-0.08985	0
407.64	-0.08996	0
407.68	-0.09008	0
407.72	-0.08889	0
407.76	-0.08900	0
407.8	-0.08911	0
407.84000000000003	-0.08923	0
407.88	-0.08934	0
407.92	-0.08945	0
407.96000000000004	-0.08826	0
408.0	-0.08838	0
408.04	-0.08849	0
408.08	-0.08860	0
408.12	-0.08872	0
408.16	-0.08883	0
408.2	-0.08894	0
408.24	-0.08905	0
408.28000000000003	-0.08917	0
408.32	-0.08928	0
408.36	-0.08939	0
408.40000000000003	-0.08951	0
408.44	-0.08962	0
408.48	-0.08973	1
408.52	-0.08985	1
408.56	-0.08996	1
408.6	-0.09007	1
408.64	-0.09019	1
408.68	-0.09030	1
408.72	-0.09042	1
408.76	-0.09053	1
408.8	-0.09064	1
408.84000000000003	-0.09076	1
408.88	-0.09087	1
408.92	-0.09098	1
408.96000000000004	-0.08978	1
409.0	-0.08990	1
409.04	-0.09001	1
409.08	-0.09013	1
409.12	-0.09024	1
409.16	-0.09035	1
409.2	-0.09047	1
409.24	-0.09058	1
409.28000000000003	-0.09069	1
409.32	-0.09081	1
409.36	-0.09092	1
409.40000000000003	-0.09103	1
409.44	-0.09115	1
409.48	-0.09126	1
409.52	-0.09138	1
409.56	-0.09149	1
409.6	-0.09160	1
409.64	-0.09041	1
409.68	-0.09052	1
409.72	-0.09063	1
409.76	-0.09075	1
409.8	-0.08955	1
409.84000000000003	-0.08966	1
409.88	-0.08978	1
409.92	-0.08989	1
409.96000000000004	-0.09000	1
410.0	-0.09012	1
410.04	-0.08892	1
410.08	-0.08904	1
410.12	-0.08915	1
410.16	-0.08926	1
410.2	-0.08807	1
410.24	-0.08818	1
410.28000000000003	-0.08830	1
410.32	-0.08841	1
410.36	-0.08852	1
410.40000000000003	-0.08864	1
410.44	-0.08875	1
410.48	-0.08886	1
410.52	-0.08898	1
410.56	-0.08909	1
410.6	-0.08920	1
410.64	-0.08932	1
410.68	-0.08812	1
410.72	-0.08824	1
410.76	-0.08835	1
410.8	-0.08846	1
410.84000000000003	-0.08858	1
410.88	-0.08869	0
410.92	-0.08880	0
410.96000000000004	-0.08892	0
411.0	-0.08903	0
411.04	-0.08914	0
411.08	-0.08926	0
411.12	-0.08937	0
411.16	-0.08948	0
411.2	-0.08959	0
411.24	-0.08971	0
411.28000000000003	-0.08982	0
411.32	-0.08863	0
411.36	-0.08874	0
411.40000000000003	-0.08886	0
411.44	-0.08897	0
411.48	-0.08908	0
411.52	-0.08920	0
411.56	-0.08931	0
411.6	-0.08942	0
411.64	-0.08953	0
411.68	-0.08965	0
411.72	-0.08976	0
411.76	-0.08987	0
411.8	-0.08999	0
411.84000000000003	-0.09010	0
411.88	-0.09021	0
411.92	-0.08902	0
411.96000000000004	-0.08914	0
412.0	-0.08925	0
412.04	-0.08936	0
412.08	-0.08947	0
412.12	-0.08959	0
412.16	-0.08970	0
412.2	-0.08851	0
412.24	-0.08863	0
412.28000000000003	-0.08874	0
412.32	-0.08885	0
412.36	-0.08896	0
412.40000000000003	-0.08908	0
412.44	-0.08919	0
412.48	-0.08930	0
412.52	-0.08942	1
412.56	-0.08953	1
412.6	-0.08964	1
412.64	-0.08976	1
412.68	-0.08987	1
412.72	-0.09250	1
412.76	-0.09250	1
412.8	-0.09250	1
412.84000000000003	-0.09250	1
412.88	-0.09250	1
412.92	-0.09250	1
412.96000000000004	-0.09250	1
413.0	-0.09250	1
413.04	-0.09250	1
413.08	-0.09250	1
413.12	-0.09250	1
413.16	-0.09250	1
413.2	-0.09250	1
413.24	-0.09250	1
413.28000000000003	-0.09250	1
413.32	-0.09250	1
413.36	-0.09250	1
413.40000000000003	-0.09250	1
413.44	-0.09250	1
413.48	-0.09250	1
413.52	-0.09250	1
413.56	-0.09250	1
413.6	-0.09250	1
413.64	-0.09250	1
413.68	-0.09250	1
413.72	-0.09130	1
413.76	-0.09141	1
413.8	-0.09153	1
413.84000000000003	-0.09164	1
413.88	-0.09175	1
413.92	-0.09056	1
413.96000000000004	-0.09067	1
414.0	-0.09078	1
414.04	-0.09090	1
414.08	-0.09101	1
414.12	-0.09363	1
414.16	-0.09363	1
414.2	-0.09363	1
414.24	-0.09363	1
414.28000000000003	-0.09363	1
414.32	-0.09363	1
414.36	-0.09363	1
414.40000000000003	-0.09363	1
414.44	-0.09363	1
414.48	-0.09363	1
414.52	-0.09363	1
414.56	-0.09363	1
414.6	-0.09363	1
414.64	-0.09363	1
414.68	-0.09363	1
414.72	-0.09363	1
414.76	-0.09363	1
414.8	-0.09363	1
414.84000000000003	-0.09244	1
414.88	-0.09255	1
414.92	-0.09255	1
414.96000000000004	-0.09255	1
415.0	-0.09255	1
415.04	-0.09255	1
415.08	-0.09255	1
415.12	-0.09255	1
415.16	-0.09255	1
415.2	-0.09255	1
415.24	-0.09255	1
415.28000000000003	-0.09255	1
415.32	-0.09255	1
415.36	-0.09135	1
415.40000000000003	-0.09146	1
415.44	-0.09158	1
415.48	-0.09169	1
415.52	-0.09180	1
415.56	-0.09192	1
415.6	-0.09203	1
415.64	-0.09083	1
415.68	-0.09095	1
415.72	-0.09106	1
415.76	-0.09117	1
415.8	-0.09129	1
415.84000000000003	-0.09140	1
415.88	-0.09020	1
415.92	-0.09032	1
415.96000000000004	-0.09043	1
416.0	-0.08924	1
416.04	-0.08935	1
416.08	-0.08946	1
416.12	-0.08958	1
416.16	-0.08969	1
416.2	-0.08980	1
416.24	-0.08992	1
416.28000000000003	-0.09003	1
416.32	-0.09014	1
416.36	-0.09026	1
416.40000000000003	-0.09037	1
416.44	-0.09048	1
416.48	-0.08929	1
416.52	-0.08940	1
416.56	-0.08952	1
416.6	-0.08963	1
416.64	-0.08974	1
416.68	-0.08855	1
416.72	-0.08866	1
416.76	-0.08878	1
416.8	-0.08889	1
416.84000000000003	-0.08900	1
416.88	-0.08912	1
416.92	-0.08923	1
416.96000000000004	-0.08934	1
417.0	-0.08946	1
417.04	-0.08957	1
417.08	-0.08968	1
417.12	-0.08979	1
417.16	-0.08991	1
417.2	-0.09002	1
417.24	-0.09013	1
417.28000000000003	-0.09025	1
417.32	-0.09036	1
417.36	-0.09047	1
417.40000000000003	-0.09059	1
417.44	-0.09070	1
417.48	-0.09081	1
417.52	-0.09092	1
417.56	-0.09104	1
417.6	-0.09115	1
417.64	-0.09126	1
417.68	-0.09138	1
417.72	-0.09149	1
417.76	-0.09160	1
417.8	-0.09041	1
417.84000000000003	-0.09052	1
417.88	-0.09064	1
417.92	-0.09075	1
417.96000000000004	-0.09086	0
418.0	-0.09098	0
418.04	-0.09109	1
418.08	-0.09120	1
418.12	-0.09132	1
418.16	-0.09143	1
418.2	-0.09154	1
418.24	-0.09166	1
418.28000000000003	-0.09046	1
418.32	-0.08926	1
418.36	-0.08937	1
418.40000000000003	-0.08949	1
418.44	-0.08960	1
418.48	-0.08971	1
418.52	-0.08983	1
418.56	-0.08994	1
418.6	-0.09005	1
418.64	-0.09017	1
418.68	-0.09028	1
418.72	-0.09040	1
418.76	-0.09051	1
418.8	-0.09062	1
418.84000000000003	-0.09074	1
418.88	-0.09085	1
418.92	-0.09096	1
418.96000000000004	-0.09108	1
419.0	-0.09119	1
419.04	-0.09130	1
419.08	-0.09142	1
419.12	-0.09153	1
419.16	-0.09164	1
419.2	-0.09176	1
419.24	-0.09187	1
419.28000000000003	-0.09198	1
419.32	-0.09210	1
419.36	-0.09221	1
419.40000000000003	-0.09232	1
419.44	-0.09244	1
419.48	-0.09255	1
419.52	-0.09135	1
419.56	-0.09147	1
419.6	-0.09158	1
419.64	-0.09169	1
419.68	-0.09181	1
419.72	-0.09192	1
419.76	-0.09203	1
419.8	-0.09215	1
419.84000000000003	-0.09095	1
419.88	-0.09107	1
419.92	-0.09118	1
419.96000000000004	-0.09129	1
420.0	-0.09140	1
420.04	-0.09152	1
420.08	-0.09032	1
420.12	-0.09044	1
420.16	-0.08924	1
420.2	-0.08936	1
420.24	-0.08947	1
420.28000000000003	-0.08828	1
420.32	-0.08839	1
420.36	-0.08851	1
420.40000000000003	-0.08862	1
420.44	-0.08873	1
420.48	-0.08885	1
420.52	-0.08896	1
420.56	-0.08907	1
420.6	-0.08918	1
420.64	-0.08930	1
420.68	-0.08941	1
420.72	-0.08952	1
420.76	-0.08964	1
420.8	-0.08975	1
420.84000000000003	-0.08986	1
420.88	-0.08998	1
420.92	-0.09009	1
420.96000000000004	-0.09020	1
421.0	-0.09031	1
421.04	-0.09043	1
421.08	-0.09054	1
421.12	-0.09065	1
421.16	-0.09077	1
421.2	-0.09088	1
421.24	-0.09099	1
421.28000000000003	-0.09110	1
421.32	-0.09122	1
421.36	-0.09133	1
421.40000000000003	-0.09144	1
421.44	-0.09155	1
421.48	-0.09167	1
421.52	-0.09178	1
421.56	-0.09189	1
421.6	-0.09200	1
421.64	-0.09212	1
421.68	-0.09223	1
421.72	-0.09234	1
421.76	-0.09245	1
421.8	-0.09257	1
421.84000000000003	-0.09138	1
421.88	-0.09149	1
421.92	-0.09160	1
421.96000000000004	-0.09172	1
422.0	-0.09183	1
422.04	-0.09194	1
422.08	-0.09205	1
422.12	-0.09217	1
422.16	-0.09228	1
422.2	-0.09239	1
422.24	-0.09250	1
422.28000000000003	-0.09250	1
422.32	-0.09250	1
422.36	-0.09132	1
422.40000000000003	-0.09143	1
422.44	-0.09154	1
422.48	-0.09165	1
422.52	-0.09177	1
422.56	-0.09188	1
422.6	-0.09199	1
422.64	-0.09210	1
422.68	-0.09221	1
422.72	-0.09233	1
422.76	-0.09244	1
422.8	-0.09255	1
422.84000000000003	-0.09255	1
422.88	-0.09255	1
422.92	-0.09137	1
422.96000000000004	-0.09148	0
423.0	-0.09159	0
423.04	-0.09170	0
423.08	-0.09182	0
423.12	-0.09193	0
423.16	-0.09204	0
423.2	-0.09215	0
423.24	-0.09097	0
423.28000000000003	-0.09108	0
423.32	-0.08990	0
423.36	-0.09001	0
423.40000000000003	-0.09012	0
423.44	-0.09023	0
423.48	-0.09035	0
423.52	-0.09046	0
423.56	-0.09057	0
423.6	-0.09068	0
423.64	-0.08950	0
423.68	-0.08961	0
423.72	-0.08973	0
423.76	-0.08855	0
423.8	-0.08866	0
423.84000000000003	-0.08877	0
423.88	-0.08888	0
423.92	-0.08899	0
423.96000000000004	-0.08911	0
424.0	-0.08922	0
424.04	-0.08933	0
424.08	-0.08944	0
424.12	-0.08955	0
424.16	-0.08967	0
424.2	-0.08978	0
424.24	-0.08989	0
424.28000000000003	-0.09000	0
424.32	-0.09011	0
424.36	-0.09023	0
424.40000000000003	-0.09034	0
424.44	-0.09045	0
424.48	-0.09056	0
424.52	-0.09067	0
424.56	-0.09078	0
424.6	-0.09090	0
424.64	-0.09101	0
424.68	-0.09112	0
424.72	-0.09123	0
424.76	-0.09134	0
424.8	-0.09145	0
424.84000000000003	-0.09156	0
424.88	-0.09168	0
424.92	-0.09179	0
424.96000000000004	-0.09061	0
425.0	-0.09072	0
425.04	-0.09083	0
425.08	-0.09095	0
425.12	-0.09106	0
425.16	-0.09117	0
425.2	-0.09128	0
425.24	-0.09139	0
425.28000000000003	-0.09150	0
425.32	-0.09161	0
425.36	-0.09173	0
425.40000000000003	-0.09184	0
425.44	-0.08938	0
425.48	-0.08949	0
425.52	-0.08960	0
425.56	-0.08971	0
425.6	-0.08982	0
425.64	-0.08993	0
425.68	-0.09004	0
425.72	-0.09016	0
425.76	-0.09027	0
425.8	-0.09038	0
425.84000000000003	-0.09049	0
425.88	-0.09060	0
425.92	-0.09071	0
425.96000000000004	-0.09082	0
426.0	-0.09093	0
426.04	-0.09105	0
426.08	-0.09116	0
426.12	-0.09127	0
426.16	-0.09138	0
426.2	-0.09149	0
426.24	-0.09160	0
426.28000000000003	-0.09171	0
426.32	-0.09182	0
426.36	-0.09193	0
426.40000000000003	-0.09204	0
426.44	-0.09216	0
426.48	-0.09098	0
426.52	-0.09110	0
426.56	-0.09121	0
426.6	-0.09132	0
426.64	-0.09143	0
426.68	-0.09154	0
426.72	-0.09165	0
426.76	-0.09176	0
426.8	-0.09187	0
426.84000000000003	-0.09198	0
426.88	-0.09209	0
426.92	-0.09092	0
426.96000000000004	-0.09103	0
427.0	-0.09115	0
427.04	-0.09126	0
427.08	-0.09137	0
427.12	-0.09148	0
427.16	-0.09159	0
427.2	-0.09170	0
427.24	-0.09181	0
427.28000000000003	-0.09192	0
427.32	-0.09203	0
427.36	-0.09214	0
427.40000000000003	-0.09225	0
427.44	-0.09236	0
427.48	-0.09247	0
427.52	-0.09258	0
427.56	-0.09258	0
427.6	-0.09258	0
427.64	-0.09258	0
427.68	-0.09258	0
427.72	-0.09258	0
427.76	-0.09258	1
427.8	-0.09258	1
427.84000000000003	-0.09258	1
427.88	-0.09258	1
427.92	-0.09258	1
427.96000000000004	-0.09258	1
428.0	-0.09258	1
428.04	-0.09258	1
428.08	-0.09258	1
428.12	-0.09258	1
428.16	-0.09258	1
428.2	-0.09258	1
428.24	-0.09258	1
428.28000000000003	-0.09258	1
428.32	-0.09258	1
428.36	-0.09258	1
428.40000000000003	-0.09258	1
428.44	-0.09138	1
428.48	-0.09150	1
428.52	-0.09161	1
428.56	-0.09172	1
428.6	-0.09184	1
428.64	-0.09446	1
428.68	-0.09446	1
428.72	-0.09446	1
428.76	-0.09315	1
428.8	-0.09315	1
428.84000000000003	-0.09315	1
428.88	-0.09315	1
428.92	-0.09315	1
428.96000000000004	-0.09315	1
429.0	-0.09315	1
429.04	-0.09315	1
429.08	-0.09315	1
429.12	-0.09315	1
429.16	-0.09315	1
429.2	-0.09315	1
429.24	-0.09315	1
429.28000000000003	-0.09315	1
429.32	-0.09315	1
429.36	-0.09315	1
429.40000000000003	-0.09315	1
429.44	-0.09195	1
429.48	-0.09206	1
429.52	-0.09086	1
429.56	-0.09098	1
429.6	-0.09109	1
429.64	-0.09120	1
429.68	-0.09132	1
429.72	-0.09012	1
429.76	-0.09023	1
429.8	-0.09035	1
429.84000000000003	-0.09046	1
429.88	-0.09057	1
429.92	-0.09069	1
429.96000000000004	-0.09080	1
430.0	-0.09091	1
430.04	-0.09103	1
430.08	-0.09114	1
430.12	-0.09126	1
430.16	-0.09137	1
430.2	-0.09148	1
430.24	-0.09160	1
430.28000000000003	-0.09171	1
430.32	-0.09182	1
430.36	-0.09194	1
430.40000000000003	-0.09205	1
430.44	-0.09216	1
430.48	-0.09228	1
430.52	-0.09239	1
430.56	-0.09250	1
430.6	-0.09250	1
430.64	-0.09250	1
430.68	-0.09250	1
430.72	-0.09250	1
430.76	-0.09250	1
430.8	-0.09250	1
430.84000000000003	-0.09250	1
430.88	-0.09250	1
430.92	-0.09250	1
430.96000000000004	-0.09250	1
431.0	-0.09250	1
431.04	-0.09250	1
431.08	-0.09250	1
431.12	-0.09250	1
431.16	-0.09250	1
431.2	-0.09250	1
431.24	-0.09250	1
431.28000000000003	-0.09250	1
431.32	-0.09250	1
431.36	-0.09250	1
431.40000000000003	-0.09250	1
431.44	-0.09250	1
431.48	-0.09250	1
431.52	-0.09250	1
431.56	-0.09250	1
431.6	-0.09250	1
431.64	-0.09250	1
431.68	-0.09250	1
431.72	-0.09250	1
431.76	-0.09250	1
431.8	-0.09250	1
431.84000000000003	-0.09250	1
431.88	-0.09250	1
431.92	-0.09250	1
431.96000000000004	-0.09250	1
432.0	-0.09250	1
432.04	-0.09250	1
432.08	-0.09250	1
432.12	-0.09250	1
432.16	-0.09250	1
432.2	-0.09250	1
432.24	-0.09250	1
432.28000000000003	-0.09250	1
432.32	-0.09250	1
432.36	-0.09250	1
432.40000000000003	-0.09250	1
432.44	-0.09250	1
432.48	-0.09250	1
432.52	-0.09131	1
432.56	-0.09011	1
432.6	-0.09022	1
432.64	-0.09034	1
432.68	-0.09045	1
432.72	-0.09056	1
432.76	-0.09068	1
432.8	-0.09079	1
432.84000000000003	-0.09090	1
432.88	-0.09102	1
432.92	-0.09113	1
432.96000000000004	-0.09124	1
433.0	-0.09136	1
433.04	-0.09147	1
433.08	-0.09158	1
433.12	-0.09170	1
433.16	-0.09181	1
433.2	-0.09192	1
433.24	-0.09203	1
433.28000000000003	-0.09215	1
433.32	-0.09226	1
433.36	-0.09237	1
433.40000000000003	-0.09249	1
433.44	-0.09260	1
433.48	-0.09260	1
433.52	-0.09260	1
433.56	-0.09260	1
433.6	-0.09260	1
433.64	-0.09260	1
433.68	-0.09260	1
433.72	-0.09260	1
433.76	-0.09260	1
433.8	-0.09260	1
433.84000000000003	-0.09260	1
433.88	-0.09260	1
433.92	-0.09260	1
433.96000000000004	-0.09260	1
434.0	-0.09260	1
434.04	-0.09260	1
434.08	-0.09260	1
434.12	-0.09260	1
434.16	-0.09260	1
434.2	-0.09260	1
434.24	-0.09260	1
434.28000000000003	-0.09260	1
434.32	-0.09260	1
434.36	-0.09141	1
434.40000000000003	-0.09152	1
434.44	-0.09163	1
434.48	-0.09175	0
434.52	-0.09055	0
434.56	-0.09067	0
434.6	-0.09078	0
434.64	-0.09089	0
434.68	-0.09100	0
434.72	-0.09112	0
434.76	-0.09123	0
434.8	-0.09134	0
434.84000000000003	-0.09015	0
434.88	-0.09027	0
434.92	-0.09038	0
434.96000000000004	-0.09049	0
435.0	-0.09060	0
435.04	-0.09072	0
435.08	-0.09083	0
435.12	-0.09094	0
435.16	-0.09106	0
435.2	-0.09117	0
435.24	-0.09128	0
435.28000000000003	-0.09139	0
435.32	-0.09151	0
435.36	-0.09162	0
435.40000000000003	-0.09173	0
435.44	-0.09184	0
435.48	-0.09196	0
435.52	-0.09207	0
435.56	-0.09218	0
435.6	-0.09229	0
435.64	-0.09241	0
435.68	-0.09252	0
435.72	-0.09252	0
435.76	-0.09252	0
435.8	-0.09252	0
435.84000000000003	-0.09252	0
435.88	-0.09252	0
435.92	-0.09252	0
435.96000000000004	-0.09252	0
436.0	-0.09252	0
436.04	-0.09252	0
436.08	-0.09252	0
436.12	-0.09252	0
436.16	-0.09252	0
436.2	-0.09252	0
436.24	-0.09252	0
436.28000000000003	-0.09252	0
436.32	-0.09252	0
436.36	-0.09252	0
436.40000000000003	-0.09252	0
436.44	-0.09252	0
436.48	-0.09252	0
436.52	-0.09252	1
436.56	-0.09252	1
436.6	-0.09252	1
436.64	-0.09132	1
436.68	-0.08880	1
436.72	-0.08892	1
436.76	-0.08903	1
436.8	-0.08914	1
436.84000000000003	-0.08926	1
436.88	-0.08937	1
436.92	-0.08949	1
436.96000000000004	-0.08829	1
437.0	-0.08840	1
437.04	-0.08851	1
437.08	-0.08732	1
437.12	-0.08743	1
437.16	-0.08754	1
437.2	-0.08635	1
437.24	-0.08646	1
437.28000000000003	-0.08657	1
437.32	-0.08669	1
437.36	-0.08680	1
437.40000000000003	-0.08692	1
437.44	-0.08703	1
437.48	-0.08714	1
437.52	-0.08726	1
437.56	-0.08737	1
437.6	-0.08617	1
437.64	-0.08629	1
437.68	-0.08640	1
437.72	-0.08652	1
437.76	-0.08663	1
437.8	-0.08543	1
437.84000000000003	-0.08424	1
437.88	-0.08435	1
437.92	-0.08447	1
437.96000000000004	-0.08458	1
438.0	-0.08470	1
438.04	-0.08481	1
438.08	-0.08492	1
438.12	-0.08504	0
438.16	-0.08515	0
438.2	-0.08527	0
438.24	-0.08538	0
438.28000000000003	-0.08549	0
438.32	-0.08561	0
438.36	-0.08572	0
438.40000000000003	-0.08584	0
438.44	-0.08595	0
438.48	-0.08606	0
438.52	-0.08618	0
438.56	-0.08629	0
438.6	-0.08510	0
438.64	-0.08521	0
438.68	-0.08533	0
438.72	-0.08544	0
438.76	-0.08555	0
438.8	-0.08567	0
438.84000000000003	-0.08578	0
438.88	-0.08459	0
438.92	-0.08470	0
438.96000000000004	-0.08482	0
439.0	-0.08493	0
439.04	-0.08504	0
439.08	-0.08516	0
439.12	-0.08527	0
439.16	-0.08538	0
439.2	-0.08550	0
439.24	-0.08561	0
439.28000000000003	-0.08573	0
439.32	-0.08584	0
439.36	-0.08595	0
439.40000000000003	-0.08607	0
439.44	-0.08618	0
439.48	-0.08629	0
439.52	-0.08641	0
439.56	-0.08652	0
439.6	-0.08663	0
439.64	-0.08675	1
439.68	-0.08686	1
439.72	-0.08698	1
439.76	-0.08709	1
439.8	-0.08720	1
439.84000000000003	-0.08732	1
439.88	-0.08743	1
439.92	-0.09017	1
439.96000000000004	-0.09029	1
440.0	-0.09040	1
440.04	-0.09052	1
440.08	-0.09063	1
440.12	-0.08943	1
440.16	-0.08954	1
440.2	-0.08966	1
440.24	-0.08977	1
440.28000000000003	-0.08989	1
440.32	-0.09000	1
440.36	-0.09011	1
440.40000000000003	-0.09023	1
440.44	-0.09034	1
440.48	-0.09045	1
440.52	-0.09057	1
440.56	-0.09068	1
440.6	-0.09079	1
440.64	-0.08960	1
440.68	-0.08971	1
440.72	-0.08982	1
440.76	-0.08994	1
440.8	-0.09005	1
440.84000000000003	-0.09017	1
440.88	-0.09028	1
440.92	-0.09039	1
440.96000000000004	-0.08920	1
441.0	-0.08931	1
441.04	-0.08942	1
441.08	-0.08954	1
441.12	-0.08965	1
441.16	-0.08976	1
441.2	-0.08988	1
441.24	-0.08999	1
441.28000000000003	-0.09010	1
441.32	-0.09022	1
441.36	-0.08902	1
441.40000000000003	-0.08914	1
441.44	-0.08925	1
441.48	-0.08936	1
441.52	-0.09209	1
441.56	-0.09220	1
441.6	-0.09232	1
441.64	-0.09243	1
441.68	-0.09254	1
441.72	-0.09135	1
441.76	-0.09146	1
441.8	-0.09158	1
441.84000000000003	-0.09169	1
441.88	-0.09180	1
441.92	-0.09191	1
441.96000000000004	-0.09203	1
442.0	-0.09214	1
442.04	-0.09225	1
442.08	-0.09237	1
442.12	-0.09248	1
442.16	-0.09259	1
442.2	-0.09140	1
442.24	-0.09021	1
442.28000000000003	-0.09032	1
442.32	-0.09043	1
442.36	-0.09055	1
442.40000000000003	-0.09066	1
442.44	-0.09077	1
442.48	-0.09089	1
442.52	-0.09100	0
442.56	-0.09111	0
442.6	-0.09122	0
442.64	-0.09134	0
442.68	-0.09015	0
442.72	-0.09026	0
442.76	-0.09037	0
442.8	-0.09049	0
442.84000000000003	-0.09060	0
442.88	-0.08941	0
442.92	-0.08952	0
442.96000000000004	-0.08963	0
443.0	-0.08975	0
443.04	-0.08986	0
443.08	-0.08997	0
443.12	-0.09009	0
443.16	-0.09020	0
443.2	-0.09283	1
443.24	-0.09283	1
443.28000000000003	-0.09283	1
443.32	-0.09283	1
443.36	-0.09283	1
443.40000000000003	-0.09283	1
443.44	-0.09283	1
443.48	-0.09283	1
443.52	-0.09283	1
443.56	-0.09283	1
443.6	-0.09163	1
443.64	-0.09174	1
443.68	-0.09185	1
443.72	-0.09197	1
443.76	-0.09077	1
443.8	-0.09088	1
443.84000000000003	-0.09100	1
443.88	-0.09111	1
443.92	-0.09122	1
443.96000000000004	-0.09134	1
444.0	-0.09145	1
444.04	-0.09156	1
444.08	-0.09168	1
444.12	-0.09179	1
444.16	-0.09190	1
444.2	-0.09202	1
444.24	-0.09213	1
444.28000000000003	-0.09224	1
444.32	-0.09236	1
444.36	-0.09247	1
444.40000000000003	-0.09258	1
444.44	-0.09258	1
444.48	-0.09258	1
444.52	-0.09258	1
444.56	-0.09258	1
444.6	-0.09258	1
444.64	-0.09258	1
444.68	-0.09258	1
444.72	-0.09258	1
444.76	-0.09258	1
444.8	-0.09258	1
444.84000000000003	-0.09258	1
444.88	-0.09258	1
444.92	-0.09258	1
444.96000000000004	-0.09258	1
445.0	-0.09258	1
445.04	-0.09258	1
445.08	-0.09258	1
445.12	-0.09258	1
445.16	-0.09258	1
445.2	-0.09258	1
445.24	-0.09139	1
445.28000000000003	-0.09150	1
445.32	-0.09161	1
445.36	-0.09042	1
445.40000000000003	-0.09053	1
445.44	-0.09064	1
445.48	-0.09076	1
445.52	-0.09087	1
445.56	-0.09098	1
445.6	-0.09110	1
445.64	-0.09121	1
445.68	-0.09001	1
445.72	-0.09013	1
445.76	-0.09024	1
445.8	-0.09035	1
445.84000000000003	-0.09047	1
445.88	-0.09058	1
445.92	-0.09069	1
445.96000000000004	-0.09081	0
446.0	-0.09092	0
446.04	-0.09103	0
446.08	-0.09115	0
446.12	-0.08995	0
446.16	-0.09007	0
446.2	-0.09018	0
446.24	-0.09029	0
446.28000000000003	-0.09041	0
446.32	-0.09052	0
446.36	-0.09063	0
446.40000000000003	-0.09075	0
446.44	-0.09086	0
446.48	-0.09097	0
446.52	-0.09109	0
446.56	-0.09120	0
446.6	-0.09131	0
446.64	-0.09142	0
446.68	-0.09154	0
446.72	-0.09165	0
446.76	-0.09176	0
446.8	-0.09188	0
446.84000000000003	-0.09199	0
446.88	-0.09210	0
446.92	-0.09091	0
446.96000000000004	-0.09102	0
447.0	-0.09114	0
447.04	-0.09125	0
447.08	-0.09136	0
447.12	-0.09147	0
447.16	-0.09159	0
447.2	-0.09170	0
447.24	-0.09181	0
447.28000000000003	-0.09193	0
447.32	-0.09204	0
447.36	-0.09215	0
447.40000000000003	-0.09226	0
447.44	-0.09238	0
447.48	-0.09249	0
447.52	-0.09260	0
447.56	-0.09260	0
447.6	-0.09260	0
447.64	-0.09260	0
447.68	-0.09260	0
447.72	-0.09260	0
447.76	-0.09260	0
447.8	-0.09260	0
447.84000000000003	-0.09260	0
447.88	-0.09260	0
447.92	-0.09260	0
447.96000000000004	-0.09260	0
448.0	-0.09260	1
448.04	-0.09140	1
448.08	-0.09151	1
448.12	-0.09163	1
448.16	-0.09174	1
448.2	-0.09437	1
448.24	-0.09306	1
448.28000000000003	-0.09306	1
448.32	-0.09306	1
448.36	-0.09306	1
448.40000000000003	-0.09306	1
448.44	-0.09306	1
448.48	-0.09306	1
448.52	-0.09306	1
448.56	-0.09306	1
448.6	-0.09306	1
448.64	-0.09306	1
448.68	-0.09185	1
448.72	-0.09197	1
448.76	-0.09208	1
448.8	-0.09220	1
448.84000000000003	-0.09231	1
448.88	-0.09242	1
448.92	-0.09254	1
448.96000000000004	-0.09254	1
449.0	-0.09254	1
449.04	-0.09254	1
449.08	-0.09254	1
449.12	-0.09254	1
449.16	-0.09254	1
449.2	-0.09254	1
449.24	-0.09134	1
449.28000000000003	-0.09145	1
449.32	-0.09156	1
449.36	-0.09168	1
449.40000000000003	-0.09179	1
449.44	-0.09190	1
449.48	-0.09202	1
449.52	-0.09213	1
449.56	-0.09224	1
449.6	-0.09236	1
449.64	-0.09247	1
449.68	-0.09258	1
449.72	-0.09139	1
449.76	-0.09150	1
449.8	-0.09161	1
449.84000000000003	-0.09173	1
449.88	-0.09184	1
449.92	-0.09195	1
449.96000000000004	-0.09207	1
450.0	-0.09218	1
450.04	-0.09229	1
450.08	-0.09241	1
450.12	-0.09252	1
450.16	-0.09252	1
450.2	-0.09252	1
450.24	-0.09252	1
450.28000000000003	-0.09252	1
450.32	-0.09252	1
450.36	-0.09252	1
450.40000000000003	-0.09252	1
450.44	-0.09252	1
450.48	-0.09252	1
450.52	-0.09252	1
450.56	-0.09132	1
450.6	-0.09144	1
450.64	-0.09155	1
450.68	-0.09166	1
450.72	-0.09178	1
450.76	-0.09189	1
450.8	-0.09200	1
450.84000000000003	-0.09212	1
450.88	-0.09223	1
450.92	-0.09234	1
450.96000000000004	-0.09115	1
451.0	-0.09126	1
451.04	-0.09137	1
451.08	-0.09149	1
451.12	-0.09160	1
451.16	-0.09171	1
451.2	-0.09183	1
451.24	-0.09194	1
451.28000000000003	-0.09205	1
451.32	-0.09217	1
451.36	-0.09228	1
451.40000000000003	-0.09239	1
451.44	-0.09250	1
451.48	-0.09250	1
451.52	-0.09250	1
451.56	-0.09250	1
451.6	-0.09250	1
451.64	-0.09250	1
451.68	-0.09250	1
451.72	-0.09131	1
451.76	-0.09142	1
451.8	-0.09154	1
451.84000000000003	-0.09165	1
451.88	-0.09176	1
451.92	-0.09188	1
451.96000000000004	-0.09199	1
452.0	-0.09210	1
452.04	-0.09221	1
452.08	-0.09102	1
452.12	-0.09114	1
452.16	-0.09125	1
452.2	-0.09136	1
452.24	-0.09147	1
452.28000000000003	-0.09159	1
452.32	-0.09170	1
452.36	-0.09181	1
452.40000000000003	-0.09193	1
452.44	-0.09204	1
452.48	-0.09215	1
452.52	-0.09226	1
452.56	-0.09238	1
452.6	-0.09249	1
452.64	-0.09130	1
452.68	-0.09141	1
452.72	-0.09152	1
452.76	-0.09164	1
452.8	-0.09175	1
452.84000000000003	-0.09186	1
452.88	-0.09197	1
452.92	-0.09209	1
452.96000000000004	-0.09220	1
453.0	-0.09231	1
453.04	-0.09242	1
453.08	-0.09254	0
453.12	-0.09254	0
453.16	-0.09254	0
453.2	-0.09254	0
453.24	-0.09254	0
453.28000000000003	-0.09254	0
453.32	-0.09254	0
453.36	-0.09005	0
453.40000000000003	-0.09016	0
453.44	-0.09027	0
453.48	-0.09039	0
453.52	-0.09050	0
453.56	-0.09061	0
453.6	-0.09072	0
453.64	-0.09084	0
453.68	-0.09095	0
453.72	-0.09106	0
453.76	-0.09117	0
453.8	-0.09129	0
453.84000000000003	-0.09140	0
453.88	-0.09151	0
453.92	-0.09162	0
453.96000000000004	-0.09174	0
454.0	-0.09185	0
454.04	-0.09196	0
454.08	-0.09207	0
454.12	-0.09218	0
454.16	-0.09230	0
454.2	-0.09241	0
454.24	-0.09252	0
454.28000000000003	-0.09252	0
454.32	-0.09252	0
454.36	-0.09252	0
454.40000000000003	-0.09252	0
454.44	-0.09252	0
454.48	-0.09252	0
454.52	-0.09252	0
454.56	-0.09252	0
454.6	-0.09252	0
454.64	-0.09252	0
454.68	-0.09134	0
454.72	-0.09145	0
454.76	-0.09156	0
454.8	-0.09167	0
454.84000000000003	-0.09179	0
454.88	-0.09190	0
454.92	-0.09201	0
454.96000000000004	-0.09212	0
455.0	-0.09223	0
455.04	-0.09235	0
455.08	-0.09246	0
455.12	-0.09257	0
455.16	-0.09257	0
455.2	-0.09257	0
455.24	-0.09139	0
455.28000000000003	-0.09150	0
455.32	-0.09161	0
455.36	-0.09172	0
455.40000000000003	-0.09183	0
455.44	-0.09195	0
455.48	-0.09206	0
455.52	-0.09217	0
455.56	-0.09228	0
455.6	-0.09239	0
455.64	-0.09251	0
455.68	-0.09251	0
455.72	-0.09251	0
455.76	-0.09251	0
455.8	-0.09251	0
455.84000000000003	-0.09251	0
455.88	-0.09251	0
455.92	-0.09251	0
455.96000000000004	-0.09132	0
456.0	-0.09144	0
456.04	-0.09155	0
456.08	-0.09166	0
456.12	-0.09177	0
456.16	-0.09188	0
456.2	-0.09200	0
456.24	-0.09211	0
456.28000000000003	-0.09222	0
456.32	-0.09233	0
456.36	-0.09244	0
456.40000000000003	-0.09255	0
456.44	-0.09255	0
456.48	-0.09255	0
456.52	-0.09255	0
456.56	-0.09255	0
456.6	-0.09255	0
456.64	-0.09255	0
456.68	-0.09255	0
456.72	-0.09255	0
456.76	-0.09255	0
456.8	-0.09255	0
456.84000000000003	-0.09255	0
456.88	-0.09255	0
456.92	-0.09255	0
456.96000000000004	-0.09255	0
457.0	-0.09255	0
457.04	-0.09255	0
457.08	-0.09255	0
457.12	-0.09255	0
457.16	-0.09137	0
457.2	-0.09149	0
457.24	-0.09160	0
457.28000000000003	-0.09171	0
457.32	-0.09182	0
457.36	-0.09193	0
457.40000000000003	-0.09075	0
457.44	-0.09087	0
457.48	-0.09098	0
457.52	-0.09109	0
457.56	-0.09120	1
457.6	-0.09132	1
457.64	-0.09143	1
457.68	-0.09154	1
457.72	-0.09166	1
457.76	-0.09177	1
457.8	-0.09189	1
457.84000000000003	-0.09200	1
457.88	-0.09211	1
457.92	-0.09223	1
457.96000000000004	-0.09234	1
458.0	-0.09245	1
458.04	-0.09257	1
458.08	-0.09257	1
458.12	-0.09257	1
458.16	-0.09257	1
458.2	-0.09257	1
458.24	-0.09257	1
458.28000000000003	-0.09257	1
458.32	-0.09257	1
458.36	-0.09257	1
458.40000000000003	-0.09257	1
458.44	-0.09257	1
458.48	-0.09257	1
458.52	-0.09257	1
458.56	-0.09257	1
458.6	-0.09257	1
458.64	-0.09257	1
458.68	-0.09257	1
458.72	-0.09257	1
458.76	-0.09257	1
458.8	-0.09257	1
458.84000000000003	-0.09257	1
458.88	-0.09257	1
458.92	-0.09257	1
458.96000000000004	-0.09257	1
459.0	-0.09257	1
459.04	-0.09257	1
459.08	-0.09257	1
459.12	-0.09257	1
459.16	-0.09257	1
459.2	-0.09257	1
459.24	-0.09257	1
459.28000000000003	-0.09257	1
459.32	-0.09257	1
459.36	-0.09257	1
459.40000000000003	-0.09257	1
459.44	-0.09257	1
459.48	-0.09257	1
459.52	-0.09257	1
459.56	-0.09257	1
459.6	-0.09257	1
459.64	-0.09257	1
459.68	-0.09137	1
459.72	-0.09148	1
459.76	-0.09159	1
459.8	-0.09171	1
459.84000000000003	-0.09182	1
459.88	-0.09193	1
459.92	-0.09205	1
459.96000000000004	-0.09216	1
460.0	-0.09227	1
460.04	-0.09239	1
460.08	-0.09250	1
460.12	-0.09250	1
460.16	-0.09130	1
460.2	-0.09142	1
460.24	-0.09153	1
460.28000000000003	-0.09164	1
460.32	-0.09176	1
460.36	-0.09187	1
460.40000000000003	-0.09198	1
460.44	-0.09210	1
460.48	-0.09221	1
460.52	-0.09232	1
460.56	-0.09244	1
460.6	-0.09255	1
460.64	-0.09255	1
460.68	-0.09255	1
460.72	-0.09255	0
460.76	-0.09255	0
460.8	-0.09255	0
460.84000000000003	-0.09255	0
460.88	-0.09255	0
460.92	-0.09255	0
460.96000000000004	-0.09255	0
461.0	-0.09255	0
461.04	-0.09255	0
461.08	-0.09255	0
461.12	-0.09255	0
461.16	-0.09255	0
461.2	-0.09255	0
461.24	-0.09255	0
461.28000000000003	-0.09255	0
461.32	-0.09255	0
461.36	-0.09255	0
461.40000000000003	-0.09255	0
461.44	-0.09255	0
461.48	-0.09255	0
461.52	-0.09255	0
461.56	-0.09255	0
461.6	-0.09255	0
461.64	-0.09255	0
461.68	-0.09255	0
461.72	-0.09255	0
461.76	-0.09005	0
461.8	-0.09016	0
461.84000000000003	-0.09027	0
461.88	-0.09039	0
461.92	-0.09050	0
461.96000000000004	-0.09061	0
462.0	-0.09073	0
462.04	-0.09084	0
462.08	-0.08964	0
462.12	-0.08976	0
462.16	-0.08987	0
462.2	-0.08998	0
462.24	-0.09010	0
462.28000000000003	-0.08890	0
462.32	-0.08902	0
462.36	-0.08913	0
462.40000000000003	-0.08924	0
462.44	-0.08936	0
462.48	-0.08947	0
462.52	-0.08958	0
462.56	-0.08839	0
462.6	-0.08850	0
462.64	-0.08862	0
462.68	-0.08873	0
462.72	-0.08884	0
462.76	-0.08896	0
462.8	-0.08907	0
462.84000000000003	-0.08918	0
462.88	-0.08930	0
462.92	-0.08941	0
462.96000000000004	-0.08952	0
463.0	-0.08964	0
463.04	-0.08975	0
463.08	-0.08986	0
463.12	-0.08998	0
463.16	-0.09009	0
463.2	-0.09020	0
463.24	-0.09031	0
463.28000000000003	-0.09043	0
463.32	-0.09054	0
463.36	-0.09065	0
463.40000000000003	-0.09077	0
463.44	-0.09088	0
463.48	-0.09099	0
463.52	-0.09110	0
463.56	-0.09122	0
463.6	-0.09133	0
463.64	-0.09144	0
463.68	-0.09155	0
463.72	-0.09167	0
463.76	-0.09178	0
463.8	-0.09189	0
463.84000000000003	-0.09200	0
463.88	-0.09212	0
463.92	-0.09223	0
463.96000000000004	-0.08974	0
464.0	-0.08985	0
464.04	-0.08997	0
464.08	-0.09008	0
464.12	-0.09019	0
464.16	-0.09031	0
464.2	-0.09042	0
464.24	-0.09053	0
464.28000000000003	-0.09064	0
464.32	-0.09076	0
464.36	-0.09087	0
464.40000000000003	-0.09098	0
464.44	-0.09109	0
464.48	-0.09120	0
464.52	-0.09132	0
464.56	-0.09143	0
464.6	-0.09154	0
464.64	-0.09165	0
464.68	-0.09047	0
464.72	-0.09058	0
464.76	-0.09069	0
464.8	-0.09081	0
464.84000000000003	-0.09092	0
464.88	-0.09103	0
464.92	-0.09114	0
464.96000000000004	-0.09125	0
465.0	-0.09137	0
465.04	-0.09148	0
465.08	-0.09159	0
465.12	-0.09170	0
465.16	-0.09182	0
465.2	-0.09441	0
465.24	-0.09441	0
465.28000000000003	-0.09441	0
465.32	-0.09441	0
465.36	-0.09441	0
465.40000000000003	-0.09441	0
465.44	-0.09441	0
465.48	-0.09311	0
465.52	-0.09311	0
465.56	-0.09311	0
465.6	-0.09311	0
465.64	-0.09311	0
465.68	-0.09311	0
465.72	-0.09311	0
465.76	-0.09311	0
465.8	-0.09311	0
465.84000000000003	-0.09311	0
465.88	-0.09311	0
465.92	-0.09311	0
465.96000000000004	-0.09311	0
466.0	-0.09311	0
466.04	-0.09311	0
466.08	-0.09311	0
466.12	-0.09311	0
466.16	-0.09311	0
466.2	-0.09311	0
466.24	-0.09311	0
466.28000000000003	-0.09311	0
466.32	-0.09311	0
466.36	-0.09311	0
466.40000000000003	-0.09311	0
466.44	-0.09311	0
466.48	-0.09311	0
466.52	-0.09311	0
466.56	-0.09311	0
466.6	-0.09193	0
466.64	-0.09204	0
466.68	-0.09215	0
466.72	-0.09474	0
466.76	-0.09474	0
466.8	-0.09474	0
466.84000000000003	-0.09474	0
466.88	-0.09474	0
466.92	-0.09474	0
466.96000000000004	-0.09474	0
467.0	-0.09474	0
467.04	-0.09474	0
467.08	-0.09474	0
467.12	-0.09474	0
467.16	-0.09474	0
467.2	-0.09474	0
467.24	-0.09474	0
467.28000000000003	-0.09345	0
467.32	-0.09345	0
467.36	-0.09345	0
467.40000000000003	-0.09345	0
467.44	-0.09345	0
467.48	-0.09345	0
467.52	-0.09345	0
467.56	-0.09345	0
467.6	-0.09345	0
467.64	-0.09345	0
467.68	-0.09345	0
467.72	-0.09345	0
467.76	-0.09345	0
467.8	-0.09345	0
467.84000000000003	-0.09345	0
467.88	-0.09345	0
467.92	-0.09345	0
467.96000000000004	-0.09345	0
468.0	-0.09345	0
468.04	-0.09345	0
468.08	-0.09345	0
468.12	-0.09345	0
468.16	-0.09345	0
468.2	-0.09345	0
468.24	-0.09345	0
468.28000000000003	-0.09345	0
468.32	-0.09345	0
468.36	-0.09345	0
468.40000000000003	-0.09345	0
468.44	-0.09345	0
468.48	-0.09345	0
468.52	-0.09345	0
468.56	-0.09345	0
468.6	-0.09345	0
468.64	-0.09345	0
468.68	-0.09226	0
468.72	-0.09237	0
468.76	-0.09249	0
468.8	-0.09260	0
468.84000000000003	-0.09260	0
468.88	-0.09260	0
468.92	-0.09260	0
468.96000000000004	-0.09260	0
469.0	-0.09142	0
469.04	-0.09153	0
469.08	-0.09164	0
469.12	-0.09175	0
469.16	-0.09186	0
469.2	-0.09198	0
469.24	-0.09209	0
469.28000000000003	-0.09220	0
469.32	-0.09231	0
469.36	-0.09242	0
469.40000000000003	-0.09253	0
469.44	-0.09253	0
469.48	-0.09253	0
469.52	-0.09253	0
469.56	-0.09253	0
469.6	-0.09253	0
469.64	-0.09253	0
469.68	-0.09253	0
469.72	-0.09253	0
469.76	-0.09253	0
469.8	-0.09253	0
469.84000000000003	-0.09253	0
469.88	-0.09253	0
469.92	-0.09135	0
469.96000000000004	-0.09147	0
470.0	-0.09158	0
470.04	-0.09169	0
470.08	-0.09180	0
470.12	-0.09191	0
470.16	-0.09073	0
470.2	-0.09085	0
470.24	-0.09096	0
470.28000000000003	-0.09107	0
470.32	-0.09118	0
470.36	-0.09129	0
470.40000000000003	-0.09140	0
470.44	-0.09152	0
470.48	-0.09163	0
470.52	-0.09174	0
470.56	-0.09185	0
470.6	-0.09196	0
470.64	-0.09207	0
470.68	-0.09218	0
470.72	-0.09230	0
470.76	-0.09241	0
470.8	-0.09252	0
470.84000000000003	-0.09252	0
470.88	-0.09252	0
470.92	-0.09252	0
470.96000000000004	-0.09252	0
471.0	-0.09252	0
471.04	-0.09252	0
471.08	-0.09252	0
471.12	-0.09252	0
471.16	-0.09252	0
471.2	-0.09252	0
471.24	-0.09252	0
471.28000000000003	-0.09252	0
471.32	-0.09252	0
471.36	-0.09252	0
471.40000000000003	-0.09252	0
471.44	-0.09252	0
471.48	-0.09252	0
471.52	-0.09252	0
471.56	-0.09252	0
471.6	-0.09252	0
471.64	-0.09252	0
471.68	-0.09252	0
471.72	-0.09252	0
471.76	-0.09252	0
471.8	-0.09134	0
471.84000000000003	-0.09145	0
471.88	-0.09156	0
471.92	-0.09168	0
471.96000000000004	-0.09179	0
472.0	-0.09190	0
472.04	-0.09201	0
472.08	-0.09212	0
472.12	-0.09223	0
472.16	-0.09234	0
472.2	-0.09246	0
472.24	-0.09257	0
472.28000000000003	-0.09257	0
472.32	-0.09257	0
472.36	-0.09257	0
472.40000000000003	-0.09139	0
472.44	-0.09150	0
472.48	-0.09161	0
472.52	-0.09173	0
472.56	-0.09184	0
472.6	-0.09195	0
472.64	-0.09206	0
472.68	-0.09463	0
472.72	-0.09463	0
472.76	-0.09463	0
472.8	-0.09463	0
472.84000000000003	-0.09463	0
472.88	-0.09463	0
472.92	-0.09463	0
472.96000000000004	-0.09463	0
473.0	-0.09463	1
473.04	-0.09463	1
473.08	-0.09463	1
473.12	-0.09463	1
473.16	-0.09463	1
473.2	-0.09463	1
473.24	-0.09463	1
473.28000000000003	-0.09463	1
473.32	-0.09463	1
473.36	-0.09463	1
473.40000000000003	-0.09463	1
473.44	-0.09463	1
473.48	-0.09463	1
473.52	-0.09463	1
473.56	-0.09463	1
473.6	-0.09463	1
473.64	-0.09332	1
473.68	-0.09332	1
473.72	-0.09211	1
473.76	-0.09223	1
473.8	-0.09234	1
473.84000000000003	-0.09245	1
473.88	-0.09257	1
473.92	-0.09257	1
473.96000000000004	-0.09257	1
474.0	-0.09257	1
474.04	-0.09257	1
474.08	-0.09257	1
474.12	-0.09257	1
474.16	-0.09257	1
474.2	-0.09257	1
474.24	-0.09257	1
474.28000000000003	-0.09257	1
474.32	-0.09257	1
474.36	-0.09257	1
474.40000000000003	-0.09257	1
474.44	-0.09257	1
474.48	-0.09257	1
474.52	-0.09257	1
474.56	-0.09257	1
474.6	-0.09257	1
474.64	-0.09257	1
474.68	-0.09137	1
474.72	-0.09148	1
474.76	-0.09160	1
474.8	-0.09171	1
474.84000000000003	-0.09182	1
474.88	-0.09194	1
474.92	-0.09074	1
474.96000000000004	-0.09085	1
475.0	-0.09096	1
475.04	-0.09108	1
475.08	-0.09119	1
475.12	-0.09131	1
475.16	-0.09142	1
475.2	-0.09153	1
475.24	-0.09165	1
475.28000000000003	-0.09176	1
475.32	-0.09187	1
475.36	-0.09199	1
475.40000000000003	-0.09210	1
475.44	-0.09221	1
475.48	-0.09233	1
475.52	-0.09244	1
475.56	-0.09124	1
475.6	-0.09136	1
475.64	-0.09147	1
475.68	-0.09158	1
475.72	-0.09170	1
475.76	-0.09181	0
475.8	-0.09192	0
475.84000000000003	-0.09204	0
475.88	-0.09215	0
475.92	-0.09226	1
475.96000000000004	-0.09238	1
476.0	-0.09249	1
476.04	-0.09260	1
476.08	-0.09260	1
476.12	-0.09260	1
476.16	-0.09260	1
476.2	-0.09260	1
476.24	-0.09260	1
476.28000000000003	-0.09260	1
476.32	-0.09260	1
476.36	-0.09260	1
476.40000000000003	-0.09260	1
476.44	-0.09260	1
476.48	-0.09260	1
476.52	-0.09260	1
476.56	-0.09260	1
476.6	-0.09260	1
476.64	-0.09260	1
476.68	-0.09260	1
476.72	-0.09260	1
476.76	-0.09260	1
476.8	-0.09260	1
476.84000000000003	-0.09260	1
476.88	-0.09260	1
476.92	-0.09260	1
476.96000000000004	-0.09260	1
477.0	-0.09260	1
477.04	-0.09140	1
477.08	-0.09152	1
477.12	-0.09163	1
477.16	-0.09174	1
477.2	-0.09186	1
477.24	-0.09197	1
477.28000000000003	-0.09208	1
477.32	-0.09088	1
477.36	-0.09100	1
477.40000000000003	-0.09111	1
477.44	-0.09123	1
477.48	-0.09134	1
477.52	-0.09145	1
477.56	-0.09157	1
477.6	-0.09168	1
477.64	-0.09179	1
477.68	-0.09191	1
477.72	-0.09202	1
477.76	-0.09213	1
477.8	-0.09225	1
477.84000000000003	-0.09236	1
477.88	-0.09247	1
477.92	-0.09259	1
477.96000000000004	-0.09259	1
478.0	-0.09259	1
478.04	-0.09259	1
478.08	-0.09259	1
478.12	-0.09259	1
478.16	-0.09259	1
478.2	-0.09259	1
478.24	-0.09259	1
478.28000000000003	-0.09139	1
478.32	-0.09150	1
478.36	-0.09162	1
478.40000000000003	-0.09173	1
478.44	-0.09184	1
478.48	-0.09196	1
478.52	-0.09207	1
478.56	-0.09218	1
478.6	-0.09230	1
478.64	-0.09241	1
478.68	-0.09252	1
478.72	-0.09252	1
478.76	-0.09252	1
478.8	-0.09252	1
478.84000000000003	-0.09252	1
478.88	-0.09252	1
478.92	-0.09252	1
478.96000000000004	-0.09252	1
479.0	-0.09252	1
479.04	-0.09252	1
479.08	-0.09252	1
479.12	-0.09252	1
479.16	-0.09252	1
479.2	-0.09252	1
479.24	-0.09252	1
479.28000000000003	-0.09252	1
479.32	-0.09252	1
479.36	-0.09252	1
479.40000000000003	-0.09252	1
479.44	-0.09252	1
479.48	-0.09252	1
479.52	-0.09252	1
479.56	-0.09252	1
479.6	-0.09252	1
479.64	-0.09252	1
479.68	-0.09252	1
479.72	-0.09252	1
479.76	-0.09252	1
479.8	-0.09252	1
479.84000000000003	-0.09252	1
479.88	-0.09252	1
479.92	-0.09252	1
479.96000000000004	-0.09252	1
480.0	-0.09252	1
480.04	-0.09252	1
480.08	-0.09252	1
480.12	-0.09133	1
480.16	-0.09144	1
480.2	-0.09155	1
480.24	-0.09167	1
480.28000000000003	-0.09178	1
480.32	-0.09189	1
480.36	-0.09201	1
480.40000000000003	-0.09212	1
480.44	-0.09223	1
480.48	-0.09234	1
480.52	-0.09246	1
480.56	-0.09257	1
480.6	-0.09257	1
480.64	-0.09257	1
480.68	-0.09257	1
480.72	-0.09257	0
480.76	-0.09257	0
480.8	-0.09257	0
480.84000000000003	-0.09257	0
480.88	-0.09257	0
480.92	-0.09257	0
480.96000000000004	-0.09257	0
481.0	-0.09257	0
481.04	-0.09257	0
481.08	-0.09257	0
481.12	-0.09257	0
481.16	-0.09257	0
481.2	-0.09138	0
481.24	-0.09149	0
481.28000000000003	-0.09160	0
481.32	-0.09172	0
481.36	-0.09052	0
481.40000000000003	-0.09314	0
481.44	-0.09314	0
481.48	-0.09314	0
481.52	-0.09314	0
481.56	-0.09314	0
481.6	-0.09314	0
481.64	-0.09314	0
481.68	-0.09314	0
481.72	-0.09314	0
481.76	-0.09314	0
481.8	-0.09314	0
481.84000000000003	-0.09314	0
481.88	-0.09314	0
481.92	-0.09314	0
481.96000000000004	-0.09314	0
482.0	-0.09314	0
482.04	-0.09314	0
482.08	-0.09314	0
482.12	-0.09314	0
482.16	-0.09314	0
482.2	-0.09314	0
482.24	-0.09314	0
482.28000000000003	-0.09314	0
482.32	-0.09314	0
482.36	-0.09314	0
482.40000000000003	-0.09314	0
482.44	-0.09314	0
482.48	-0.09314	0
482.52	-0.09314	0
482.56	-0.09314	0
482.6	-0.09314	0
482.64	-0.09314	0
482.68	-0.09314	0
482.72	-0.09314	0
482.76	-0.09194	0
482.8	-0.09075	0
482.84000000000003	-0.09086	0
482.88	-0.09098	0
482.92	-0.09109	0
482.96000000000004	-0.09120	0
483.0	-0.09131	0
483.04	-0.09143	0
483.08	-0.09154	1
483.12	-0.09165	1
483.16	-0.09177	1
483.2	-0.09188	1
483.24	-0.09200	1
483.28000000000003	-0.09211	1
483.32	-0.09222	1
483.36	-0.09234	1
483.40000000000003	-0.09245	1
483.44	-0.09256	1
483.48	-0.09136	1
483.52	-0.09148	1
483.56	-0.09159	1
483.6	-0.09170	1
483.64	-0.09182	1
483.68	-0.09193	1
483.72	-0.09205	1
483.76	-0.09216	1
483.8	-0.09227	1
483.84000000000003	-0.09239	1
483.88	-0.09250	1
483.92	-0.09261	1
483.96000000000004	-0.09261	1
484.0	-0.09261	1
484.04	-0.09261	1
484.08	-0.09141	1
484.12	-0.09022	1
484.16	-0.09033	1
484.2	-0.09044	1
484.24	-0.09056	1
484.28000000000003	-0.09067	1
484.32	-0.09078	1
484.36	-0.09090	1
484.40000000000003	-0.09101	1
484.44	-0.09112	1
484.48	-0.09124	1
484.52	-0.09135	1
484.56	-0.09146	1
484.6	-0.09158	1
484.64	-0.09169	1
484.68	-0.09180	1
484.72	-0.09061	1
484.76	-0.09072	1
484.8	-0.09084	1
484.84000000000003	-0.08964	1
484.88	-0.08845	1
484.92	-0.08856	1
484.96000000000004	-0.08998	1
485.0	-0.09009	1
485.04	-0.09021	1
485.08	-0.08901	1
485.12	-0.08913	1
485.16	-0.08924	1
485.2	-0.08935	1
485.24	-0.08947	1
485.28000000000003	-0.08958	1
485.32	-0.08969	1
485.36	-0.09242	1
485.40000000000003	-0.09253	1
485.44	-0.09253	1
485.48	-0.09253	1
485.52	-0.09253	1
485.56	-0.09253	1
485.6	-0.09253	1
485.64	-0.09253	1
485.68	-0.09253	1
485.72	-0.09253	1
485.76	-0.09253	1
485.8	-0.09253	1
485.84000000000003	-0.09253	1
485.88	-0.09253	1
485.92	-0.09253	1
485.96000000000004	-0.09253	1
486.0	-0.09253	1
486.04	-0.09253	1
486.08	-0.09253	1
486.12	-0.09253	1
486.16	-0.09253	1
486.2	-0.09253	1
486.24	-0.09134	1
486.28000000000003	-0.09145	1
486.32	-0.09156	1
486.36	-0.09168	1
486.40000000000003	-0.09179	1
486.44	-0.09190	1
486.48	-0.09202	1
486.52	-0.09213	1
486.56	-0.09224	1
486.6	-0.09235	1
486.64	-0.09247	1
486.68	-0.09258	1
486.72	-0.09258	1
486.76	-0.09258	1
486.8	-0.09258	1
486.84000000000003	-0.09258	1
486.88	-0.09258	1
486.92	-0.09258	1
486.96000000000004	-0.09258	1
487.0	-0.09258	1
487.04	-0.09258	1
487.08	-0.09258	1
487.12	-0.09258	1
487.16	-0.09258	1
487.2	-0.09258	1
487.24	-0.09258	1
487.28000000000003	-0.09258	1
487.32	-0.09258	1
487.36	-0.09258	1
487.40000000000003	-0.09258	1
487.44	-0.09258	1
487.48	-0.09258	1
487.52	-0.09258	1
487.56	-0.09258	1
487.6	-0.09258	1
487.64	-0.09258	1
487.68	-0.09258	1
487.72	-0.09258	1
487.76	-0.09258	1
487.8	-0.09258	1
487.84000000000003	-0.09258	1
487.88	-0.09258	1
487.92	-0.09258	1
487.96000000000004	-0.09258	1
488.0	-0.09258	1
488.04	-0.09258	1
488.08	-0.09258	1
488.12	-0.09258	1
488.16	-0.09258	1
488.2	-0.09139	1
488.24	-0.09150	1
488.28000000000003	-0.09161	1
488.32	-0.09173	1
488.36	-0.09184	1
488.40000000000003	-0.09195	1
488.44	-0.09207	1
488.48	-0.09088	1
488.52	-0.09099	1
488.56	-0.09110	1
488.6	-0.09121	1
488.64	-0.09133	1
488.68	-0.09144	1
488.72	-0.09155	1
488.76	-0.09166	1
488.8	-0.09178	1
488.84000000000003	-0.09189	1
488.88	-0.09200	1
488.92	-0.09211	1
488.96000000000004	-0.09223	1
489.0	-0.09234	1
489.04	-0.09245	1
489.08	-0.09256	1
489.12	-0.09256	1
489.16	-0.09256	1
489.2	-0.09256	1
489.24	-0.09256	1
489.28000000000003	-0.09256	1
489.32	-0.09256	1
489.36	-0.09256	1
489.40000000000003	-0.09256	1
489.44	-0.09256	1
489.48	-0.09256	1
489.52	-0.09256	1
489.56	-0.09256	1
489.6	-0.09256	1
489.64	-0.09138	1
489.68	-0.09149	1
489.72	-0.09160	1
489.76	-0.09171	1
489.8	-0.09183	1
489.84000000000003	-0.09194	1
489.88	-0.09205	1
489.92	-0.09216	1
489.96000000000004	-0.09228	1
490.0	-0.09239	0
490.04	-0.09250	0
490.08	-0.09261	0
490.12	-0.09261	0
490.16	-0.09261	0
490.2	-0.09261	0
490.24	-0.09261	0
490.28000000000003	-0.09143	0
490.32	-0.09154	0
490.36	-0.09165	0
490.40000000000003	-0.09176	0
490.44	-0.09188	0
490.48	-0.09199	0
490.52	-0.09210	0
490.56	-0.09221	0
490.6	-0.09232	0
490.64	-0.09244	0
490.68	-0.09255	0
490.72	-0.09255	0
490.76	-0.09255	0
490.8	-0.09255	0
490.84000000000003	-0.09255	0
490.88	-0.09255	0
490.92	-0.09136	0
490.96000000000004	-0.09018	0
491.0	-0.09029	0
491.04	-0.09040	0
491.08	-0.09052	0
491.12	-0.09063	0
491.16	-0.09074	0
491.2	-0.09085	0
491.24	-0.09097	0
491.28000000000003	-0.09108	0
491.32	-0.09119	0
491.36	-0.09130	0
491.40000000000003	-0.09141	0
491.44	-0.09153	0
491.48	-0.09164	0
491.52	-0.09175	0
491.56	-0.09186	0
491.6	-0.09197	1
491.64	-0.09209	1
491.68	-0.09220	1
491.72	-0.09232	1
491.76	-0.09112	1
491.8	-0.09123	1
491.84000000000003	-0.09134	1
491.88	-0.09146	1
491.92	-0.09157	1
491.96000000000004	-0.09168	1
492.0	-0.09180	1
492.04	-0.09060	1
492.08	-0.09071	1
492.12	-0.09334	1
492.16	-0.09214	1
492.2	-0.09225	1
492.24	-0.09236	1
492.28000000000003	-0.09248	1
492.32	-0.09259	1
492.36	-0.09259	1
492.40000000000003	-0.09259	1
492.44	-0.09259	1
492.48	-0.09259	1
492.52000000000004	-0.09259	1
492.56	-0.09259	1
492.6	-0.09259	1
492.64	-0.09259	1
492.68	-0.09259	1
492.72	-0.09259	1
492.76	-0.09259	1
492.8	-0.09259	1
492.84000000000003	-0.09259	1
492.88	-0.09259	1
492.92	-0.09259	1
492.96000000000004	-0.09259	1
493.0	-0.09259	1
493.04	-0.09259	1
493.08	-0.09259	1
493.12	-0.09259	1
493.16	-0.09259	1
493.2	-0.09259	1
493.24	-0.09139	1
493.28000000000003	-0.09151	1
493.32	-0.09162	1
493.36	-0.09173	1
493.40000000000003	-0.09054	1
493.44	-0.09065	1
493.48	-0.09076	1
493.52000000000004	-0.09088	1
493.56	-0.09099	1
493.6	-0.09110	1
493.64	-0.09122	1
493.68	-0.09133	1
493.72	-0.09144	1
493.76	-0.09025	1
493.8	-0.09036	1
493.84000000000003	-0.09047	1
493.88	-0.09059	1
493.92	-0.09070	1
493.96000000000004	-0.09081	1
494.0	-0.09093	1
494.04	-0.09104	1
494.08	-0.09115	1
494.12	-0.09127	1
494.16	-0.09138	1
494.2	-0.09149	1
494.24	-0.09411	1
494.28000000000003	-0.09411	1
494.32	-0.09411	1
494.36	-0.09411	1
494.40000000000003	-0.09411	1
494.44	-0.09411	1
494.48	-0.09411	1
494.52000000000004	-0.09411	1
494.56	-0.09411	1
494.6	-0.09411	1
494.64	-0.09411	1
494.68	-0.09411	1
494.72	-0.09411	1
494.76	-0.09411	1
494.8	-0.09411	1
494.84000000000003	-0.09280	1
494.88	-0.09280	1
494.92	-0.09280	1
494.96000000000004	-0.09280	1
495.0	-0.09280	1
495.04	-0.09280	0
495.08	-0.09280	0
495.12	-0.09280	0
495.16	-0.09280	0
495.2	-0.09280	0
495.24	-0.09280	0
495.28000000000003	-0.09280	0
495.32	-0.09280	0
495.36	-0.09280	0
495.40000000000003	-0.09280	0
495.44	-0.09280	0
495.48	-0.09280	0
495.52000000000004	-0.09280	0
495.56	-0.09280	0
495.6	-0.09161	0
495.64	-0.09172	0
495.68	-0.09183	0
495.72	-0.09195	0
495.76	-0.09206	0
495.8	-0.09217	0
495.84000000000003	-0.09229	0
495.88	-0.09240	0
495.92	-0.09251	0
495.96000000000004	-0.09251	0
496.0	-0.09251	0
496.04	-0.09251	0
496.08	-0.09251	0
496.12	-0.09251	0
496.16	-0.09251	0
496.2	-0.09251	0
496.24	-0.09251	0
496.28000000000003	-0.09251	0
496.32	-0.09251	0
496.36	-0.09251	0
496.40000000000003	-0.09251	0
496.44	-0.09251	0
496.48	-0.09251	0
496.52000000000004	-0.09251	0
496.56	-0.09251	0
496.6	-0.09251	0
496.64	-0.09251	0
496.68	-0.09251	0
496.72	-0.09251	0
496.76	-0.09251	0
496.8	-0.09251	0
496.84000000000003	-0.09251	0
496.88	-0.09251	0
496.92	-0.09251	0
496.96000000000004	-0.09251	0
497.0	-0.09251	0
497.04	-0.09251	0
497.08	-0.09251	0
497.12	-0.09251	0
497.16	-0.09251	0
497.2	-0.09251	0
497.24	-0.09132	0
497.28000000000003	-0.09143	0
497.32	-0.09154	0
497.36	-0.09416	0
497.40000000000003	-0.09416	0
497.44	-0.09416	0
497.48	-0.09416	0
497.52000000000004	-0.09416	0
497.56	-0.09416	0
497.6	-0.09416	0
497.64	-0.09285	0
497.68	-0.09166	0
497.72	-0.09177	0
497.76	-0.09188	0
497.8	-0.09200	0
497.84000000000003	-0.09211	0
497.88	-0.09222	0
497.92	-0.09233	0
497.96000000000004	-0.09245	0
498.0	-0.09256	0
498.04	-0.09137	0
498.08	-0.09148	0
498.12	-0.09159	0
498.16	-0.09171	0
498.2	-0.09182	0
498.24	-0.09063	0
498.28000000000003	-0.09074	0
498.32	-0.08955	0
498.36	-0.08836	0
498.40000000000003	-0.08847	0
498.44	-0.08859	0
498.48	-0.08870	0
498.52000000000004	-0.08881	0
498.56	-0.08893	0
498.6	-0.08904	0
498.64	-0.08915	0
498.68	-0.08796	0
498.72	-0.08808	0
498.76	-0.08819	0
498.8	-0.08700	0
498.84000000000003	-0.08711	0
498.88	-0.08723	0
498.92	-0.08734	0
498.96000000000004	-0.08615	0
499.0	-0.08627	0
499.04	-0.08638	0
499.08	-0.08649	0
499.12	-0.08661	0
499.16	-0.08542	0
499.2	-0.08553	0
499.24	-0.08565	0
499.28000000000003	-0.08576	0
499.32	-0.08587	0
499.36	-0.08598	0
499.40000000000003	-0.08610	0
499.44	-0.08621	0
499.48	-0.08632	0
499.52000000000004	-0.08644	0
499.56	-0.08655	0
499.6	-0.08536	0
499.64	-0.08548	0
499.68	-0.08559	0
499.72	-0.08570	0
499.76	-0.08582	0
499.8	-0.08593	0
499.84000000000003	-0.08604	0
499.88	-0.08616	0
499.92	-0.08627	0
499.96000000000004	-0.08638	0
500.0	-0.08649	0
500.04	-0.08790	0
500.08	-0.08802	0
500.12	-0.08813	0
500.16	-0.08824	0
500.2	-0.08835	0
500.24	-0.08847	0
500.28000000000003	-0.08858	0
500.32	-0.08869	0
500.36	-0.08880	1
500.40000000000003	-0.08892	1
500.44	-0.08772	1
500.48	-0.08783	1
500.52000000000004	-0.08795	1
500.56	-0.08806	1
500.6	-0.08817	1
500.64	-0.08829	1
500.68	-0.08840	1
500.72	-0.08852	1
500.76	-0.08863	1
500.8	-0.08743	1
500.84000000000003	-0.08623	1
500.88	-0.08635	1
500.92	-0.08646	1
500.96000000000004	-0.08658	1
501.0	-0.08669	1
501.04	-0.08680	1
501.08	-0.08692	1
501.12	-0.08703	1
501.16	-0.08715	1
501.2	-0.08726	1
501.24	-0.08737	1
501.28000000000003	-0.08749	1
501.32	-0.08760	1
501.36	-0.09034	1
501.40000000000003	-0.09045	1
501.44	-0.09056	1
501.48	-0.09068	1
501.52000000000004	-0.09079	1
501.56	-0.09090	1
501.6	-0.08971	1
501.64	-0.08982	1
501.68	-0.08994	1
501.72	-0.09005	1
501.76	-0.09016	1
501.8	-0.09028	1
501.84000000000003	-0.09039	1
501.88	-0.09050	1
501.92	-0.09062	1
501.96000000000004	-0.09073	1
502.0	-0.09084	1
502.04	-0.08965	1
502.08	-0.08845	1
502.12	-0.08857	1
502.16	-0.08868	1
502.2	-0.08879	1
502.24	-0.08891	1
502.28000000000003	-0.08902	1
502.32	-0.08913	1
502.36	-0.08925	1
502.40000000000003	-0.08936	1
502.44	-0.08947	1
502.48	-0.08959	1
502.52000000000004	-0.08970	1
502.56	-0.08981	1
502.6	-0.08993	1
502.64	-0.09004	1
502.68	-0.09015	1
502.72	-0.09027	1
502.76	-0.09038	1
502.8	-0.09049	1
502.84000000000003	-0.09061	1
502.88	-0.09072	1
502.92	-0.09083	1
502.96000000000004	-0.09094	1
503.0	-0.09106	1
503.04	-0.09117	1
503.08	-0.09128	1
503.12	-0.09140	1
503.16	-0.09151	1
503.2	-0.09162	1
503.24	-0.09173	1
503.28000000000003	-0.09185	1
503.32	-0.09196	1
503.36	-0.09207	1
503.40000000000003	-0.09218	1
503.44	-0.09230	1
503.48	-0.09241	1
503.52000000000004	-0.09252	1
503.56	-0.09252	1
503.6	-0.09252	1
503.64	-0.09252	1
503.68	-0.09252	1
503.72	-0.09252	1
503.76	-0.09252	1
503.8	-0.09252	1
503.84000000000003	-0.09252	1
503.88	-0.09252	1
503.92	-0.09252	1
503.96000000000004	-0.09252	1
504.0	-0.09252	1
504.04	-0.09252	1
504.08	-0.09252	1
504.12	-0.09252	1
504.16	-0.09252	1
504.2	-0.09252	1
504.24	-0.09252	1
504.28000000000003	-0.09252	1
504.32	-0.09252	1
504.36	-0.09252	1
504.40000000000003	-0.09252	1
504.44	-0.09133	1
504.48	-0.09145	1
504.52000000000004	-0.09156	1
504.56	-0.09167	1
504.6	-0.09178	1
504.64	-0.09190	1
504.68	-0.09201	1
504.72	-0.09212	0
504.76	-0.09223	0
504.8	-0.09105	0
504.84000000000003	-0.09116	0
504.88	-0.09127	0
504.92	-0.09008	0
504.96000000000004	-0.09268	0
505.0	-0.09268	0
505.04	-0.09268	0
505.08	-0.09268	0
505.12	-0.09150	0
505.16	-0.09161	0
505.2	-0.09172	0
505.24	-0.09183	0
505.28000000000003	-0.09195	0
505.32	-0.09206	0
505.36	-0.09217	0
505.40000000000003	-0.09228	0
505.44	-0.09239	0
505.48	-0.09251	0
505.52000000000004	-0.09251	0
505.56	-0.09251	0
505.6	-0.09251	0
505.64	-0.09251	0
505.68	-0.09251	0
505.72	-0.09251	0
505.76	-0.09132	0
505.8	-0.09143	0
505.84000000000003	-0.09155	0
505.88	-0.09166	0
505.92	-0.09177	0
505.96000000000004	-0.09188	0
506.0	-0.09199	0
506.04	-0.09211	0
506.08	-0.09222	0
506.12	-0.09233	0
506.16	-0.09244	0
506.2	-0.09255	0
506.24	-0.09255	0
506.28000000000003	-0.09137	0
506.32	-0.09148	0
506.36	-0.09159	0
506.40000000000003	-0.09171	0
506.44	-0.09182	0
506.48	-0.09193	0
506.52000000000004	-0.09075	0
506.56	-0.09086	0
506.6	-0.09097	0
506.64	-0.09108	0
506.68	-0.09120	0
506.72	-0.09131	0
506.76	-0.09142	0
506.8	-0.09153	0
506.84000000000003	-0.09164	0
506.88	-0.09176	0
506.92	-0.09187	0
506.96000000000004	-0.09198	0
507.0	-0.09209	0
507.04	-0.09220	0
507.08	-0.09232	0
507.12	-0.09243	0
507.16	-0.09254	0
507.2	-0.09254	0
507.24	-0.09254	0
507.28000000000003	-0.09254	0
507.32	-0.09254	0
507.36	-0.09254	0
507.40000000000003	-0.09254	0
507.44	-0.09254	0
507.48	-0.09136	0
507.52000000000004	-0.09147	0
507.56	-0.09158	0
507.6	-0.09169	0
507.64	-0.09181	0
507.68	-0.09192	0
507.72	-0.09203	0
507.76	-0.09214	0
507.8	-0.09225	0
507.84000000000003	-0.09236	0
507.88	-0.09247	0
507.92	-0.09259	0
507.96000000000004	-0.09259	0
508.0	-0.09259	0
508.04	-0.09259	0
508.08	-0.09259	0
508.12	-0.09259	0
508.16	-0.09259	0
508.2	-0.09141	0
508.24	-0.09152	0
508.28000000000003	-0.09163	0
508.32	-0.09421	0
508.36	-0.09421	0
508.40000000000003	-0.09421	0
508.44	-0.09421	0
508.48	-0.09421	0
508.52000000000004	-0.09421	0
508.56	-0.09421	0
508.6	-0.09292	0
508.64	-0.09292	0
508.68	-0.09292	0
508.72	-0.09292	0
508.76	-0.09292	0
508.8	-0.09292	0
508.84000000000003	-0.09174	0
508.88	-0.09185	0
508.92	-0.09197	0
508.96000000000004	-0.09208	0
509.0	-0.09219	0
509.04	-0.09230	0
509.08	-0.09241	0
509.12	-0.09252	0
509.16	-0.09252	0
509.2	-0.09252	0
509.24	-0.09135	0
509.28000000000003	-0.09146	0
509.32	-0.09157	0
509.36	-0.09168	0
509.40000000000003	-0.09179	0
509.44	-0.09190	0
509.48	-0.09201	0
509.52000000000004	-0.09213	0
509.56	-0.09224	0
509.6	-0.09235	0
509.64	-0.09246	0
509.68	-0.09128	0
509.72	-0.09139	0
509.76	-0.09151	0
509.8	-0.09162	0
509.84000000000003	-0.09173	0
509.88	-0.09184	0
509.92	-0.09195	0
509.96000000000004	-0.09206	0
510.0	-0.09217	0
510.04	-0.09229	0
510.08	-0.09240	0
510.12	-0.09251	0
510.16	-0.09251	0
510.2	-0.09251	0
510.24	-0.09251	0
510.28000000000003	-0.09251	0
510.32	-0.09251	0
510.36	-0.09251	0
510.40000000000003	-0.09251	0
510.44	-0.09251	0
510.48	-0.09133	0
510.52000000000004	-0.09144	0
510.56	-0.09027	0
510.6	-0.09038	0
510.64	-0.08921	0
510.68	-0.08932	0
510.72	-0.08943	0
510.76	-0.08954	0
510.8	-0.08965	0
510.84000000000003	-0.08977	0
510.88	-0.08988	0
510.92	-0.08999	0
510.96000000000004	-0.09010	0
511.0	-0.09021	0
511.04	-0.09032	0
511.08	-0.09043	0
511.12	-0.09054	0
511.16	-0.09065	0
511.2	-0.09077	0
511.24	-0.09088	0
511.28000000000003	-0.09099	0
511.32	-0.08982	0
511.36	-0.08993	0
511.40000000000003	-0.09004	0
511.44	-0.09015	0
511.48	-0.09026	0
511.52000000000004	-0.09037	0
511.56	-0.09048	0
511.6	-0.09059	0
511.64	-0.08942	0
511.68	-0.08954	0
511.72	-0.08965	0
511.76	-0.08976	0
511.8	-0.08987	0
511.84000000000003	-0.08998	0
511.88	-0.09009	0
511.92	-0.09020	0
511.96000000000004	-0.09031	0
512.0	-0.09042	0
512.04	-0.09053	0
512.08	-0.09064	0
512.12	-0.09076	0
512.16	-0.09087	0
512.2	-0.09098	0
512.24	-0.09109	0
512.28	-0.09120	0
512.32	-0.09003	0
512.36	-0.09014	0
512.4	-0.09025	0
512.44	-0.09036	0
512.48	-0.09047	0
512.52	-0.09058	0
512.5600000000001	-0.09070	1
512.6	-0.09081	1
512.64	-0.09093	1
512.6800000000001	-0.09104	1
512.72	-0.09115	1
512.76	-0.09127	1
512.8	-0.09138	1
512.84	-0.09149	1
512.88	-0.09161	1
512.92	-0.09172	1
512.96	-0.09184	1
513.0	-0.09195	1
513.04	-0.09206	1
513.08	-0.09218	1
513.12	-0.09098	1
513.16	-0.09109	1
513.2	-0.09120	1
513.24	-0.09132	1
513.28	-0.09143	1
513.32	-0.09154	1
513.36	-0.09166	1
513.4	-0.09177	1
513.44	-0.09188	1
513.48	-0.09200	1
513.52	-0.09211	1
513.5600000000001	-0.09222	1
513.6	-0.09234	1
513.64	-0.09245	1
513.6800000000001	-0.09256	1
513.72	-0.09256	1
513.76	-0.09256	1
513.8	-0.09256	1
513.84	-0.09256	1
513.88	-0.09256	1
513.92	-0.09137	1
513.96	-0.09017	1
514.0	-0.09028	1
514.04	-0.09040	1
514.08	-0.09051	1
514.12	-0.09063	1
514.16	-0.09074	1
514.2	-0.09085	1
514.24	-0.08966	1
514.28	-0.08977	1
514.32	-0.08988	1
514.36	-0.09000	1
514.4	-0.09011	1
514.44	-0.09022	1
514.48	-0.09034	1
514.52	-0.09045	1
514.5600000000001	-0.09056	1
514.6	-0.09068	1
514.64	-0.08948	1
514.6800000000001	-0.08960	1
514.72	-0.08971	1
514.76	-0.08982	1
514.8	-0.09255	1
514.84	-0.09255	1
514.88	-0.09255	1
514.92	-0.09255	1
514.96	-0.09255	1
515.0	-0.09136	1
515.04	-0.09147	1
515.08	-0.09158	1
515.12	-0.09169	1
515.16	-0.09181	1
515.2	-0.09192	1
515.24	-0.09203	1
515.28	-0.09215	1
515.32	-0.09226	1
515.36	-0.09237	1
515.4	-0.09248	1
515.44	-0.09260	1
515.48	-0.09260	1
515.52	-0.09260	1
515.5600000000001	-0.09260	1
515.6	-0.09260	1
515.64	-0.09260	1
515.6800000000001	-0.09260	1
515.72	-0.09260	1
515.76	-0.09141	1
515.8	-0.09152	1
515.84	-0.09163	1
515.88	-0.09174	1
515.92	-0.09186	1
515.96	-0.09197	1
516.0	-0.09208	1
516.04	-0.09219	1
516.08	-0.09231	1
516.12	-0.09242	1
516.16	-0.09253	1
516.2	-0.09134	1
516.24	-0.09146	1
516.28	-0.09157	1
516.32	-0.09038	1
516.36	-0.09049	1
516.4	-0.09060	1
516.44	-0.09072	1
516.48	-0.09083	1
516.52	-0.09094	1
516.5600000000001	-0.09105	1
516.6	-0.09117	1
516.64	-0.09128	1
516.6800000000001	-0.09139	1
516.72	-0.09151	1
516.76	-0.09162	1
516.8	-0.09173	1
516.84	-0.09184	1
516.88	-0.09196	1
516.92	-0.09207	1
516.96	-0.09218	0
517.0	-0.09229	0
517.04	-0.09240	0
517.08	-0.09252	0
517.12	-0.09252	0
517.16	-0.09252	0
517.2	-0.09252	0
517.24	-0.09252	0
517.28	-0.09252	1
517.32	-0.09252	1
517.36	-0.09252	1
517.4	-0.09252	1
517.44	-0.09252	1
517.48	-0.09252	1
517.52	-0.09252	1
517.5600000000001	-0.09252	1
517.6	-0.09252	1
517.64	-0.09252	1
517.6800000000001	-0.09252	1
517.72	-0.09252	1
517.76	-0.09252	1
517.8	-0.09252	1
517.84	-0.09252	1
517.88	-0.09252	1
517.92	-0.09252	1
517.96	-0.09252	1
518.0	-0.09252	1
518.04	-0.09252	1
518.08	-0.09252	1
518.12	-0.09252	1
518.16	-0.09252	1
518.2	-0.09252	1
518.24	-0.09252	1
518.28	-0.09252	1
518.32	-0.09252	1
518.36	-0.09252	1
518.4	-0.09252	1
518.44	-0.09252	1
518.48	-0.09252	1
518.52	-0.09252	1
518.5600000000001	-0.09132	1
518.6	-0.09143	1
518.64	-0.09154	1
518.6800000000001	-0.09166	1
518.72	-0.09177	1
518.76	-0.09188	1
518.8	-0.09200	1
518.84	-0.09211	1
518.88	-0.09223	1
518.92	-0.09234	1
518.96	-0.09245	1
519.0	-0.09257	1
519.04	-0.09257	1
519.08	-0.09257	1
519.12	-0.09257	1
519.16	-0.09257	1
519.2	-0.09257	1
519.24	-0.09257	1
519.28	-0.09257	1
519.32	-0.09257	1
519.36	-0.09257	1
519.4	-0.09257	1
519.44	-0.09257	1
519.48	-0.09257	1
519.52	-0.09257	1
519.5600000000001	-0.09257	1
519.6	-0.09257	1
519.64	-0.09257	1
519.6800000000001	-0.09257	1
519.72	-0.09257	1
519.76	-0.09257	1
519.8	-0.09257	1
519.84	-0.09257	1
519.88	-0.09257	1
519.92	-0.09257	1
519.96	-0.09257	1
520.0	-0.09257	1
520.04	-0.09257	1
520.08	-0.09257	1
520.12	-0.09257	1
520.16	-0.09257	1
520.2	-0.09257	1
520.24	-0.09257	1
520.28	-0.09257	1
520.32	-0.09257	1
520.36	-0.09257	1
520.4	-0.09257	1
520.44	-0.09257	1
520.48	-0.09257	1
520.52	-0.09257	1
520.5600000000001	-0.09257	1
520.6	-0.09257	1
520.64	-0.09257	1
520.6800000000001	-0.09257	1
520.72	-0.09257	1
520.76	-0.09257	1
520.8	-0.09257	1
520.84	-0.09257	1
520.88	-0.09257	1
520.92	-0.09257	1
520.96	-0.09257	1
521.0	-0.09257	1
521.04	-0.09257	1
521.08	-0.09257	1
521.12	-0.09257	1
521.16	-0.09257	1
521.2	-0.09257	1
521.24	-0.09257	1
521.28	-0.09257	1
521.32	-0.09137	1
521.36	-0.09017	1
521.4	-0.09028	1
521.44	-0.09039	1
521.48	-0.09051	1
521.52	-0.09062	1
521.5600000000001	-0.09074	1
521.6	-0.09085	1
521.64	-0.09096	1
521.6800000000001	-0.09108	1
521.72	-0.09119	1
521.76	-0.09130	1
521.8	-0.09142	1
521.84	-0.09153	1
521.88	-0.09164	1
521.92	-0.09176	1
521.96	-0.09187	1
522.0	-0.09198	1
522.04	-0.09210	1
522.08	-0.09221	1
522.12	-0.09101	1
522.16	-0.08982	1
522.2	-0.08993	1
522.24	-0.09004	1
522.28	-0.09016	1
522.32	-0.09027	1
522.36	-0.09038	1
522.4	-0.09050	1
522.44	-0.09061	1
522.48	-0.09072	1
522.52	-0.09084	1
522.5600000000001	-0.09095	1
522.6	-0.09106	1
522.64	-0.09118	1
522.6800000000001	-0.09129	1
522.72	-0.09140	1
522.76	-0.09021	1
522.8	-0.09032	1
522.84	-0.09044	1
522.88	-0.09055	1
522.92	-0.09066	1
522.96	-0.09078	1
523.0	-0.09089	1
523.04	-0.09100	1
523.08	-0.09112	1
523.12	-0.09123	1
523.16	-0.09134	1
523.2	-0.09145	1
523.24	-0.09157	1
523.28	-0.09168	1
523.32	-0.09179	1
523.36	-0.09191	1
523.4	-0.09202	1
523.44	-0.09463	1
523.48	-0.09463	1
523.52	-0.09463	1
523.5600000000001	-0.09463	1
523.6	-0.09463	1
523.64	-0.09463	1
523.6800000000001	-0.09463	1
523.72	-0.09463	1
523.76	-0.09332	1
523.8	-0.09332	1
523.84	-0.09332	1
523.88	-0.09332	1
523.92	-0.09332	1
523.96	-0.09332	1
524.0	-0.09213	1
524.04	-0.09224	1
524.08	-0.09236	1
524.12	-0.09247	1
524.16	-0.09258	1
524.2	-0.09258	1
524.24	-0.09258	1
524.28	-0.09258	1
524.32	-0.09258	1
524.36	-0.09258	1
524.4	-0.09258	1
524.44	-0.09139	1
524.48	-0.09150	1
524.52	-0.09411	1
524.5600000000001	-0.09411	1
524.6	-0.09411	1
524.64	-0.09411	1
524.6800000000001	-0.09411	1
524.72	-0.09411	1
524.76	-0.09411	1
524.8	-0.09411	1
524.84	-0.09411	1
524.88	-0.09281	1
524.92	-0.09281	1
524.96	-0.09281	1
525.0	-0.09281	1
525.04	-0.09281	1
525.08	-0.09281	1
525.12	-0.09281	1
525.16	-0.09162	1
525.2	-0.09173	1
525.24	-0.09184	1
525.28	-0.09195	1
525.32	-0.09207	1
525.36	-0.09088	1
525.4	-0.09099	1
525.44	-0.09110	1
525.48	-0.09122	1
525.52	-0.09133	1
525.5600000000001	-0.09144	1
525.6	-0.09155	1
525.64	-0.09167	1
525.6800000000001	-0.09178	1
525.72	-0.09189	1
525.76	-0.09200	1
525.8	-0.09212	1
525.84	-0.09472	1
525.88	-0.09472	1
525.92	-0.09472	1
525.96	-0.09472	1
526.0	-0.09342	1
526.04	-0.09342	1
526.08	-0.09342	1
526.12	-0.09223	1
526.16	-0.09234	1
526.2	-0.09245	1
526.24	-0.09257	1
526.28	-0.09257	1
526.32	-0.09257	1
526.36	-0.09257	1
526.4	-0.09257	1
526.44	-0.09257	1
526.48	-0.09257	1
526.52	-0.09257	1
526.5600000000001	-0.09138	1
526.6	-0.09149	1
526.64	-0.09160	1
526.6800000000001	-0.09172	1
526.72	-0.09183	1
526.76	-0.09194	1
526.8	-0.09205	1
526.84	-0.09217	1
526.88	-0.09228	1
526.92	-0.09239	1
526.96	-0.09250	1
527.0	-0.09250	1
527.04	-0.09250	1
527.08	-0.09250	1
527.12	-0.09250	1
527.16	-0.09250	1
527.2	-0.09250	1
527.24	-0.09132	1
527.28	-0.09143	1
527.32	-0.09154	1
527.36	-0.09165	1
527.4	-0.09177	1
527.44	-0.09188	1
527.48	-0.09199	1
527.52	-0.09210	1
527.5600000000001	-0.09092	1
527.6	-0.09103	1
527.64	-0.09114	1
527.6800000000001	-0.09125	1
527.72	-0.09137	0
527.76	-0.09018	0
527.8	-0.09029	0
527.84	-0.09041	0
527.88	-0.09052	0
527.92	-0.09063	0
527.96	-0.09074	0
528.0	-0.09086	0
528.04	-0.09097	0
528.08	-0.09108	0
528.12	-0.09119	0
528.16	-0.09130	0
528.2	-0.09142	0
528.24	-0.09153	0
528.28	-0.09164	0
528.32	-0.09175	0
528.36	-0.09186	0
528.4	-0.09198	0
528.44	-0.09209	0
528.48	-0.09220	0
528.52	-0.09231	0
528.5600000000001	-0.09242	0
528.6	-0.09253	0
528.64	-0.09253	0
528.6800000000001	-0.09253	0
528.72	-0.09253	0
528.76	-0.09253	0
528.8	-0.09253	0
528.84	-0.09253	0
528.88	-0.09253	0
528.92	-0.09253	0
528.96	-0.09253	0
529.0	-0.09253	0
529.04	-0.09253	0
529.08	-0.09253	0
529.12	-0.09253	0
529.16	-0.09253	0
529.2	-0.09253	0
529.24	-0.09253	0
529.28	-0.09253	0
529.32	-0.09253	0
529.36	-0.09253	0
529.4	-0.09253	0
529.44	-0.09253	0
529.48	-0.09253	0
529.52	-0.09253	0
529.5600000000001	-0.09253	0
529.6	-0.09253	0
529.64	-0.09253	0
529.6800000000001	-0.09253	0
529.72	-0.09253	0
529.76	-0.09253	0
529.8	-0.09253	0
529.84	-0.09253	0
529.88	-0.09253	0
529.92	-0.09253	0
529.96	-0.09253	0
530.0	-0.09253	0
530.04	-0.09253	0
530.08	-0.09253	0
530.12	-0.09253	0
530.16	-0.09253	0
530.2	-0.09253	0
530.24	-0.09253	0
530.28	-0.09253	0
530.32	-0.09253	0
530.36	-0.09253	0
530.4	-0.09253	0
530.44	-0.09253	0
530.48	-0.09253	1
530.52	-0.09253	1
530.5600000000001	-0.09253	1
530.6	-0.09253	1
530.64	-0.09253	1
530.6800000000001	-0.09253	1
530.72	-0.09253	1
530.76	-0.09253	1
530.8	-0.09253	1
530.84	-0.09253	1
530.88	-0.09133	1
530.92	-0.09145	1
530.96	-0.09156	1
531.0	-0.09167	1
531.04	-0.09179	1
531.08	-0.09190	1
531.12	-0.09202	1
531.16	-0.09082	1
531.2	-0.09093	1
531.24	-0.08973	1
531.28	-0.08984	1
531.32	-0.08996	1
531.36	-0.09007	1
531.4	-0.09018	1
531.44	-0.09030	1
531.48	-0.09041	1
531.52	-0.08921	1
531.5600000000001	-0.08933	1
531.6	-0.08944	1
531.64	-0.08824	1
531.6800000000001	-0.08836	1
531.72	-0.08847	1
531.76	-0.08858	1
531.8	-0.08870	1
531.84	-0.08881	1
531.88	-0.08893	1
531.92	-0.08904	1
531.96	-0.08915	1
532.0	-0.08927	1
532.04	-0.08938	1
532.08	-0.08949	1
532.12	-0.08961	1
532.16	-0.08972	1
532.2	-0.08983	1
532.24	-0.08995	1
532.28	-0.09006	1
532.32	-0.09018	1
532.36	-0.08898	0
532.4	-0.08909	0
532.44	-0.08921	0
532.48	-0.08932	0
532.52	-0.09205	0
532.5600000000001	-0.09216	0
532.6	-0.09228	0
532.64	-0.09239	0
532.6800000000001	-0.09250	0
532.72	-0.09250	0
532.76	-0.09250	0
532.8	-0.09250	0
532.84	-0.09250	0
532.88	-0.09250	0
532.92	-0.09250	0
532.96	-0.09250	0
533.0	-0.09250	0
533.04	-0.09131	0
533.08	-0.09142	0
533.12	-0.09153	0
533.16	-0.09165	0
533.2	-0.09176	0
533.24	-0.09187	0
533.28	-0.09199	0
533.32	-0.09210	0
533.36	-0.09221	0
533.4	-0.09232	0
533.44	-0.09244	0
533.48	-0.09255	0
533.52	-0.09255	0
533.5600000000001	-0.09255	0
533.6	-0.09255	0
533.64	-0.09255	0
533.6800000000001	-0.09255	0
533.72	-0.09255	0
533.76	-0.09255	0
533.8	-0.09255	0
533.84	-0.09255	0
533.88	-0.09255	0
533.92	-0.09255	0
533.96	-0.09255	0
534.0	-0.09255	0
534.04	-0.09255	0
534.08	-0.09255	0
534.12	-0.09255	0
534.16	-0.09255	0
534.2	-0.09255	0
534.24	-0.09255	0
534.28	-0.09255	0
534.32	-0.09255	0
534.36	-0.09255	0
534.4	-0.09255	0
534.44	-0.09255	0
534.48	-0.09136	0
534.52	-0.09147	0
534.5600000000001	-0.09028	0
534.6	-0.09039	0
534.64	-0.09051	0
534.6800000000001	-0.08931	0
534.72	-0.08943	0
534.76	-0.08954	0
534.8	-0.08965	0
534.84	-0.08977	0
534.88	-0.08988	0
534.92	-0.08999	0
534.96	-0.09010	0
535.0	-0.09022	0
535.04	-0.09033	0
535.08	-0.09044	0
535.12	-0.09056	0
535.16	-0.08937	0
535.2	-0.08948	1
535.24	-0.08959	1
535.28	-0.08971	1
535.32	-0.08982	1
535.36	-0.08994	1
535.4	-0.09005	1
535.44	-0.09016	1
535.48	-0.09028	1
535.52	-0.09039	1
535.5600000000001	-0.09051	1
535.6	-0.09062	1
535.64	-0.09073	1
535.6800000000001	-0.09085	1
535.72	-0.09096	1
535.76	-0.08976	1
535.8	-0.08988	1
535.84	-0.08999	1
535.88	-0.09010	1
535.92	-0.09022	1
535.96	-0.09033	1
536.0	-0.09044	1
536.04	-0.09056	1
536.08	-0.09067	1
536.12	-0.09078	1
536.16	-0.09090	1
536.2	-0.09101	1
536.24	-0.09112	1
536.28	-0.09124	1
536.32	-0.09135	1
536.36	-0.09147	1
536.4	-0.09158	1
536.44	-0.09169	1
536.48	-0.09181	1
536.52	-0.09192	1
536.5600000000001	-0.09203	1
536.6	-0.09214	1
536.64	-0.09226	0
536.6800000000001	-0.09237	0
536.72	-0.09248	0
536.76	-0.09260	0
536.8	-0.09260	0
536.84	-0.09260	0
536.88	-0.09260	0
536.92	-0.09260	0
536.96	-0.09140	0
537.0	-0.09152	0
537.04	-0.09163	0
537.08	-0.09174	0
537.12	-0.09185	0
537.16	-0.09197	0
537.2	-0.09208	0
537.24	-0.09219	0
537.28	-0.09231	0
537.32	-0.09242	0
537.36	-0.09253	0
537.4	-0.09134	0
537.44	-0.09145	0
537.48	-0.09157	0
537.52	-0.09168	0
537.5600000000001	-0.09179	0
537.6	-0.09190	0
537.64	-0.09202	0
537.6800000000001	-0.09213	0
537.72	-0.09224	0
537.76	-0.09236	0
537.8	-0.09247	0
537.84	-0.09258	0
537.88	-0.09258	0
537.92	-0.09258	0
537.96	-0.09258	0
538.0	-0.09258	0
538.04	-0.09258	0
538.08	-0.09258	0
538.12	-0.09139	0
538.16	-0.09150	0
538.2	-0.09162	0
538.24	-0.09173	0
538.28	-0.09184	0
538.32	-0.09195	0
538.36	-0.09207	0
538.4	-0.09218	0
538.44	-0.09229	0
538.48	-0.09240	0
538.52	-0.09252	0
538.5600000000001	-0.09252	0
538.6	-0.09252	0
538.64	-0.09252	0
538.6800000000001	-0.09133	0
538.72	-0.09144	0
538.76	-0.09155	0
538.8	-0.09166	0
538.84	-0.09178	0
538.88	-0.09189	0
538.92	-0.09200	0
538.96	-0.09212	0
539.0	-0.09223	0
539.04	-0.09104	0
539.08	-0.08985	0
539.12	-0.08866	0
539.16	-0.08878	0
539.2	-0.08889	0
539.24	-0.08900	0
539.28	-0.08911	0
539.32	-0.08923	0
539.36	-0.08934	0
539.4	-0.08945	0
539.44	-0.08956	0
539.48	-0.08968	0
539.52	-0.08979	0
539.5600000000001	-0.08990	0
539.6	-0.09002	0
539.64	-0.09013	0
539.6800000000001	-0.09024	0
539.72	-0.09035	0
539.76	-0.09047	0
539.8	-0.09058	0
539.84	-0.09069	0
539.88	-0.09080	0
539.92	-0.09091	0
539.96	-0.09103	0
540.0	-0.09114	0
540.04	-0.09125	0
540.08	-0.09136	0
540.12	-0.09148	0
540.16	-0.09029	0
540.2	-0.09040	0
540.24	-0.08922	0
540.28	-0.08933	0
540.32	-0.08944	0
540.36	-0.08956	0
540.4	-0.08967	0
540.44	-0.08978	0
540.48	-0.09249	0
540.52	-0.09260	0
540.5600000000001	-0.09260	0
540.6	-0.09260	0
540.64	-0.09260	0
540.6800000000001	-0.09260	0
540.72	-0.09260	0
540.76	-0.09260	0
540.8	-0.09260	0
540.84	-0.09260	0
540.88	-0.09260	0
540.92	-0.09260	0
540.96	-0.09260	0
541.0	-0.09260	0
541.04	-0.09260	0
541.08	-0.09260	0
541.12	-0.09260	0
541.16	-0.09260	0
541.2	-0.09260	0
541.24	-0.09260	0
541.28	-0.09260	0
541.32	-0.09260	0
541.36	-0.09260	0
541.4	-0.09260	0
541.44	-0.09260	0
541.48	-0.09260	0
541.52	-0.09260	0
541.5600000000001	-0.09260	0
541.6	-0.09260	0
541.64	-0.09260	0
541.6800000000001	-0.09260	0
541.72	-0.09260	0
541.76	-0.09260	0
541.8	-0.09260	0
541.84	-0.09260	0
541.88	-0.09141	0
541.92	-0.09153	0
541.96	-0.09164	0
542.0	-0.09175	0
542.04	-0.09186	0
542.08	-0.09197	0
542.12	-0.09209	0
542.16	-0.09220	0
542.2	-0.09102	0
542.24	-0.09360	0
542.28	-0.09360	0
542.32	-0.09360	0
542.36	-0.09360	1
542.4	-0.09360	1
542.44	-0.09360	1
542.48	-0.09360	1
542.52	-0.09360	1
542.5600000000001	-0.09360	1
542.6	-0.09360	1
542.64	-0.09360	1
542.6800000000001	-0.09240	1
542.72	-0.09252	1
542.76	-0.09252	1
542.8	-0.09252	1
542.84	-0.09252	1
542.88	-0.09252	1
542.92	-0.09252	1
542.96	-0.09252	1
543.0	-0.09132	1
543.04	-0.09143	1
543.08	-0.09154	1
543.12	-0.09166	1
543.16	-0.09177	1
543.2	-0.09057	1
543.24	-0.09068	1
543.28	-0.09331	1
543.32	-0.09331	1
543.36	-0.09331	1
543.4	-0.09211	1
543.44	-0.09222	1
543.48	-0.09234	1
543.52	-0.09114	1
543.5600000000001	-0.08994	1
543.6	-0.09005	1
543.64	-0.09017	1
543.6800000000001	-0.09028	1
543.72	-0.09039	1
543.76	-0.09051	1
543.8	-0.09062	1
543.84	-0.09074	1
543.88	-0.09085	1
543.92	-0.09096	1
543.96	-0.09108	1
544.0	-0.09119	1
544.04	-0.09130	1
544.08	-0.09142	1
544.12	-0.09153	1
544.16	-0.09164	1
544.2	-0.09176	1
544.24	-0.09187	1
544.28	-0.09198	1
544.32	-0.09210	1
544.36	-0.09221	1
544.4	-0.09232	1
544.44	-0.09244	1
544.48	-0.09255	1
544.52	-0.09135	1
544.5600000000001	-0.09147	1
544.6	-0.09158	1
544.64	-0.09169	1
544.6800000000001	-0.09181	1
544.72	-0.09442	1
544.76	-0.09442	1
544.8	-0.09442	1
544.84	-0.09442	1
544.88	-0.09442	1
544.92	-0.09442	1
544.96	-0.09442	1
545.0	-0.09442	1
545.04	-0.09442	1
545.08	-0.09442	1
545.12	-0.09442	1
545.16	-0.09442	1
545.2	-0.09442	1
545.24	-0.09442	1
545.28	-0.09442	1
545.32	-0.09442	1
545.36	-0.09442	1
545.4	-0.09442	1
545.44	-0.09311	1
545.48	-0.09311	1
545.52	-0.09311	1
545.5600000000001	-0.09311	1
545.6	-0.09311	1
545.64	-0.09311	1
545.6800000000001	-0.09311	1
545.72	-0.09311	1
545.76	-0.09311	1
545.8	-0.09311	1
545.84	-0.09311	1
545.88	-0.09311	1
545.92	-0.09311	1
545.96	-0.09311	1
546.0	-0.09311	1
546.04	-0.09311	1
546.08	-0.09311	1
546.12	-0.09192	1
546.16	-0.09203	1
546.2	-0.09215	1
546.24	-0.09226	1
546.28	-0.09237	1
546.32	-0.09248	1
546.36	-0.09260	1
546.4	-0.09260	1
546.44	-0.09260	1
546.48	-0.09260	1
546.52	-0.09260	1
546.5600000000001	-0.09260	1
546.6	-0.09260	1
546.64	-0.09260	1
546.6800000000001	-0.09260	1
546.72	-0.09260	1
546.76	-0.09260	1
546.8000000000001	-0.09260	1
546.84	-0.09260	1
546.88	-0.09260	1
546.92	-0.09260	1
546.96	-0.09260	1
547.0	-0.09260	1
547.04	-0.09260	1
547.08	-0.09260	1
547.12	-0.09260	1
547.16	-0.09260	1
547.2	-0.09260	1
547.24	-0.09260	1
547.28	-0.09260	1
547.32	-0.09260	1
547.36	-0.09260	1
547.4	-0.09260	1
547.44	-0.09260	1
547.48	-0.09260	1
547.52	-0.09260	1
547.5600000000001	-0.09260	1
547.6	-0.09260	1
547.64	-0.09260	1
547.6800000000001	-0.09260	1
547.72	-0.09260	1
547.76	-0.09260	1
547.8000000000001	-0.09260	0
547.84	-0.09260	0
547.88	-0.09260	0
547.92	-0.09260	0
547.96	-0.09260	0
548.0	-0.09260	0
548.04	-0.09260	0
548.08	-0.09260	0
548.12	-0.09260	0
548.16	-0.09260	0
548.2	-0.09140	0
548.24	-0.09021	0
548.28	-0.09032	0
548.32	-0.08913	0
548.36	-0.08924	0
548.4	-0.08936	0
548.44	-0.08947	0
548.48	-0.08958	0
548.52	-0.08970	0
548.5600000000001	-0.08981	0
548.6	-0.08992	0
548.64	-0.09004	0
548.6800000000001	-0.08884	0
548.72	-0.08765	0
548.76	-0.08777	0
548.8000000000001	-0.08788	0
548.84	-0.08799	0
548.88	-0.08811	0
548.92	-0.08822	0
548.96	-0.08833	0
549.0	-0.08845	0
549.04	-0.08856	0
549.08	-0.08867	0
549.12	-0.08878	0
549.16	-0.08890	0
549.2	-0.08771	0
549.24	-0.08782	0
549.28	-0.08793	0
549.32	-0.08805	0
549.36	-0.08816	1
549.4	-0.08828	1
549.44	-0.08708	1
549.48	-0.08719	1
549.52	-0.08730	1
549.5600000000001	-0.08742	1
549.6	-0.08753	1
549.64	-0.08765	1
549.6800000000001	-0.08776	1
549.72	-0.08787	1
549.76	-0.08799	1
549.8000000000001	-0.08810	1
549.84	-0.08822	1
549.88	-0.08833	1
549.92	-0.08844	1
549.96	-0.08725	1
550.0	-0.08736	1
550.04	-0.08747	1
550.08	-0.08759	1
550.12	-0.08770	1
550.16	-0.08782	1
550.2	-0.08662	1
550.24	-0.08673	1
550.28	-0.08685	1
550.32	-0.08696	1
550.36	-0.08707	1
550.4	-0.08719	1
550.44	-0.08730	1
550.48	-0.08742	1
550.52	-0.08753	1
550.5600000000001	-0.08764	1
550.6	-0.08776	1
550.64	-0.08787	1
550.6800000000001	-0.08799	1
550.72	-0.08810	1
550.76	-0.08821	1
550.8000000000001	-0.08833	1
550.84	-0.08844	1
550.88	-0.08855	1
550.92	-0.08867	1
550.96	-0.08878	1
551.0	-0.08889	1
551.04	-0.08901	1
551.08	-0.08912	1
551.12	-0.08923	1
551.16	-0.08935	1
551.2	-0.08946	1
551.24	-0.08958	1
551.28	-0.08969	1
551.32	-0.08980	1
551.36	-0.08991	1
551.4	-0.09003	1
551.44	-0.09014	1
551.48	-0.09025	1
551.52	-0.09037	1
551.5600000000001	-0.09048	1
551.6	-0.09059	1
551.64	-0.09071	1
551.6800000000001	-0.09082	1
551.72	-0.09093	1
551.76	-0.09105	1
551.8000000000001	-0.09116	1
551.84	-0.09127	1
551.88	-0.09138	1
551.92	-0.09150	1
551.96	-0.09161	1
552.0	-0.09172	1
552.04	-0.09184	1
552.08	-0.09195	1
552.12	-0.09206	1
552.16	-0.09217	0
552.2	-0.09229	0
552.24	-0.09110	0
552.28	-0.09121	0
552.32	-0.09132	0
552.36	-0.09143	0
552.4	-0.09155	0
552.44	-0.09166	0
552.48	-0.09047	0
552.52	-0.09058	0
552.5600000000001	-0.09070	0
552.6	-0.09081	0
552.64	-0.09092	0
552.6800000000001	-0.09103	0
552.72	-0.09115	0
552.76	-0.09126	0
552.8000000000001	-0.09137	0
552.84	-0.09018	0
552.88	-0.09030	0
552.92	-0.09041	0
552.96	-0.09052	0
553.0	-0.09063	0
553.04	-0.09075	0
553.08	-0.09086	0
553.12	-0.09097	1
553.16	-0.09109	1
553.2	-0.09120	1
553.24	-0.09132	1
553.28	-0.09011	1
553.32	-0.09023	1
553.36	-0.09034	1
553.4	-0.09046	1
553.44	-0.09057	1
553.48	-0.09068	1
553.52	-0.09080	1
553.5600000000001	-0.09091	1
553.6	-0.09102	1
553.64	-0.09114	1
553.6800000000001	-0.09125	1
553.72	-0.09137	1
553.76	-0.09148	1
553.8000000000001	-0.09159	1
553.84	-0.09171	1
553.88	-0.09182	1
553.92	-0.09193	1
553.96	-0.09205	1
554.0	-0.09216	1
554.04	-0.09227	1
554.08	-0.09239	1
554.12	-0.09250	1
554.16	-0.09261	1
554.2	-0.09261	1
554.24	-0.09261	1
554.28	-0.09261	1
554.32	-0.09261	1
554.36	-0.09261	1
554.4	-0.09261	1
554.44	-0.09261	1
554.48	-0.09261	1
554.52	-0.09261	1
554.5600000000001	-0.09261	1
554.6	-0.09261	1
554.64	-0.09261	1
554.6800000000001	-0.09261	1
554.72	-0.09261	1
554.76	-0.09261	1
554.8000000000001	-0.09261	1
554.84	-0.09261	1
554.88	-0.09261	1
554.92	-0.09261	1
554.96	-0.09261	1
555.0	-0.09261	1
555.04	-0.09261	1
555.08	-0.09261	1
555.12	-0.09261	1
555.16	-0.09261	1
555.2	-0.09261	1
555.24	-0.09261	1
555.28	-0.09261	1
555.32	-0.09261	1
555.36	-0.09261	1
555.4	-0.09261	1
555.44	-0.09142	1
555.48	-0.09153	1
555.52	-0.09164	1
555.5600000000001	-0.09176	1
555.6	-0.09187	1
555.64	-0.09198	1
555.6800000000001	-0.09210	1
555.72	-0.09221	1
555.76	-0.09232	1
555.8000000000001	-0.09244	1
555.84	-0.09255	1
555.88	-0.09255	1
555.92	-0.09255	1
555.96	-0.09255	1
556.0	-0.09255	1
556.04	-0.09255	1
556.08	-0.09255	1
556.12	-0.09255	1
556.16	-0.09255	1
556.2	-0.09255	1
556.24	-0.09135	1
556.28	-0.09147	1
556.32	-0.09158	1
556.36	-0.09169	1
556.4	-0.09181	1
556.44	-0.09192	1
556.48	-0.09203	1
556.52	-0.09214	1
556.5600000000001	-0.09226	1
556.6	-0.09237	1
556.64	-0.09248	1
556.6800000000001	-0.09260	1
556.72	-0.09260	1
556.76	-0.09260	1
556.8000000000001	-0.09260	1
556.84	-0.09260	1
556.88	-0.09140	1
556.92	-0.09021	1
556.96	-0.09032	1
557.0	-0.09044	1
557.04	-0.09055	1
557.08	-0.09066	1
557.12	-0.09078	1
557.16	-0.09089	1
557.2	-0.09100	1
557.24	-0.09111	1
557.28	-0.09123	1
557.32	-0.09134	1
557.36	-0.09145	1
557.4	-0.09157	1
557.44	-0.09168	1
557.48	-0.09179	1
557.52	-0.09190	1
557.5600000000001	-0.09202	1
557.6	-0.09213	1
557.64	-0.09224	1
557.6800000000001	-0.09236	1
557.72	-0.09247	1
557.76	-0.09258	1
557.8000000000001	-0.09258	1
557.84	-0.09258	1
557.88	-0.09139	1
557.92	-0.09150	1
557.96	-0.09031	1
558.0	-0.09043	1
558.04	-0.09054	1
558.08	-0.09065	1
558.12	-0.09076	1
558.16	-0.09088	1
558.2	-0.09099	1
558.24	-0.09110	1
558.28	-0.09122	1
558.32	-0.09133	1
558.36	-0.09144	1
558.4	-0.09155	1
558.44	-0.09167	1
558.48	-0.09178	1
558.52	-0.09189	1
558.5600000000001	-0.09200	1
558.6	-0.09212	1
558.64	-0.09223	0
558.6800000000001	-0.09234	0
558.72	-0.09245	0
558.76	-0.09256	0
558.8000000000001	-0.09256	0
558.84	-0.09256	0
558.88	-0.09256	0
558.92	-0.09256	0
558.96	-0.09256	0
559.0	-0.09256	0
559.04	-0.09256	0
559.08	-0.09256	0
559.12	-0.09256	0
559.16	-0.09256	0
559.2	-0.09256	0
559.24	-0.09256	0
559.28	-0.09256	0
559.32	-0.09256	0
559.36	-0.09256	0
559.4	-0.09256	0
559.44	-0.09256	0
559.48	-0.09256	0
559.52	-0.09256	0
559.5600000000001	-0.09256	0
559.6	-0.09256	0
559.64	-0.09256	0
559.6800000000001	-0.09256	0
559.72	-0.09256	0
559.76	-0.09256	0
559.8000000000001	-0.09256	0
559.84	-0.09256	0
559.88	-0.09256	0
559.92	-0.09256	0
559.96	-0.09256	0
560.0	-0.09256	0
560.04	-0.09256	0
560.08	-0.09256	0
560.12	-0.09256	0
560.16	-0.09256	0
560.2	-0.09256	0
560.24	-0.09256	0
560.28	-0.09256	0
560.32	-0.09256	0
560.36	-0.09256	0
560.4	-0.09256	0
560.44	-0.09256	0
560.48	-0.09256	0
560.52	-0.09256	0
560.5600000000001	-0.09256	0
560.6	-0.09256	0
560.64	-0.09256	0
560.6800000000001	-0.09138	0
560.72	-0.09149	0
560.76	-0.09160	0
560.8000000000001	-0.09172	0
560.84	-0.09183	0
560.88	-0.09194	0
560.92	-0.09205	0
560.96	-0.09216	0
561.0	-0.09228	0
561.04	-0.09239	0
561.08	-0.09250	0
561.12	-0.09250	0
561.16	-0.09250	0
561.2	-0.09250	0
561.24	-0.09132	0
561.28	-0.09143	0
561.32	-0.09154	0
561.36	-0.09036	0
561.4	-0.09047	0
561.44	-0.09058	0
561.48	-0.09069	0
561.52	-0.09080	0
561.5600000000001	-0.09092	0
561.6	-0.09103	0
561.64	-0.09114	0
561.6800000000001	-0.09125	0
561.72	-0.09137	0
561.76	-0.09148	0
561.8000000000001	-0.09159	0
561.84	-0.09170	0
561.88	-0.09181	0
561.92	-0.09193	0
561.96	-0.09204	0
562.0	-0.09215	0
562.04	-0.09226	0
562.08	-0.09237	0
562.12	-0.09249	0
562.16	-0.09260	0
562.2	-0.09260	0
562.24	-0.09260	0
562.28	-0.09260	0
562.32	-0.09142	0
562.36	-0.09153	0
562.4	-0.09035	0
562.44	-0.09046	0
562.48	-0.09057	0
562.52	-0.09068	0
562.5600000000001	-0.09079	0
562.6	-0.09091	0
562.64	-0.09102	0
562.6800000000001	-0.09113	0
562.72	-0.09124	0
562.76	-0.09135	0
562.8000000000001	-0.09146	0
562.84	-0.09158	0
562.88	-0.09169	0
562.92	-0.09180	0
562.96	-0.09191	0
563.0	-0.09202	0
563.04	-0.09084	0
563.08	-0.09096	0
563.12	-0.09107	0
563.16	-0.09118	0
563.2	-0.09129	0
563.24	-0.09140	0
563.28	-0.09151	0
563.32	-0.09163	0
563.36	-0.09174	0
563.4	-0.09185	0
563.44	-0.09196	0
563.48	-0.09078	0
563.52	-0.09089	0
563.5600000000001	-0.09101	0
563.6	-0.09112	0
563.64	-0.09123	0
563.6800000000001	-0.09134	0
563.72	-0.09145	0
563.76	-0.09156	0
563.8000000000001	-0.09167	0
563.84	-0.09179	0
563.88	-0.09190	0
563.92	-0.09201	0
563.96	-0.09212	0
564.0	-0.09223	0
564.04	-0.09234	0
564.08	-0.09245	0
564.12	-0.09257	0
564.16	-0.09257	0
564.2	-0.09257	0
564.24	-0.09257	0
564.28	-0.09257	0
564.32	-0.09257	0
564.36	-0.09257	0
564.4	-0.09257	0
564.44	-0.09257	0
564.48	-0.09257	0
564.52	-0.09257	0
564.5600000000001	-0.09257	0
564.6	-0.09257	0
564.64	-0.09257	0
564.6800000000001	-0.09257	0
564.72	-0.09257	0
564.76	-0.09257	0
564.8000000000001	-0.09257	0
564.84	-0.09257	0
564.88	-0.09257	0
564.92	-0.09257	0
564.96	-0.09257	0
565.0	-0.09257	0
565.04	-0.09257	0
565.08	-0.09257	0
565.12	-0.09257	0
565.16	-0.09257	0
565.2	-0.09257	0
565.24	-0.09257	0
565.28	-0.09257	0
565.32	-0.09257	0
565.36	-0.09257	0
565.4	-0.09257	0
565.44	-0.09257	0
565.48	-0.09257	0
565.52	-0.09257	0
565.5600000000001	-0.09257	0
565.6	-0.09257	0
565.64	-0.09257	0
565.6800000000001	-0.09257	0
565.72	-0.09257	0
565.76	-0.09257	0
565.8000000000001	-0.09257	0
565.84	-0.09257	0
565.88	-0.09257	0
565.92	-0.09257	0
565.96	-0.09257	0
566.0	-0.09257	0
566.04	-0.09257	0
566.08	-0.09257	0
566.12	-0.09257	0
566.16	-0.09257	0
566.2	-0.09257	0
566.24	-0.09257	0
566.28	-0.09257	0
566.32	-0.09257	0
566.36	-0.09257	0
566.4	-0.09257	0
566.44	-0.09257	0
566.48	-0.09257	1
566.52	-0.09257	1
566.5600000000001	-0.09257	1
566.6	-0.09257	1
566.64	-0.09257	1
566.6800000000001	-0.09257	1
566.72	-0.09257	1
566.76	-0.09257	1
566.8000000000001	-0.09257	1
566.84	-0.09257	1
566.88	-0.09257	1
566.92	-0.09257	1
566.96	-0.09257	1
567.0	-0.09257	1
567.04	-0.09257	1
567.08	-0.09257	1
567.12	-0.09257	1
567.16	-0.09257	1
567.2	-0.09257	1
567.24	-0.09257	1
567.28	-0.09257	1
567.32	-0.09257	1
567.36	-0.09257	1
567.4	-0.09257	1
567.44	-0.09257	1
567.48	-0.09257	1
567.52	-0.09257	1
567.5600000000001	-0.09257	1
567.6	-0.09257	1
567.64	-0.09257	1
567.6800000000001	-0.09257	1
567.72	-0.09257	1
567.76	-0.09257	1
567.8000000000001	-0.09257	1
567.84	-0.09257	1
567.88	-0.09257	1
567.92	-0.09136	1
567.96	-0.09148	1
568.0	-0.09159	1
568.04	-0.09171	1
568.08	-0.09182	1
568.12	-0.09193	1
568.16	-0.09205	1
568.2	-0.09085	1
568.24	-0.09096	1
568.28	-0.09107	1
568.32	-0.09119	1
568.36	-0.09130	1
568.4	-0.09141	1
568.44	-0.09153	1
568.48	-0.09164	1
568.52	-0.09427	1
568.5600000000001	-0.09295	1
568.6	-0.09295	1
568.64	-0.09295	1
568.6800000000001	-0.09295	1
568.72	-0.09295	1
568.76	-0.09295	1
568.8000000000001	-0.09295	1
568.84	-0.09295	1
568.88	-0.09295	1
568.92	-0.09295	1
568.96	-0.09295	1
569.0	-0.09295	1
569.04	-0.09295	1
569.08	-0.09295	1
569.12	-0.09295	1
569.16	-0.09295	1
569.2	-0.09295	1
569.24	-0.09295	1
569.28	-0.09295	1
569.32	-0.09295	1
569.36	-0.09295	1
569.4	-0.09295	1
569.44	-0.09295	1
569.48	-0.09295	1
569.52	-0.09295	1
569.5600000000001	-0.09295	1
569.6	-0.09295	1
569.64	-0.09295	1
569.6800000000001	-0.09295	1
569.72	-0.09295	1
569.76	-0.09295	1
569.8000000000001	-0.09295	1
569.84	-0.09295	1
569.88	-0.09295	1
569.92	-0.09295	1
569.96	-0.09295	1
570.0	-0.09295	1
570.04	-0.09295	1
570.08	-0.09295	1
570.12	-0.09295	1
570.16	-0.09295	1
570.2	-0.09295	1
570.24	-0.09295	1
570.28	-0.09295	1
570.32	-0.09295	1
570.36	-0.09295	1
570.4	-0.09295	1
570.44	-0.09295	1
570.48	-0.09176	1
570.52	-0.09056	1
570.5600000000001	-0.09067	1
570.6	-0.09078	1
570.64	-0.09090	1
570.6800000000001	-0.09101	1
570.72	-0.09112	1
570.76	-0.09124	1
570.8000000000001	-0.09135	1
570.84	-0.09146	1
570.88	-0.09158	1
570.92	-0.09169	1
570.96	-0.09180	1
571.0	-0.09192	1
571.04	-0.09203	1
571.08	-0.09214	1
571.12	-0.09226	1
571.16	-0.09106	1
571.2	-0.09117	1
571.24	-0.09129	1
571.28	-0.09140	1
571.32	-0.09151	1
571.36	-0.09032	1
571.4	-0.09043	1
571.44	-0.09305	1
571.48	-0.09305	1
571.52	-0.09305	1
571.5600000000001	-0.09305	1
571.6	-0.09305	1
571.64	-0.09305	1
571.6800000000001	-0.09305	1
571.72	-0.09305	1
571.76	-0.09305	1
571.8000000000001	-0.09305	1
571.84	-0.09305	1
571.88	-0.09305	1
571.92	-0.09305	1
571.96	-0.09305	1
572.0	-0.09305	1
572.04	-0.09305	1
572.08	-0.09305	1
572.12	-0.09305	1
572.16	-0.09305	1
572.2	-0.09305	1
572.24	-0.09305	1
572.28	-0.09305	1
572.32	-0.09305	1
572.36	-0.09305	1
572.4	-0.09305	1
572.44	-0.09305	1
572.48	-0.09305	1
572.52	-0.09305	1
572.5600000000001	-0.09305	1
572.6	-0.09305	1
572.64	-0.09305	1
572.6800000000001	-0.09305	1
572.72	-0.09305	1
572.76	-0.09305	1
572.8000000000001	-0.09305	1
572.84	-0.09305	1
572.88	-0.09185	1
572.92	-0.09066	1
572.96	-0.09077	1
573.0	-0.09089	1
573.04	-0.09100	1
573.08	-0.09111	1
573.12	-0.09123	1
573.16	-0.09134	1
573.2	-0.09145	1
573.24	-0.09156	1
573.28	-0.09168	1
573.32	-0.09179	1
573.36	-0.09190	1
573.4	-0.09202	1
573.44	-0.09213	1
573.48	-0.09224	1
573.52	-0.09236	1
573.5600000000001	-0.09247	1
573.6	-0.09258	1
573.64	-0.09258	1
573.6800000000001	-0.09139	1
573.72	-0.09150	1
573.76	-0.09161	1
573.8000000000001	-0.09173	1
573.84	-0.09184	1
573.88	-0.09195	1
573.92	-0.09456	1
573.96	-0.09456	1
574.0	-0.09456	1
574.04	-0.09456	1
574.08	-0.09456	1
574.12	-0.09456	1
574.16	-0.09456	1
574.2	-0.09456	1
574.24	-0.09456	1
574.28	-0.09456	1
574.32	-0.09456	1
574.36	-0.09456	1
574.4	-0.09456	1
574.44	-0.09456	1
574.48	-0.09456	1
574.52	-0.09456	1
574.5600000000001	-0.09456	1
574.6	-0.09456	1
574.64	-0.09456	1
574.6800000000001	-0.09456	1
574.72	-0.09456	1
574.76	-0.09456	1
574.8000000000001	-0.09456	1
574.84	-0.09456	1
574.88	-0.09456	1
574.92	-0.09456	1
574.96	-0.09456	1
575.0	-0.09456	1
575.04	-0.09456	1
575.08	-0.09456	1
575.12	-0.09456	1
575.16	-0.09456	1
575.2	-0.09456	1
575.24	-0.09456	1
575.28	-0.09456	1
575.32	-0.09326	1
575.36	-0.09326	1
575.4	-0.09326	0
575.44	-0.09326	0
575.48	-0.09326	0
575.52	-0.09326	0
575.5600000000001	-0.09326	0
575.6	-0.09326	1
575.64	-0.09326	1
575.6800000000001	-0.09326	1
575.72	-0.09326	1
575.76	-0.09326	1
575.8000000000001	-0.09326	1
575.84	-0.09326	1
575.88	-0.09326	1
575.92	-0.09326	1
575.96	-0.09206	1
576.0	-0.09217	1
576.04	-0.09228	1
576.08	-0.09240	1
576.12	-0.09251	1
576.16	-0.09251	1
576.2	-0.09251	1
576.24	-0.09251	1
576.28	-0.09251	1
576.32	-0.09251	1
576.36	-0.09251	1
576.4	-0.09131	1
576.44	-0.09142	1
576.48	-0.09154	1
576.52	-0.09165	1
576.5600000000001	-0.09177	1
576.6	-0.09188	1
576.64	-0.09199	1
576.6800000000001	-0.09211	1
576.72	-0.09222	1
576.76	-0.09233	1
576.8000000000001	-0.09245	1
576.84	-0.09256	1
576.88	-0.09256	1
576.92	-0.09256	1
576.96	-0.09256	1
577.0	-0.09256	1
577.04	-0.09256	1
577.08	-0.09256	1
577.12	-0.09256	1
577.16	-0.09256	1
577.2	-0.09256	1
577.24	-0.09256	1
577.28	-0.09256	1
577.32	-0.09256	1
577.36	-0.09256	1
577.4	-0.09256	1
577.44	-0.09256	1
577.48	-0.09256	1
577.52	-0.09256	1
577.5600000000001	-0.09136	1
577.6	-0.09016	1
577.64	-0.09028	1
577.6800000000001	-0.09039	1
577.72	-0.08919	1
577.76	-0.08931	1
577.8000000000001	-0.09073	1
577.84	-0.09084	1
577.88	-0.09096	1
577.92	-0.09107	1
577.96	-0.09118	1
578.0	-0.08999	1
578.04	-0.09010	1
578.08	-0.09022	1
578.12	-0.09033	1
578.16	-0.09044	1
578.2	-0.09056	1
578.24	-0.09067	1
578.28	-0.09078	1
578.32	-0.09090	1
578.36	-0.09101	1
578.4	-0.09112	1
578.44	-0.09124	1
578.48	-0.09135	1
578.52	-0.09146	1
578.5600000000001	-0.09157	1
578.6	-0.09169	1
578.64	-0.09180	1
578.6800000000001	-0.09191	1
578.72	-0.09203	1
578.76	-0.09214	1
578.8000000000001	-0.09225	1
578.84	-0.09237	1
578.88	-0.09248	1
578.92	-0.09259	1
578.96	-0.09259	1
579.0	-0.09259	1
579.04	-0.09259	1
579.08	-0.09259	1
579.12	-0.09259	1
579.16	-0.09259	1
579.2	-0.09259	1
579.24	-0.09259	1
579.28	-0.09259	1
579.32	-0.09259	1
579.36	-0.09259	1
579.4	-0.09259	1
579.44	-0.09259	1
579.48	-0.09259	1
579.52	-0.09259	1
579.5600000000001	-0.09259	1
579.6	-0.09259	1
579.64	-0.09259	1
579.6800000000001	-0.09259	1
579.72	-0.09259	1
579.76	-0.09140	1
579.8000000000001	-0.09151	1
579.84	-0.09162	1
579.88	-0.09043	1
579.92	-0.09055	1
579.96	-0.09066	1
580.0	-0.09077	1
580.04	-0.09088	1
580.08	-0.09100	1
580.12	-0.09111	1
580.16	-0.09122	1
580.2	-0.09134	1
580.24	-0.09395	1
580.28	-0.09395	1
580.32	-0.09395	1
580.36	-0.09395	1
580.4	-0.09395	1
580.44	-0.09395	1
580.48	-0.09395	1
580.52	-0.09395	1
580.5600000000001	-0.09264	1
580.6	-0.09264	1
580.64	-0.09145	1
580.6800000000001	-0.09156	1
580.72	-0.09167	1
580.76	-0.09179	1
580.8000000000001	-0.09190	1
580.84	-0.09201	1
580.88	-0.09213	1
580.92	-0.09224	1
580.96	-0.09235	1
581.0	-0.09246	1
581.04	-0.09258	1
581.08	-0.09139	1
581.12	-0.09150	1
581.16	-0.09031	1
581.2	-0.09042	1
581.24	-0.09053	1
581.28	-0.09065	1
581.32	-0.09076	1
581.36	-0.09087	1
581.4	-0.09099	1
581.44	-0.09110	1
581.48	-0.09370	1
581.52	-0.09370	1
581.5600000000001	-0.09370	1
581.6	-0.09370	1
581.64	-0.09370	1
581.6800000000001	-0.09370	1
581.72	-0.09370	1
581.76	-0.09370	1
581.8000000000001	-0.09370	1
581.84	-0.09370	1
581.88	-0.09370	1
581.92	-0.09370	1
581.96	-0.09251	1
582.0	-0.09251	1
582.04	-0.09251	1
582.08	-0.09251	1
582.12	-0.09251	1
582.16	-0.09251	1
582.2	-0.09251	1
582.24	-0.09251	1
582.28	-0.09251	1
582.32	-0.09132	1
582.36	-0.09144	1
582.4	-0.09155	0
582.44	-0.09166	0
582.48	-0.09177	0
582.52	-0.09189	0
582.5600000000001	-0.09200	0
582.6	-0.09211	0
582.64	-0.09222	0
582.6800000000001	-0.09234	0
582.72	-0.09245	0
582.76	-0.09256	0
582.8000000000001	-0.09256	0
582.84	-0.09256	0
582.88	-0.09137	0
582.92	-0.09149	0
582.96	-0.09160	0
583.0	-0.09171	0
583.04	-0.09182	0
583.08	-0.09194	0
583.12	-0.09205	0
583.16	-0.09216	0
583.2	-0.09227	0
583.24	-0.09238	0
583.28	-0.09250	0
583.32	-0.09261	0
583.36	-0.09261	0
583.4	-0.09261	0
583.44	-0.09261	0
583.48	-0.09261	0
583.52	-0.09261	0
583.5600000000001	-0.09261	0
583.6	-0.09261	0
583.64	-0.09261	0
583.6800000000001	-0.09261	0
583.72	-0.09261	0
583.76	-0.09261	0
583.8000000000001	-0.09261	0
583.84	-0.09142	0
583.88	-0.09154	0
583.92	-0.09165	0
583.96	-0.09176	0
584.0	-0.09187	0
584.04	-0.09198	0
584.08	-0.09210	0
584.12	-0.09221	0
584.16	-0.09232	0
584.2	-0.09114	0
584.24	-0.08995	0
584.28	-0.09007	0
584.32	-0.09018	0
584.36	-0.09029	0
584.4	-0.09040	0
584.44	-0.09051	0
584.48	-0.09063	0
584.52	-0.09074	0
584.5600000000001	-0.09085	0
584.6	-0.09096	0
584.64	-0.09107	0
584.6800000000001	-0.09119	0
584.72	-0.09130	0
584.76	-0.09141	0
584.8000000000001	-0.09152	0
584.84	-0.09163	0
584.88	-0.09175	0
584.92	-0.09186	0
584.96	-0.09197	0
585.0	-0.09208	0
585.04	-0.09219	0
585.08	-0.09231	0
585.12	-0.09242	0
585.16	-0.09253	0
585.2	-0.09135	0
585.24	-0.09146	0
585.28	-0.09157	0
585.32	-0.09168	0
585.36	-0.09180	0
585.4	-0.09191	0
585.44	-0.09202	0
585.48	-0.09213	0
585.52	-0.09224	0
585.5600000000001	-0.09235	0
585.6	-0.09246	0
585.64	-0.09258	0
585.6800000000001	-0.09258	0
585.72	-0.09258	0
585.76	-0.09258	0
585.8000000000001	-0.09258	0
585.84	-0.09258	0
585.88	-0.09258	0
585.92	-0.09258	0
585.96	-0.09258	0
586.0	-0.09258	0
586.04	-0.09258	0
586.08	-0.09258	0
586.12	-0.09258	0
586.16	-0.09258	0
586.2	-0.09258	0
586.24	-0.09258	0
586.28	-0.09258	0
586.32	-0.09258	0
586.36	-0.09258	0
586.4	-0.09258	0
586.44	-0.09258	0
586.48	-0.09258	0
586.52	-0.09258	0
586.5600000000001	-0.09258	0
586.6	-0.09140	0
586.64	-0.09151	0
586.6800000000001	-0.09033	0
586.72	-0.09044	0
586.76	-0.08927	0
586.8000000000001	-0.08938	1
586.84	-0.08949	1
586.88	-0.08961	1
586.92	-0.08972	1
586.96	-0.08984	1
587.0	-0.08995	1
587.04	-0.09006	1
587.08	-0.09018	1
587.12	-0.09029	1
587.16	-0.09041	1
587.2	-0.09052	1
587.24	-0.09063	1
587.28	-0.08943	1
587.32	-0.08955	1
587.36	-0.08966	1
587.4	-0.08978	1
587.44	-0.08989	1
587.48	-0.09000	1
587.52	-0.09012	1
587.5600000000001	-0.09023	1
587.6	-0.09285	1
587.64	-0.09285	1
587.6800000000001	-0.09285	1
587.72	-0.09285	1
587.76	-0.09285	1
587.8000000000001	-0.09285	1
587.84	-0.09285	1
587.88	-0.09285	1
587.92	-0.09285	1
587.96	-0.09285	1
588.0	-0.09285	1
588.04	-0.09285	1
588.08	-0.09285	1
588.12	-0.09285	1
588.16	-0.09285	1
588.2	-0.09285	1
588.24	-0.09285	1
588.28	-0.09285	1
588.32	-0.09166	1
588.36	-0.09177	1
588.4	-0.09188	1
588.44	-0.09200	1
588.48	-0.09211	1
588.52	-0.09222	1
588.5600000000001	-0.09234	1
588.6	-0.09245	1
588.64	-0.09256	1
588.6800000000001	-0.09256	1
588.72	-0.09137	1
588.76	-0.09148	1
588.8000000000001	-0.09159	1
588.84	-0.09171	1
588.88	-0.09182	1
588.92	-0.09193	1
588.96	-0.09204	1
589.0	-0.09216	1
589.04	-0.09227	1
589.08	-0.09238	1
589.12	-0.09250	1
589.16	-0.09261	1
589.2	-0.09261	1
589.24	-0.09142	1
589.28	-0.09153	1
589.32	-0.09164	1
589.36	-0.09175	1
589.4	-0.09187	1
589.44	-0.09198	1
589.48	-0.09209	1
589.52	-0.09221	1
589.5600000000001	-0.09232	1
589.6	-0.09243	1
589.64	-0.09255	1
589.6800000000001	-0.09255	1
589.72	-0.09255	1
589.76	-0.09255	1
589.8000000000001	-0.09135	1
589.84	-0.09147	1
589.88	-0.09158	1
589.92	-0.09169	1
589.96	-0.09180	1
590.0	-0.09192	1
590.04	-0.09203	1
590.08	-0.09214	1
590.12	-0.09226	1
590.16	-0.09237	0
590.2	-0.09248	0
590.24	-0.09259	0
590.28	-0.09259	0
590.32	-0.09259	0
590.36	-0.09259	0
590.4	-0.09140	0
590.44	-0.09152	0
590.48	-0.09163	0
590.52	-0.09174	0
590.5600000000001	-0.09185	0
590.6	-0.09446	0
590.64	-0.09446	0
590.6800000000001	-0.09446	0
590.72	-0.09446	0
590.76	-0.09446	0
590.8000000000001	-0.09446	0
590.84	-0.09446	0
590.88	-0.09446	0
590.92	-0.09446	0
590.96	-0.09446	0
591.0	-0.09316	0
591.04	-0.09316	0
591.08	-0.09316	0
591.12	-0.09316	0
591.16	-0.09316	0
591.2	-0.09316	0
591.24	-0.09316	0
591.28	-0.09316	0
591.32	-0.09316	0
591.36	-0.09316	0
591.4	-0.09197	0
591.44	-0.09208	0
591.48	-0.09219	0
591.52	-0.09230	0
591.5600000000001	-0.09242	0
591.6	-0.09253	0
591.64	-0.09253	0
591.6800000000001	-0.09253	0
591.72	-0.09253	0
591.76	-0.09253	0
591.8000000000001	-0.09253	0
591.84	-0.09253	0
591.88	-0.09253	0
591.92	-0.09253	0
591.96	-0.09253	0
592.0	-0.09253	0
592.04	-0.09253	0
592.08	-0.09253	0
592.12	-0.09253	0
592.16	-0.09253	0
592.2	-0.09253	0
592.24	-0.09253	1
592.28	-0.09133	1
592.32	-0.09144	1
592.36	-0.09156	1
592.4	-0.09167	1
592.44	-0.09178	1
592.48	-0.09190	1
592.52	-0.09201	1
592.5600000000001	-0.09212	1
592.6	-0.09224	1
592.64	-0.09235	1
592.6800000000001	-0.09247	1
592.72	-0.09258	1
592.76	-0.09258	1
592.8000000000001	-0.09258	1
592.84	-0.09258	1
592.88	-0.09258	1
592.92	-0.09258	1
592.96	-0.09258	1
593.0	-0.09258	1
593.04	-0.09258	1
593.08	-0.09258	1
593.12	-0.09258	1
593.16	-0.09258	1
593.2	-0.09258	1
593.24	-0.09258	1
593.28	-0.09258	1
593.32	-0.09258	1
593.36	-0.09258	1
593.4	-0.09138	1
593.44	-0.09149	1
593.48	-0.09029	1
593.52	-0.09041	1
593.5600000000001	-0.09052	1
593.6	-0.09315	1
593.64	-0.09315	1
593.6800000000001	-0.09315	1
593.72	-0.09315	1
593.76	-0.09315	1
593.8000000000001	-0.09315	1
593.84	-0.09195	1
593.88	-0.09457	1
593.92	-0.09457	1
593.96	-0.09457	1
594.0	-0.09326	1
594.04	-0.09326	1
594.08	-0.09326	1
594.12	-0.09326	1
594.16	-0.09326	1
594.2	-0.09326	1
594.24	-0.09326	1
594.28	-0.09326	1
594.32	-0.09326	1
594.36	-0.09326	1
594.4	-0.09326	1
594.44	-0.09326	1
594.48	-0.09326	1
594.52	-0.09326	1
594.5600000000001	-0.09326	1
594.6	-0.09326	1
594.64	-0.09326	1
594.6800000000001	-0.09326	1
594.72	-0.09326	1
594.76	-0.09326	1
594.8000000000001	-0.09326	1
594.84	-0.09326	1
594.88	-0.09326	1
594.92	-0.09326	1
594.96	-0.09326	1
595.0	-0.09206	1
595.04	-0.09217	1
595.08	-0.09229	1
595.12	-0.09240	1
595.16	-0.09251	1
595.2	-0.09251	1
595.24	-0.09251	1
595.28	-0.09251	1
595.32	-0.09251	1
595.36	-0.09251	1
595.4	-0.09251	1
595.44	-0.09251	1
595.48	-0.09251	1
595.52	-0.09251	1
595.5600000000001	-0.09251	1
595.6	-0.09251	1
595.64	-0.09251	1
595.6800000000001	-0.09251	1
595.72	-0.09251	1
595.76	-0.09251	1
595.8000000000001	-0.09251	1
595.84	-0.09132	1
595.88	-0.09143	1
595.92	-0.09154	1
595.96	-0.09166	1
596.0	-0.09177	1
596.04	-0.09188	1
596.08	-0.09200	1
596.12	-0.09211	1
596.16	-0.09222	1
596.2	-0.09234	1
596.24	-0.09245	1
596.28	-0.09256	1
596.32	-0.09256	1
596.36	-0.09256	0
596.4	-0.09256	0
596.44	-0.09256	0
596.48	-0.09256	0
596.52	-0.09256	0
596.5600000000001	-0.09256	0
596.6	-0.09256	0
596.64	-0.09256	0
596.6800000000001	-0.09256	0
596.72	-0.09256	0
596.76	-0.09256	0
596.8000000000001	-0.09256	0
596.84	-0.09256	0
596.88	-0.09256	0
596.92	-0.09256	0
596.96	-0.09256	0
597.0	-0.09256	0
597.04	-0.09256	0
597.08	-0.09256	0
597.12	-0.09256	0
597.16	-0.09256	0
597.2	-0.09256	0
597.24	-0.09256	0
597.28	-0.09256	0
597.32	-0.09256	0
597.36	-0.09256	0
597.4	-0.09256	0
597.44	-0.09256	0
597.48	-0.09256	0
597.52	-0.09256	0
597.5600000000001	-0.09256	0
597.6	-0.09256	0
597.64	-0.09256	0
597.6800000000001	-0.09256	0
597.72	-0.09256	0
597.76	-0.09256	0
597.8000000000001	-0.09256	0
597.84	-0.09256	0
597.88	-0.09256	0
597.92	-0.09256	0
597.96	-0.09256	0
598.0	-0.09256	0
598.04	-0.09256	0
598.08	-0.09256	0
598.12	-0.09256	0
598.16	-0.09256	0
598.2	-0.09256	0
598.24	-0.09256	0
598.28	-0.09256	0
598.32	-0.09256	0
598.36	-0.09256	0
598.4	-0.09256	0
598.44	-0.09256	0
598.48	-0.09256	0
598.52	-0.09256	0
598.5600000000001	-0.09256	0
598.6	-0.09256	0
598.64	-0.09256	0
598.6800000000001	-0.09256	0
598.72	-0.09256	0
598.76	-0.09256	0
598.8000000000001	-0.09256	0
598.84	-0.09256	0
598.88	-0.09256	0
598.92	-0.09256	0
598.96	-0.09256	0
599.0	-0.09256	0
599.04	-0.09256	0
599.08	-0.09256	0
599.12	-0.09256	0
599.16	-0.09256	0
599.2	-0.09256	0
599.24	-0.09256	0
599.28	-0.09256	0
599.32	-0.09256	0
599.36	-0.09256	0
599.4	-0.09256	0
599.44	-0.09256	0
599.48	-0.09256	0
599.52	-0.09256	0
599.5600000000001	-0.09256	0
599.6	-0.09256	0
599.64	-0.09256	0
599.6800000000001	-0.09256	0
599.72	-0.09256	0
599.76	-0.09256	0
599.8000000000001	-0.09256	0
599.84	-0.09256	0
599.88	-0.09256	0
599.92	-0.09256	0
599.96	-0.09256	0
600.0	-0.09256	0
600.04	-0.09256	0
600.08	-0.09256	0
600.12	-0.09256	0
600.16	-0.09256	0
600.2	-0.09256	0
600.24	-0.09256	0
600.28	-0.09137	0
600.32	-0.09148	0
600.36	-0.09028	0
600.4	-0.09040	0
600.44	-0.09051	0
600.48	-0.08932	0
600.52	-0.08681	0
600.5600000000001	-0.08693	0
600.6	-0.08704	0
600.64	-0.08715	0
600.6800000000001	-0.08596	0
600.72	-0.08607	0
600.76	-0.08619	0
600.8000000000001	-0.08630	0
600.84	-0.08511	0
600.88	-0.08522	0
600.92	-0.08534	0
600.96	-0.08545	0
601.0	-0.08556	0
601.04	-0.08568	0
601.08	-0.08579	0
601.12	-0.08591	0
601.16	-0.08471	0
601.2	-0.08483	0
601.24	-0.08364	0
601.28	-0.08636	0
601.32	-0.08647	0
601.36	-0.08659	0
601.4	-0.08670	0
601.44	-0.08681	0
601.48	-0.08693	0
601.52	-0.08704	0
601.5600000000001	-0.08715	0
601.6	-0.08727	0
601.64	-0.08738	0
601.6800000000001	-0.08749	0
601.72	-0.08761	0
601.76	-0.08772	0
601.8000000000001	-0.08783	0
601.84	-0.08795	0
601.88	-0.08806	0
601.92	-0.08817	0
601.96	-0.08829	0
602.0	-0.08840	0
602.04	-0.08851	0
602.08	-0.08602	0
602.12	-0.08614	0
602.16	-0.08625	0
602.2	-0.08636	0
602.24	-0.08647	0
602.28	-0.08659	0
602.32	-0.08670	0
602.36	-0.08681	0
602.4	-0.08693	0
602.44	-0.08704	0
602.48	-0.08715	0
602.52	-0.08727	0
602.5600000000001	-0.08738	0
602.6	-0.08749	0
602.64	-0.08761	0
602.6800000000001	-0.08772	0
602.72	-0.08783	0
602.76	-0.08794	0
602.8000000000001	-0.08806	0
602.84	-0.08687	0
602.88	-0.08698	0
602.92	-0.08710	0
602.96	-0.08721	0
603.0	-0.08732	0
603.04	-0.08744	0
603.08	-0.08755	0
603.12	-0.09026	0
603.16	-0.09037	0
603.2	-0.09048	0
603.24	-0.09059	0
603.28	-0.09071	0
603.32	-0.09082	0
603.36	-0.09093	0
603.4	-0.09104	0
603.44	-0.09115	0
603.48	-0.09127	0
603.52	-0.09138	0
603.5600000000001	-0.09020	0
603.6	-0.09031	0
603.64	-0.08912	0
603.6800000000001	-0.08924	0
603.72	-0.08935	0
603.76	-0.08946	0
603.8000000000001	-0.08957	0
603.84	-0.08969	0
603.88	-0.08980	0
603.92	-0.08991	0
603.96	-0.09002	0
604.0	-0.09261	0
604.04	-0.09261	0
604.08	-0.09261	0
604.12	-0.09261	0
604.16	-0.09261	0
604.2	-0.09261	0
604.24	-0.09261	0
604.28	-0.09261	0
604.32	-0.09261	0
604.36	-0.09261	0
604.4	-0.09261	0
604.44	-0.09261	0
604.48	-0.09261	0
604.52	-0.09261	0
604.5600000000001	-0.09261	0
604.6	-0.09261	0
604.64	-0.09261	0
604.6800000000001	-0.09261	0
604.72	-0.09261	0
604.76	-0.09261	0
604.8000000000001	-0.09261	0
604.84	-0.09261	0
604.88	-0.09261	0
604.92	-0.09261	0
604.96	-0.09261	0
605.0	-0.09261	0
605.04	-0.09261	0
605.08	-0.09261	0
605.12	-0.09261	0
605.16	-0.09261	0
605.2	-0.09261	0
605.24	-0.09261	0
605.28	-0.09261	0
605.32	-0.09261	0
605.36	-0.09261	0
605.4	-0.09261	0
605.44	-0.09261	0
605.48	-0.09261	0
605.52	-0.09143	0
605.5600000000001	-0.09154	0
605.6	-0.09165	0
605.64	-0.09176	0
605.6800000000001	-0.09188	0
605.72	-0.09199	0
605.76	-0.09210	0
605.8000000000001	-0.09092	0
605.84	-0.09103	0
605.88	-0.09114	0
605.92	-0.09125	0
605.96	-0.09137	0
606.0	-0.09148	0
606.04	-0.09159	0
606.08	-0.09170	0
606.12	-0.09181	0
606.16	-0.09193	0
606.2	-0.09204	0
606.24	-0.09215	0
606.28	-0.09226	0
606.32	-0.09237	0
606.36	-0.09248	0
606.4	-0.09259	0
606.44	-0.09259	0
606.48	-0.09259	0
606.52	-0.09259	0
606.5600000000001	-0.09259	0
606.6	-0.09259	0
606.64	-0.09259	0
606.6800000000001	-0.09259	0
606.72	-0.09259	0
606.76	-0.09259	0
606.8000000000001	-0.09259	0
606.84	-0.09259	0
606.88	-0.09259	0
606.92	-0.09259	0
606.96	-0.09259	0
607.0	-0.09142	0
607.04	-0.09153	0
607.08	-0.09164	0
607.12	-0.09175	0
607.16	-0.09186	0
607.2	-0.09197	0
607.24	-0.09209	0
607.28	-0.09220	0
607.32	-0.09231	0
607.36	-0.09242	0
607.4	-0.09253	0
607.44	-0.09135	0
607.48	-0.09147	0
607.52	-0.09158	0
607.5600000000001	-0.09169	0
607.6	-0.09180	0
607.64	-0.09191	0
607.6800000000001	-0.09202	0
607.72	-0.09213	0
607.76	-0.09225	0
607.8000000000001	-0.09236	0
607.84	-0.09247	0
607.88	-0.09258	0
607.92	-0.09258	0
607.96	-0.09258	0
608.0	-0.09258	0
608.04	-0.09258	0
608.08	-0.09258	0
608.12	-0.09258	0
608.16	-0.09258	0
608.2	-0.09258	0
608.24	-0.09258	0
608.28	-0.09140	0
608.32	-0.09151	0
608.36	-0.09163	0
608.4	-0.09420	0
608.44	-0.09420	0
608.48	-0.09420	0
608.52	-0.09420	0
608.5600000000001	-0.09420	0
608.6	-0.09420	0
608.64	-0.09420	0
608.6800000000001	-0.09420	0
608.72	-0.09420	0
608.76	-0.09420	0
608.8000000000001	-0.09420	0
608.84	-0.09420	0
608.88	-0.09420	0
608.92	-0.09420	0
608.96	-0.09420	0
609.0	-0.09420	0
609.04	-0.09420	0
609.08	-0.09420	0
609.12	-0.09420	0
609.16	-0.09420	0
609.2	-0.09420	0
609.24	-0.09420	0
609.28	-0.09420	0
609.32	-0.09420	0
609.36	-0.09420	0
609.4	-0.09420	0
609.44	-0.09420	0
609.48	-0.09420	0
609.52	-0.09420	0
609.5600000000001	-0.09420	0
609.6	-0.09420	0
609.64	-0.09420	0
609.6800000000001	-0.09291	0
609.72	-0.09291	0
609.76	-0.09291	0
609.8000000000001	-0.09291	0
609.84	-0.09291	0
609.88	-0.09291	0
609.92	-0.09291	0
609.96	-0.09174	0
610.0	-0.09185	0
610.04	-0.09196	0
610.08	-0.09207	0
610.12	-0.09218	0
610.16	-0.09229	0
610.2	-0.09240	0
610.24	-0.09252	0
610.28	-0.09252	0
610.32	-0.09252	0
610.36	-0.09252	0
610.4	-0.09134	0
610.44	-0.09145	0
610.48	-0.09156	0
610.52	-0.09168	0
610.5600000000001	-0.09179	0
610.6	-0.09190	0
610.64	-0.09201	0
610.6800000000001	-0.09084	0
610.72	-0.09095	0
610.76	-0.09106	0
610.8000000000001	-0.09117	0
610.84	-0.09128	0
610.88	-0.09139	0
610.92	-0.09150	0
610.96	-0.09161	0
611.0	-0.09172	0
611.04	-0.09183	0
611.08	-0.09195	0
611.12	-0.09206	0
611.16	-0.09217	0
611.2	-0.09228	0
611.24	-0.09239	0
611.28	-0.09250	0
611.32	-0.09261	0
611.36	-0.09144	0
611.4	-0.09155	0
611.44	-0.09166	0
611.48	-0.09177	0
611.52	-0.09188	0
611.5600000000001	-0.09199	0
611.6	-0.09210	0
611.64	-0.09222	0
611.6800000000001	-0.09233	0
611.72	-0.09116	0
611.76	-0.09127	0
611.8000000000001	-0.09138	0
611.84	-0.09149	0
611.88	-0.09160	0
611.92	-0.09171	0
611.96	-0.09182	0
612.0	-0.09193	0
612.04	-0.09204	0
612.08	-0.09215	0
612.12	-0.09226	0
612.16	-0.09237	0
612.2	-0.09248	0
612.24	-0.09259	0
612.28	-0.09259	0
612.32	-0.09259	0
612.36	-0.09259	0
612.4	-0.09259	0
612.44	-0.09259	0
612.48	-0.09143	0
612.52	-0.09154	0
612.5600000000001	-0.09165	0
612.6	-0.09176	0
612.64	-0.09187	0
612.6800000000001	-0.09198	0
612.72	-0.09209	0
612.76	-0.09220	0
612.8000000000001	-0.09231	0
612.84	-0.09242	0
612.88	-0.09253	0
612.92	-0.09253	0
612.96	-0.09253	0
613.0	-0.09253	0
613.04	-0.09253	0
613.08	-0.09253	0
613.12	-0.09253	0
613.16	-0.09253	0
613.2	-0.09253	0
613.24	-0.09253	0
613.28	-0.09253	0
613.32	-0.09253	0
613.36	-0.09253	0
613.4	-0.09253	0
613.44	-0.09253	0
613.48	-0.09253	0
613.52	-0.09253	0
613.5600000000001	-0.09253	0
613.6	-0.09253	0
613.64	-0.09253	0
613.6800000000001	-0.09253	0
613.72	-0.09253	0
613.76	-0.09253	0
613.8000000000001	-0.09253	0
613.84	-0.09253	0
613.88	-0.09253	0
613.92	-0.09253	0
613.96	-0.09253	0
614.0	-0.09253	0
614.04	-0.09253	0
614.08	-0.09253	0
614.12	-0.09253	0
614.16	-0.09253	0
614.2	-0.09253	0
614.24	-0.09253	1
614.28	-0.09253	1
614.32	-0.09253	1
614.36	-0.09253	1
614.4	-0.09133	1
614.44	-0.09144	1
614.48	-0.09156	1
614.52	-0.09167	1
614.5600000000001	-0.09179	1
614.6	-0.09190	1
614.64	-0.09201	1
614.6800000000001	-0.09213	1
614.72	-0.09224	1
614.76	-0.09235	1
614.8000000000001	-0.09115	1
614.84	-0.09127	1
614.88	-0.09138	1
614.92	-0.09149	1
614.96	-0.09161	1
615.0	-0.09172	1
615.04	-0.09052	1
615.08	-0.09064	1
615.12	-0.09075	1
615.16	-0.09086	1
615.2	-0.09098	1
615.24	-0.09109	1
615.28	-0.09120	1
615.32	-0.09001	1
615.36	-0.09012	1
615.4	-0.09023	1
615.44	-0.09035	1
615.48	-0.09046	1
615.52	-0.09057	1
615.5600000000001	-0.09069	1
615.6	-0.08949	1
615.64	-0.08961	1
615.6800000000001	-0.08972	1
615.72	-0.08983	1
615.76	-0.08995	1
615.8000000000001	-0.09006	1
615.84	-0.09017	1
615.88	-0.09029	1
615.92	-0.09040	1
615.96	-0.09051	1
616.0	-0.09063	1
616.04	-0.09074	1
616.08	-0.09085	1
616.12	-0.09097	1
616.16	-0.09108	1
616.2	-0.09119	1
616.24	-0.09131	1
616.28	-0.09142	1
616.32	-0.09153	1
616.36	-0.09164	1
616.4	-0.09045	1
616.44	-0.09056	1
616.48	-0.09068	1
616.52	-0.08948	1
616.5600000000001	-0.08960	1
616.6	-0.08971	1
616.64	-0.08982	1
616.6800000000001	-0.08994	1
616.72	-0.09005	1
616.76	-0.09016	1
616.8000000000001	-0.09028	1
616.84	-0.09039	1
616.88	-0.09050	1
616.92	-0.09062	1
616.96	-0.08942	1
617.0	-0.08954	1
617.04	-0.08965	1
617.08	-0.08976	1
617.12	-0.08988	1
617.16	-0.08999	1
617.2	-0.08880	1
617.24	-0.08891	1
617.28	-0.08903	1
617.32	-0.08914	1
617.36	-0.08925	1
617.4	-0.08936	1
617.44	-0.08948	1
617.48	-0.08959	1
617.52	-0.08970	1
617.5600000000001	-0.08982	1
617.6	-0.08993	1
617.64	-0.09004	1
617.6800000000001	-0.09015	1
617.72	-0.09027	1
617.76	-0.09038	1
617.8000000000001	-0.09049	1
617.84	-0.09061	1
617.88	-0.09072	1
617.92	-0.08953	1
617.96	-0.08964	1
618.0	-0.08846	1
618.04	-0.08857	1
618.08	-0.08868	1
618.12	-0.08879	1
618.16	-0.08891	1
618.2	-0.08902	1
618.24	-0.08913	1
618.28	-0.08924	1
618.32	-0.08806	1
618.36	-0.08817	1
618.4	-0.08828	1
618.44	-0.08840	0
618.48	-0.08721	0
618.52	-0.08732	0
618.5600000000001	-0.08744	0
618.6	-0.08755	0
618.64	-0.09026	0
618.6800000000001	-0.09037	0
618.72	-0.09048	0
618.76	-0.09060	0
618.8000000000001	-0.09071	0
618.84	-0.09082	0
618.88	-0.09093	0
618.92	-0.09104	0
618.96	-0.09116	0
619.0	-0.09127	0
619.04	-0.09138	0
619.08	-0.09149	0
619.12	-0.09160	0
619.16	-0.09172	0
619.2	-0.09183	0
619.24	-0.09194	0
619.28	-0.09205	0
619.32	-0.09217	0
619.36	-0.09228	0
619.4	-0.09239	0
619.44	-0.09250	0
619.48	-0.09250	0
619.52	-0.09250	0
619.5600000000001	-0.09250	0
619.6	-0.09250	0
619.64	-0.09250	0
619.6800000000001	-0.09250	0
619.72	-0.09250	0
619.76	-0.09250	0
619.8000000000001	-0.09250	0
619.84	-0.09250	0
619.88	-0.09250	0
619.92	-0.09250	0
619.96	-0.09250	0
620.0	-0.09250	0
620.04	-0.09250	0
620.08	-0.09250	0
620.12	-0.09250	0
620.16	-0.09250	0
620.2	-0.09250	0
620.24	-0.09250	0
620.28	-0.09250	0
620.32	-0.09250	0
620.36	-0.09250	0
620.4	-0.09250	0
620.44	-0.09250	0
620.48	-0.09250	0
620.52	-0.09250	0
620.5600000000001	-0.09250	0
620.6	-0.09250	0
620.64	-0.09132	0
620.6800000000001	-0.09143	0
620.72	-0.09154	0
620.76	-0.09165	0
620.8000000000001	-0.09177	0
620.84	-0.09188	0
620.88	-0.09199	0
620.92	-0.09210	0
620.96	-0.09221	0
621.0	-0.09233	0
621.04	-0.09244	0
621.08	-0.09255	0
621.12	-0.09255	0
621.16	-0.09255	0
621.2	-0.09255	0
621.24	-0.09255	0
621.28	-0.09137	0
621.32	-0.09148	0
621.36	-0.09159	0
621.4	-0.09170	0
621.44	-0.09182	0
621.48	-0.09193	0
621.52	-0.09204	0
621.5600000000001	-0.09086	0
621.6	-0.09097	0
621.64	-0.09108	0
621.6800000000001	-0.09119	0
621.72	-0.09002	0
621.76	-0.09013	0
621.8000000000001	-0.09024	0
621.84	-0.09035	0
621.88	-0.09046	0
621.92	-0.09057	0
621.96	-0.09069	0
622.0	-0.09327	0
622.04	-0.09327	0
622.08	-0.09209	0
622.12	-0.09220	0
622.16	-0.09231	0
622.2	-0.09242	0
622.24	-0.09253	0
622.28	-0.09253	0
622.32	-0.09136	0
622.36	-0.09147	0
622.4	-0.09158	0
622.44	-0.09169	0
622.48	-0.09180	0
622.52	-0.09191	0
622.5600000000001	-0.09202	0
622.6	-0.09085	0
622.64	-0.09096	0
622.6800000000001	-0.09107	0
622.72	-0.09118	0
622.76	-0.09129	0
622.8000000000001	-0.09141	0
622.84	-0.09152	0
622.88	-0.09163	0
622.92	-0.09174	0
622.96	-0.09056	0
623.0	-0.09068	0
623.04	-0.09079	0
623.08	-0.09090	0
623.12	-0.08972	0
623.16	-0.08984	0
623.2	-0.08995	0
623.24	-0.09006	0
623.28	-0.09017	0
623.32	-0.09028	0
623.36	-0.09039	0
623.4	-0.09050	0
623.44	-0.09061	0
623.48	-0.09073	0
623.52	-0.09084	0
623.5600000000001	-0.09095	0
623.6	-0.09106	0
623.64	-0.09117	0
623.6800000000001	-0.09128	0
623.72	-0.09139	0
623.76	-0.09150	0
623.8000000000001	-0.09161	0
623.84	-0.09173	0
623.88	-0.09184	0
623.92	-0.09195	0
623.96	-0.09206	0
624.0	-0.09217	0
624.04	-0.09228	0
624.08	-0.09239	0
624.12	-0.09250	0
624.16	-0.09250	0
624.2	-0.09250	0
624.24	-0.09250	0
624.28	-0.09250	0
624.32	-0.09250	0
624.36	-0.09250	0
624.4	-0.09250	0
624.44	-0.09250	0
624.48	-0.09250	0
624.52	-0.09250	0
624.5600000000001	-0.09250	0
624.6	-0.09250	0
624.64	-0.09005	0
624.6800000000001	-0.09016	0
624.72	-0.09027	0
624.76	-0.09038	0
624.8000000000001	-0.09049	0
624.84	-0.09060	0
624.88	-0.08943	0
624.92	-0.09211	0
624.96	-0.09222	0
625.0	-0.09233	0
625.04	-0.09116	0
625.08	-0.09127	0
625.12	-0.09138	0
625.16	-0.09149	0
625.2	-0.09160	0
625.24	-0.09043	0
625.28	-0.09299	0
625.32	-0.09299	0
625.36	-0.09182	0
625.4	-0.09065	0
625.44	-0.09077	0
625.48	-0.08960	0
625.52	-0.08843	0
625.5600000000001	-0.08854	0
625.6	-0.08865	0
625.64	-0.08876	0
625.6800000000001	-0.08887	0
625.72	-0.08899	1
625.76	-0.08910	1
625.8000000000001	-0.08922	1
625.84	-0.08933	1
625.88	-0.08944	1
625.92	-0.08956	1
625.96	-0.08967	1
626.0	-0.08979	1
626.04	-0.08990	1
626.08	-0.09001	1
626.12	-0.08881	1
626.16	-0.08893	1
626.2	-0.08904	1
626.24	-0.08916	1
626.28	-0.08927	1
626.32	-0.08938	1
626.36	-0.08950	1
626.4	-0.08961	1
626.44	-0.08973	1
626.48	-0.08984	1
626.52	-0.08995	1
626.5600000000001	-0.09007	1
626.6	-0.09018	1
626.64	-0.09029	1
626.6800000000001	-0.09041	1
626.72	-0.08921	1
626.76	-0.08932	1
626.8000000000001	-0.08813	1
626.84	-0.08824	1
626.88	-0.08835	1
626.92	-0.08847	1
626.96	-0.08858	1
627.0	-0.08870	1
627.04	-0.08881	1
627.08	-0.08892	1
627.12	-0.08904	1
627.16	-0.08915	1
627.2	-0.08926	1
627.24	-0.08938	1
627.28	-0.08949	1
627.32	-0.08960	1
627.36	-0.08972	1
627.4	-0.08983	1
627.44	-0.08994	1
627.48	-0.09006	1
627.52	-0.09017	1
627.5600000000001	-0.09028	1
627.6	-0.09040	1
627.64	-0.09051	1
627.6800000000001	-0.09062	1
627.72	-0.09074	1
627.76	-0.09085	1
627.8000000000001	-0.09096	1
627.84	-0.09108	1
627.88	-0.09119	1
627.92	-0.09130	1
627.96	-0.09141	0
628.0	-0.09153	0
628.04	-0.09164	0
628.08	-0.09175	0
628.12	-0.09187	0
628.16	-0.09198	0
628.2	-0.09209	0
628.24	-0.09221	0
628.28	-0.09232	0
628.32	-0.09243	0
628.36	-0.09254	0
628.4	-0.09254	0
628.44	-0.09135	0
628.48	-0.09146	0
628.52	-0.09158	0
628.5600000000001	-0.09169	0
628.6	-0.09180	0
628.64	-0.09192	0
628.6800000000001	-0.09203	0
628.72	-0.09214	0
628.76	-0.09225	0
628.8000000000001	-0.09237	0
628.84	-0.09248	0
628.88	-0.09259	0
628.92	-0.09259	0
628.96	-0.09259	0
629.0	-0.09259	0
629.04	-0.09259	0
629.08	-0.09259	1
629.12	-0.09259	1
629.16	-0.09259	1
629.2	-0.09259	1
629.24	-0.09259	1
629.28	-0.09259	1
629.32	-0.09259	1
629.36	-0.09259	1
629.4	-0.09259	1
629.44	-0.09259	1
629.48	-0.09259	1
629.52	-0.09259	1
629.5600000000001	-0.09259	1
629.6	-0.09259	1
629.64	-0.09259	1
629.6800000000001	-0.09139	1
629.72	-0.09150	1
629.76	-0.09162	1
629.8000000000001	-0.09173	1
629.84	-0.09185	1
629.88	-0.09196	1
629.92	-0.09207	1
629.96	-0.09087	1
630.0	-0.08967	1
630.04	-0.08979	1
630.08	-0.08990	1
630.12	-0.08870	1
630.16	-0.08882	1
630.2	-0.08893	1
630.24	-0.08904	1
630.28	-0.08916	1
630.32	-0.08927	1
630.36	-0.08938	1
630.4	-0.08950	1
630.44	-0.08961	1
630.48	-0.08973	1
630.52	-0.08984	1
630.5600000000001	-0.08995	1
630.6	-0.09007	1
630.64	-0.09018	1
630.6800000000001	-0.09029	1
630.72	-0.09041	1
630.76	-0.09052	1
630.8000000000001	-0.09063	1
630.84	-0.09075	1
630.88	-0.09086	1
630.92	-0.09097	1
630.96	-0.09109	1
631.0	-0.09120	1
631.04	-0.09131	1
631.08	-0.09143	1
631.12	-0.09154	1
631.16	-0.09165	0
631.2	-0.09177	0
631.24	-0.09188	0
631.28	-0.09450	0
631.32	-0.09450	0
631.36	-0.09450	0
631.4	-0.09450	0
631.44	-0.09450	0
631.48	-0.09450	0
631.52	-0.09450	0
631.5600000000001	-0.09450	0
631.6	-0.09450	0
631.64	-0.09450	0
631.6800000000001	-0.09450	0
631.72	-0.09450	0
631.76	-0.09450	0
631.8000000000001	-0.09450	0
631.84	-0.09450	0
631.88	-0.09450	0
631.92	-0.09450	0
631.96	-0.09450	0
632.0	-0.09450	0
632.04	-0.09450	0
632.08	-0.09319	0
632.12	-0.09319	0
632.16	-0.09319	0
632.2	-0.09319	0
632.24	-0.09319	0
632.28	-0.09319	0
632.32	-0.09319	0
632.36	-0.09319	0
632.4	-0.09319	0
632.44	-0.09319	0
632.48	-0.09319	0
632.52	-0.09319	0
632.5600000000001	-0.09319	0
632.6	-0.09319	0
632.64	-0.09319	0
632.6800000000001	-0.09319	0
632.72	-0.09319	0
632.76	-0.09319	0
632.8000000000001	-0.09199	0
632.84	-0.09211	0
632.88	-0.09222	0
632.92	-0.09233	0
632.96	-0.09245	0
633.0	-0.09256	0
633.04	-0.09256	0
633.08	-0.09256	0
633.12	-0.09256	1
633.16	-0.09256	1
633.2	-0.09256	1
633.24	-0.09256	1
633.28	-0.09256	1
633.32	-0.09256	1
633.36	-0.09256	1
633.4	-0.09256	1
633.44	-0.09256	1
633.48	-0.09256	1
633.52	-0.09256	1
633.5600000000001	-0.09256	1
633.6	-0.09256	1
633.64	-0.09256	1
633.6800000000001	-0.09256	1
633.72	-0.09256	1
633.76	-0.09256	1
633.8000000000001	-0.09256	1
633.84	-0.09256	1
633.88	-0.09256	1
633.92	-0.09256	1
633.96	-0.09256	1
634.0	-0.09256	1
634.04	-0.09256	1
634.08	-0.09256	1
634.12	-0.09256	1
634.16	-0.09256	1
634.2	-0.09256	1
634.24	-0.09256	1
634.28	-0.09256	1
634.32	-0.09256	1
634.36	-0.09256	1
634.4	-0.09256	1
634.44	-0.09256	1
634.48	-0.09256	1
634.52	-0.09256	1
634.5600000000001	-0.09256	1
634.6	-0.09256	1
634.64	-0.09256	1
634.6800000000001	-0.09256	1
634.72	-0.09256	1
634.76	-0.09136	1
634.8000000000001	-0.09147	1
634.84	-0.09159	1
634.88	-0.09170	1
634.92	-0.09181	1
634.96	-0.09193	1
635.0	-0.09204	1
635.04	-0.09215	1
635.08	-0.09227	1
635.12	-0.09238	1
635.16	-0.09118	1
635.2	-0.09130	1
635.24	-0.09141	1
635.28	-0.09152	1
635.32	-0.09164	1
635.36	-0.09175	1
635.4	-0.09186	1
635.44	-0.09198	1
635.48	-0.09209	1
635.52	-0.09220	1
635.5600000000001	-0.09232	1
635.6	-0.09243	1
635.64	-0.09254	1
635.6800000000001	-0.09254	1
635.72	-0.09254	1
635.76	-0.09254	1
635.8000000000001	-0.09254	1
635.84	-0.09254	1
635.88	-0.09254	1
635.92	-0.09254	1
635.96	-0.09254	1
636.0	-0.09254	1
636.04	-0.09254	1
636.08	-0.09254	1
636.12	-0.09254	1
636.16	-0.09254	1
636.2	-0.09254	1
636.24	-0.09254	1
636.28	-0.09254	1
636.32	-0.09254	1
636.36	-0.09254	1
636.4	-0.09254	1
636.44	-0.09254	1
636.48	-0.09254	1
636.52	-0.09254	1
636.5600000000001	-0.09254	1
636.6	-0.09254	1
636.64	-0.09254	1
636.6800000000001	-0.09254	1
636.72	-0.09254	1
636.76	-0.09254	1
636.8000000000001	-0.09254	1
636.84	-0.09254	1
636.88	-0.09135	1
636.92	-0.09146	1
636.96	-0.09157	1
637.0	-0.09169	1
637.04	-0.09180	1
637.08	-0.09191	1
637.12	-0.09203	1
637.16	-0.09083	1
637.2	-0.09094	1
637.24	-0.09106	1
637.28	-0.09117	1
637.32	-0.09128	1
637.36	-0.09140	1
637.4	-0.09151	1
637.44	-0.09162	1
637.48	-0.09174	1
637.52	-0.09185	1
637.5600000000001	-0.09065	1
637.6	-0.09077	1
637.64	-0.09088	1
637.6800000000001	-0.09099	1
637.72	-0.09111	1
637.76	-0.09122	1
637.8000000000001	-0.09133	1
637.84	-0.09145	1
637.88	-0.09156	1
637.92	-0.09167	1
637.96	-0.09179	1
638.0	-0.09190	1
638.04	-0.09201	1
638.08	-0.09212	1
638.12	-0.09224	1
638.16	-0.09235	1
638.2	-0.09246	1
638.24	-0.09258	1
638.28	-0.09258	1
638.32	-0.09258	1
638.36	-0.09258	1
638.4	-0.09258	1
638.44	-0.09258	1
638.48	-0.09258	1
638.52	-0.09258	1
638.5600000000001	-0.09258	1
638.6	-0.09258	1
638.64	-0.09258	1
638.6800000000001	-0.09258	1
638.72	-0.09258	1
638.76	-0.09258	1
638.8000000000001	-0.09258	1
638.84	-0.09138	1
638.88	-0.09019	1
638.92	-0.09030	1
638.96	-0.09042	1
639.0	-0.09053	1
639.04	-0.09064	1
639.08	-0.09076	0
639.12	-0.09087	0
639.16	-0.09098	0
639.2	-0.09109	0
639.24	-0.09121	0
639.28	-0.09132	0
639.32	-0.09143	0
639.36	-0.09155	0
639.4	-0.09166	0
639.44	-0.09177	0
639.48	-0.09188	0
639.52	-0.09200	0
639.5600000000001	-0.09211	0
639.6	-0.09222	0
639.64	-0.09233	0
639.6800000000001	-0.09245	0
639.72	-0.09256	0
639.76	-0.09256	0
639.8000000000001	-0.09256	0
639.84	-0.09256	0
639.88	-0.09256	0
639.92	-0.09137	0
639.96	-0.09148	0
640.0	-0.09160	0
640.04	-0.09171	0
640.08	-0.09182	0
640.12	-0.09193	0
640.16	-0.09205	0
640.2	-0.09216	0
640.24	-0.09227	0
640.28	-0.09238	0
640.32	-0.09250	0
640.36	-0.09261	0
640.4	-0.09261	0
640.44	-0.09261	0
640.48	-0.09261	0
640.52	-0.09261	0
640.5600000000001	-0.09261	0
640.6	-0.09261	0
640.64	-0.09261	0
640.6800000000001	-0.09261	0
640.72	-0.09261	0
640.76	-0.09261	0
640.8000000000001	-0.09261	0
640.84	-0.09261	0
640.88	-0.09261	0
640.92	-0.09261	0
640.96	-0.09261	0
641.0	-0.09261	0
641.04	-0.09261	0
641.08	-0.09261	0
641.12	-0.09261	0
641.16	-0.09261	0
641.2	-0.09261	0
641.24	-0.09261	0
641.28	-0.09261	0
641.32	-0.09261	0
641.36	-0.09261	0
641.4	-0.09261	0
641.44	-0.09261	0
641.48	-0.09261	0
641.52	-0.09261	0
641.5600000000001	-0.09261	0
641.6	-0.09261	0
641.64	-0.09261	0
641.6800000000001	-0.09261	0
641.72	-0.09261	0
641.76	-0.09261	0
641.8000000000001	-0.09261	0
641.84	-0.09261	0
641.88	-0.09261	0
641.92	-0.09261	0
641.96	-0.09261	0
642.0	-0.09261	0
642.04	-0.09261	0
642.08	-0.09261	0
642.12	-0.09261	0
642.16	-0.09261	0
642.2	-0.09142	0
642.24	-0.09153	0
642.28	-0.09165	0
642.32	-0.09176	0
642.36	-0.09187	0
642.4	-0.09198	0
642.44	-0.09458	0
642.48	-0.09458	0
642.52	-0.09458	0
642.5600000000001	-0.09458	0
642.6	-0.09458	0
642.64	-0.09458	0
642.6800000000001	-0.09458	0
642.72	-0.09458	0
642.76	-0.09458	0
642.8000000000001	-0.09458	0
642.84	-0.09458	0
642.88	-0.09458	0
642.92	-0.09458	0
642.96	-0.09458	0
643.0	-0.09458	0
643.04	-0.09458	0
643.08	-0.09458	0
643.12	-0.09458	0
643.16	-0.09328	0
643.2	-0.09328	0
643.24	-0.09328	0
643.28	-0.09328	0
643.32	-0.09328	0
643.36	-0.09328	0
643.4	-0.09328	0
643.44	-0.09328	0
643.48	-0.09328	0
643.52	-0.09328	0
643.5600000000001	-0.09328	0
643.6	-0.09328	0
643.64	-0.09328	0
643.6800000000001	-0.09328	0
643.72	-0.09209	0
643.76	-0.09221	0
643.8000000000001	-0.09232	0
643.84	-0.09243	0
643.88	-0.09254	0
643.92	-0.09254	0
643.96	-0.09254	0
644.0	-0.09254	0
644.04	-0.09254	0
644.08	-0.09254	0
644.12	-0.09254	0
644.16	-0.09254	0
644.2	-0.09254	0
644.24	-0.09254	0
644.28	-0.09254	0
644.32	-0.09254	0
644.36	-0.09254	0
644.4	-0.09254	0
644.44	-0.09254	0
644.48	-0.09254	0
644.52	-0.09254	0
644.5600000000001	-0.09254	0
644.6	-0.09254	0
644.64	-0.09254	0
644.6800000000001	-0.09254	0
644.72	-0.09254	0
644.76	-0.09254	0
644.8000000000001	-0.09254	0
644.84	-0.09254	0
644.88	-0.09254	0
644.92	-0.09254	0
644.96	-0.09254	0
645.0	-0.09254	0
645.04	-0.09254	0
645.08	-0.09254	0
645.12	-0.09254	0
645.16	-0.09136	0
645.2	-0.09147	0
645.24	-0.09158	0
645.28	-0.09169	0
645.32	-0.09181	0
645.36	-0.09192	1
645.4	-0.09203	1
645.44	-0.09215	1
645.48	-0.09226	1
645.52	-0.09238	1
645.5600000000001	-0.09249	1
645.6	-0.09129	1
645.64	-0.09009	1
645.6800000000001	-0.09020	1
645.72	-0.09032	1
645.76	-0.09043	1
645.8000000000001	-0.09054	1
645.84	-0.09066	1
645.88	-0.08946	1
645.92	-0.08957	1
645.96	-0.08969	1
646.0	-0.08980	1
646.04	-0.08991	1
646.08	-0.08872	1
646.12	-0.08883	1
646.16	-0.08894	1
646.2	-0.08906	1
646.24	-0.08917	1
646.28	-0.08928	1
646.32	-0.08940	1
646.36	-0.08951	1
646.4	-0.08963	1
646.44	-0.08974	1
646.48	-0.08985	1
646.52	-0.08997	1
646.5600000000001	-0.09008	1
646.6	-0.09019	1
646.64	-0.09031	1
646.6800000000001	-0.09042	1
646.72	-0.09053	1
646.76	-0.09065	1
646.8000000000001	-0.09076	1
646.84	-0.09087	1
646.88	-0.09099	1
646.92	-0.08979	1
646.96	-0.08991	1
647.0	-0.09002	1
647.04	-0.09013	1
647.08	-0.09025	1
647.12	-0.09036	1
647.16	-0.09047	1
647.2	-0.09059	1
647.24	-0.09070	1
647.28	-0.09081	1
647.32	-0.08962	1
647.36	-0.08973	1
647.4	-0.08854	1
647.44	-0.08865	1
647.48	-0.08876	1
647.52	-0.08888	1
647.5600000000001	-0.08769	1
647.6	-0.08780	1
647.64	-0.08791	1
647.6800000000001	-0.08803	1
647.72	-0.08814	1
647.76	-0.08825	1
647.8000000000001	-0.08837	1
647.84	-0.08848	1
647.88	-0.08859	1
647.92	-0.08871	1
647.96	-0.08882	1
648.0	-0.08893	1
648.04	-0.08905	1
648.08	-0.08916	1
648.12	-0.08927	1
648.16	-0.08938	1
648.2	-0.08950	1
648.24	-0.08961	1
648.28	-0.09233	1
648.32	-0.09114	1
648.36	-0.09125	1
648.4	-0.09136	1
648.44	-0.09148	1
648.48	-0.09159	1
648.52	-0.09170	1
648.5600000000001	-0.09181	1
648.6	-0.09193	1
648.64	-0.09204	1
648.6800000000001	-0.09215	1
648.72	-0.09227	1
648.76	-0.09238	1
648.8000000000001	-0.09249	1
648.84	-0.09260	1
648.88	-0.09260	1
648.92	-0.09260	1
648.96	-0.09141	1
649.0	-0.09153	1
649.04	-0.09164	1
649.08	-0.09175	1
649.12	-0.09186	1
649.16	-0.09198	1
649.2	-0.09209	1
649.24	-0.09220	1
649.28	-0.09101	1
649.32	-0.09113	1
649.36	-0.09124	1
649.4	-0.09135	1
649.44	-0.09146	1
649.48	-0.09406	1
649.52	-0.09406	1
649.5600000000001	-0.09406	1
649.6	-0.09406	1
649.64	-0.09406	1
649.6800000000001	-0.09406	1
649.72	-0.09406	1
649.76	-0.09406	1
649.8000000000001	-0.09406	1
649.84	-0.09406	1
649.88	-0.09406	1
649.92	-0.09406	1
649.96	-0.09406	1
650.0	-0.09406	1
650.04	-0.09406	1
650.08	-0.09406	1
650.12	-0.09406	1
650.16	-0.09406	1
650.2	-0.09406	1
650.24	-0.09406	1
650.28	-0.09406	1
650.32	-0.09406	1
650.36	-0.09406	1
650.4	-0.09406	1
650.44	-0.09406	1
650.48	-0.09406	1
650.52	-0.09406	1
650.5600000000001	-0.09406	1
650.6	-0.09406	1
650.64	-0.09406	1
650.6800000000001	-0.09406	1
650.72	-0.09406	1
650.76	-0.09406	1
650.8000000000001	-0.09406	1
650.84	-0.09406	1
650.88	-0.09406	1
650.92	-0.09406	1
650.96	-0.09406	1
651.0	-0.09406	1
651.04	-0.09406	1
651.08	-0.09406	1
651.12	-0.09406	1
651.16	-0.09406	1
651.2	-0.09406	1
651.24	-0.09406	1
651.28	-0.09406	1
651.32	-0.09406	1
651.36	-0.09406	1
651.4	-0.09406	1
651.44	-0.09406	1
651.48	-0.09406	1
651.52	-0.09406	0
651.5600000000001	-0.09406	0
651.6	-0.09406	0
651.64	-0.09276	0
651.6800000000001	-0.09276	1
651.72	-0.09276	1
651.76	-0.09276	1
651.8000000000001	-0.09276	1
651.84	-0.09276	1
651.88	-0.09276	1
651.92	-0.09276	1
651.96	-0.09276	1
652.0	-0.09276	1
652.04	-0.09276	1
652.08	-0.09276	1
652.12	-0.09276	1
652.16	-0.09276	1
652.2	-0.09276	1
652.24	-0.09276	1
652.28	-0.09276	1
652.32	-0.09276	1
652.36	-0.09276	1
652.4	-0.09276	1
652.44	-0.09276	1
652.48	-0.09276	1
652.52	-0.09276	1
652.5600000000001	-0.09276	1
652.6	-0.09276	1
652.64	-0.09276	1
652.6800000000001	-0.09276	1
652.72	-0.09276	1
652.76	-0.09276	1
652.8000000000001	-0.09276	1
652.84	-0.09276	1
652.88	-0.09276	1
652.92	-0.09276	1
652.96	-0.09156	1
653.0	-0.09168	1
653.04	-0.09179	1
653.08	-0.09059	1
653.12	-0.09070	1
653.16	-0.09082	1
653.2	-0.09093	1
653.24	-0.08973	1
653.28	-0.08984	1
653.32	-0.08996	1
653.36	-0.09007	1
653.4	-0.08887	1
653.44	-0.08899	1
653.48	-0.08910	1
653.52	-0.08921	1
653.5600000000001	-0.08933	1
653.6	-0.08682	1
653.64	-0.08693	1
653.6800000000001	-0.08573	1
653.72	-0.08585	1
653.76	-0.08596	1
653.8000000000001	-0.08608	1
653.84	-0.08488	1
653.88	-0.08499	1
653.92	-0.08511	1
653.96	-0.08522	1
654.0	-0.08534	1
654.04	-0.08545	1
654.08	-0.08818	1
654.12	-0.08830	1
654.16	-0.08841	1
654.2	-0.08853	1
654.24	-0.08864	1
654.28	-0.08875	1
654.32	-0.08887	1
654.36	-0.08898	1
654.4	-0.09171	1
654.44	-0.09182	1
654.48	-0.09194	1
654.52	-0.09205	1
654.5600000000001	-0.09216	1
654.6	-0.09228	1
654.64	-0.09239	1
654.6800000000001	-0.09250	1
654.72	-0.09250	1
654.76	-0.09250	1
654.8000000000001	-0.09250	1
654.84	-0.09250	1
654.88	-0.09250	1
654.92	-0.09250	1
654.96	-0.09250	0
655.0	-0.09250	0
655.04	-0.09250	0
655.08	-0.09250	0
655.12	-0.09250	0
655.16	-0.09250	0
655.2	-0.09250	0
655.24	-0.09250	0
655.28	-0.09250	0
655.32	-0.09131	0
655.36	-0.09142	0
655.4	-0.09154	0
655.44	-0.09165	0
655.48	-0.09176	0
655.52	-0.09187	0
655.5600000000001	-0.09199	0
655.6	-0.09210	0
655.64	-0.09221	0
655.6800000000001	-0.09233	0
655.72	-0.09244	0
655.76	-0.09255	0
655.8000000000001	-0.09255	0
655.84	-0.09255	0
655.88	-0.09255	0
655.92	-0.09255	0
655.96	-0.09255	0
656.0	-0.09255	0
656.04	-0.09005	0
656.08	-0.09017	0
656.12	-0.09028	0
656.16	-0.09039	0
656.2	-0.09051	0
656.24	-0.09062	0
656.28	-0.09073	0
656.32	-0.09084	0
656.36	-0.09096	0
656.4	-0.09107	0
656.44	-0.09368	0
656.48	-0.09249	0
656.52	-0.09260	0
656.5600000000001	-0.09260	0
656.6	-0.09260	0
656.64	-0.09260	0
656.6800000000001	-0.09260	0
656.72	-0.09260	0
656.76	-0.09260	0
656.8000000000001	-0.09260	0
656.84	-0.09260	0
656.88	-0.09260	0
656.92	-0.09260	0
656.96	-0.09260	0
657.0	-0.09260	0
657.04	-0.09260	0
657.08	-0.09260	0
657.12	-0.09260	0
657.16	-0.09260	0
657.2	-0.09260	0
657.24	-0.09260	0
657.28	-0.09260	0
657.32	-0.09260	0
657.36	-0.09260	0
657.4	-0.09260	0
657.44	-0.09260	0
657.48	-0.09260	1
657.52	-0.09260	1
657.5600000000001	-0.09260	1
657.6	-0.09260	1
657.64	-0.09140	1
657.6800000000001	-0.09151	1
657.72	-0.09163	1
657.76	-0.09174	1
657.8000000000001	-0.09185	1
657.84	-0.09197	1
657.88	-0.09208	1
657.92	-0.09471	1
657.96	-0.09471	1
658.0	-0.09471	1
658.04	-0.09471	1
658.08	-0.09471	1
658.12	-0.09471	1
658.16	-0.09471	1
658.2	-0.09471	1
658.24	-0.09340	1
658.28	-0.09340	1
658.32	-0.09340	1
658.36	-0.09340	1
658.4	-0.09340	1
658.44	-0.09340	1
658.48	-0.09340	1
658.52	-0.09340	1
658.5600000000001	-0.09340	1
658.6	-0.09340	1
658.64	-0.09340	1
658.6800000000001	-0.09340	1
658.72	-0.09340	1
658.76	-0.09340	1
658.8000000000001	-0.09340	1
658.84	-0.09340	1
658.88	-0.09340	1
658.92	-0.09340	1
658.96	-0.09340	1
659.0	-0.09340	1
659.04	-0.09340	1
659.08	-0.09340	1
659.12	-0.09340	1
659.16	-0.09340	1
659.2	-0.09340	1
659.24	-0.09340	1
659.28	-0.09340	1
659.32	-0.09340	1
659.36	-0.09340	1
659.4	-0.09340	1
659.44	-0.09219	1
659.48	-0.09231	1
659.52	-0.09111	1
659.5600000000001	-0.09122	1
659.6	-0.09134	1
659.64	-0.09145	1
659.6800000000001	-0.09156	1
659.72	-0.09168	1
659.76	-0.09048	1
659.8000000000001	-0.09059	1
659.84	-0.09071	1
659.88	-0.09082	1
659.92	-0.09093	1
659.96	-0.09105	1
660.0	-0.09116	1
660.04	-0.09127	1
660.08	-0.09008	1
660.12	-0.09019	1
660.16	-0.09030	1
660.2	-0.08911	1
660.24	-0.08922	1
660.28	-0.08933	1
660.32	-0.08945	1
660.36	-0.08956	1
660.4	-0.08967	1
660.44	-0.08979	1
660.48	-0.08990	1
660.52	-0.09001	1
660.5600000000001	-0.09013	1
660.6	-0.09024	1
660.64	-0.09035	1
660.6800000000001	-0.09047	1
660.72	-0.09058	1
660.76	-0.08939	1
660.8000000000001	-0.08819	1
660.84	-0.08831	1
660.88	-0.08842	1
660.92	-0.08853	1
660.96	-0.08865	1
661.0	-0.08876	1
661.04	-0.08887	1
661.08	-0.08768	1
661.12	-0.09041	1
661.16	-0.09052	1
661.2	-0.09063	1
661.24	-0.09075	1
661.28	-0.09086	1
661.32	-0.09097	1
661.36	-0.09108	1
661.4	-0.09120	1
661.44	-0.09131	1
661.48	-0.09142	1
661.52	-0.09154	1
661.5600000000001	-0.09034	1
661.6	-0.09046	1
661.64	-0.09057	1
661.6800000000001	-0.09068	1
661.72	-0.09080	1
661.76	-0.09091	1
661.8000000000001	-0.09102	1
661.84	-0.09114	1
661.88	-0.09125	1
661.92	-0.09136	1
661.96	-0.09147	1
662.0	-0.09028	1
662.04	-0.09040	1
662.08	-0.09051	1
662.12	-0.09062	1
662.16	-0.09073	1
662.2	-0.08955	1
662.24	-0.08836	1
662.28	-0.08847	1
662.32	-0.08858	1
662.36	-0.08869	1
662.4	-0.08881	1
662.44	-0.08892	1
662.48	-0.08903	1
662.52	-0.08915	1
662.5600000000001	-0.08926	1
662.6	-0.08937	1
662.64	-0.08949	1
662.6800000000001	-0.08960	1
662.72	-0.08841	1
662.76	-0.08852	1
662.8000000000001	-0.08864	1
662.84	-0.08875	1
662.88	-0.08886	1
662.92	-0.08767	1
662.96	-0.08779	1
663.0	-0.08790	1
663.04	-0.08801	1
663.08	-0.08813	1
663.12	-0.08824	1
663.16	-0.08835	1
663.2	-0.08846	1
663.24	-0.08858	1
663.28	-0.08869	1
663.32	-0.08880	1
663.36	-0.08892	1
663.4	-0.08903	1
663.44	-0.09174	1
663.48	-0.09185	1
663.52	-0.09196	1
663.5600000000001	-0.09207	1
663.6	-0.09218	1
663.64	-0.09230	1
663.6800000000001	-0.09241	1
663.72	-0.09252	1
663.76	-0.09252	1
663.8000000000001	-0.09252	1
663.84	-0.09252	1
663.88	-0.09252	1
663.92	-0.09252	1
663.96	-0.09134	1
664.0	-0.09145	1
664.04	-0.09156	1
664.08	-0.09415	1
664.12	-0.09415	1
664.16	-0.09415	1
664.2	-0.09415	1
664.24	-0.09415	0
664.28	-0.09415	0
664.32	-0.09415	0
664.36	-0.09415	0
664.4	-0.09415	0
664.44	-0.09415	0
664.48	-0.09415	0
664.52	-0.09415	0
664.5600000000001	-0.09415	0
664.6	-0.09415	0
664.64	-0.09415	0
664.6800000000001	-0.09415	0
664.72	-0.09415	0
664.76	-0.09415	0
664.8000000000001	-0.09415	0
664.84	-0.09415	0
664.88	-0.09415	0
664.92	-0.09415	0
664.96	-0.09415	0
665.0	-0.09415	0
665.04	-0.09415	0
665.08	-0.09415	0
665.12	-0.09415	0
665.16	-0.09415	0
665.2	-0.09415	0
665.24	-0.09415	0
665.28	-0.09415	0
665.32	-0.09415	0
665.36	-0.09415	0
665.4	-0.09415	0
665.44	-0.09415	0
665.48	-0.09415	0
665.52	-0.09415	0
665.5600000000001	-0.09415	0
665.6	-0.09415	0
665.64	-0.09286	0
665.6800000000001	-0.09286	0
665.72	-0.09286	0
665.76	-0.09286	0
665.8000000000001	-0.09286	0
665.84	-0.09286	0
665.88	-0.09286	0
665.92	-0.09286	0
665.96	-0.09286	0
666.0	-0.09286	0
666.04	-0.09286	0
666.08	-0.09167	0
666.12	-0.09178	0
666.16	-0.09190	0
666.2	-0.09201	0
666.24	-0.09212	0
666.28	-0.09223	0
666.32	-0.09234	0
666.36	-0.09246	0
666.4	-0.09257	0
666.44	-0.09257	0
666.48	-0.09257	0
666.52	-0.09257	0
666.5600000000001	-0.09257	0
666.6	-0.09257	0
666.64	-0.09257	0
666.6800000000001	-0.09257	0
666.72	-0.09257	0
666.76	-0.09257	0
666.8000000000001	-0.09257	0
666.84	-0.09257	0
666.88	-0.09257	0
666.92	-0.09257	0
666.96	-0.09257	0
667.0	-0.09257	0
667.04	-0.09257	0
667.08	-0.09257	0
667.12	-0.09257	0
667.16	-0.09257	0
667.2	-0.09257	0
667.24	-0.09257	0
667.28	-0.09257	0
667.32	-0.09257	0
667.36	-0.09257	0
667.4	-0.09139	0
667.44	-0.09150	0
667.48	-0.09161	0
667.52	-0.09172	0
667.5600000000001	-0.09183	0
667.6	-0.09195	0
667.64	-0.09076	0
667.6800000000001	-0.09088	0
667.72	-0.09099	0
667.76	-0.09110	0
667.8000000000001	-0.09121	0
667.84	-0.09132	0
667.88	-0.09144	0
667.92	-0.09155	0
667.96	-0.09166	0
668.0	-0.09177	0
668.04	-0.09188	0
668.08	-0.09199	0
668.12	-0.09211	0
668.16	-0.09222	0
668.2	-0.09233	0
668.24	-0.09244	0
668.28	-0.09255	0
668.32	-0.09255	0
668.36	-0.09255	0
668.4	-0.09255	0
668.44	-0.09255	0
668.48	-0.09255	0
668.52	-0.09255	0
668.5600000000001	-0.09255	0
668.6	-0.09255	0
668.64	-0.09255	1
668.6800000000001	-0.09255	1
668.72	-0.09255	1
668.76	-0.09255	1
668.8000000000001	-0.09255	1
668.84	-0.09255	1
668.88	-0.09255	1
668.92	-0.09255	1
668.96	-0.09135	1
669.0	-0.09146	1
669.04	-0.09158	1
669.08	-0.09169	1
669.12	-0.09181	1
669.16	-0.09192	1
669.2	-0.09203	1
669.24	-0.09215	1
669.28	-0.09226	1
669.32	-0.09237	1
669.36	-0.09249	1
669.4	-0.09129	1
669.44	-0.09140	1
669.48	-0.09152	1
669.52	-0.09163	1
669.5600000000001	-0.09174	1
669.6	-0.09437	1
669.64	-0.09437	1
669.6800000000001	-0.09437	1
669.72	-0.09437	1
669.76	-0.09437	1
669.8000000000001	-0.09437	1
669.84	-0.09437	1
669.88	-0.09305	1
669.92	-0.09305	1
669.96	-0.09305	1
670.0	-0.09305	1
670.04	-0.09305	1
670.08	-0.09305	1
670.12	-0.09305	1
670.16	-0.09305	1
670.2	-0.09305	1
670.24	-0.09305	1
670.28	-0.09305	1
670.32	-0.09186	1
670.36	-0.09197	1
670.4	-0.09208	1
670.44	-0.09220	1
670.48	-0.09231	1
670.52	-0.09242	1
670.5600000000001	-0.09254	1
670.6	-0.09254	1
670.64	-0.09134	1
670.6800000000001	-0.09145	1
670.72	-0.09157	1
670.76	-0.09168	1
670.8000000000001	-0.09179	1
670.84	-0.09191	1
670.88	-0.09202	1
670.92	-0.09082	1
670.96	-0.09094	1
671.0	-0.09105	1
671.04	-0.09116	1
671.08	-0.09128	1
671.12	-0.09008	1
671.16	-0.09019	1
671.2	-0.09031	1
671.24	-0.09042	0
671.28	-0.08923	0
671.32	-0.08934	0
671.36	-0.08945	0
671.4	-0.08957	0
671.44	-0.08968	0
671.48	-0.08979	0
671.52	-0.08991	0
671.5600000000001	-0.09002	0
671.6	-0.09013	0
671.64	-0.09025	0
671.6800000000001	-0.09036	0
671.72	-0.09047	0
671.76	-0.09058	0
671.8000000000001	-0.09070	0
671.84	-0.09081	0
671.88	-0.08962	0
671.92	-0.08973	0
671.96	-0.08984	0
672.0	-0.08996	0
672.04	-0.09007	0
672.08	-0.09018	0
672.12	-0.09030	0
672.16	-0.09041	0
672.2	-0.09052	0
672.24	-0.08933	0
672.28	-0.08944	0
672.32	-0.08956	0
672.36	-0.08967	0
672.4	-0.08978	0
672.44	-0.08990	0
672.48	-0.09001	0
672.52	-0.09012	0
672.5600000000001	-0.09024	0
672.6	-0.09035	0
672.64	-0.09046	0
672.6800000000001	-0.09057	0
672.72	-0.09069	0
672.76	-0.09080	0
672.8000000000001	-0.09091	0
672.84	-0.09103	0
672.88	-0.09363	0
672.92	-0.09363	0
672.96	-0.09363	0
673.0	-0.09363	0
673.04	-0.09363	0
673.08	-0.09363	0
673.12	-0.09363	0
673.16	-0.09363	0
673.2	-0.09363	0
673.24	-0.09363	0
673.28	-0.09363	0
673.32	-0.09244	0
673.36	-0.09255	0
673.4	-0.09255	0
673.44	-0.09255	0
673.48	-0.09255	0
673.52	-0.09255	0
673.5600000000001	-0.09255	0
673.6	-0.09255	0
673.64	-0.09255	0
673.6800000000001	-0.09255	0
673.72	-0.09255	0
673.76	-0.09255	0
673.8000000000001	-0.09255	0
673.84	-0.09255	0
673.88	-0.09255	0
673.92	-0.09255	0
673.96	-0.09255	0
674.0	-0.09255	0
674.04	-0.09255	0
674.08	-0.09255	0
674.12	-0.09255	0
674.16	-0.09255	0
674.2	-0.09255	0
674.24	-0.09136	0
674.28	-0.09148	0
674.32	-0.09159	0
674.36	-0.09170	0
674.4	-0.09181	0
674.44	-0.09193	0
674.48	-0.09074	0
674.52	-0.09085	0
674.5600000000001	-0.09096	1
674.6	-0.09108	1
674.64	-0.09119	1
674.6800000000001	-0.09131	1
674.72	-0.09142	1
674.76	-0.09153	1
674.8000000000001	-0.09165	1
674.84	-0.09176	1
674.88	-0.09187	1
674.92	-0.09199	1
674.96	-0.09079	1
675.0	-0.09090	1
675.04	-0.09102	1
675.08	-0.09113	1
675.12	-0.09124	1
675.16	-0.09136	1
675.2	-0.09147	1
675.24	-0.09158	1
675.28	-0.09170	1
675.32	-0.09181	1
675.36	-0.09192	1
675.4	-0.09204	1
675.44	-0.09215	1
675.48	-0.09226	1
675.52	-0.09238	1
675.5600000000001	-0.09249	1
675.6	-0.09260	1
675.64	-0.09260	1
675.6800000000001	-0.09260	1
675.72	-0.09260	1
675.76	-0.09260	1
675.8000000000001	-0.09260	1
675.84	-0.09260	1
675.88	-0.09260	1
675.92	-0.09260	1
675.96	-0.09260	1
676.0	-0.09260	1
676.04	-0.09260	1
676.08	-0.09260	1
676.12	-0.09141	1
676.16	-0.09152	1
676.2	-0.09163	1
676.24	-0.09175	1
676.28	-0.09186	1
676.32	-0.09197	1
676.36	-0.09209	1
676.4	-0.09220	1
676.44	-0.09231	1
676.48	-0.09243	1
676.52	-0.09254	1
676.5600000000001	-0.09254	1
676.6	-0.09254	1
676.64	-0.09134	1
676.6800000000001	-0.09146	1
676.72	-0.09157	1
676.76	-0.09168	0
676.8000000000001	-0.09180	0
676.84	-0.09191	0
676.88	-0.09202	0
676.92	-0.09214	0
676.96	-0.09225	0
677.0	-0.09236	0
677.04	-0.09248	0
677.08	-0.09259	0
677.12	-0.09259	0
677.16	-0.09259	0
677.2	-0.09259	0
677.24	-0.09259	0
677.28	-0.09259	0
677.32	-0.09259	0
677.36	-0.09259	0
677.4	-0.09259	0
677.44	-0.09259	0
677.48	-0.09259	0
677.52	-0.09259	0
677.5600000000001	-0.09259	0
677.6	-0.09259	0
677.64	-0.09259	0
677.6800000000001	-0.09259	0
677.72	-0.09259	0
677.76	-0.09259	0
677.8000000000001	-0.09259	0
677.84	-0.09259	0
677.88	-0.09259	0
677.92	-0.09139	0
677.96	-0.09151	0
678.0	-0.09162	0
678.04	-0.09043	0
678.08	-0.09054	0
678.12	-0.08935	0
678.16	-0.08946	0
678.2	-0.08957	0
678.24	-0.08969	0
678.28	-0.08980	0
678.32	-0.08861	0
678.36	-0.08872	0
678.4	-0.08884	0
678.44	-0.08895	0
678.48	-0.08776	0
678.52	-0.08787	0
678.5600000000001	-0.08798	0
678.6	-0.08810	0
678.64	-0.08821	0
678.6800000000001	-0.08702	0
678.72	-0.08713	0
678.76	-0.08725	0
678.8000000000001	-0.08736	0
678.84	-0.08747	0
678.88	-0.08759	0
678.92	-0.08770	0
678.96	-0.08781	0
679.0	-0.08793	0
679.04	-0.08674	0
679.08	-0.08685	0
679.12	-0.08696	0
679.16	-0.08708	0
679.2	-0.08719	0
679.24	-0.08730	0
679.28	-0.08742	0
679.32	-0.08753	0
679.36	-0.08764	0
679.4	-0.08775	0
679.44	-0.08787	0
679.48	-0.08798	0
679.52	-0.08809	0
679.5600000000001	-0.08821	0
679.6	-0.08832	0
679.64	-0.08843	0
679.6800000000001	-0.08855	0
679.72	-0.08866	0
679.76	-0.08877	0
679.8000000000001	-0.08888	0
679.84	-0.08900	0
679.88	-0.08911	0
679.92	-0.08922	0
679.96	-0.08933	0
680.0	-0.08945	0
680.04	-0.08956	0
680.08	-0.08967	0
680.12	-0.08978	0
680.16	-0.08990	0
680.2	-0.09001	0
680.24	-0.09012	0
680.28	-0.09023	0
680.32	-0.09035	0
680.36	-0.09046	0
680.4	-0.09057	0
680.44	-0.09068	0
680.48	-0.08950	0
680.52	-0.08961	0
680.5600000000001	-0.08972	0
680.6	-0.08984	0
680.64	-0.09124	0
680.6800000000001	-0.09136	0
680.72	-0.09147	0
680.76	-0.09158	0
680.8000000000001	-0.09169	0
680.84	-0.09180	0
680.88	-0.09192	0
680.92	-0.09203	0
680.96	-0.09214	0
681.0	-0.09225	0
681.04	-0.09236	0
681.08	-0.09248	0
681.12	-0.09259	0
681.16	-0.09259	0
681.2	-0.09259	0
681.24	-0.09141	0
681.28	-0.09152	0
681.32	-0.09163	0
681.36	-0.09174	0
681.4	-0.09185	0
681.44	-0.09197	0
681.48	-0.09208	0
681.52	-0.09219	0
681.5600000000001	-0.09230	0
681.6	-0.09241	0
681.64	-0.09252	0
681.6800000000001	-0.09252	0
681.72	-0.09252	0
681.76	-0.09252	0
681.8000000000001	-0.09252	0
681.84	-0.09252	1
681.88	-0.09252	1
681.92	-0.09252	1
681.96	-0.09252	1
682.0	-0.09252	1
682.04	-0.09132	1
682.08	-0.09144	1
682.12	-0.09155	1
682.16	-0.09166	1
682.2	-0.09178	1
682.24	-0.09189	1
682.28	-0.09201	1
682.32	-0.09212	1
682.36	-0.09223	1
682.4	-0.09235	1
682.44	-0.09246	1
682.48	-0.09126	1
682.52	-0.09137	1
682.5600000000001	-0.09149	1
682.6	-0.09160	1
682.64	-0.09171	1
682.6800000000001	-0.09183	1
682.72	-0.09194	1
682.76	-0.09205	1
682.8000000000001	-0.09217	1
682.84	-0.09228	1
682.88	-0.09239	1
682.92	-0.09251	1
682.96	-0.09251	1
683.0	-0.09251	1
683.04	-0.09251	1
683.08	-0.09251	1
683.12	-0.09251	1
683.16	-0.09251	1
683.2	-0.09131	1
683.24	-0.09011	1
683.28	-0.09023	1
683.32	-0.09034	1
683.36	-0.09045	1
683.4	-0.09057	1
683.44	-0.09068	1
683.48	-0.09079	1
683.52	-0.09091	1
683.5600000000001	-0.09102	1
683.6	-0.09113	1
683.64	-0.09125	1
683.6800000000001	-0.09136	1
683.72	-0.09147	1
683.76	-0.09159	1
683.8000000000001	-0.09170	0
683.84	-0.09181	0
683.88	-0.09193	0
683.92	-0.09204	0
683.96	-0.09215	0
684.0	-0.09227	0
684.04	-0.09238	1
684.08	-0.09249	1
684.12	-0.09261	1
684.16	-0.09261	1
684.2	-0.09261	1
684.24	-0.09261	1
684.28	-0.09261	1
684.32	-0.09261	1
684.36	-0.09261	1
684.4	-0.09261	1
684.44	-0.09261	1
684.48	-0.09261	1
684.52	-0.09141	1
684.5600000000001	-0.09152	1
684.6	-0.09163	1
684.64	-0.09175	1
684.6800000000001	-0.09186	1
684.72	-0.09197	1
684.76	-0.09209	1
684.8000000000001	-0.09220	1
684.84	-0.09232	1
684.88	-0.09243	1
684.92	-0.09254	1
684.96	-0.09254	1
685.0	-0.09254	1
685.04	-0.09254	1
685.08	-0.09254	1
685.12	-0.09254	1
685.16	-0.09254	1
685.2	-0.09254	1
685.24	-0.09254	1
685.28	-0.09254	1
685.32	-0.09254	1
685.36	-0.09254	1
685.4	-0.09254	1
685.44	-0.09254	1
685.48	-0.09254	1
685.52	-0.09254	1
685.5600000000001	-0.09254	1
685.6	-0.09254	1
685.64	-0.09254	1
685.6800000000001	-0.09254	1
685.72	-0.09254	1
685.76	-0.09254	1
685.8000000000001	-0.09254	1
685.84	-0.09254	1
685.88	-0.09254	1
685.92	-0.09254	1
685.96	-0.09254	1
686.0	-0.09254	1
686.04	-0.09254	1
686.08	-0.09254	1
686.12	-0.09254	1
686.16	-0.09254	1
686.2	-0.09254	1
686.24	-0.09254	1
686.28	-0.09254	1
686.32	-0.09254	1
686.36	-0.09134	1
686.4	-0.09146	1
686.44	-0.09157	1
686.48	-0.09168	1
686.52	-0.09431	1
686.5600000000001	-0.09431	1
686.6	-0.09431	1
686.64	-0.09431	1
686.6800000000001	-0.09431	1
686.72	-0.09431	1
686.76	-0.09431	1
686.8000000000001	-0.09431	1
686.84	-0.09300	1
686.88	-0.09300	1
686.92	-0.09300	1
686.96	-0.09300	1
687.0	-0.09300	1
687.04	-0.09300	1
687.08	-0.09300	1
687.12	-0.09300	1
687.16	-0.09180	1
687.2	-0.09191	1
687.24	-0.09202	1
687.28	-0.09214	1
687.32	-0.09225	1
687.36	-0.09236	1
687.4	-0.09248	1
687.44	-0.09259	1
687.48	-0.09259	1
687.52	-0.09259	1
687.5600000000001	-0.09259	1
687.6	-0.09259	1
687.64	-0.09259	1
687.6800000000001	-0.09259	1
687.72	-0.09259	1
687.76	-0.09259	1
687.8000000000001	-0.09259	1
687.84	-0.09139	1
687.88	-0.09151	1
687.92	-0.09162	1
687.96	-0.09173	1
688.0	-0.09185	1
688.04	-0.09196	1
688.08	-0.09207	1
688.12	-0.09219	1
688.16	-0.09230	1
688.2	-0.09241	1
688.24	-0.09253	1
688.28	-0.09253	1
688.32	-0.09253	1
688.36	-0.09253	1
688.4	-0.09253	1
688.44	-0.09253	1
688.48	-0.09253	1
688.52	-0.09133	1
688.5600000000001	-0.09144	1
688.6	-0.09156	1
688.64	-0.09167	1
688.6800000000001	-0.09178	1
688.72	-0.09190	1
688.76	-0.09201	1
688.8000000000001	-0.09082	1
688.84	-0.09093	1
688.88	-0.09104	1
688.92	-0.09115	1
688.96	-0.09127	1
689.0	-0.09138	1
689.04	-0.09149	1
689.08	-0.09161	1
689.12	-0.09172	1
689.16	-0.09183	1
689.2	-0.09195	1
689.24	-0.09206	1
689.28	-0.09217	1
689.32	-0.09228	1
689.36	-0.09240	1
689.4	-0.09251	1
689.44	-0.09251	1
689.48	-0.09251	1
689.52	-0.09251	1
689.5600000000001	-0.09251	1
689.6	-0.09251	1
689.64	-0.09251	1
689.6800000000001	-0.09132	1
689.72	-0.09143	1
689.76	-0.09154	0
689.8000000000001	-0.09166	0
689.84	-0.09177	0
689.88	-0.09188	0
689.92	-0.09200	0
689.96	-0.09211	0
690.0	-0.09222	0
690.04	-0.09233	0
690.08	-0.09245	0
690.12	-0.09256	0
690.16	-0.09256	0
690.2	-0.09256	0
690.24	-0.09256	0
690.28	-0.09256	0
690.32	-0.09256	0
690.36	-0.09256	0
690.4	-0.09256	0
690.44	-0.09256	0
690.48	-0.09256	0
690.52	-0.09256	0
690.5600000000001	-0.09256	0
690.6	-0.09256	0
690.64	-0.09137	0
690.6800000000001	-0.09148	0
690.72	-0.09159	0
690.76	-0.09171	0
690.8000000000001	-0.09182	0
690.84	-0.09193	0
690.88	-0.09204	0
690.92	-0.09216	0
690.96	-0.09227	0
691.0	-0.09238	0
691.04	-0.09249	0
691.08	-0.09261	0
691.12	-0.09261	0
691.16	-0.09261	0
691.2	-0.09261	0
691.24	-0.09261	0
691.28	-0.09261	0
691.32	-0.09261	0
691.36	-0.09261	0
691.4	-0.09261	0
691.44	-0.09261	0
691.48	-0.09261	0
691.52	-0.09261	0
691.5600000000001	-0.09261	0
691.6	-0.09261	0
691.64	-0.09142	0
691.6800000000001	-0.09153	0
691.72	-0.09164	0
691.76	-0.09176	0
691.8000000000001	-0.09187	0
691.84	-0.09198	0
691.88	-0.09079	0
691.92	-0.09091	0
691.96	-0.09102	0
692.0	-0.09113	0
692.04	-0.09124	0
692.08	-0.09136	0
692.12	-0.09147	0
692.16	-0.09158	0
692.2	-0.09169	0
692.24	-0.09181	0
692.28	-0.09192	0
692.32	-0.09203	0
692.36	-0.09214	0
692.4	-0.09225	0
692.44	-0.09107	0
692.48	-0.09118	0
692.52	-0.09129	0
692.5600000000001	-0.09141	0
692.6	-0.09152	0
692.64	-0.09163	0
692.6800000000001	-0.09174	0
692.72	-0.09185	0
692.76	-0.09197	0
692.8000000000001	-0.09208	0
692.84	-0.09219	0
692.88	-0.09230	0
692.92	-0.09242	0
692.96	-0.09123	0
693.0	-0.09134	0
693.04	-0.09146	0
693.08	-0.09157	0
693.12	-0.09168	0
693.16	-0.09179	0
693.2	-0.09061	0
693.24	-0.09072	0
693.28	-0.09083	0
693.32	-0.09095	0
693.36	-0.09106	0
693.4	-0.09117	0
693.44	-0.09128	0
693.48	-0.09139	0
693.52	-0.09151	0
693.5600000000001	-0.09162	0
693.6	-0.09173	0
693.64	-0.09055	0
693.6800000000001	-0.09066	0
693.72	-0.09077	0
693.76	-0.09088	0
693.8000000000001	-0.09100	0
693.84	-0.09111	0
693.88	-0.09122	0
693.92	-0.09133	0
693.96	-0.09144	0
694.0	-0.09155	0
694.04	-0.09167	0
694.08	-0.09049	0
694.12	-0.09060	0
694.16	-0.09071	0
694.2	-0.09082	0
694.24	-0.09093	0
694.28	-0.09105	0
694.32	-0.09363	0
694.36	-0.09363	0
694.4	-0.09363	0
694.44	-0.09363	0
694.48	-0.09363	0
694.52	-0.09363	0
694.5600000000001	-0.09363	0
694.6	-0.09363	0
694.64	-0.09363	0
694.6800000000001	-0.09363	0
694.72	-0.09363	0
694.76	-0.09363	0
694.8000000000001	-0.09363	0
694.84	-0.09363	0
694.88	-0.09245	0
694.92	-0.09256	0
694.96	-0.09256	0
695.0	-0.09256	0
695.04	-0.09256	0
695.08	-0.09256	0
695.12	-0.09256	0
695.16	-0.09256	0
695.2	-0.09256	0
695.24	-0.09256	0
695.28	-0.09256	0
695.32	-0.09256	0
695.36	-0.09256	0
695.4	-0.09256	0
695.44	-0.09256	0
695.48	-0.09256	0
695.52	-0.09256	0
695.5600000000001	-0.09256	0
695.6	-0.09256	0
695.64	-0.09256	0
695.6800000000001	-0.09256	0
695.72	-0.09138	0
695.76	-0.09396	0
695.8000000000001	-0.09396	0
695.84	-0.09267	0
695.88	-0.09267	0
695.92	-0.09267	0
695.96	-0.09267	0
696.0	-0.09267	0
696.04	-0.09267	1
696.08	-0.09267	1
696.12	-0.09267	1
696.16	-0.09267	1
696.2	-0.09267	1
696.24	-0.09267	1
696.28	-0.09267	1
696.32	-0.09267	1
696.36	-0.09267	1
696.4	-0.09267	1
696.44	-0.09267	1
696.48	-0.09267	1
696.52	-0.09267	1
696.5600000000001	-0.09267	1
696.6	-0.09267	1
696.64	-0.09267	1
696.6800000000001	-0.09267	1
696.72	-0.09267	1
696.76	-0.09267	1
696.8000000000001	-0.09267	1
696.84	-0.09267	1
696.88	-0.09267	1
696.92	-0.09267	1
696.96	-0.09267	1
697.0	-0.09267	1
697.04	-0.09267	1
697.08	-0.09267	1
697.12	-0.09267	1
697.16	-0.09267	1
697.2	-0.09267	1
697.24	-0.09147	1
697.28	-0.09158	1
697.32	-0.09170	1
697.36	-0.09181	1
697.4	-0.09192	1
697.44	-0.09204	1
697.48	-0.09215	1
697.52	-0.09227	1
697.5600000000001	-0.09238	1
697.6	-0.09249	1
697.64	-0.09261	1
697.6800000000001	-0.09261	1
697.72	-0.09261	1
697.76	-0.09261	1
697.8000000000001	-0.09261	1
697.84	-0.09261	1
697.88	-0.09261	1
697.92	-0.09261	1
697.96	-0.09261	1
698.0	-0.09261	1
698.04	-0.09261	1
698.08	-0.09261	1
698.12	-0.09261	1
698.16	-0.09261	1
698.2	-0.09261	1
698.24	-0.09261	1
698.28	-0.09141	1
698.32	-0.09152	1
698.36	-0.09163	1
698.4	-0.09175	1
698.44	-0.09186	1
698.48	-0.09197	1
698.52	-0.09209	1
698.5600000000001	-0.09220	1
698.6	-0.09231	1
698.64	-0.09243	1
698.6800000000001	-0.09254	1
698.72	-0.09254	1
698.76	-0.09254	1
698.8000000000001	-0.09254	1
698.84	-0.09254	1
698.88	-0.09254	1
698.92	-0.09254	1
698.96	-0.09254	1
699.0	-0.09254	1
699.04	-0.09254	1
699.08	-0.09254	1
699.12	-0.09254	1
699.16	-0.09254	1
699.2	-0.09254	1
699.24	-0.09254	1
699.28	-0.09254	1
699.32	-0.09254	1
699.36	-0.09134	1
699.4	-0.09146	1
699.44	-0.09157	1
699.48	-0.09168	1
699.52	-0.09180	1
699.5600000000001	-0.09191	1
699.6	-0.09202	1
699.64	-0.09214	1
699.6800000000001	-0.09225	1
699.72	-0.09236	1
699.76	-0.09248	1
699.8000000000001	-0.09259	1
699.84	-0.09259	1
699.88	-0.09259	1
699.92	-0.09259	1
699.96	-0.09139	1
700.0	-0.09151	1
700.04	-0.09162	1
700.08	-0.09173	1
700.12	-0.09185	1
700.16	-0.09196	1
700.2	-0.09207	1
700.24	-0.09219	1
700.28	-0.09230	1
700.32	-0.09241	1
700.36	-0.09252	1
700.4	-0.09252	1
700.44	-0.09252	1
700.48	-0.09252	1
700.52	-0.09252	1
700.5600000000001	-0.09252	1
700.6	-0.09252	1
700.64	-0.09252	1
700.6800000000001	-0.09252	1
700.72	-0.09252	1
700.76	-0.09252	1
700.8000000000001	-0.09252	1
700.84	-0.09252	1
700.88	-0.09252	1
700.92	-0.09252	1
700.96	-0.09252	1
701.0	-0.09252	1
701.04	-0.09133	1
701.08	-0.09144	1
701.12	-0.09156	1
701.16	-0.09167	1
701.2	-0.09178	1
701.24	-0.09190	1
701.28	-0.09201	1
701.32	-0.09212	1
701.36	-0.09223	1
701.4	-0.09235	1
701.44	-0.09246	1
701.48	-0.09257	1
701.52	-0.09257	1
701.5600000000001	-0.09138	1
701.6	-0.09149	1
701.64	-0.09030	1
701.6800000000001	-0.08911	1
701.72	-0.08922	1
701.76	-0.08934	1
701.8000000000001	-0.08945	1
701.84	-0.08956	1
701.88	-0.08968	1
701.92	-0.08979	1
701.96	-0.08990	1
702.0	-0.08871	1
702.04	-0.08882	1
702.08	-0.08894	1
702.12	-0.08905	1
702.16	-0.08916	1
702.2	-0.08928	1
702.24	-0.08939	1
702.28	-0.08950	1
702.32	-0.08961	1
702.36	-0.08973	1
702.4	-0.08984	1
702.44	-0.08995	1
702.48	-0.09007	1
702.52	-0.09018	1
702.5600000000001	-0.09029	1
702.6	-0.09040	1
702.64	-0.09052	1
702.6800000000001	-0.09063	1
702.72	-0.09074	1
702.76	-0.09086	1
702.8000000000001	-0.08967	1
702.84	-0.08978	1
702.88	-0.08989	1
702.92	-0.09001	1
702.96	-0.09012	1
703.0	-0.08893	1
703.04	-0.08904	1
703.08	-0.08916	1
703.12	-0.08927	1
703.16	-0.08938	1
703.2	-0.08949	1
703.24	-0.08961	1
703.28	-0.08972	1
703.32	-0.08983	1
703.36	-0.08995	1
703.4	-0.09006	1
703.44	-0.09017	1
703.48	-0.09028	1
703.52	-0.09039	1
703.5600000000001	-0.09051	0
703.6	-0.09062	0
703.64	-0.09073	0
703.6800000000001	-0.09084	0
703.72	-0.09096	0
703.76	-0.09107	0
703.8000000000001	-0.09118	0
703.84	-0.09000	0
703.88	-0.09011	0
703.92	-0.09022	0
703.96	-0.09033	0
704.0	-0.09045	0
704.04	-0.09056	0
704.08	-0.09067	0
704.12	-0.08949	0
704.16	-0.08960	0
704.2	-0.08842	0
704.24	-0.08853	0
704.28	-0.08864	0
704.32	-0.08875	0
704.36	-0.08887	0
704.4	-0.08898	0
704.44	-0.08909	0
704.48	-0.08920	0
704.52	-0.08932	0
704.5600000000001	-0.08943	0
704.6	-0.08954	0
704.64	-0.08965	0
704.6800000000001	-0.08976	0
704.72	-0.08988	0
704.76	-0.08999	0
704.8000000000001	-0.09010	0
704.84	-0.09021	0
704.88	-0.09032	0
704.92	-0.09044	0
704.96	-0.09055	0
705.0	-0.08937	0
705.04	-0.08948	0
705.08	-0.08959	0
705.12	-0.08970	0
705.16	-0.08982	0
705.2	-0.08993	0
705.24	-0.09004	0
705.28	-0.09015	0
705.32	-0.09026	0
705.36	-0.09038	0
705.4	-0.09049	0
705.44	-0.09060	0
705.48	-0.09071	0
705.52	-0.08953	0
705.5600000000001	-0.08964	0
705.6	-0.08976	0
705.64	-0.08987	0
705.6800000000001	-0.08998	0
705.72	-0.09009	0
705.76	-0.09020	0
705.8000000000001	-0.09031	0
705.84	-0.09043	0
705.88	-0.09054	0
705.92	-0.08936	0
705.96	-0.08947	0
706.0	-0.08958	0
706.04	-0.08970	0
706.08	-0.08981	0
706.12	-0.08992	0
706.16	-0.09003	0
706.2	-0.09014	0
706.24	-0.09025	0
706.28	-0.09037	0
706.32	-0.09048	0
706.36	-0.09059	0
706.4	-0.09070	0
706.44	-0.09081	0
706.48	-0.09092	0
706.52	-0.09103	0
706.5600000000001	-0.09115	0
706.6	-0.09126	0
706.64	-0.09383	0
706.6800000000001	-0.09383	0
706.72	-0.09383	0
706.76	-0.09383	0
706.8000000000001	-0.09383	0
706.84	-0.09383	0
706.88	-0.09383	0
706.92	-0.09383	0
706.96	-0.09383	0
707.0	-0.09383	0
707.04	-0.09383	0
707.08	-0.09383	0
707.12	-0.09383	0
707.16	-0.09383	0
707.2	-0.09383	0
707.24	-0.09383	0
707.28	-0.09383	0
707.32	-0.09383	0
707.36	-0.09383	0
707.4	-0.09383	0
707.44	-0.09383	0
707.48	-0.09383	0
707.52	-0.09383	0
707.5600000000001	-0.09383	0
707.6	-0.09254	0
707.64	-0.09254	0
707.6800000000001	-0.09137	0
707.72	-0.09148	0
707.76	-0.09159	0
707.8000000000001	-0.09170	0
707.84	-0.09053	0
707.88	-0.08935	0
707.92	-0.08947	0
707.96	-0.08958	0
708.0	-0.08969	0
708.04	-0.08980	0
708.08	-0.08991	0
708.12	-0.09002	0
708.16	-0.09013	0
708.2	-0.09025	0
708.24	-0.09036	0
708.28	-0.09047	0
708.32	-0.09058	0
708.36	-0.09069	0
708.4	-0.09080	0
708.44	-0.09091	0
708.48	-0.09102	0
708.52	-0.09113	0
708.5600000000001	-0.09124	0
708.6	-0.09136	0
708.64	-0.09147	0
708.6800000000001	-0.09158	0
708.72	-0.09169	0
708.76	-0.09180	0
708.8000000000001	-0.09191	0
708.84	-0.09202	0
708.88	-0.09085	0
708.92	-0.09096	0
708.96	-0.09107	0
709.0	-0.09118	0
709.04	-0.09129	0
709.08	-0.09140	0
709.12	-0.09152	0
709.16	-0.09163	0
709.2	-0.09174	0
709.24	-0.09185	0
709.28	-0.09196	0
709.32	-0.09207	0
709.36	-0.09090	0
709.4	-0.09101	0
709.44	-0.09112	0
709.48	-0.09123	0
709.52	-0.09134	0
709.5600000000001	-0.09145	0
709.6	-0.09156	0
709.64	-0.09167	0
709.6800000000001	-0.09179	0
709.72	-0.09190	0
709.76	-0.09201	0
709.8000000000001	-0.09212	0
709.84	-0.09095	0
709.88	-0.09106	0
709.92	-0.09117	0
709.96	-0.09128	0
710.0	-0.09139	0
710.04	-0.09151	1
710.08	-0.09162	1
710.12	-0.09042	1
710.16	-0.09053	1
710.2	-0.08933	1
710.24	-0.08945	1
710.28	-0.08956	1
710.32	-0.08967	1
710.36	-0.08979	1
710.4	-0.08990	1
710.44	-0.09002	1
710.48	-0.09013	1
710.52	-0.09024	1
710.5600000000001	-0.09036	1
710.6	-0.09047	1
710.64	-0.09058	1
710.6800000000001	-0.09070	1
710.72	-0.09081	1
710.76	-0.09093	1
710.8000000000001	-0.09104	1
710.84	-0.09115	1
710.88	-0.09127	1
710.92	-0.09138	1
710.96	-0.09018	1
711.0	-0.09030	1
711.04	-0.09041	1
711.08	-0.09052	1
711.12	-0.09064	1
711.16	-0.09075	1
711.2	-0.09086	1
711.24	-0.09098	1
711.28	-0.09109	1
711.32	-0.09120	1
711.36	-0.09132	1
711.4	-0.09143	1
711.44	-0.09154	1
711.48	-0.09166	1
711.52	-0.09177	1
711.5600000000001	-0.09057	1
711.6	-0.08938	1
711.64	-0.08949	1
711.6800000000001	-0.08961	1
711.72	-0.08972	1
711.76	-0.08983	1
711.8000000000001	-0.08995	1
711.84	-0.09006	1
711.88	-0.09017	1
711.92	-0.09029	1
711.96	-0.09040	1
712.0	-0.09051	1
712.04	-0.09063	1
712.08	-0.09074	1
712.12	-0.09085	1
712.16	-0.09096	1
712.2	-0.09108	1
712.24	-0.09119	1
712.28	-0.09130	1
712.32	-0.09142	1
712.36	-0.09153	1
712.4	-0.09164	1
712.44	-0.09176	1
712.48	-0.09187	1
712.52	-0.09198	1
712.5600000000001	-0.09209	1
712.6	-0.09221	1
712.64	-0.09232	1
712.6800000000001	-0.09243	1
712.72	-0.09255	1
712.76	-0.09255	1
712.8000000000001	-0.09255	1
712.84	-0.09255	1
712.88	-0.09255	1
712.92	-0.09255	1
712.96	-0.09135	1
713.0	-0.09147	1
713.04	-0.09158	1
713.08	-0.09169	1
713.12	-0.09181	1
713.16	-0.09192	1
713.2	-0.09203	1
713.24	-0.09214	1
713.28	-0.09226	1
713.32	-0.09237	1
713.36	-0.09248	1
713.4	-0.09259	1
713.44	-0.09259	1
713.48	-0.09259	1
713.52	-0.09259	1
713.5600000000001	-0.09259	1
713.6	-0.09259	1
713.64	-0.09259	1
713.6800000000001	-0.09259	1
713.72	-0.09259	1
713.76	-0.09259	1
713.8000000000001	-0.09259	1
713.84	-0.09259	1
713.88	-0.09259	1
713.92	-0.09259	1
713.96	-0.09259	1
714.0	-0.09140	1
714.04	-0.09152	1
714.08	-0.09282	1
714.12	-0.09282	1
714.16	-0.09282	1
714.2	-0.09282	1
714.24	-0.09282	1
714.28	-0.09282	1
714.32	-0.09282	1
714.36	-0.09282	1
714.4	-0.09282	1
714.44	-0.09282	1
714.48	-0.09282	1
714.52	-0.09282	1
714.5600000000001	-0.09282	1
714.6	-0.09282	1
714.64	-0.09282	1
714.6800000000001	-0.09282	1
714.72	-0.09282	1
714.76	-0.09282	1
714.8000000000001	-0.09282	1
714.84	-0.09282	1
714.88	-0.09282	1
714.92	-0.09282	1
714.96	-0.09282	1
715.0	-0.09282	1
715.04	-0.09282	1
715.08	-0.09282	1
715.12	-0.09282	1
715.16	-0.09282	1
715.2	-0.09282	1
715.24	-0.09282	1
715.28	-0.09282	1
715.32	-0.09282	1
715.36	-0.09282	1
715.4	-0.09282	1
715.44	-0.09163	1
715.48	-0.09174	1
715.52	-0.09185	1
715.5600000000001	-0.09197	1
715.6	-0.09208	1
715.64	-0.09219	1
715.6800000000001	-0.09100	1
715.72	-0.09112	1
715.76	-0.09123	1
715.8000000000001	-0.09134	1
715.84	-0.09145	1
715.88	-0.09157	1
715.92	-0.09168	1
715.96	-0.09179	1
716.0	-0.09190	0
716.04	-0.09202	0
716.08	-0.09213	0
716.12	-0.09224	0
716.16	-0.09235	0
716.2	-0.09117	0
716.24	-0.09128	0
716.28	-0.09139	0
716.32	-0.09150	0
716.36	-0.09162	0
716.4	-0.09173	0
716.44	-0.09184	0
716.48	-0.09195	0
716.52	-0.09207	0
716.5600000000001	-0.09218	0
716.6	-0.09099	0
716.64	-0.09110	0
716.6800000000001	-0.09122	0
716.72	-0.09133	0
716.76	-0.09144	0
716.8000000000001	-0.09155	0
716.84	-0.09167	0
716.88	-0.09178	0
716.92	-0.09189	0
716.96	-0.09200	0
717.0	-0.09211	0
717.04	-0.09223	0
717.08	-0.09234	0
717.12	-0.09245	0
717.16	-0.09256	0
717.2	-0.09256	0
717.24	-0.09256	0
717.28	-0.09256	0
717.32	-0.09256	0
717.36	-0.09256	0
717.4	-0.09138	0
717.44	-0.09149	0
717.48	-0.09160	0
717.52	-0.09042	0
717.5600000000001	-0.09053	0
717.6	-0.08935	0
717.64	-0.08946	0
717.6800000000001	-0.08958	0
717.72	-0.08969	0
717.76	-0.08980	0
717.8000000000001	-0.08991	0
717.84	-0.09002	0
717.88	-0.09014	0
717.92	-0.09025	0
717.96	-0.09036	0
718.0	-0.09047	0
718.04	-0.09306	0
718.08	-0.09306	0
718.12	-0.09306	0
718.16	-0.09306	0
718.2	-0.09306	0
718.24	-0.09306	0
718.28	-0.09306	0
718.32	-0.09306	0
718.36	-0.09306	0
718.4	-0.09306	0
718.44	-0.09306	0
718.48	-0.09306	0
718.52	-0.09306	0
718.5600000000001	-0.09306	0
718.6	-0.09306	0
718.64	-0.09306	0
718.6800000000001	-0.09306	0
718.72	-0.09306	0
718.76	-0.09188	0
718.8000000000001	-0.09199	0
718.84	-0.09210	0
718.88	-0.09221	0
718.92	-0.09232	0
718.96	-0.09243	0
719.0	-0.09502	0
719.04	-0.09502	0
719.08	-0.09502	0
719.12	-0.09502	0
719.16	-0.09373	0
719.2	-0.09373	0
719.24	-0.09373	0
719.28	-0.09373	0
719.32	-0.09373	0
719.36	-0.09373	0
719.4	-0.09373	0
719.44	-0.09373	0
719.48	-0.09373	0
719.52	-0.09373	0
719.5600000000001	-0.09373	0
719.6	-0.09373	0
719.64	-0.09373	0
719.6800000000001	-0.09373	0
719.72	-0.09373	0
719.76	-0.09373	0
719.8000000000001	-0.09373	0
719.84	-0.09373	0
719.88	-0.09373	0
719.92	-0.09373	0
719.96	-0.09373	0
720.0	-0.09373	0
720.04	-0.09373	0
720.08	-0.09373	0
720.12	-0.09373	0
720.16	-0.09373	0
720.2	-0.09373	0
720.24	-0.09255	0
720.28	-0.09255	0
720.32	-0.09255	0
720.36	-0.09255	0
720.4	-0.09137	0
720.44	-0.09148	0
720.48	-0.09159	0
720.52	-0.09170	0
720.5600000000001	-0.09181	0
720.6	-0.09192	0
720.64	-0.09204	0
720.6800000000001	-0.09215	0
720.72	-0.09097	0
720.76	-0.09108	0
720.8000000000001	-0.09119	0
720.84	-0.09130	0
720.88	-0.09142	0
720.92	-0.09153	0
720.96	-0.09164	0
721.0	-0.09175	0
721.04	-0.09186	0
721.08	-0.09197	0
721.12	-0.09208	0
721.16	-0.09220	0
721.2	-0.09231	0
721.24	-0.09242	0
721.28	-0.09253	0
721.32	-0.09253	0
721.36	-0.09253	0
721.4	-0.09253	0
721.44	-0.09253	0
721.48	-0.09253	0
721.52	-0.09253	0
721.5600000000001	-0.09253	0
721.6	-0.09253	0
721.64	-0.09253	0
721.6800000000001	-0.09253	0
721.72	-0.09253	0
721.76	-0.09253	0
721.8000000000001	-0.09135	0
721.84	-0.09147	0
721.88	-0.09158	0
721.92	-0.09169	0
721.96	-0.09180	0
722.0	-0.09191	0
722.04	-0.09202	0
722.08	-0.09213	0
722.12	-0.09224	0
722.16	-0.09107	0
722.2	-0.09118	0
722.24	-0.09129	1
722.28	-0.09141	1
722.32	-0.09152	1
722.36	-0.09164	1
722.4	-0.09175	1
722.44	-0.09186	1
722.48	-0.09198	1
722.52	-0.09209	1
722.5600000000001	-0.09220	1
722.6	-0.09100	1
722.64	-0.09112	1
722.6800000000001	-0.09123	1
722.72	-0.09135	1
722.76	-0.09146	1
722.8000000000001	-0.09157	1
722.84	-0.09169	1
722.88	-0.09180	1
722.92	-0.09191	1
722.96	-0.09203	1
723.0	-0.09214	1
723.04	-0.09225	1
723.08	-0.09237	1
723.12	-0.09248	1
723.16	-0.09259	1
723.2	-0.09259	1
723.24	-0.09259	1
723.28	-0.09259	1
723.32	-0.09259	1
723.36	-0.09259	1
723.4	-0.09259	1
723.44	-0.09259	1
723.48	-0.09259	1
723.52	-0.09259	1
723.5600000000001	-0.09259	1
723.6	-0.09259	1
723.64	-0.09259	1
723.6800000000001	-0.09140	1
723.72	-0.09151	1
723.76	-0.09162	1
723.8000000000001	-0.09174	1
723.84	-0.09185	1
723.88	-0.09196	1
723.92	-0.09208	1
723.96	-0.09219	1
724.0	-0.09481	1
724.04	-0.09481	1
724.08	-0.09481	1
724.12	-0.09481	1
724.16	-0.09481	1
724.2	-0.09481	1
724.24	-0.09481	1
724.28	-0.09481	1
724.32	-0.09481	1
724.36	-0.09481	1
724.4	-0.09481	1
724.44	-0.09481	1
724.48	-0.09481	1
724.52	-0.09481	1
724.5600000000001	-0.09481	1
724.6	-0.09481	1
724.64	-0.09481	1
724.6800000000001	-0.09481	1
724.72	-0.09481	1
724.76	-0.09481	1
724.8000000000001	-0.09481	1
724.84	-0.09481	1
724.88	-0.09481	1
724.92	-0.09481	1
724.96	-0.09481	1
725.0	-0.09481	1
725.04	-0.09481	1
725.08	-0.09481	1
725.12	-0.09481	1
725.16	-0.09481	1
725.2	-0.09481	1
725.24	-0.09481	1
725.28	-0.09481	1
725.32	-0.09481	1
725.36	-0.09481	1
725.4	-0.09481	1
725.44	-0.09481	1
725.48	-0.09481	1
725.52	-0.09481	1
725.5600000000001	-0.09481	1
725.6	-0.09481	1
725.64	-0.09481	1
725.6800000000001	-0.09481	1
725.72	-0.09481	1
725.76	-0.09350	1
725.8000000000001	-0.09350	1
725.84	-0.09350	1
725.88	-0.09350	1
725.92	-0.09350	1
725.96	-0.09230	1
726.0	-0.09242	1
726.04	-0.09253	1
726.08	-0.09253	1
726.12	-0.09253	1
726.16	-0.09253	1
726.2	-0.09253	1
726.24	-0.09253	1
726.28	-0.09253	1
726.32	-0.09253	1
726.36	-0.09253	1
726.4	-0.09253	1
726.44	-0.09253	1
726.48	-0.09253	1
726.52	-0.09253	1
726.5600000000001	-0.09253	1
726.6	-0.09253	1
726.64	-0.09253	1
726.6800000000001	-0.09253	1
726.72	-0.09253	1
726.76	-0.09253	1
726.8000000000001	-0.09253	1
726.84	-0.09253	0
726.88	-0.09253	0
726.92	-0.09253	0
726.96	-0.09253	0
727.0	-0.09253	0
727.04	-0.09253	0
727.08	-0.09253	0
727.12	-0.09253	0
727.16	-0.09253	0
727.2	-0.09253	0
727.24	-0.09253	0
727.28	-0.09253	0
727.32	-0.09253	0
727.36	-0.09253	0
727.4	-0.09253	0
727.44	-0.09253	0
727.48	-0.09253	0
727.52	-0.09253	0
727.5600000000001	-0.09253	0
727.6	-0.09253	0
727.64	-0.09253	0
727.6800000000001	-0.09253	0
727.72	-0.09253	0
727.76	-0.09253	0
727.8000000000001	-0.09253	0
727.84	-0.09253	0
727.88	-0.09253	0
727.92	-0.09253	0
727.96	-0.09253	0
728.0	-0.09253	0
728.04	-0.09253	0
728.08	-0.09253	0
728.12	-0.09253	0
728.16	-0.09253	0
728.2	-0.09253	0
728.24	-0.09253	0
728.28	-0.09253	0
728.32	-0.09253	0
728.36	-0.09253	0
728.4	-0.09253	0
728.44	-0.09253	0
728.48	-0.09253	0
728.52	-0.09253	0
728.5600000000001	-0.09253	0
728.6	-0.09253	0
728.64	-0.09253	0
728.6800000000001	-0.09253	0
728.72	-0.09253	0
728.76	-0.09253	0
728.8000000000001	-0.09253	0
728.84	-0.09253	0
728.88	-0.09253	0
728.92	-0.09253	0
728.96	-0.09253	0
729.0	-0.09253	0
729.04	-0.09253	0
729.08	-0.09133	0
729.12	-0.09145	0
729.16	-0.09156	0
729.2	-0.09167	0
729.24	-0.09179	0
729.28	-0.09190	0
729.32	-0.09201	0
729.36	-0.09213	0
729.4	-0.09224	0
729.44	-0.09485	0
729.48	-0.09485	0
729.52	-0.09355	0
729.5600000000001	-0.09355	0
729.6	-0.09355	0
729.64	-0.09355	0
729.6800000000001	-0.09355	0
729.72	-0.09355	0
729.76	-0.09355	0
729.8000000000001	-0.09355	0
729.84	-0.09355	0
729.88	-0.09355	0
729.92	-0.09355	0
729.96	-0.09355	0
730.0	-0.09355	0
730.04	-0.09355	0
730.08	-0.09235	0
730.12	-0.09116	0
730.16	-0.09127	0
730.2	-0.09138	0
730.24	-0.09150	0
730.28	-0.09030	0
730.32	-0.09042	0
730.36	-0.09053	0
730.4	-0.09064	0
730.44	-0.09076	0
730.48	-0.09087	0
730.52	-0.09098	0
730.5600000000001	-0.09109	0
730.6	-0.09121	0
730.64	-0.09132	0
730.6800000000001	-0.09143	0
730.72	-0.09155	0
730.76	-0.09166	0
730.8000000000001	-0.09177	0
730.84	-0.09188	0
730.88	-0.09200	0
730.92	-0.09211	0
730.96	-0.09222	0
731.0	-0.09234	0
731.04	-0.09245	0
731.08	-0.09256	0
731.12	-0.09256	0
731.16	-0.09137	0
731.2	-0.09148	0
731.24	-0.09160	0
731.28	-0.09171	0
731.32	-0.09431	0
731.36	-0.09431	0
731.4	-0.09431	0
731.44	-0.09431	0
731.48	-0.09431	0
731.52	-0.09431	0
731.5600000000001	-0.09431	0
731.6	-0.09431	0
731.64	-0.09431	0
731.6800000000001	-0.09431	0
731.72	-0.09431	0
731.76	-0.09301	0
731.8000000000001	-0.09301	0
731.84	-0.09301	0
731.88	-0.09301	0
731.92	-0.09301	0
731.96	-0.09301	0
732.0	-0.09301	0
732.04	-0.09301	0
732.08	-0.09301	0
732.12	-0.09301	0
732.16	-0.09301	0
732.2	-0.09301	0
732.24	-0.09301	0
732.28	-0.09301	0
732.32	-0.09301	0
732.36	-0.09301	0
732.4	-0.09301	0
732.44	-0.09301	0
732.48	-0.09301	0
732.52	-0.09301	0
732.5600000000001	-0.09301	0
732.6	-0.09301	0
732.64	-0.09301	0
732.6800000000001	-0.09301	0
732.72	-0.09301	0
732.76	-0.09301	0
732.8000000000001	-0.09301	0
732.84	-0.09301	0
732.88	-0.09301	0
732.92	-0.09301	0
732.96	-0.09301	1
733.0	-0.09301	1
733.04	-0.09301	1
733.08	-0.09301	1
733.12	-0.09301	1
733.16	-0.09301	1
733.2	-0.09301	1
733.24	-0.09301	1
733.28	-0.09301	1
733.32	-0.09301	1
733.36	-0.09301	1
733.4	-0.09301	1
733.44	-0.09301	1
733.48	-0.09301	1
733.52	-0.09301	1
733.5600000000001	-0.09301	1
733.6	-0.09301	1
733.64	-0.09301	1
733.6800000000001	-0.09301	1
733.72	-0.09301	1
733.76	-0.09301	1
733.8000000000001	-0.09301	1
733.84	-0.09301	1
733.88	-0.09301	1
733.92	-0.09301	1
733.96	-0.09301	1
734.0	-0.09301	1
734.04	-0.09301	1
734.08	-0.09301	1
734.12	-0.09301	1
734.16	-0.09301	1
734.2	-0.09301	1
734.24	-0.09301	1
734.28	-0.09301	1
734.32	-0.09301	1
734.36	-0.09301	1
734.4	-0.09301	1
734.44	-0.09301	1
734.48	-0.09301	1
734.52	-0.09301	1
734.5600000000001	-0.09301	1
734.6	-0.09301	1
734.64	-0.09301	1
734.6800000000001	-0.09301	1
734.72	-0.09301	1
734.76	-0.09301	1
734.8000000000001	-0.09301	1
734.84	-0.09301	1
734.88	-0.09301	1
734.92	-0.09301	1
734.96	-0.09301	1
735.0	-0.09301	1
735.04	-0.09301	1
735.08	-0.09301	1
735.12	-0.09301	1
735.16	-0.09301	1
735.2	-0.09301	1
735.24	-0.09181	1
735.28	-0.09192	1
735.32	-0.09204	1
735.36	-0.09215	1
735.4	-0.09227	1
735.44	-0.09238	1
735.48	-0.09249	1
735.52	-0.09261	1
735.5600000000001	-0.09261	1
735.6	-0.09261	1
735.64	-0.09261	1
735.6800000000001	-0.09261	1
735.72	-0.09261	1
735.76	-0.09261	1
735.8000000000001	-0.09261	1
735.84	-0.09261	1
735.88	-0.09261	1
735.92	-0.09261	1
735.96	-0.09141	1
736.0	-0.09152	1
736.04	-0.09163	1
736.08	-0.09175	1
736.12	-0.09186	1
736.16	-0.09197	1
736.2	-0.09209	1
736.24	-0.09220	1
736.28	-0.09231	1
736.32	-0.09112	1
736.36	-0.09123	1
736.4	-0.09134	1
736.44	-0.09146	1
736.48	-0.09157	1
736.52	-0.09168	1
736.5600000000001	-0.09049	1
736.6	-0.09060	1
736.64	-0.09071	1
736.6800000000001	-0.09083	1
736.72	-0.09094	1
736.76	-0.09105	1
736.8000000000001	-0.08986	1
736.84	-0.08997	1
736.88	-0.09008	1
736.92	-0.09020	1
736.96	-0.08900	1
737.0	-0.08911	1
737.04	-0.08923	1
737.08	-0.08934	1
737.12	-0.08946	1
737.16	-0.08957	1
737.2	-0.08968	1
737.24	-0.08980	1
737.28	-0.08991	1
737.32	-0.09002	1
737.36	-0.09014	1
737.4	-0.09025	1
737.44	-0.09036	1
737.48	-0.09048	1
737.52	-0.09059	1
737.5600000000001	-0.09070	1
737.6	-0.09081	1
737.64	-0.08962	1
737.6800000000001	-0.08973	1
737.72	-0.08985	1
737.76	-0.08996	1
737.8000000000001	-0.09007	1
737.84	-0.09019	1
737.88	-0.09030	1
737.92	-0.09041	1
737.96	-0.09053	1
738.0	-0.09064	1
738.04	-0.09075	1
738.08	-0.09087	1
738.12	-0.09098	1
738.16	-0.09109	1
738.2	-0.09120	1
738.24	-0.09132	1
738.28	-0.09143	1
738.32	-0.09154	1
738.36	-0.09166	1
738.4	-0.09177	1
738.44	-0.09058	1
738.48	-0.09069	1
738.52	-0.09080	1
738.5600000000001	-0.09092	1
738.6	-0.09103	1
738.64	-0.09114	1
738.6800000000001	-0.09126	1
738.72	-0.09137	1
738.76	-0.09148	1
738.8000000000001	-0.09159	1
738.84	-0.09171	1
738.88	-0.09052	1
738.92	-0.09063	1
738.96	-0.09323	1
739.0	-0.09323	1
739.04	-0.09323	1
739.08	-0.09323	1
739.12	-0.09323	1
739.16	-0.09323	1
739.2	-0.09323	1
739.24	-0.09323	1
739.28	-0.09323	1
739.32	-0.09323	1
739.36	-0.09323	1
739.4	-0.09323	1
739.44	-0.09323	1
739.48	-0.09323	1
739.52	-0.09323	1
739.5600000000001	-0.09323	1
739.6	-0.09323	1
739.64	-0.09323	1
739.6800000000001	-0.09323	1
739.72	-0.09323	1
739.76	-0.09323	1
739.8000000000001	-0.09323	1
739.84	-0.09323	1
739.88	-0.09323	1
739.92	-0.09323	1
739.96	-0.09323	1
740.0	-0.09323	1
740.04	-0.09323	1
740.08	-0.09323	1
740.12	-0.09323	1
740.16	-0.09323	1
740.2	-0.09323	0
740.24	-0.09323	0
740.28	-0.09204	0
740.32	-0.09216	0
740.36	-0.09227	0
740.4	-0.09238	0
740.44	-0.09249	0
740.48	-0.09261	0
740.52	-0.09261	0
740.5600000000001	-0.09261	0
740.6	-0.09261	0
740.64	-0.09261	0
740.6800000000001	-0.09261	0
740.72	-0.09261	0
740.76	-0.09261	0
740.8000000000001	-0.09261	0
740.84	-0.09261	0
740.88	-0.09261	0
740.92	-0.09261	0
740.96	-0.09261	0
741.0	-0.09261	0
741.04	-0.09261	0
741.08	-0.09261	0
741.12	-0.09261	0
741.16	-0.09261	0
741.2	-0.09261	0
741.24	-0.09261	0
741.28	-0.09261	0
741.32	-0.09261	0
741.36	-0.09261	0
741.4	-0.09261	0
741.44	-0.09142	0
741.48	-0.09153	0
741.52	-0.09164	0
741.5600000000001	-0.09046	0
741.6	-0.09057	0
741.64	-0.09068	0
741.6800000000001	-0.09079	0
741.72	-0.09091	0
741.76	-0.08972	0
741.8000000000001	-0.09243	0
741.84	-0.09254	0
741.88	-0.09254	0
741.92	-0.09254	0
741.96	-0.09254	0
742.0	-0.09254	0
742.04	-0.09254	0
742.08	-0.09254	0
742.12	-0.09254	0
742.16	-0.09254	0
742.2	-0.09254	0
742.24	-0.09254	0
742.28	-0.09254	0
742.32	-0.09136	0
742.36	-0.09147	0
742.4	-0.09158	0
742.44	-0.09169	0
742.48	-0.09180	0
742.52	-0.09192	0
742.5600000000001	-0.09203	0
742.6	-0.09214	0
742.64	-0.09225	0
742.6800000000001	-0.09107	0
742.72	-0.09118	0
742.76	-0.09129	0
742.8000000000001	-0.09141	0
742.84	-0.09152	0
742.88	-0.09163	0
742.92	-0.09174	0
742.96	-0.09185	0
743.0	-0.09197	0
743.04	-0.09208	0
743.08	-0.09089	0
743.12	-0.09101	0
743.16	-0.09112	0
743.2	-0.09123	0
743.24	-0.09134	0
743.28	-0.09145	0
743.32	-0.09157	0
743.36	-0.09038	0
743.4	-0.09050	0
743.44	-0.09061	0
743.48	-0.09072	0
743.52	-0.09083	0
743.5600000000001	-0.08965	0
743.6	-0.08847	0
743.64	-0.08858	0
743.6800000000001	-0.08869	0
743.72	-0.08881	0
743.76	-0.08892	0
743.8000000000001	-0.08903	0
743.84	-0.08914	0
743.88	-0.08926	0
743.92	-0.08937	0
743.96	-0.08948	0
744.0	-0.08959	0
744.04	-0.08970	0
744.08	-0.08982	0
744.12	-0.08993	0
744.16	-0.09004	0
744.2	-0.09015	0
744.24	-0.09026	0
744.28	-0.09037	0
744.32	-0.09049	0
744.36	-0.09060	0
744.4	-0.09071	0
744.44	-0.09082	0
744.48	-0.09093	0
744.52	-0.09105	0
744.5600000000001	-0.09116	0
744.6	-0.09127	0
744.64	-0.09138	0
744.6800000000001	-0.09149	0
744.72	-0.09160	0
744.76	-0.09171	0
744.8000000000001	-0.09183	0
744.84	-0.09194	0
744.88	-0.09205	0
744.92	-0.09087	0
744.96	-0.08970	0
745.0	-0.08981	0
745.04	-0.08992	0
745.08	-0.09003	0
745.12	-0.09014	0
745.16	-0.09025	0
745.2	-0.09037	0
745.24	-0.09048	0
745.28	-0.09059	0
745.32	-0.09070	0
745.36	-0.09081	0
745.4	-0.09092	0
745.44	-0.09103	0
745.48	-0.09114	0
745.52	-0.09126	0
745.5600000000001	-0.09137	0
745.6	-0.09148	0
745.64	-0.09159	0
745.6800000000001	-0.09170	0
745.72	-0.09181	0
745.76	-0.09438	0
745.8000000000001	-0.09438	0
745.84	-0.09438	0
745.88	-0.09438	0
745.92	-0.09438	0
745.96	-0.09438	0
746.0	-0.09438	0
746.04	-0.09438	0
746.08	-0.09438	0
746.12	-0.09438	0
746.16	-0.09438	0
746.2	-0.09438	0
746.24	-0.09438	0
746.28	-0.09438	0
746.32	-0.09438	0
746.36	-0.09438	0
746.4	-0.09438	0
746.44	-0.09438	0
746.48	-0.09438	0
746.52	-0.09438	0
746.5600000000001	-0.09438	0
746.6	-0.09438	0
746.64	-0.09438	0
746.6800000000001	-0.09438	0
746.72	-0.09438	0
746.76	-0.09438	0
746.8000000000001	-0.09438	0
746.84	-0.09438	0
746.88	-0.09438	0
746.92	-0.09438	0
746.96	-0.09438	0
747.0	-0.09438	0
747.04	-0.09438	0
747.08	-0.09438	0
747.12	-0.09438	0
747.16	-0.09307	1
747.2	-0.09307	1
747.24	-0.09307	1
747.28	-0.09307	1
747.32	-0.09187	1
747.36	-0.09198	1
747.4	-0.09209	1
747.44	-0.09089	1
747.48	-0.09101	1
747.52	-0.09112	1
747.5600000000001	-0.09123	1
747.6	-0.09135	1
747.64	-0.09146	1
747.6800000000001	-0.09158	1
747.72	-0.09169	1
747.76	-0.09180	1
747.8000000000001	-0.09192	1
747.84	-0.09203	1
747.88	-0.09214	1
747.92	-0.09226	1
747.96	-0.09237	1
748.0	-0.09248	1
748.04	-0.09260	1
748.08	-0.09260	1
748.12	-0.09260	1
748.16	-0.09260	1
748.2	-0.09260	1
748.24	-0.09260	1
748.28	-0.09260	1
748.32	-0.09260	1
748.36	-0.09260	1
748.4	-0.09260	1
748.44	-0.09140	1
748.48	-0.09151	1
748.52	-0.09163	1
748.5600000000001	-0.09174	1
748.6	-0.09185	1
748.64	-0.09197	1
748.6800000000001	-0.09208	1
748.72	-0.09219	1
748.76	-0.09231	1
748.8000000000001	-0.09242	1
748.84	-0.09253	1
748.88	-0.09253	1
748.92	-0.09253	1
748.96	-0.09253	1
749.0	-0.09253	1
749.04	-0.09253	1
749.08	-0.09253	1
749.12	-0.09253	1
749.16	-0.09253	1
749.2	-0.09253	1
749.24	-0.09253	1
749.28	-0.09253	1
749.32	-0.09253	1
749.36	-0.09253	1
749.4	-0.09253	1
749.44	-0.09134	1
749.48	-0.09145	1
749.52	-0.09156	1
749.5600000000001	-0.09168	1
749.6	-0.09179	1
749.64	-0.09190	1
749.6800000000001	-0.09201	1
749.72	-0.09213	1
749.76	-0.09224	1
749.8000000000001	-0.09235	0
749.84	-0.09247	0
749.88	-0.09258	0
749.92	-0.09258	0
749.96	-0.09258	0
750.0	-0.09258	0
750.04	-0.09258	0
750.08	-0.09139	0
750.12	-0.09150	0
750.16	-0.09161	0
750.2	-0.09042	0
750.24	-0.09053	0
750.28	-0.08934	0
750.32	-0.08945	0
750.36	-0.08956	0
750.4	-0.08968	0
750.44	-0.08979	0
750.48	-0.08990	0
750.52	-0.09002	0
750.5600000000001	-0.09013	0
750.6	-0.09024	0
750.64	-0.09036	0
750.6800000000001	-0.09047	0
750.72	-0.09058	0
750.76	-0.08939	0
750.8000000000001	-0.08950	0
750.84	-0.08962	0
750.88	-0.08842	0
750.92	-0.08854	0
750.96	-0.08865	0
751.0	-0.08876	0
751.04	-0.08757	0
751.08	-0.08769	0
751.12	-0.08780	0
751.16	-0.08791	0
751.2	-0.08803	0
751.24	-0.08814	0
751.28	-0.08825	0
751.32	-0.08837	0
751.36	-0.08848	0
751.4	-0.08859	0
751.44	-0.08871	0
751.48	-0.08882	0
751.52	-0.08893	0
751.5600000000001	-0.08904	0
751.6	-0.08916	0
751.64	-0.08927	0
751.6800000000001	-0.08938	0
751.72	-0.08950	0
751.76	-0.08961	0
751.8000000000001	-0.08972	0
751.84	-0.08983	0
751.88	-0.08995	0
751.92	-0.09006	0
751.96	-0.09017	0
752.0	-0.09029	0
752.04	-0.09040	0
752.08	-0.09051	0
752.12	-0.08932	0
752.16	-0.08944	0
752.2	-0.09085	0
752.24	-0.08966	0
752.28	-0.08977	0
752.32	-0.08989	0
752.36	-0.08870	0
752.4	-0.08881	0
752.44	-0.08893	0
752.48	-0.08904	0
752.52	-0.08915	0
752.5600000000001	-0.08926	0
752.6	-0.08938	0
752.64	-0.08949	0
752.6800000000001	-0.08960	0
752.72	-0.08842	0
752.76	-0.08853	0
752.8000000000001	-0.08864	0
752.84	-0.08875	0
752.88	-0.08887	0
752.92	-0.08898	0
752.96	-0.08909	0
753.0	-0.08920	0
753.04	-0.08932	0
753.08	-0.08943	0
753.12	-0.08954	0
753.16	-0.08965	0
753.2	-0.08977	0
753.24	-0.08988	0
753.28	-0.08870	0
753.32	-0.08881	0
753.36	-0.08892	0
753.4	-0.08903	0
753.44	-0.08785	0
753.48	-0.08796	0
753.52	-0.08808	0
753.5600000000001	-0.08819	0
753.6	-0.08830	0
753.64	-0.08841	0
753.6800000000001	-0.08852	0
753.72	-0.08864	0
753.76	-0.08875	0
753.8000000000001	-0.08886	0
753.84	-0.08897	0
753.88	-0.08909	0
753.92	-0.08791	0
753.96	-0.08802	0
754.0	-0.08813	0
754.04	-0.08824	0
754.08	-0.08835	0
754.12	-0.08847	0
754.16	-0.08858	0
754.2	-0.08869	0
754.24	-0.08880	0
754.28	-0.08891	0
754.32	-0.08903	0
754.36	-0.08785	0
754.4	-0.08796	0
754.44	-0.08807	0
754.48	-0.08819	1
754.52	-0.08830	1
754.5600000000001	-0.08710	1
754.6	-0.08590	1
754.64	-0.08601	1
754.6800000000001	-0.08613	1
754.72	-0.08624	1
754.76	-0.08636	1
754.8000000000001	-0.08647	1
754.84	-0.08659	1
754.88	-0.08670	1
754.92	-0.08681	1
754.96	-0.08693	1
755.0	-0.08704	1
755.04	-0.08716	1
755.08	-0.08727	1
755.12	-0.08607	1
755.16	-0.08619	1
755.2	-0.08499	1
755.24	-0.08510	1
755.28	-0.08522	1
755.32	-0.08533	1
755.36	-0.08545	1
755.4	-0.08556	1
755.44	-0.08567	1
755.48	-0.08579	1
755.52	-0.08590	1
755.5600000000001	-0.08602	1
755.6	-0.08613	1
755.64	-0.08625	1
755.6800000000001	-0.08636	1
755.72	-0.08647	1
755.76	-0.08659	1
755.8000000000001	-0.08932	1
755.84	-0.08943	1
755.88	-0.08955	1
755.92	-0.08966	1
755.96	-0.08977	1
756.0	-0.08989	1
756.04	-0.09000	1
756.08	-0.09011	1
756.12	-0.09023	1
756.16	-0.09034	1
756.2	-0.08915	1
756.24	-0.08926	1
756.28	-0.08937	1
756.32	-0.08949	1
756.36	-0.08960	1
756.4	-0.08971	1
756.44	-0.08983	1
756.48	-0.08994	1
756.52	-0.09005	1
756.5600000000001	-0.09017	1
756.6	-0.09028	1
756.64	-0.09039	1
756.6800000000001	-0.09051	1
756.72	-0.09062	1
756.76	-0.09073	1
756.8000000000001	-0.09084	1
756.84	-0.09096	1
756.88	-0.09107	1
756.92	-0.09118	1
756.96	-0.09130	1
757.0	-0.09141	1
757.04	-0.09152	1
757.08	-0.09164	1
757.12	-0.09175	1
757.16	-0.09186	0
757.2	-0.09197	0
757.24	-0.09209	0
757.28	-0.09220	0
757.32	-0.09231	0
757.36	-0.09242	0
757.4	-0.09254	0
757.44	-0.09254	0
757.48	-0.09135	0
757.52	-0.09146	0
757.5600000000001	-0.09157	0
757.6	-0.09169	0
757.64	-0.09180	0
757.6800000000001	-0.09191	0
757.72	-0.09202	0
757.76	-0.09214	0
757.8000000000001	-0.09225	0
757.84	-0.09236	0
757.88	-0.09247	0
757.92	-0.09259	0
757.96	-0.09259	0
758.0	-0.09259	0
758.04	-0.09259	0
758.08	-0.09259	0
758.12	-0.09140	0
758.16	-0.09151	0
758.2	-0.09162	0
758.24	-0.09173	0
758.28	-0.09185	0
758.32	-0.09196	0
758.36	-0.09207	0
758.4	-0.09218	0
758.44	-0.09230	0
758.48	-0.09241	0
758.52	-0.09252	0
758.5600000000001	-0.09252	0
758.6	-0.09252	0
758.64	-0.09252	0
758.6800000000001	-0.09252	0
758.72	-0.09252	0
758.76	-0.09252	0
758.8000000000001	-0.09252	0
758.84	-0.09252	0
758.88	-0.09252	0
758.92	-0.09252	0
758.96	-0.09252	0
759.0	-0.09252	0
759.04	-0.09252	0
759.08	-0.09252	0
759.12	-0.09252	0
759.16	-0.09252	0
759.2	-0.09252	0
759.24	-0.09252	0
759.28	-0.09252	0
759.32	-0.09252	0
759.36	-0.09252	1
759.4	-0.09252	1
759.44	-0.09252	1
759.48	-0.09132	1
759.52	-0.09143	1
759.5600000000001	-0.09155	1
759.6	-0.09166	1
759.64	-0.09177	1
759.6800000000001	-0.09189	1
759.72	-0.09200	1
759.76	-0.09212	1
759.8000000000001	-0.09223	1
759.84	-0.09234	1
759.88	-0.09114	1
759.92	-0.09126	1
759.96	-0.09137	1
760.0	-0.09148	1
760.04	-0.09160	1
760.08	-0.09171	1
760.12	-0.09051	1
760.16	-0.09063	1
760.2	-0.08943	1
760.24	-0.08954	1
760.28	-0.08966	1
760.32	-0.08977	1
760.36	-0.08988	1
760.4	-0.09000	1
760.44	-0.09011	1
760.48	-0.09022	1
760.52	-0.08903	1
760.5600000000001	-0.08914	1
760.6	-0.08925	1
760.64	-0.08937	1
760.6800000000001	-0.08948	1
760.72	-0.08959	1
760.76	-0.08971	1
760.8000000000001	-0.08982	1
760.84	-0.08994	1
760.88	-0.09005	1
760.92	-0.09016	1
760.96	-0.09028	1
761.0	-0.09039	1
761.04	-0.09050	1
761.08	-0.09062	1
761.12	-0.09073	1
761.16	-0.09084	1
761.2	-0.09096	1
761.24	-0.09107	1
761.28	-0.09118	1
761.32	-0.09130	1
761.36	-0.09141	1
761.4	-0.09152	1
761.44	-0.09163	1
761.48	-0.09175	1
761.52	-0.09186	1
761.5600000000001	-0.09197	1
761.6	-0.09209	1
761.64	-0.09220	1
761.6800000000001	-0.09231	1
761.72	-0.09242	1
761.76	-0.09254	1
761.8000000000001	-0.09254	1
761.84	-0.09254	1
761.88	-0.09254	1
761.92	-0.09254	1
761.96	-0.09254	1
762.0	-0.09254	1
762.04	-0.09254	1
762.08	-0.09254	1
762.12	-0.09254	1
762.16	-0.09254	1
762.2	-0.09254	1
762.24	-0.09254	1
762.28	-0.09254	1
762.32	-0.09254	1
762.36	-0.09254	1
762.4	-0.09254	1
762.44	-0.09254	1
762.48	-0.09254	0
762.52	-0.09254	0
762.5600000000001	-0.09254	0
762.6	-0.09254	0
762.64	-0.09254	0
762.6800000000001	-0.09254	0
762.72	-0.09254	0
762.76	-0.09254	0
762.8000000000001	-0.09254	0
762.84	-0.09254	0
762.88	-0.09254	0
762.92	-0.09254	0
762.96	-0.09254	0
763.0	-0.09254	0
763.04	-0.09254	0
763.08	-0.09254	0
763.12	-0.09254	0
763.16	-0.09254	0
763.2	-0.09254	0
763.24	-0.09254	1
763.28	-0.09254	1
763.32	-0.09254	1
763.36	-0.09254	1
763.4	-0.09254	1
763.44	-0.09254	1
763.48	-0.09254	1
763.52	-0.09254	1
763.5600000000001	-0.09254	1
763.6	-0.09254	1
763.64	-0.09254	1
763.6800000000001	-0.09254	1
763.72	-0.09254	1
763.76	-0.09254	1
763.8000000000001	-0.09254	1
763.84	-0.09134	1
763.88	-0.09145	1
763.92	-0.09156	1
763.96	-0.09168	1
764.0	-0.09179	1
764.04	-0.09191	1
764.08	-0.09202	1
764.12	-0.09213	1
764.16	-0.09225	1
764.2	-0.09236	1
764.24	-0.09247	1
764.28	-0.09259	1
764.32	-0.09259	1
764.36	-0.09259	1
764.4	-0.09259	1
764.44	-0.09259	1
764.48	-0.09259	1
764.52	-0.09259	1
764.5600000000001	-0.09259	1
764.6	-0.09259	1
764.64	-0.09259	1
764.6800000000001	-0.09259	1
764.72	-0.09259	1
764.76	-0.09259	1
764.8000000000001	-0.09259	1
764.84	-0.09259	1
764.88	-0.09259	1
764.9200000000001	-0.09259	1
764.96	-0.09259	1
765.0	-0.09007	1
765.04	-0.09019	1
765.08	-0.09030	1
765.12	-0.09042	1
765.16	-0.09053	1
765.2	-0.09064	1
765.24	-0.09076	1
765.28	-0.09087	1
765.32	-0.09098	1
765.36	-0.09110	1
765.4	-0.09121	1
765.44	-0.09383	1
765.48	-0.09383	1
765.52	-0.09383	1
765.5600000000001	-0.09383	1
765.6	-0.09383	1
765.64	-0.09383	1
765.6800000000001	-0.09383	1
765.72	-0.09383	1
765.76	-0.09383	1
765.8000000000001	-0.09383	1
765.84	-0.09383	1
765.88	-0.09383	1
765.9200000000001	-0.09252	1
765.96	-0.09252	1
766.0	-0.09252	1
766.04	-0.09252	1
766.08	-0.09252	1
766.12	-0.09252	1
766.16	-0.09252	1
766.2	-0.09252	1
766.24	-0.09252	1
766.28	-0.09252	1
766.32	-0.09252	1
766.36	-0.09252	1
766.4	-0.09252	1
766.44	-0.09252	1
766.48	-0.09252	1
766.52	-0.09252	1
766.5600000000001	-0.09252	1
766.6	-0.09252	1
766.64	-0.09252	1
766.6800000000001	-0.09252	1
766.72	-0.09252	1
766.76	-0.09252	1
766.8000000000001	-0.09252	1
766.84	-0.09252	1
766.88	-0.09252	1
766.9200000000001	-0.09252	1
766.96	-0.09252	1
767.0	-0.09252	1
767.04	-0.09252	1
767.08	-0.09252	1
767.12	-0.09252	1
767.16	-0.09252	1
767.2	-0.09252	1
767.24	-0.09252	1
767.28	-0.09252	1
767.32	-0.09252	1
767.36	-0.09252	1
767.4	-0.09252	1
767.44	-0.09252	1
767.48	-0.09252	1
767.52	-0.09132	1
767.5600000000001	-0.09144	1
767.6	-0.09155	1
767.64	-0.09166	1
767.6800000000001	-0.09178	1
767.72	-0.09189	1
767.76	-0.09200	1
767.8000000000001	-0.09212	1
767.84	-0.09223	1
767.88	-0.09234	1
767.9200000000001	-0.09246	0
767.96	-0.09257	0
768.0	-0.09257	0
768.04	-0.09257	0
768.08	-0.09257	0
768.12	-0.09257	0
768.16	-0.09257	0
768.2	-0.09257	0
768.24	-0.09257	0
768.28	-0.09257	0
768.32	-0.09257	0
768.36	-0.09257	0
768.4	-0.09257	0
768.44	-0.09257	0
768.48	-0.09257	0
768.52	-0.09257	0
768.5600000000001	-0.09257	0
768.6	-0.09257	0
768.64	-0.09257	0
768.6800000000001	-0.09257	0
768.72	-0.09257	0
768.76	-0.09257	0
768.8000000000001	-0.09257	0
768.84	-0.09257	0
768.88	-0.09257	0
768.9200000000001	-0.09257	0
768.96	-0.09137	0
769.0	-0.09149	0
769.04	-0.09160	0
769.08	-0.09171	0
769.12	-0.09183	0
769.16	-0.09194	0
769.2	-0.09205	0
769.24	-0.09217	0
769.28	-0.09228	0
769.32	-0.09239	0
769.36	-0.09501	0
769.4	-0.09501	0
769.44	-0.09501	0
769.48	-0.09501	0
769.52	-0.09501	0
769.5600000000001	-0.09501	0
769.6	-0.09370	0
769.64	-0.09370	0
769.6800000000001	-0.09370	0
769.72	-0.09370	0
769.76	-0.09370	0
769.8000000000001	-0.09370	0
769.84	-0.09370	0
769.88	-0.09370	0
769.9200000000001	-0.09370	0
769.96	-0.09370	0
770.0	-0.09370	0
770.04	-0.09370	0
770.08	-0.09370	0
770.12	-0.09370	0
770.16	-0.09370	0
770.2	-0.09370	0
770.24	-0.09370	0
770.28	-0.09370	0
770.32	-0.09370	0
770.36	-0.09370	0
770.4	-0.09370	0
770.44	-0.09370	1
770.48	-0.09370	1
770.52	-0.09370	1
770.5600000000001	-0.09370	1
770.6	-0.09370	1
770.64	-0.09370	1
770.6800000000001	-0.09370	1
770.72	-0.09370	1
770.76	-0.09370	1
770.8000000000001	-0.09370	1
770.84	-0.09370	1
770.88	-0.09370	1
770.9200000000001	-0.09370	1
770.96	-0.09370	1
771.0	-0.09370	1
771.04	-0.09370	1
771.08	-0.09370	1
771.12	-0.09370	1
771.16	-0.09370	1
771.2	-0.09370	1
771.24	-0.09370	1
771.28	-0.09370	1
771.32	-0.09370	1
771.36	-0.09370	1
771.4	-0.09250	1
771.44	-0.09261	1
771.48	-0.09261	1
771.52	-0.09261	1
771.5600000000001	-0.09261	1
771.6	-0.09261	1
771.64	-0.09261	1
771.6800000000001	-0.09261	1
771.72	-0.09261	1
771.76	-0.09261	1
771.8000000000001	-0.09261	1
771.84	-0.09261	1
771.88	-0.09261	1
771.9200000000001	-0.09261	1
771.96	-0.09261	1
772.0	-0.09261	1
772.04	-0.09261	1
772.08	-0.09261	1
772.12	-0.09261	1
772.16	-0.09261	1
772.2	-0.09261	1
772.24	-0.09141	1
772.28	-0.09153	1
772.32	-0.09164	1
772.36	-0.09175	1
772.4	-0.09187	1
772.44	-0.09198	1
772.48	-0.09209	1
772.52	-0.09221	1
772.5600000000001	-0.09232	1
772.6	-0.09243	1
772.64	-0.09255	1
772.6800000000001	-0.09255	1
772.72	-0.09255	1
772.76	-0.09255	1
772.8000000000001	-0.09255	1
772.84	-0.09255	1
772.88	-0.09255	1
772.9200000000001	-0.09255	1
772.96	-0.09255	1
773.0	-0.09255	1
773.04	-0.09255	1
773.08	-0.09255	1
773.12	-0.09255	1
773.16	-0.09135	1
773.2	-0.09146	1
773.24	-0.09158	1
773.28	-0.09169	1
773.32	-0.09180	1
773.36	-0.09192	1
773.4	-0.09203	1
773.44	-0.09214	1
773.48	-0.09226	1
773.52	-0.09237	1
773.5600000000001	-0.09248	1
773.6	-0.09260	1
773.64	-0.09260	1
773.6800000000001	-0.09260	1
773.72	-0.09260	1
773.76	-0.09260	1
773.8000000000001	-0.09260	1
773.84	-0.09260	1
773.88	-0.09260	1
773.9200000000001	-0.09260	1
773.96	-0.09140	1
774.0	-0.09151	1
774.04	-0.09163	1
774.08	-0.09174	1
774.12	-0.09185	1
774.16	-0.09197	1
774.2	-0.09208	1
774.24	-0.09219	1
774.28	-0.09231	1
774.32	-0.09242	1
774.36	-0.09253	1
774.4	-0.09253	1
774.44	-0.09253	1
774.48	-0.09253	1
774.52	-0.09253	1
774.5600000000001	-0.09253	1
774.6	-0.09253	1
774.64	-0.09253	1
774.6800000000001	-0.09253	1
774.72	-0.09253	1
774.76	-0.09253	1
774.8000000000001	-0.09253	1
774.84	-0.09253	1
774.88	-0.09253	1
774.9200000000001	-0.09253	1
774.96	-0.09253	1
775.0	-0.09253	1
775.04	-0.09253	1
775.08	-0.09253	1
775.12	-0.09253	0
775.16	-0.09253	0
775.2	-0.09253	0
775.24	-0.09253	0
775.28	-0.09253	0
775.32	-0.09253	0
775.36	-0.09253	0
775.4	-0.09253	0
775.44	-0.09253	0
775.48	-0.09253	0
775.52	-0.09253	0
775.5600000000001	-0.09253	0
775.6	-0.09134	0
775.64	-0.09145	0
775.6800000000001	-0.09156	0
775.72	-0.09168	0
775.76	-0.09179	0
775.8000000000001	-0.09190	0
775.84	-0.09202	0
775.88	-0.09213	0
775.9200000000001	-0.09224	0
775.96	-0.09235	0
776.0	-0.09247	0
776.04	-0.09258	0
776.08	-0.09258	0
776.12	-0.09258	0
776.16	-0.09258	0
776.2	-0.09139	0
776.24	-0.09150	0
776.28	-0.09161	0
776.32	-0.09173	0
776.36	-0.09184	0
776.4	-0.09195	0
776.44	-0.09206	0
776.48	-0.09218	0
776.52	-0.09229	0
776.5600000000001	-0.09240	0
776.6	-0.09252	0
776.64	-0.09252	0
776.6800000000001	-0.09252	0
776.72	-0.09252	0
776.76	-0.09252	0
776.8000000000001	-0.09252	0
776.84	-0.09252	0
776.88	-0.09252	0
776.9200000000001	-0.09252	0
776.96	-0.09252	0
777.0	-0.09252	0
777.04	-0.09252	0
777.08	-0.09252	0
777.12	-0.09252	0
777.16	-0.09252	0
777.2	-0.09252	0
777.24	-0.09132	0
777.28	-0.09144	0
777.32	-0.09155	0
777.36	-0.09166	0
777.4	-0.09178	0
777.44	-0.09189	0
777.48	-0.09200	0
777.52	-0.09211	0
777.5600000000001	-0.09223	0
777.6	-0.09234	0
777.64	-0.09245	0
777.6800000000001	-0.09125	1
777.72	-0.09136	1
777.76	-0.09148	1
777.8000000000001	-0.09159	1
777.84	-0.09171	1
777.88	-0.09182	1
777.9200000000001	-0.09193	1
777.96	-0.09205	1
778.0	-0.09216	1
778.04	-0.09227	1
778.08	-0.09239	1
778.12	-0.09250	1
778.16	-0.09250	1
778.2	-0.09250	1
778.24	-0.09250	1
778.28	-0.09130	1
778.32	-0.09141	1
778.36	-0.09153	1
778.4	-0.09164	1
778.44	-0.09044	1
778.48	-0.09056	1
778.52	-0.09067	1
778.5600000000001	-0.09078	1
778.6	-0.09090	1
778.64	-0.09101	1
778.6800000000001	-0.09112	1
778.72	-0.09124	1
778.76	-0.09135	1
778.8000000000001	-0.09147	1
778.84	-0.09158	1
778.88	-0.09169	1
778.9200000000001	-0.09181	1
778.96	-0.09192	1
779.0	-0.09203	1
779.04	-0.09214	1
779.08	-0.09226	1
779.12	-0.09237	1
779.16	-0.09248	1
779.2	-0.09260	1
779.24	-0.09260	1
779.28	-0.09260	1
779.32	-0.09260	1
779.36	-0.09260	1
779.4	-0.09260	1
779.44	-0.09260	1
779.48	-0.09260	1
779.52	-0.09260	1
779.5600000000001	-0.09260	1
779.6	-0.09260	1
779.64	-0.09260	1
779.6800000000001	-0.09260	1
779.72	-0.09260	1
779.76	-0.09260	1
779.8000000000001	-0.09260	1
779.84	-0.09260	1
779.88	-0.09260	1
779.9200000000001	-0.09260	1
779.96	-0.09260	1
780.0	-0.09140	1
780.04	-0.09152	1
780.08	-0.09032	1
780.12	-0.09043	1
780.16	-0.09055	1
780.2	-0.09066	1
780.24	-0.09077	1
780.28	-0.09089	1
780.32	-0.09100	1
780.36	-0.09111	1
780.4	-0.09123	1
780.44	-0.09134	1
780.48	-0.09145	1
780.52	-0.09157	1
780.5600000000001	-0.09168	1
780.6	-0.09179	1
780.64	-0.09190	1
780.6800000000001	-0.09202	1
780.72	-0.09213	1
780.76	-0.09224	1
780.8000000000001	-0.09236	1
780.84	-0.09247	1
780.88	-0.09258	1
780.9200000000001	-0.09258	1
780.96	-0.09258	1
781.0	-0.09258	1
781.04	-0.09258	1
781.08	-0.09258	1
781.12	-0.09258	1
781.16	-0.09258	0
781.2	-0.09258	0
781.24	-0.09258	0
781.28	-0.09258	0
781.32	-0.09258	0
781.36	-0.09258	0
781.4	-0.09258	0
781.44	-0.09258	0
781.48	-0.09258	0
781.52	-0.09258	0
781.5600000000001	-0.09258	0
781.6	-0.09258	0
781.64	-0.09258	0
781.6800000000001	-0.09258	0
781.72	-0.09258	0
781.76	-0.09258	0
781.8000000000001	-0.09258	0
781.84	-0.09139	0
781.88	-0.09150	0
781.9200000000001	-0.09411	0
781.96	-0.09411	0
782.0	-0.09411	0
782.04	-0.09411	0
782.08	-0.09411	0
782.12	-0.09411	0
782.16	-0.09411	0
782.2	-0.09411	0
782.24	-0.09411	0
782.28	-0.09411	0
782.32	-0.09411	0
782.36	-0.09411	0
782.4	-0.09411	0
782.44	-0.09411	0
782.48	-0.09411	0
782.52	-0.09411	0
782.5600000000001	-0.09411	0
782.6	-0.09411	0
782.64	-0.09411	0
782.6800000000001	-0.09411	0
782.72	-0.09411	0
782.76	-0.09411	0
782.8000000000001	-0.09411	0
782.84	-0.09411	0
782.88	-0.09411	0
782.9200000000001	-0.09411	0
782.96	-0.09411	0
783.0	-0.09411	0
783.04	-0.09411	0
783.08	-0.09411	0
783.12	-0.09411	0
783.16	-0.09411	0
783.2	-0.09411	0
783.24	-0.09411	0
783.28	-0.09411	0
783.32	-0.09411	0
783.36	-0.09411	0
783.4	-0.09411	0
783.44	-0.09411	0
783.48	-0.09411	0
783.52	-0.09411	0
783.5600000000001	-0.09411	0
783.6	-0.09411	0
783.64	-0.09411	0
783.6800000000001	-0.09411	0
783.72	-0.09411	0
783.76	-0.09411	0
783.8000000000001	-0.09411	0
783.84	-0.09411	0
783.88	-0.09411	0
783.9200000000001	-0.09411	0
783.96	-0.09411	0
784.0	-0.09411	0
784.04	-0.09411	0
784.08	-0.09411	0
784.12	-0.09411	0
784.16	-0.09411	0
784.2	-0.09411	0
784.24	-0.09411	0
784.28	-0.09411	0
784.32	-0.09411	0
784.36	-0.09411	0
784.4	-0.09411	0
784.44	-0.09411	0
784.48	-0.09411	0
784.52	-0.09411	0
784.5600000000001	-0.09411	0
784.6	-0.09411	0
784.64	-0.09411	0
784.6800000000001	-0.09281	0
784.72	-0.09281	0
784.76	-0.09281	0
784.8000000000001	-0.09281	0
784.84	-0.09162	0
784.88	-0.09173	0
784.9200000000001	-0.09184	0
784.96	-0.09195	0
785.0	-0.09207	0
785.04	-0.09218	0
785.08	-0.09229	0
785.12	-0.09240	0
785.16	-0.09252	0
785.2	-0.09252	0
785.24	-0.09252	0
785.28	-0.09252	0
785.32	-0.09252	0
785.36	-0.09133	0
785.4	-0.09014	0
785.44	-0.09025	0
785.48	-0.09036	0
785.52	-0.09047	0
785.5600000000001	-0.09059	0
785.6	-0.09070	0
785.64	-0.09081	0
785.6800000000001	-0.09093	0
785.72	-0.09104	0
785.76	-0.09115	0
785.8000000000001	-0.09126	0
785.84	-0.09138	0
785.88	-0.09149	0
785.9200000000001	-0.09160	0
785.96	-0.09171	0
786.0	-0.09183	0
786.04	-0.09443	0
786.08	-0.09443	0
786.12	-0.09443	0
786.16	-0.09443	0
786.2	-0.09443	0
786.24	-0.09443	0
786.28	-0.09443	0
786.32	-0.09443	0
786.36	-0.09443	0
786.4	-0.09443	0
786.44	-0.09443	0
786.48	-0.09443	0
786.52	-0.09443	0
786.5600000000001	-0.09443	0
786.6	-0.09443	0
786.64	-0.09443	0
786.6800000000001	-0.09443	0
786.72	-0.09443	0
786.76	-0.09443	0
786.8000000000001	-0.09443	0
786.84	-0.09443	0
786.88	-0.09443	0
786.9200000000001	-0.09443	0
786.96	-0.09443	0
787.0	-0.09443	0
787.04	-0.09313	0
787.08	-0.09313	0
787.12	-0.09313	0
787.16	-0.09313	0
787.2	-0.09313	0
787.24	-0.09313	0
787.28	-0.09313	0
787.32	-0.09313	0
787.36	-0.09313	0
787.4	-0.09313	0
787.44	-0.09313	0
787.48	-0.09313	0
787.52	-0.09313	0
787.5600000000001	-0.09313	0
787.6	-0.09313	0
787.64	-0.09194	0
787.6800000000001	-0.09205	0
787.72	-0.09216	0
787.76	-0.09228	0
787.8000000000001	-0.09239	0
787.84	-0.09250	0
787.88	-0.09250	0
787.9200000000001	-0.09250	0
787.96	-0.09250	0
788.0	-0.09250	0
788.04	-0.09250	0
788.08	-0.09250	0
788.12	-0.09131	0
788.16	-0.09143	0
788.2	-0.09154	0
788.24	-0.09165	0
788.28	-0.09176	0
788.32	-0.09188	0
788.36	-0.09199	0
788.4	-0.09210	0
788.44	-0.09221	0
788.48	-0.09233	0
788.52	-0.09244	0
788.5600000000001	-0.09255	0
788.6	-0.09255	0
788.64	-0.09255	0
788.6800000000001	-0.09255	0
788.72	-0.09255	0
788.76	-0.09255	0
788.8000000000001	-0.09255	0
788.84	-0.09255	0
788.88	-0.09136	0
788.9200000000001	-0.09148	0
788.96	-0.09159	0
789.0	-0.09170	0
789.04	-0.09181	0
789.08	-0.09193	0
789.12	-0.09204	0
789.16	-0.09215	0
789.2	-0.09226	0
789.24	-0.09237	0
789.28	-0.09249	0
789.32	-0.09260	0
789.36	-0.09260	0
789.4	-0.09141	0
789.44	-0.09153	0
789.48	-0.09164	0
789.52	-0.09175	0
789.5600000000001	-0.09186	0
789.6	-0.09197	0
789.64	-0.09209	0
789.6800000000001	-0.09220	0
789.72	-0.09231	0
789.76	-0.09242	0
789.8000000000001	-0.09253	0
789.84	-0.09253	0
789.88	-0.09253	0
789.9200000000001	-0.09253	0
789.96	-0.09253	0
790.0	-0.09253	0
790.04	-0.09253	0
790.08	-0.09253	0
790.12	-0.09253	0
790.16	-0.09253	0
790.2	-0.09253	0
790.24	-0.09253	0
790.28	-0.09253	0
790.32	-0.09253	0
790.36	-0.09253	0
790.4	-0.09253	0
790.44	-0.09253	0
790.48	-0.09253	0
790.52	-0.09253	0
790.5600000000001	-0.09253	0
790.6	-0.09253	0
790.64	-0.09253	0
790.6800000000001	-0.09253	0
790.72	-0.09253	0
790.76	-0.09253	0
790.8000000000001	-0.09253	0
790.84	-0.09253	0
790.88	-0.09253	0
790.9200000000001	-0.09253	0
790.96	-0.09253	0
791.0	-0.09253	0
791.04	-0.09253	0
791.08	-0.09253	0
791.12	-0.09253	0
791.16	-0.09253	0
791.2	-0.09253	0
791.24	-0.09253	0
791.28	-0.09253	0
791.32	-0.09253	0
791.36	-0.09253	0
791.4	-0.09253	0
791.44	-0.09253	0
791.48	-0.09253	0
791.52	-0.09135	0
791.5600000000001	-0.09146	0
791.6	-0.09158	0
791.64	-0.09169	0
791.6800000000001	-0.09180	0
791.72	-0.09191	0
791.76	-0.09202	0
791.8000000000001	-0.09213	0
791.84	-0.09225	0
791.88	-0.09236	0
791.9200000000001	-0.09247	0
791.96	-0.09258	0
792.0	-0.09258	0
792.04	-0.09258	0
792.08	-0.09258	0
792.12	-0.09258	0
792.16	-0.09258	0
792.2	-0.09258	0
792.24	-0.09258	0
792.28	-0.09258	0
792.32	-0.09258	0
792.36	-0.09258	0
792.4	-0.09258	0
792.44	-0.09140	0
792.48	-0.09151	0
792.52	-0.09162	0
792.5600000000001	-0.09174	0
792.6	-0.09185	0
792.64	-0.09067	0
792.6800000000001	-0.09078	0
792.72	-0.09089	0
792.76	-0.09100	0
792.8000000000001	-0.09112	0
792.84	-0.09123	0
792.88	-0.09134	0
792.9200000000001	-0.09145	0
792.96	-0.09156	0
793.0	-0.09167	0
793.04	-0.09179	0
793.08	-0.09190	0
793.12	-0.09201	0
793.16	-0.09083	0
793.2	-0.09094	0
793.24	-0.09105	0
793.28	-0.09117	0
793.32	-0.09128	0
793.36	-0.09139	0
793.4	-0.09021	0
793.44	-0.09032	0
793.48	-0.09044	0
793.52	-0.09055	0
793.5600000000001	-0.09066	0
793.6	-0.09077	0
793.64	-0.09088	0
793.6800000000001	-0.09099	0
793.72	-0.09110	0
793.76	-0.09122	0
793.8000000000001	-0.09133	0
793.84	-0.09144	0
793.88	-0.09155	0
793.9200000000001	-0.09166	0
793.96	-0.09177	0
794.0	-0.09188	0
794.04	-0.09199	0
794.08	-0.09211	0
794.12	-0.09222	0
794.16	-0.09233	0
794.2	-0.09244	0
794.24	-0.09255	0
794.28	-0.09255	0
794.32	-0.09255	0
794.36	-0.09255	0
794.4	-0.09138	0
794.44	-0.09149	0
794.48	-0.09160	0
794.52	-0.09171	0
794.5600000000001	-0.09182	0
794.6	-0.09193	0
794.64	-0.09204	0
794.6800000000001	-0.09215	0
794.72	-0.09226	0
794.76	-0.09238	0
794.8000000000001	-0.09249	0
794.84	-0.09260	0
794.88	-0.09260	0
794.9200000000001	-0.09260	0
794.96	-0.09260	0
795.0	-0.09260	0
795.04	-0.09143	0
795.08	-0.09025	0
795.12	-0.09036	0
795.16	-0.09048	0
795.2	-0.09059	0
795.24	-0.09070	0
795.28	-0.09081	0
795.32	-0.09092	0
795.36	-0.09103	0
795.4	-0.09114	0
795.44	-0.09125	0
795.48	-0.09136	0
795.52	-0.09147	0
795.5600000000001	-0.09159	0
795.6	-0.09170	0
795.64	-0.09181	0
795.6800000000001	-0.09192	0
795.72	-0.09203	0
795.76	-0.09214	0
795.8000000000001	-0.09225	0
795.84	-0.09236	0
795.88	-0.09247	0
795.9200000000001	-0.09258	0
795.96	-0.09258	0
796.0	-0.09258	0
796.04	-0.09258	0
796.08	-0.09258	0
796.12	-0.09258	0
796.16	-0.09258	0
796.2	-0.09258	0
796.24	-0.09258	0
796.28	-0.09258	0
796.32	-0.09258	0
796.36	-0.09258	0
796.4	-0.09258	0
796.44	-0.09258	0
796.48	-0.09258	0
796.52	-0.09258	0
796.5600000000001	-0.09258	0
796.6	-0.09258	0
796.64	-0.09258	0
796.6800000000001	-0.09258	0
796.72	-0.09258	0
796.76	-0.09141	0
796.8000000000001	-0.09152	0
796.84	-0.09163	0
796.88	-0.09174	0
796.9200000000001	-0.09186	0
796.96	-0.09197	0
797.0	-0.09080	0
797.04	-0.09091	0
797.08	-0.09102	0
797.12	-0.09113	0
797.16	-0.09124	0
797.2	-0.09135	0
797.24	-0.09146	0
797.28	-0.09157	0
797.32	-0.09168	0
797.36	-0.09179	0
797.4	-0.09190	0
797.44	-0.09201	0
797.48	-0.09212	0
797.52	-0.09224	0
797.5600000000001	-0.09235	0
797.6	-0.09246	0
797.64	-0.09257	0
797.6800000000001	-0.09257	0
797.72	-0.09257	0
797.76	-0.09257	0
797.8000000000001	-0.09257	0
797.84	-0.09257	0
797.88	-0.09257	0
797.9200000000001	-0.09257	0
797.96	-0.09257	0
798.0	-0.09257	0
798.04	-0.09257	0
798.08	-0.09257	0
798.12	-0.09257	0
798.16	-0.09257	0
798.2	-0.09257	0
798.24	-0.09257	0
798.28	-0.09257	0
798.32	-0.09257	0
798.36	-0.09257	0
798.4	-0.09257	0
798.44	-0.09257	0
798.48	-0.09257	0
798.52	-0.09257	0
798.5600000000001	-0.09257	0
798.6	-0.09257	0
798.64	-0.09257	0
798.6800000000001	-0.09257	0
798.72	-0.09257	0
798.76	-0.09257	0
798.8000000000001	-0.09257	0
798.84	-0.09257	0
798.88	-0.09257	0
798.9200000000001	-0.09257	0
798.96	-0.09257	0
799.0	-0.09257	0
799.04	-0.09257	0
799.08	-0.09257	0
799.12	-0.09257	0
799.16	-0.09257	0
799.2	-0.09257	0
799.24	-0.09257	0
799.28	-0.09257	0
799.32	-0.09257	0
799.36	-0.09257	0
799.4	-0.09140	0
799.44	-0.09151	0
799.48	-0.09162	0
799.52	-0.09173	0
799.5600000000001	-0.09184	0
799.6	-0.09195	0
799.64	-0.09206	0
799.6800000000001	-0.09090	0
799.72	-0.09101	0
799.76	-0.09112	0
799.8000000000001	-0.09123	0
799.84	-0.09134	0
799.88	-0.09145	0
799.9200000000001	-0.09156	0
799.96	-0.09167	0
800.0	-0.09178	0
800.04	-0.09189	0
800.08	-0.09200	0
800.12	-0.09211	0
800.16	-0.09222	0
800.2	-0.09233	0
800.24	-0.09117	0
800.28	-0.09128	1
800.32	-0.09140	1
800.36	-0.09151	1
800.4	-0.09162	1
800.44	-0.09174	1
800.48	-0.09185	1
800.52	-0.09196	1
800.5600000000001	-0.09208	1
800.6	-0.09219	1
800.64	-0.09230	1
800.6800000000001	-0.09242	1
800.72	-0.09253	1
800.76	-0.09253	1
800.8000000000001	-0.09253	1
800.84	-0.09253	1
800.88	-0.09253	1
800.9200000000001	-0.09253	1
800.96	-0.09253	1
801.0	-0.09253	1
801.04	-0.09253	1
801.08	-0.09253	1
801.12	-0.09253	1
801.16	-0.09253	1
801.2	-0.09253	1
801.24	-0.09253	1
801.28	-0.09253	1
801.32	-0.09253	1
801.36	-0.09253	1
801.4	-0.09253	1
801.44	-0.09253	1
801.48	-0.09253	1
801.52	-0.09253	1
801.5600000000001	-0.09253	1
801.6	-0.09253	1
801.64	-0.09253	1
801.6800000000001	-0.09253	1
801.72	-0.09253	1
801.76	-0.09253	1
801.8000000000001	-0.09253	1
801.84	-0.09253	1
801.88	-0.09253	1
801.9200000000001	-0.09253	1
801.96	-0.09253	1
802.0	-0.09253	1
802.04	-0.09253	1
802.08	-0.09253	1
802.12	-0.09253	1
802.16	-0.09253	1
802.2	-0.09253	1
802.24	-0.09133	1
802.28	-0.09145	1
802.32	-0.09156	1
802.36	-0.09167	1
802.4	-0.09179	1
802.44	-0.09190	1
802.48	-0.09201	1
802.52	-0.09213	1
802.5600000000001	-0.09224	1
802.6	-0.09235	1
802.64	-0.09247	1
802.6800000000001	-0.09258	1
802.72	-0.09138	1
802.76	-0.09150	1
802.8000000000001	-0.09161	1
802.84	-0.09172	1
802.88	-0.09184	1
802.9200000000001	-0.09064	1
802.96	-0.09075	1
803.0	-0.09087	1
803.04	-0.09098	0
803.08	-0.08978	0
803.12	-0.08990	0
803.16	-0.09001	0
803.2	-0.09012	0
803.24	-0.09024	0
803.28	-0.09035	0
803.32	-0.09046	0
803.36	-0.09058	0
803.4	-0.09069	0
803.44	-0.09080	0
803.48	-0.09092	0
803.52	-0.09103	0
803.5600000000001	-0.09114	0
803.6	-0.09126	0
803.64	-0.09137	0
803.6800000000001	-0.09018	0
803.72	-0.09029	0
803.76	-0.09040	0
803.8000000000001	-0.09052	0
803.84	-0.09063	0
803.88	-0.09074	0
803.9200000000001	-0.09086	0
803.96	-0.09097	0
804.0	-0.09108	0
804.04	-0.09119	0
804.08	-0.09131	0
804.12	-0.09142	0
804.16	-0.09153	0
804.2	-0.09165	0
804.24	-0.09176	0
804.28	-0.09187	1
804.32	-0.09199	1
804.36	-0.09210	1
804.4	-0.09221	1
804.44	-0.09233	1
804.48	-0.09244	1
804.52	-0.09255	1
804.5600000000001	-0.09255	1
804.6	-0.09255	1
804.64	-0.09255	1
804.6800000000001	-0.09255	1
804.72	-0.09255	1
804.76	-0.09255	1
804.8000000000001	-0.09255	1
804.84	-0.09255	1
804.88	-0.09255	1
804.9200000000001	-0.09255	1
804.96	-0.09255	1
805.0	-0.09255	1
805.04	-0.09255	1
805.08	-0.09255	1
805.12	-0.09255	1
805.16	-0.09255	1
805.2	-0.09255	1
805.24	-0.09255	1
805.28	-0.09255	1
805.32	-0.09255	1
805.36	-0.09255	1
805.4	-0.09255	1
805.44	-0.09255	1
805.48	-0.09255	1
805.52	-0.09255	1
805.5600000000001	-0.09255	1
805.6	-0.09135	1
805.64	-0.09147	1
805.6800000000001	-0.09158	1
805.72	-0.09170	1
805.76	-0.09181	1
805.8000000000001	-0.09192	1
805.84	-0.09204	1
805.88	-0.09215	1
805.9200000000001	-0.09226	1
805.96	-0.09238	1
806.0	-0.09249	1
806.04	-0.09260	1
806.08	-0.09260	1
806.12	-0.09260	1
806.16	-0.09260	1
806.2	-0.09260	1
806.24	-0.09260	1
806.28	-0.09260	1
806.32	-0.09260	1
806.36	-0.09260	1
806.4	-0.09260	1
806.44	-0.09140	1
806.48	-0.09152	1
806.52	-0.09163	1
806.5600000000001	-0.09175	1
806.6	-0.09055	1
806.64	-0.09066	1
806.6800000000001	-0.09077	1
806.72	-0.09089	1
806.76	-0.09100	1
806.8000000000001	-0.08980	1
806.84	-0.08992	1
806.88	-0.09003	1
806.9200000000001	-0.09015	1
806.96	-0.09026	1
807.0	-0.09037	1
807.04	-0.09049	1
807.08	-0.09060	1
807.12	-0.09071	1
807.16	-0.09083	1
807.2	-0.09094	1
807.24	-0.09105	1
807.28	-0.09117	1
807.32	-0.09128	1
807.36	-0.09139	1
807.4	-0.09151	1
807.44	-0.09162	1
807.48	-0.09173	1
807.52	-0.09184	1
807.5600000000001	-0.09196	1
807.6	-0.09207	1
807.64	-0.09218	1
807.6800000000001	-0.09230	1
807.72	-0.09241	1
807.76	-0.09252	1
807.8000000000001	-0.09252	1
807.84	-0.09252	1
807.88	-0.09252	1
807.9200000000001	-0.09252	1
807.96	-0.09252	1
808.0	-0.09252	1
808.04	-0.09252	1
808.08	-0.09252	1
808.12	-0.09252	1
808.16	-0.09252	1
808.2	-0.09252	1
808.24	-0.09252	1
808.28	-0.09133	1
808.32	-0.09144	1
808.36	-0.09156	1
808.4	-0.09167	1
808.44	-0.09178	1
808.48	-0.09189	1
808.52	-0.09201	1
808.5600000000001	-0.09212	1
808.6	-0.09223	1
808.64	-0.09104	1
808.6800000000001	-0.09115	1
808.72	-0.08996	1
808.76	-0.09008	1
808.8000000000001	-0.08888	1
808.84	-0.08900	1
808.88	-0.08911	1
808.9200000000001	-0.08922	1
808.96	-0.08934	1
809.0	-0.08945	1
809.04	-0.08956	1
809.08	-0.08968	1
809.12	-0.08979	1
809.16	-0.08990	1
809.2	-0.09001	1
809.24	-0.09013	1
809.28	-0.09273	1
809.32	-0.09273	1
809.36	-0.09273	1
809.4	-0.09273	1
809.44	-0.09154	1
809.48	-0.09165	1
809.52	-0.09177	1
809.5600000000001	-0.09188	1
809.6	-0.09199	1
809.64	-0.09210	1
809.6800000000001	-0.09222	1
809.72	-0.09233	1
809.76	-0.09244	1
809.8000000000001	-0.09255	1
809.84	-0.09255	1
809.88	-0.09255	1
809.9200000000001	-0.09137	1
809.96	-0.09148	1
810.0	-0.09159	1
810.04	-0.09419	1
810.08	-0.09419	1
810.12	-0.09419	1
810.16	-0.09419	1
810.2	-0.09419	1
810.24	-0.09419	1
810.28	-0.09419	1
810.32	-0.09419	1
810.36	-0.09419	1
810.4	-0.09419	1
810.44	-0.09419	1
810.48	-0.09419	1
810.52	-0.09419	1
810.5600000000001	-0.09419	1
810.6	-0.09419	1
810.64	-0.09419	1
810.6800000000001	-0.09419	1
810.72	-0.09419	0
810.76	-0.09419	0
810.8000000000001	-0.09289	0
810.84	-0.09289	0
810.88	-0.09289	0
810.9200000000001	-0.09289	1
810.96	-0.09289	1
811.0	-0.09289	1
811.04	-0.09289	1
811.08	-0.09289	1
811.12	-0.09289	1
811.16	-0.09289	1
811.2	-0.09169	1
811.24	-0.09180	1
811.28	-0.09192	1
811.32	-0.09203	1
811.36	-0.09215	1
811.4	-0.09226	1
811.44	-0.09237	1
811.48	-0.09249	1
811.52	-0.09260	1
811.5600000000001	-0.09260	1
811.6	-0.09260	1
811.64	-0.09260	1
811.6800000000001	-0.09260	1
811.72	-0.09260	1
811.76	-0.09260	1
811.8000000000001	-0.09260	1
811.84	-0.09260	1
811.88	-0.09260	1
811.9200000000001	-0.09260	1
811.96	-0.09260	1
812.0	-0.09260	1
812.04	-0.09140	1
812.08	-0.09151	1
812.12	-0.09031	1
812.16	-0.09043	1
812.2	-0.09054	1
812.24	-0.08934	1
812.28	-0.08946	1
812.32	-0.08957	1
812.36	-0.08968	1
812.4	-0.08980	1
812.44	-0.08991	1
812.48	-0.09253	1
812.52	-0.09253	1
812.5600000000001	-0.09253	1
812.6	-0.09253	1
812.64	-0.09134	1
812.6800000000001	-0.09145	1
812.72	-0.09156	1
812.76	-0.09168	1
812.8000000000001	-0.09179	1
812.84	-0.09190	1
812.88	-0.09202	1
812.9200000000001	-0.09213	1
812.96	-0.09224	1
813.0	-0.09236	1
813.04	-0.09247	1
813.08	-0.09258	1
813.12	-0.09258	1
813.16	-0.09258	1
813.2	-0.09258	1
813.24	-0.09139	1
813.28	-0.09150	1
813.32	-0.09161	1
813.36	-0.09173	1
813.4	-0.09184	1
813.44	-0.09195	1
813.48	-0.09207	1
813.52	-0.09218	1
813.5600000000001	-0.09229	1
813.6	-0.09241	1
813.64	-0.09252	1
813.6800000000001	-0.09252	1
813.72	-0.09252	1
813.76	-0.09132	1
813.8000000000001	-0.09144	1
813.84	-0.09155	1
813.88	-0.09166	1
813.9200000000001	-0.09178	1
813.96	-0.09189	1
814.0	-0.09200	1
814.04	-0.09212	1
814.08	-0.09223	1
814.12	-0.09234	1
814.16	-0.09245	1
814.2	-0.09257	1
814.24	-0.09257	1
814.28	-0.09257	1
814.32	-0.09257	1
814.36	-0.09257	1
814.4	-0.09257	1
814.44	-0.09257	1
814.48	-0.09137	1
814.52	-0.09149	1
814.5600000000001	-0.09160	1
814.6	-0.09171	1
814.64	-0.09183	1
814.6800000000001	-0.09194	1
814.72	-0.09205	1
814.76	-0.09216	1
814.8000000000001	-0.09228	1
814.84	-0.09239	1
814.88	-0.09250	1
814.9200000000001	-0.09250	1
814.96	-0.09250	1
815.0	-0.09250	1
815.04	-0.09250	1
815.08	-0.09250	1
815.12	-0.09250	1
815.16	-0.09250	1
815.2	-0.09250	1
815.24	-0.09250	1
815.28	-0.09250	1
815.32	-0.09250	1
815.36	-0.09250	1
815.4	-0.09250	1
815.44	-0.09250	1
815.48	-0.09250	1
815.52	-0.09250	1
815.5600000000001	-0.09250	1
815.6	-0.09250	1
815.64	-0.09250	1
815.6800000000001	-0.09250	1
815.72	-0.09250	1
815.76	-0.09250	1
815.8000000000001	-0.09250	1
815.84	-0.09250	1
815.88	-0.09250	1
815.9200000000001	-0.09250	1
815.96	-0.09250	1
816.0	-0.09250	1
816.04	-0.09250	1
816.08	-0.09131	1
816.12	-0.09142	1
816.16	-0.09154	1
816.2	-0.09165	1
816.24	-0.09176	1
816.28	-0.09188	1
816.32	-0.09199	1
816.36	-0.09210	1
816.4	-0.09221	1
816.44	-0.09233	1
816.48	-0.09244	1
816.52	-0.09125	1
816.5600000000001	-0.09136	1
816.6	-0.09147	1
816.64	-0.09159	1
816.6800000000001	-0.09170	1
816.72	-0.09181	1
816.76	-0.09192	1
816.8000000000001	-0.09204	1
816.84	-0.09215	1
816.88	-0.09226	1
816.9200000000001	-0.09237	1
816.96	-0.09249	1
817.0	-0.09130	1
817.04	-0.09141	1
817.08	-0.09152	1
817.12	-0.09164	1
817.16	-0.09175	1
817.2	-0.09186	1
817.24	-0.09067	1
817.28	-0.09079	1
817.32	-0.08960	1
817.36	-0.08971	1
817.4	-0.08983	1
817.44	-0.08994	1
817.48	-0.09005	1
817.52	-0.09016	1
817.5600000000001	-0.09028	1
817.6	-0.09287	1
817.64	-0.09287	1
817.6800000000001	-0.09287	1
817.72	-0.09287	1
817.76	-0.09287	1
817.8000000000001	-0.09287	1
817.84	-0.09287	1
817.88	-0.09287	1
817.9200000000001	-0.09287	1
817.96	-0.09287	1
818.0	-0.09287	1
818.04	-0.09287	1
818.08	-0.09287	1
818.12	-0.09287	1
818.16	-0.09287	1
818.2	-0.09287	1
818.24	-0.09287	1
818.28	-0.09287	1
818.32	-0.09287	1
818.36	-0.09287	1
818.4	-0.09287	1
818.44	-0.09287	1
818.48	-0.09287	1
818.52	-0.09287	1
818.5600000000001	-0.09287	1
818.6	-0.09287	1
818.64	-0.09287	1
818.6800000000001	-0.09287	1
818.72	-0.09287	1
818.76	-0.09287	1
818.8000000000001	-0.09287	1
818.84	-0.09287	1
818.88	-0.09287	1
818.9200000000001	-0.09287	1
818.96	-0.09287	1
819.0	-0.09287	1
819.04	-0.09287	1
819.08	-0.09287	1
819.12	-0.09287	1
819.16	-0.09287	1
819.2	-0.09287	1
819.24	-0.09169	1
819.28	-0.09180	1
819.32	-0.09191	1
819.36	-0.09202	1
819.4	-0.09214	1
819.44	-0.09225	1
819.48	-0.09236	1
819.52	-0.09247	1
819.5600000000001	-0.09258	1
819.6	-0.09258	1
819.64	-0.09258	1
819.6800000000001	-0.09140	1
819.72	-0.09151	1
819.76	-0.09162	1
819.8000000000001	-0.09044	1
819.84	-0.09055	1
819.88	-0.09066	1
819.9200000000001	-0.09078	1
819.96	-0.09089	1
820.0	-0.09100	1
820.04	-0.09111	1
820.08	-0.09122	1
820.12	-0.09134	1
820.16	-0.09145	1
820.2	-0.09156	1
820.24	-0.09167	1
820.28	-0.09178	1
820.32	-0.09190	1
820.36	-0.09201	1
820.4	-0.09212	1
820.44	-0.09223	1
820.48	-0.09234	1
820.52	-0.09246	1
820.5600000000001	-0.09257	1
820.6	-0.09257	1
820.64	-0.09257	1
820.6800000000001	-0.09257	1
820.72	-0.09257	1
820.76	-0.09257	1
820.8000000000001	-0.09257	1
820.84	-0.09257	1
820.88	-0.09257	1
820.9200000000001	-0.09257	1
820.96	-0.09257	1
821.0	-0.09257	1
821.04	-0.09257	1
821.08	-0.09257	1
821.12	-0.09257	1
821.16	-0.09257	1
821.2	-0.09257	1
821.24	-0.09257	1
821.28	-0.09257	1
821.32	-0.09257	1
821.36	-0.09257	1
821.4	-0.09257	1
821.44	-0.09257	1
821.48	-0.09257	1
821.52	-0.09257	1
821.5600000000001	-0.09257	1
821.6	-0.09257	1
821.64	-0.09257	1
821.6800000000001	-0.09257	1
821.72	-0.09257	1
821.76	-0.09257	1
821.8000000000001	-0.09257	1
821.84	-0.09257	1
821.88	-0.09257	1
821.9200000000001	-0.09257	0
821.96	-0.09257	0
822.0	-0.09257	0
822.04	-0.09257	0
822.08	-0.09139	0
822.12	-0.09150	0
822.16	-0.09161	0
822.2	-0.09172	0
822.24	-0.09183	0
822.28	-0.09195	0
822.32	-0.09206	0
822.36	-0.09217	0
822.4	-0.09475	0
822.44	-0.09475	0
822.48	-0.09475	0
822.52	-0.09475	0
822.5600000000001	-0.09475	0
822.6	-0.09475	0
822.64	-0.09475	0
822.6800000000001	-0.09475	0
822.72	-0.09475	0
822.76	-0.09475	0
822.8000000000001	-0.09475	0
822.84	-0.09475	0
822.88	-0.09475	0
822.9200000000001	-0.09475	0
822.96	-0.09475	0
823.0	-0.09475	0
823.04	-0.09475	0
823.08	-0.09475	0
823.12	-0.09475	0
823.16	-0.09475	0
823.2	-0.09346	0
823.24	-0.09346	0
823.28	-0.09346	0
823.32	-0.09346	1
823.36	-0.09346	1
823.4	-0.09346	1
823.44	-0.09346	1
823.48	-0.09346	1
823.52	-0.09346	1
823.5600000000001	-0.09346	1
823.6	-0.09346	1
823.64	-0.09346	1
823.6800000000001	-0.09346	1
823.72	-0.09346	1
823.76	-0.09346	1
823.8000000000001	-0.09346	1
823.84	-0.09346	1
823.88	-0.09346	1
823.9200000000001	-0.09346	1
823.96	-0.09346	1
824.0	-0.09346	1
824.04	-0.09346	1
824.08	-0.09346	1
824.12	-0.09346	1
824.16	-0.09346	1
824.2	-0.09346	1
824.24	-0.09346	1
824.28	-0.09226	1
824.32	-0.09237	1
824.36	-0.09249	1
824.4	-0.09260	1
824.44	-0.09260	1
824.48	-0.09260	1
824.52	-0.09260	1
824.5600000000001	-0.09260	1
824.6	-0.09260	1
824.64	-0.09260	1
824.6800000000001	-0.09260	1
824.72	-0.09260	1
824.76	-0.09260	1
824.8000000000001	-0.09260	1
824.84	-0.09260	1
824.88	-0.09260	1
824.9200000000001	-0.09260	1
824.96	-0.09260	1
825.0	-0.09260	1
825.04	-0.09260	1
825.08	-0.09140	1
825.12	-0.09151	1
825.16	-0.09163	1
825.2	-0.09174	1
825.24	-0.09185	1
825.28	-0.09197	1
825.32	-0.09208	1
825.36	-0.09219	1
825.4	-0.09231	1
825.44	-0.09242	1
825.48	-0.09254	1
825.52	-0.09254	1
825.5600000000001	-0.09254	1
825.6	-0.09134	1
825.64	-0.09145	1
825.6800000000001	-0.09156	1
825.72	-0.09168	1
825.76	-0.09179	1
825.8000000000001	-0.09190	1
825.84	-0.09202	1
825.88	-0.09213	1
825.9200000000001	-0.09224	1
825.96	-0.09236	1
826.0	-0.09247	1
826.04	-0.09258	1
826.08	-0.09258	1
826.12	-0.09258	1
826.16	-0.09258	1
826.2	-0.09258	1
826.24	-0.09258	1
826.28	-0.09258	1
826.32	-0.09258	1
826.36	-0.09258	1
826.4	-0.09258	1
826.44	-0.09258	1
826.48	-0.09258	1
826.52	-0.09258	1
826.5600000000001	-0.09258	1
826.6	-0.09258	1
826.64	-0.09258	1
826.6800000000001	-0.09258	1
826.72	-0.09258	1
826.76	-0.09258	1
826.8000000000001	-0.09258	1
826.84	-0.09258	1
826.88	-0.09258	1
826.9200000000001	-0.09258	1
826.96	-0.09258	1
827.0	-0.09258	1
827.04	-0.09258	1
827.08	-0.09258	1
827.12	-0.09258	1
827.16	-0.09139	1
827.2	-0.09150	1
827.24	-0.09161	1
827.28	-0.09173	1
827.32	-0.09184	1
827.36	-0.09195	1
827.4	-0.09207	1
827.44	-0.09218	1
827.48	-0.09229	1
827.52	-0.09241	1
827.5600000000001	-0.09121	1
827.6	-0.09132	1
827.64	-0.09144	1
827.6800000000001	-0.09024	1
827.72	-0.09036	1
827.76	-0.09047	1
827.8000000000001	-0.09058	1
827.84	-0.09070	1
827.88	-0.09081	1
827.9200000000001	-0.09092	1
827.96	-0.09103	1
828.0	-0.09115	1
828.04	-0.08995	1
828.08	-0.09007	1
828.12	-0.09018	1
828.16	-0.09029	1
828.2	-0.09041	1
828.24	-0.09052	1
828.28	-0.09063	1
828.32	-0.09075	1
828.36	-0.09086	1
828.4	-0.09097	1
828.44	-0.09109	1
828.48	-0.09120	1
828.52	-0.09131	1
828.5600000000001	-0.09142	1
828.6	-0.09154	1
828.64	-0.09165	1
828.6800000000001	-0.09426	1
828.72	-0.09426	1
828.76	-0.09426	1
828.8000000000001	-0.09426	1
828.84	-0.09426	1
828.88	-0.09426	1
828.9200000000001	-0.09426	1
828.96	-0.09426	1
829.0	-0.09426	1
829.04	-0.09426	1
829.08	-0.09426	1
829.12	-0.09426	1
829.16	-0.09295	1
829.2	-0.09295	1
829.24	-0.09295	1
829.28	-0.09176	1
829.32	-0.09188	1
829.36	-0.09199	1
829.4	-0.09210	1
829.44	-0.09221	1
829.48	-0.09233	1
829.52	-0.09244	1
829.5600000000001	-0.09255	1
829.6	-0.09255	1
829.64	-0.09255	1
829.6800000000001	-0.09255	0
829.72	-0.09255	0
829.76	-0.09255	0
829.8000000000001	-0.09255	0
829.84	-0.09255	0
829.88	-0.09255	0
829.9200000000001	-0.09255	0
829.96	-0.09136	0
830.0	-0.09147	0
830.04	-0.09159	0
830.08	-0.09170	0
830.12	-0.09181	0
830.16	-0.09193	0
830.2	-0.09204	0
830.24	-0.09215	0
830.28	-0.09226	0
830.32	-0.09238	0
830.36	-0.09249	0
830.4	-0.09260	1
830.44	-0.09260	1
830.48	-0.09140	1
830.52	-0.09151	1
830.5600000000001	-0.09163	1
830.6	-0.09174	1
830.64	-0.09186	1
830.6800000000001	-0.09197	1
830.72	-0.09208	1
830.76	-0.09220	1
830.8000000000001	-0.09231	1
830.84	-0.09242	1
830.88	-0.09254	1
830.9200000000001	-0.09254	1
830.96	-0.09254	1
831.0	-0.09254	1
831.04	-0.09254	1
831.08	-0.09254	1
831.12	-0.09254	1
831.16	-0.09254	1
831.2	-0.09254	1
831.24	-0.09254	1
831.28	-0.09254	1
831.32	-0.09254	1
831.36	-0.09254	1
831.4	-0.09254	1
831.44	-0.09254	1
831.48	-0.09254	1
831.52	-0.09254	1
831.5600000000001	-0.09254	1
831.6	-0.09254	1
831.64	-0.09254	1
831.6800000000001	-0.09254	1
831.72	-0.09254	1
831.76	-0.09254	1
831.8000000000001	-0.09254	1
831.84	-0.09254	1
831.88	-0.09254	1
831.9200000000001	-0.09254	1
831.96	-0.09254	1
832.0	-0.09254	1
832.04	-0.09254	1
832.08	-0.09254	1
832.12	-0.09254	1
832.16	-0.09254	1
832.2	-0.09254	1
832.24	-0.09254	1
832.28	-0.09254	1
832.32	-0.09254	1
832.36	-0.09254	1
832.4	-0.09254	1
832.44	-0.09254	1
832.48	-0.09254	1
832.52	-0.09134	1
832.5600000000001	-0.09145	1
832.6	-0.09156	1
832.64	-0.09168	1
832.6800000000001	-0.09179	1
832.72	-0.09190	1
832.76	-0.09202	1
832.8000000000001	-0.09213	1
832.84	-0.09225	1
832.88	-0.09236	1
832.9200000000001	-0.09247	1
832.96	-0.09259	1
833.0	-0.09259	1
833.04	-0.09259	1
833.08	-0.09259	1
833.12	-0.09259	1
833.16	-0.09259	1
833.2	-0.09259	1
833.24	-0.09259	1
833.28	-0.09259	1
833.32	-0.09259	1
833.36	-0.09259	1
833.4	-0.09259	1
833.44	-0.09259	1
833.48	-0.09259	1
833.52	-0.09139	1
833.5600000000001	-0.09150	1
833.6	-0.09161	1
833.64	-0.09173	1
833.6800000000001	-0.09184	1
833.72	-0.09195	1
833.76	-0.09207	1
833.8000000000001	-0.09218	1
833.84	-0.09229	1
833.88	-0.09241	1
833.9200000000001	-0.09252	1
833.96	-0.09252	1
834.0	-0.09252	1
834.04	-0.09252	1
834.08	-0.09252	1
834.12	-0.09252	1
834.16	-0.09252	1
834.2	-0.09252	1
834.24	-0.09252	1
834.28	-0.09252	1
834.32	-0.09252	1
834.36	-0.09252	1
834.4	-0.09252	1
834.44	-0.09252	1
834.48	-0.09132	1
834.52	-0.09144	1
834.5600000000001	-0.09155	1
834.6	-0.09166	1
834.64	-0.09178	1
834.6800000000001	-0.09439	1
834.72	-0.09439	1
834.76	-0.09439	1
834.8000000000001	-0.09439	1
834.84	-0.09439	1
834.88	-0.09439	1
834.9200000000001	-0.09309	1
834.96	-0.09309	1
835.0	-0.09309	1
835.04	-0.09309	1
835.08	-0.09309	1
835.12	-0.09309	1
835.16	-0.09309	1
835.2	-0.09309	1
835.24	-0.09189	1
835.28	-0.09200	1
835.32	-0.09212	1
835.36	-0.09092	1
835.4	-0.09104	1
835.44	-0.09115	1
835.48	-0.09126	1
835.52	-0.09137	1
835.5600000000001	-0.09149	1
835.6	-0.09160	0
835.64	-0.09171	0
835.6800000000001	-0.09183	0
835.72	-0.09194	0
835.76	-0.09205	0
835.8000000000001	-0.09217	0
835.84	-0.09228	0
835.88	-0.09239	0
835.9200000000001	-0.09120	0
835.96	-0.09131	0
836.0	-0.09143	0
836.04	-0.09154	0
836.08	-0.09165	0
836.12	-0.09046	0
836.16	-0.09057	0
836.2	-0.09318	0
836.24	-0.09318	0
836.28	-0.09318	0
836.32	-0.09318	0
836.36	-0.09199	0
836.4	-0.09210	0
836.44	-0.09221	0
836.48	-0.09233	0
836.52	-0.09244	0
836.5600000000001	-0.09125	0
836.6	-0.09136	0
836.64	-0.09148	0
836.6800000000001	-0.09159	0
836.72	-0.09170	0
836.76	-0.09181	0
836.8000000000001	-0.09062	0
836.84	-0.09074	0
836.88	-0.09085	0
836.9200000000001	-0.09096	0
836.96	-0.09107	0
837.0	-0.08989	0
837.04	-0.09000	0
837.08	-0.09011	0
837.12	-0.09022	0
837.16	-0.09034	0
837.2	-0.09045	0
837.24	-0.09056	0
837.28	-0.09067	0
837.32	-0.09079	0
837.36	-0.09090	0
837.4	-0.09101	0
837.44	-0.09112	0
837.48	-0.09124	0
837.52	-0.09135	0
837.5600000000001	-0.09146	0
837.6	-0.09157	0
837.64	-0.09169	0
837.6800000000001	-0.09180	0
837.72	-0.09191	0
837.76	-0.09202	0
837.8000000000001	-0.09214	0
837.84	-0.09225	0
837.88	-0.09236	0
837.9200000000001	-0.09247	0
837.96	-0.09259	0
838.0	-0.09140	0
838.04	-0.09151	0
838.08	-0.09162	0
838.12	-0.09174	0
838.16	-0.09185	0
838.2	-0.09444	0
838.24	-0.09315	0
838.28	-0.09315	0
838.32	-0.09315	0
838.36	-0.09315	0
838.4	-0.09315	0
838.44	-0.09315	0
838.48	-0.09315	0
838.52	-0.09196	0
838.5600000000001	-0.09207	0
838.6	-0.09219	0
838.64	-0.09230	0
838.6800000000001	-0.09241	0
838.72	-0.09371	0
838.76	-0.09371	0
838.8000000000001	-0.09371	0
838.84	-0.09371	0
838.88	-0.09371	0
838.9200000000001	-0.09371	0
838.96	-0.09371	0
839.0	-0.09371	0
839.04	-0.09371	0
839.08	-0.09371	0
839.12	-0.09371	0
839.16	-0.09371	0
839.2	-0.09371	0
839.24	-0.09371	0
839.28	-0.09371	0
839.32	-0.09371	0
839.36	-0.09371	0
839.4	-0.09371	0
839.44	-0.09371	0
839.48	-0.09371	0
839.52	-0.09371	0
839.5600000000001	-0.09371	0
839.6	-0.09371	0
839.64	-0.09371	0
839.6800000000001	-0.09371	0
839.72	-0.09371	0
839.76	-0.09371	0
839.8000000000001	-0.09371	0
839.84	-0.09371	0
839.88	-0.09371	0
839.9200000000001	-0.09371	0
839.96	-0.09371	0
840.0	-0.09252	0
840.04	-0.09252	0
840.08	-0.09252	0
840.12	-0.09252	0
840.16	-0.09252	0
840.2	-0.09252	0
840.24	-0.09252	0
840.28	-0.09252	0
840.32	-0.09252	0
840.36	-0.09252	1
840.4	-0.09252	1
840.44	-0.09252	1
840.48	-0.09252	1
840.52	-0.09132	1
840.5600000000001	-0.09143	1
840.6	-0.09155	1
840.64	-0.09166	1
840.6800000000001	-0.09177	1
840.72	-0.09189	1
840.76	-0.09200	1
840.8000000000001	-0.09212	1
840.84	-0.09223	1
840.88	-0.09234	1
840.9200000000001	-0.09246	1
840.96	-0.09257	1
841.0	-0.09257	1
841.04	-0.09257	1
841.08	-0.09257	1
841.12	-0.09257	1
841.16	-0.09257	1
841.2	-0.09137	1
841.24	-0.09148	1
841.28	-0.09160	1
841.32	-0.09171	1
841.36	-0.09182	1
841.4	-0.09194	1
841.44	-0.09205	1
841.48	-0.09217	1
841.52	-0.09228	1
841.5600000000001	-0.09239	1
841.6	-0.09251	1
841.64	-0.09251	1
841.6800000000001	-0.09251	1
841.72	-0.09251	1
841.76	-0.09251	1
841.8000000000001	-0.09251	1
841.84	-0.09251	1
841.88	-0.09251	1
841.9200000000001	-0.09251	1
841.96	-0.09251	1
842.0	-0.09251	1
842.04	-0.09251	1
842.08	-0.09251	1
842.12	-0.09251	1
842.16	-0.09251	1
842.2	-0.09251	1
842.24	-0.09251	1
842.28	-0.09251	1
842.32	-0.09251	1
842.36	-0.09251	1
842.4	-0.09251	1
842.44	-0.09251	1
842.48	-0.09131	1
842.52	-0.09142	1
842.5600000000001	-0.09153	1
842.6	-0.09165	1
842.64	-0.09176	1
842.6800000000001	-0.09056	1
842.72	-0.09068	1
842.76	-0.09079	1
842.8000000000001	-0.09090	1
842.84	-0.09102	1
842.88	-0.09113	1
842.9200000000001	-0.09124	1
842.96	-0.09005	1
843.0	-0.09016	1
843.04	-0.09028	1
843.08	-0.09039	1
843.12	-0.08919	1
843.16	-0.08931	1
843.2	-0.08942	1
843.24	-0.08953	1
843.28	-0.08965	1
843.32	-0.08976	1
843.36	-0.08987	1
843.4	-0.08868	1
843.44	-0.08879	1
843.48	-0.08891	1
843.52	-0.08902	1
843.5600000000001	-0.08913	1
843.6	-0.08925	1
843.64	-0.08936	1
843.6800000000001	-0.08947	1
843.72	-0.08959	1
843.76	-0.08970	1
843.8000000000001	-0.08981	1
843.84	-0.08993	1
843.88	-0.09004	1
843.9200000000001	-0.09015	1
843.96	-0.09027	1
844.0	-0.09038	1
844.04	-0.08919	0
844.08	-0.08930	0
844.12	-0.08941	0
844.16	-0.08953	0
844.2	-0.08964	0
844.24	-0.08975	0
844.28	-0.08987	0
844.32	-0.08998	0
844.36	-0.09009	0
844.4	-0.09021	0
844.44	-0.09032	0
844.48	-0.09043	0
844.52	-0.09054	0
844.5600000000001	-0.09066	0
844.6	-0.09077	0
844.64	-0.08958	0
844.6800000000001	-0.08969	0
844.72	-0.08981	0
844.76	-0.08992	0
844.8000000000001	-0.09003	0
844.84	-0.09014	0
844.88	-0.09026	0
844.9200000000001	-0.09037	0
844.96	-0.09297	0
845.0	-0.09297	0
845.04	-0.09297	0
845.08	-0.09297	0
845.12	-0.09297	0
845.16	-0.09297	0
845.2	-0.09297	0
845.24	-0.09297	0
845.28	-0.09178	0
845.32	-0.09190	0
845.36	-0.09201	0
845.4	-0.09212	0
845.44	-0.09223	0
845.48	-0.09235	0
845.52	-0.09246	0
845.5600000000001	-0.09257	0
845.6	-0.09257	0
845.64	-0.09257	0
845.6800000000001	-0.09257	0
845.72	-0.09257	0
845.76	-0.09257	0
845.8000000000001	-0.09138	0
845.84	-0.09020	0
845.88	-0.09031	0
845.9200000000001	-0.09042	0
845.96	-0.09053	0
846.0	-0.09065	0
846.04	-0.09076	0
846.08	-0.09087	0
846.12	-0.09098	0
846.16	-0.09110	0
846.2	-0.09121	0
846.24	-0.09132	0
846.28	-0.09143	0
846.32	-0.09154	0
846.36	-0.09166	0
846.4	-0.09177	0
846.44	-0.09188	0
846.48	-0.09199	0
846.52	-0.09211	0
846.5600000000001	-0.09222	0
846.6	-0.09233	0
846.64	-0.09244	0
846.6800000000001	-0.09255	0
846.72	-0.09255	0
846.76	-0.09255	0
846.8000000000001	-0.09255	0
846.84	-0.09255	0
846.88	-0.09255	0
846.9200000000001	-0.09137	0
846.96	-0.09148	0
847.0	-0.09159	0
847.04	-0.09171	0
847.08	-0.09182	0
847.12	-0.09193	0
847.16	-0.09204	0
847.2	-0.09215	0
847.24	-0.09227	0
847.28	-0.09238	0
847.32	-0.09249	0
847.36	-0.09260	0
847.4	-0.09260	0
847.44	-0.09260	0
847.48	-0.09260	0
847.52	-0.09260	0
847.5600000000001	-0.09260	1
847.6	-0.09260	1
847.64	-0.09260	1
847.6800000000001	-0.09260	1
847.72	-0.09260	1
847.76	-0.09260	1
847.8000000000001	-0.09260	1
847.84	-0.09260	1
847.88	-0.09260	1
847.9200000000001	-0.09260	1
847.96	-0.09260	1
848.0	-0.09260	1
848.04	-0.09260	1
848.08	-0.09260	1
848.12	-0.09260	1
848.16	-0.09260	1
848.2	-0.09140	1
848.24	-0.09151	1
848.28	-0.09414	1
848.32	-0.09283	1
848.36	-0.09283	1
848.4	-0.09283	1
848.44	-0.09283	1
848.48	-0.09283	1
848.52	-0.09283	1
848.5600000000001	-0.09283	1
848.6	-0.09283	1
848.64	-0.09283	1
848.6800000000001	-0.09283	1
848.72	-0.09283	1
848.76	-0.09283	1
848.8000000000001	-0.09283	1
848.84	-0.09283	1
848.88	-0.09283	1
848.9200000000001	-0.09283	1
848.96	-0.09283	1
849.0	-0.09283	1
849.04	-0.09283	1
849.08	-0.09283	1
849.12	-0.09163	1
849.16	-0.09174	1
849.2	-0.09186	1
849.24	-0.09197	1
849.28	-0.09208	1
849.32	-0.09220	1
849.36	-0.09231	1
849.4	-0.09242	1
849.44	-0.09254	1
849.48	-0.09254	1
849.52	-0.09254	1
849.5600000000001	-0.09254	1
849.6	-0.09254	1
849.64	-0.09254	1
849.6800000000001	-0.09254	1
849.72	-0.09254	1
849.76	-0.09254	1
849.8000000000001	-0.09254	1
849.84	-0.09134	1
849.88	-0.09145	1
849.9200000000001	-0.09157	1
849.96	-0.09168	1
850.0	-0.09179	1
850.04	-0.09191	1
850.08	-0.09202	1
850.12	-0.09213	1
850.16	-0.09225	1
850.2	-0.09236	1
850.24	-0.09247	1
850.28	-0.09259	1
850.32	-0.09259	1
850.36	-0.09139	1
850.4	-0.09401	1
850.44	-0.09401	1
850.48	-0.09401	1
850.52	-0.09401	1
850.5600000000001	-0.09401	1
850.6	-0.09401	1
850.64	-0.09401	1
850.6800000000001	-0.09401	1
850.72	-0.09401	1
850.76	-0.09401	1
850.8000000000001	-0.09401	1
850.84	-0.09401	1
850.88	-0.09401	1
850.9200000000001	-0.09401	1
850.96	-0.09401	1
851.0	-0.09401	1
851.04	-0.09401	1
851.08	-0.09270	1
851.12	-0.09270	1
851.16	-0.09150	1
851.2	-0.09162	1
851.24	-0.09173	1
851.28	-0.09184	1
851.32	-0.09196	1
851.36	-0.09207	1
851.4	-0.09218	1
851.44	-0.09229	0
851.48	-0.09241	0
851.52	-0.09252	0
851.5600000000001	-0.09252	0
851.6	-0.09252	0
851.64	-0.09252	0
851.6800000000001	-0.09252	0
851.72	-0.09252	0
851.76	-0.09252	0
851.8000000000001	-0.09252	0
851.84	-0.09252	0
851.88	-0.09252	0
851.9200000000001	-0.09252	0
851.96	-0.09133	0
852.0	-0.09144	0
852.04	-0.09155	0
852.08	-0.09167	0
852.12	-0.09178	0
852.16	-0.09189	0
852.2	-0.09200	0
852.24	-0.09081	0
852.28	-0.09092	0
852.32	-0.09104	0
852.36	-0.09115	0
852.4	-0.09126	0
852.44	-0.09138	0
852.48	-0.09149	0
852.52	-0.09160	0
852.5600000000001	-0.09171	0
852.6	-0.09183	0
852.64	-0.09194	0
852.6800000000001	-0.09205	0
852.72	-0.09217	0
852.76	-0.09228	0
852.8000000000001	-0.09239	0
852.84	-0.09251	0
852.88	-0.09251	0
852.9200000000001	-0.09251	0
852.96	-0.09251	0
853.0	-0.09251	0
853.04	-0.09251	0
853.08	-0.09251	0
853.12	-0.09251	0
853.16	-0.09251	0
853.2	-0.09251	0
853.24	-0.09131	0
853.28	-0.09143	0
853.32	-0.09154	0
853.36	-0.09165	0
853.4	-0.09176	0
853.44	-0.09188	0
853.48	-0.09199	0
853.52	-0.09210	1
853.5600000000001	-0.09222	1
853.6	-0.09233	1
853.64	-0.09244	1
853.6800000000001	-0.09256	1
853.72	-0.09256	1
853.76	-0.09256	1
853.8000000000001	-0.09256	1
853.84	-0.09256	1
853.88	-0.09256	1
853.9200000000001	-0.09256	1
853.96	-0.09256	1
854.0	-0.09256	1
854.04	-0.09256	1
854.08	-0.09256	1
854.12	-0.09256	1
854.16	-0.09256	1
854.2	-0.09256	1
854.24	-0.09256	1
854.28	-0.09256	1
854.32	-0.09256	1
854.36	-0.09256	1
854.4	-0.09256	1
854.44	-0.09256	1
854.48	-0.09256	1
854.52	-0.09256	1
854.5600000000001	-0.09256	1
854.6	-0.09256	1
854.64	-0.09256	1
854.6800000000001	-0.09256	1
854.72	-0.09256	1
854.76	-0.09256	1
854.8000000000001	-0.09256	1
854.84	-0.09256	1
854.88	-0.09256	1
854.9200000000001	-0.09256	1
854.96	-0.09256	1
855.0	-0.09256	1
855.04	-0.09256	1
855.08	-0.09256	1
855.12	-0.09256	1
855.16	-0.09256	1
855.2	-0.09256	1
855.24	-0.09136	1
855.28	-0.09147	1
855.32	-0.09159	1
855.36	-0.09170	1
855.4	-0.09181	1
855.44	-0.09061	1
855.48	-0.09073	1
855.52	-0.09084	1
855.5600000000001	-0.09095	1
855.6	-0.09107	1
855.64	-0.09118	1
855.6800000000001	-0.09129	1
855.72	-0.09141	1
855.76	-0.09152	1
855.8000000000001	-0.09415	1
855.84	-0.09415	1
855.88	-0.09415	1
855.9200000000001	-0.09415	1
855.96	-0.09415	1
856.0	-0.09415	1
856.04	-0.09415	1
856.08	-0.09415	1
856.12	-0.09283	1
856.16	-0.09283	1
856.2	-0.09283	1
856.24	-0.09283	1
856.28	-0.09283	1
856.32	-0.09283	1
856.36	-0.09283	1
856.4	-0.09283	1
856.44	-0.09283	1
856.48	-0.09283	1
856.52	-0.09283	1
856.5600000000001	-0.09283	1
856.6	-0.09283	1
856.64	-0.09283	1
856.6800000000001	-0.09283	1
856.72	-0.09283	1
856.76	-0.09283	1
856.8000000000001	-0.09283	1
856.84	-0.09164	1
856.88	-0.09044	1
856.9200000000001	-0.09055	1
856.96	-0.09066	1
857.0	-0.09078	1
857.04	-0.09089	1
857.08	-0.09101	1
857.12	-0.09112	1
857.16	-0.08992	1
857.2	-0.09004	1
857.24	-0.09015	1
857.28	-0.09026	1
857.32	-0.09038	1
857.36	-0.08918	1
857.4	-0.08929	1
857.44	-0.08941	1
857.48	-0.08952	1
857.52	-0.08963	1
857.5600000000001	-0.08975	1
857.6	-0.08986	1
857.64	-0.08997	1
857.6800000000001	-0.09009	1
857.72	-0.09270	1
857.76	-0.09270	1
857.8000000000001	-0.09270	1
857.84	-0.09270	1
857.88	-0.09270	1
857.9200000000001	-0.09270	1
857.96	-0.09270	1
858.0	-0.09270	1
858.04	-0.09270	1
858.08	-0.09270	1
858.12	-0.09270	1
858.16	-0.09270	1
858.2	-0.09270	1
858.24	-0.09270	1
858.28	-0.09270	1
858.32	-0.09270	1
858.36	-0.09270	1
858.4	-0.09151	1
858.44	-0.09162	1
858.48	-0.09174	1
858.52	-0.09185	1
858.5600000000001	-0.09196	1
858.6	-0.09207	1
858.64	-0.09219	1
858.6800000000001	-0.09230	1
858.72	-0.09491	1
858.76	-0.09491	1
858.8000000000001	-0.09491	1
858.84	-0.09491	1
858.88	-0.09491	1
858.9200000000001	-0.09491	1
858.96	-0.09491	1
859.0	-0.09491	1
859.04	-0.09491	1
859.08	-0.09491	1
859.12	-0.09491	1
859.16	-0.09491	1
859.2	-0.09491	1
859.24	-0.09491	1
859.28	-0.09491	1
859.32	-0.09491	1
859.36	-0.09361	1
859.4	-0.09361	1
859.44	-0.09361	1
859.48	-0.09361	1
859.52	-0.09361	1
859.5600000000001	-0.09361	1
859.6	-0.09361	1
859.64	-0.09361	1
859.6800000000001	-0.09361	1
859.72	-0.09361	1
859.76	-0.09361	1
859.8000000000001	-0.09361	1
859.84	-0.09361	1
859.88	-0.09361	1
859.9200000000001	-0.09361	1
859.96	-0.09361	1
860.0	-0.09361	1
860.04	-0.09361	1
860.08	-0.09361	1
860.12	-0.09241	1
860.16	-0.09253	1
860.2	-0.09253	1
860.24	-0.09253	1
860.28	-0.09253	1
860.32	-0.09253	0
860.36	-0.09253	0
860.4	-0.09253	0
860.44	-0.09253	0
860.48	-0.09253	0
860.52	-0.09253	0
860.5600000000001	-0.09253	0
860.6	-0.09253	0
860.64	-0.09253	0
860.6800000000001	-0.09253	0
860.72	-0.09253	0
860.76	-0.09253	0
860.8000000000001	-0.09253	0
860.84	-0.09253	0
860.88	-0.09253	0
860.9200000000001	-0.09253	0
860.96	-0.09253	0
861.0	-0.09253	0
861.04	-0.09253	0
861.08	-0.09253	0
861.12	-0.09253	0
861.16	-0.09253	1
861.2	-0.09133	1
861.24	-0.09144	1
861.28	-0.09155	1
861.32	-0.09167	1
861.36	-0.09178	1
861.4	-0.09189	1
861.44	-0.09201	1
861.48	-0.09212	1
861.52	-0.09223	1
861.5600000000001	-0.09235	1
861.6	-0.09246	1
861.64	-0.09258	1
861.6800000000001	-0.09258	1
861.72	-0.09258	1
861.76	-0.09258	1
861.8000000000001	-0.09258	1
861.84	-0.09138	1
861.88	-0.09149	1
861.9200000000001	-0.09160	1
861.96	-0.09172	1
862.0	-0.09183	1
862.04	-0.09194	1
862.08	-0.09074	1
862.12	-0.09086	1
862.16	-0.09097	1
862.2	-0.09360	1
862.24	-0.09360	1
862.28	-0.09360	1
862.32	-0.09360	1
862.36	-0.09360	1
862.4	-0.09360	1
862.44	-0.09360	1
862.48	-0.09360	1
862.52	-0.09360	1
862.5600000000001	-0.09360	1
862.6	-0.09360	1
862.64	-0.09360	1
862.6800000000001	-0.09360	1
862.72	-0.09360	1
862.76	-0.09360	1
862.8000000000001	-0.09360	1
862.84	-0.09360	1
862.88	-0.09240	1
862.9200000000001	-0.09251	1
862.96	-0.09251	1
863.0	-0.09251	1
863.04	-0.09251	1
863.08	-0.09251	1
863.12	-0.09251	1
863.16	-0.09251	1
863.2	-0.09251	1
863.24	-0.09251	1
863.28	-0.09251	1
863.32	-0.09251	1
863.36	-0.09251	1
863.4	-0.09251	1
863.44	-0.09251	1
863.48	-0.09251	1
863.52	-0.09251	1
863.5600000000001	-0.09251	1
863.6	-0.09251	1
863.64	-0.09251	1
863.6800000000001	-0.09251	1
863.72	-0.09251	1
863.76	-0.09251	1
863.8000000000001	-0.09251	1
863.84	-0.09251	1
863.88	-0.09251	1
863.9200000000001	-0.09251	1
863.96	-0.09251	1
864.0	-0.09251	1
864.04	-0.09251	1
864.08	-0.09251	1
864.12	-0.09251	1
864.16	-0.09251	1
864.2	-0.09251	1
864.24	-0.09251	1
864.28	-0.09251	1
864.32	-0.09251	1
864.36	-0.09251	1
864.4	-0.09251	1
864.44	-0.09251	1
864.48	-0.09251	1
864.52	-0.09251	1
864.5600000000001	-0.09251	1
864.6	-0.09251	1
864.64	-0.09251	1
864.6800000000001	-0.09251	1
864.72	-0.09251	1
864.76	-0.09251	1
864.8000000000001	-0.09251	1
864.84	-0.09251	1
864.88	-0.09251	1
864.9200000000001	-0.09251	1
864.96	-0.09251	1
865.0	-0.09251	1
865.04	-0.09251	1
865.08	-0.09251	1
865.12	-0.09251	1
865.16	-0.09251	1
865.2	-0.09251	1
865.24	-0.09251	1
865.28	-0.09251	1
865.32	-0.09251	1
865.36	-0.09251	1
865.4	-0.09251	1
865.44	-0.09251	1
865.48	-0.09251	1
865.52	-0.09251	1
865.5600000000001	-0.09251	1
865.6	-0.09251	1
865.64	-0.09251	1
865.6800000000001	-0.09251	1
865.72	-0.09251	1
865.76	-0.09251	1
865.8000000000001	-0.09251	1
865.84	-0.09251	1
865.88	-0.09251	1
865.9200000000001	-0.09251	1
865.96	-0.09251	1
866.0	-0.09251	1
866.04	-0.09251	1
866.08	-0.09251	1
866.12	-0.09251	1
866.16	-0.09251	1
866.2	-0.09251	1
866.24	-0.09251	1
866.28	-0.09251	1
866.32	-0.09251	1
866.36	-0.09251	1
866.4	-0.09251	1
866.44	-0.09251	1
866.48	-0.09251	1
866.52	-0.09251	1
866.5600000000001	-0.09251	1
866.6	-0.09251	1
866.64	-0.09251	1
866.6800000000001	-0.09251	1
866.72	-0.09251	1
866.76	-0.09251	1
866.8000000000001	-0.09251	1
866.84	-0.09251	1
866.88	-0.09251	1
866.9200000000001	-0.09251	1
866.96	-0.09251	1
867.0	-0.09251	1
867.04	-0.09251	1
867.08	-0.09251	1
867.12	-0.09251	1
867.16	-0.09251	1
867.2	-0.09251	1
867.24	-0.09251	1
867.28	-0.09251	1
867.32	-0.09251	1
867.36	-0.09251	1
867.4	-0.09251	1
867.44	-0.09251	1
867.48	-0.09251	1
867.52	-0.09251	1
867.5600000000001	-0.09251	1
867.6	-0.09251	1
867.64	-0.09251	1
867.6800000000001	-0.09251	1
867.72	-0.09251	1
867.76	-0.09251	1
867.8000000000001	-0.09251	1
867.84	-0.09251	1
867.88	-0.09251	1
867.9200000000001	-0.09251	1
867.96	-0.09251	1
868.0	-0.09131	1
868.04	-0.09143	1
868.08	-0.09154	1
868.12	-0.09165	1
868.16	-0.09177	1
868.2	-0.09188	1
868.24	-0.09199	1
868.28	-0.09211	1
868.32	-0.09473	1
868.36	-0.09473	1
868.4	-0.09473	1
868.44	-0.09473	1
868.48	-0.09473	1
868.52	-0.09473	1
868.5600000000001	-0.09473	1
868.6	-0.09473	1
868.64	-0.09473	1
868.6800000000001	-0.09473	1
868.72	-0.09342	1
868.76	-0.09342	1
868.8000000000001	-0.09342	1
868.84	-0.09342	1
868.88	-0.09342	1
868.9200000000001	-0.09342	1
868.96	-0.09342	1
869.0	-0.09342	1
869.04	-0.09342	1
869.08	-0.09342	1
869.12	-0.09342	1
869.16	-0.09222	1
869.2	-0.09102	1
869.24	-0.09114	1
869.28	-0.08994	1
869.32	-0.09005	1
869.36	-0.09017	1
869.4	-0.09028	1
869.44	-0.09039	1
869.48	-0.08789	1
869.52	-0.08800	1
869.5600000000001	-0.08681	1
869.6	-0.08692	1
869.64	-0.08704	1
869.6800000000001	-0.08715	1
869.72	-0.08726	1
869.76	-0.08738	1
869.8000000000001	-0.08749	1
869.84	-0.08761	1
869.88	-0.08772	1
869.9200000000001	-0.08783	1
869.96	-0.08795	1
870.0	-0.08806	1
870.04	-0.08817	1
870.08	-0.08829	0
870.12	-0.08840	0
870.16	-0.08851	0
870.2	-0.08863	0
870.24	-0.08874	0
870.28	-0.08885	0
870.32	-0.08897	0
870.36	-0.08908	0
870.4	-0.08919	0
870.44	-0.08931	0
870.48	-0.08942	0
870.52	-0.08953	0
870.5600000000001	-0.08965	0
870.6	-0.08976	0
870.64	-0.08987	0
870.6800000000001	-0.08998	0
870.72	-0.09010	0
870.76	-0.09021	0
870.8000000000001	-0.09032	0
870.84	-0.09044	0
870.88	-0.09055	0
870.9200000000001	-0.09066	0
870.96	-0.09077	0
871.0	-0.09089	0
871.04	-0.09100	0
871.08	-0.09111	0
871.12	-0.09123	0
871.16	-0.09134	0
871.2	-0.09145	0
871.24	-0.09156	0
871.28	-0.09168	0
871.32	-0.09049	0
871.36	-0.09060	0
871.4	-0.09071	0
871.44	-0.09083	0
871.48	-0.09094	0
871.52	-0.09105	0
871.5600000000001	-0.09116	0
871.6	-0.09128	0
871.64	-0.09388	0
871.6800000000001	-0.09388	0
871.72	-0.09388	0
871.76	-0.09388	0
871.8000000000001	-0.09388	0
871.84	-0.09388	0
871.88	-0.09388	0
871.9200000000001	-0.09388	0
871.96	-0.09388	1
872.0	-0.09388	1
872.04	-0.09388	1
872.08	-0.09388	1
872.12	-0.09388	1
872.16	-0.09388	1
872.2	-0.09256	1
872.24	-0.09256	1
872.28	-0.09256	1
872.32	-0.09136	1
872.36	-0.09147	1
872.4	-0.09159	1
872.44	-0.09170	1
872.48	-0.09181	1
872.52	-0.09193	1
872.5600000000001	-0.09204	1
872.6	-0.09215	1
872.64	-0.09095	1
872.6800000000001	-0.09107	1
872.72	-0.09118	1
872.76	-0.09130	1
872.8000000000001	-0.09141	1
872.84	-0.09152	1
872.88	-0.09032	1
872.9200000000001	-0.09044	1
872.96	-0.09055	1
873.0	-0.09067	1
873.04	-0.09078	1
873.08	-0.08958	1
873.12	-0.08969	1
873.16	-0.08981	1
873.2	-0.08992	1
873.24	-0.09004	1
873.28	-0.09015	1
873.32	-0.09026	1
873.36	-0.09038	1
873.4	-0.09049	1
873.44	-0.09060	1
873.48	-0.09072	1
873.52	-0.09083	1
873.5600000000001	-0.08963	1
873.6	-0.08975	1
873.64	-0.08855	1
873.6800000000001	-0.08866	1
873.72	-0.08878	1
873.76	-0.08889	1
873.8000000000001	-0.08901	1
873.84	-0.08912	1
873.88	-0.08923	0
873.9200000000001	-0.08935	0
873.96	-0.08946	0
874.0	-0.08957	0
874.04	-0.09230	0
874.08	-0.09241	0
874.12	-0.09122	0
874.16	-0.09133	0
874.2	-0.09145	0
874.24	-0.09156	0
874.28	-0.09167	0
874.32	-0.09179	0
874.36	-0.09190	0
874.4	-0.09201	0
874.44	-0.09212	0
874.48	-0.09224	0
874.52	-0.09235	0
874.5600000000001	-0.09246	0
874.6	-0.09258	0
874.64	-0.09138	0
874.6800000000001	-0.09269	0
874.72	-0.09269	0
874.76	-0.09269	0
874.8000000000001	-0.09269	0
874.84	-0.09269	0
874.88	-0.09269	0
874.9200000000001	-0.09269	0
874.96	-0.09269	0
875.0	-0.09269	0
875.04	-0.09269	0
875.08	-0.09269	0
875.12	-0.09150	0
875.16	-0.09161	0
875.2	-0.09172	0
875.24	-0.09184	0
875.28	-0.09195	0
875.32	-0.09206	0
875.36	-0.09217	0
875.4	-0.09229	0
875.44	-0.09240	0
875.48	-0.09251	0
875.52	-0.09251	0
875.5600000000001	-0.09251	0
875.6	-0.09132	0
875.64	-0.09143	0
875.6800000000001	-0.09155	0
875.72	-0.09166	0
875.76	-0.09177	0
875.8000000000001	-0.09188	0
875.84	-0.09200	0
875.88	-0.09460	0
875.9200000000001	-0.09460	0
875.96	-0.09460	0
876.0	-0.09460	0
876.04	-0.09460	0
876.08	-0.09460	0
876.12	-0.09460	0
876.16	-0.09460	0
876.2	-0.09460	0
876.24	-0.09460	0
876.28	-0.09460	0
876.32	-0.09460	0
876.36	-0.09330	0
876.4	-0.09330	0
876.44	-0.09330	0
876.48	-0.09330	0
876.52	-0.09330	0
876.5600000000001	-0.09330	0
876.6	-0.09330	0
876.64	-0.09330	0
876.6800000000001	-0.09330	0
876.72	-0.09330	0
876.76	-0.09330	0
876.8000000000001	-0.09330	0
876.84	-0.09330	0
876.88	-0.09211	0
876.9200000000001	-0.09222	0
876.96	-0.09234	0
877.0	-0.09245	0
877.04	-0.09256	0
877.08	-0.09256	0
877.12	-0.09256	0
877.16	-0.09256	0
877.2	-0.09137	0
877.24	-0.09148	0
877.28	-0.09160	0
877.32	-0.09171	1
877.36	-0.09182	1
877.4	-0.09194	1
877.44	-0.09205	1
877.48	-0.09216	1
877.52	-0.09228	1
877.5600000000001	-0.09108	1
877.6	-0.09119	1
877.64	-0.09131	1
877.6800000000001	-0.09142	1
877.72	-0.09153	1
877.76	-0.09165	1
877.8000000000001	-0.09176	1
877.84	-0.09056	1
877.88	-0.09067	1
877.9200000000001	-0.09079	1
877.96	-0.09090	1
878.0	-0.09102	1
878.04	-0.09113	1
878.08	-0.09124	1
878.12	-0.09136	1
878.16	-0.09147	1
878.2	-0.09158	1
878.24	-0.09170	1
878.28	-0.09181	1
878.32	-0.09192	1
878.36	-0.09204	1
878.4	-0.09215	1
878.44	-0.09226	1
878.48	-0.09238	1
878.52	-0.09249	1
878.5600000000001	-0.09260	1
878.6	-0.09260	1
878.64	-0.09260	1
878.6800000000001	-0.09260	1
878.72	-0.09260	1
878.76	-0.09260	1
878.8000000000001	-0.09260	1
878.84	-0.09260	1
878.88	-0.09260	1
878.9200000000001	-0.09260	1
878.96	-0.09260	1
879.0	-0.09260	1
879.04	-0.09260	1
879.08	-0.09260	1
879.12	-0.09141	1
879.16	-0.09152	1
879.2	-0.09163	1
879.24	-0.09175	1
879.28	-0.09055	1
879.32	-0.09066	1
879.36	-0.09078	1
879.4	-0.09089	0
879.44	-0.09100	0
879.48	-0.09112	0
879.52	-0.09123	0
879.5600000000001	-0.09134	0
879.6	-0.09146	0
879.64	-0.09157	0
879.6800000000001	-0.09168	0
879.72	-0.09180	0
879.76	-0.09191	0
879.8000000000001	-0.09202	0
879.84	-0.09083	0
879.88	-0.09094	0
879.9200000000001	-0.09105	0
879.96	-0.09117	0
880.0	-0.09128	0
880.04	-0.09139	0
880.08	-0.09020	0
880.12	-0.09031	0
880.16	-0.08912	0
880.2	-0.08924	0
880.24	-0.08935	0
880.28	-0.08946	0
880.32	-0.08957	0
880.36	-0.08969	0
880.4	-0.08980	0
880.44	-0.08991	0
880.48	-0.08872	0
880.52	-0.08884	0
880.5600000000001	-0.08765	0
880.6	-0.08776	0
880.64	-0.08787	0
880.6800000000001	-0.08799	0
880.72	-0.08810	0
880.76	-0.08821	0
880.8000000000001	-0.08832	0
880.84	-0.08844	0
880.88	-0.08855	0
880.9200000000001	-0.08866	0
880.96	-0.08878	0
881.0	-0.08889	0
881.04	-0.08900	0
881.08	-0.08781	0
881.12	-0.08793	0
881.16	-0.08804	0
881.2	-0.08815	0
881.24	-0.08827	0
881.28	-0.08838	0
881.32	-0.08849	0
881.36	-0.08861	0
881.4	-0.08872	0
881.44	-0.09013	0
881.48	-0.09024	0
881.52	-0.09036	0
881.5600000000001	-0.09047	0
881.6	-0.09058	0
881.64	-0.09069	0
881.6800000000001	-0.09081	0
881.72	-0.09092	0
881.76	-0.09103	0
881.8000000000001	-0.09114	0
881.84	-0.09126	0
881.88	-0.09137	0
881.9200000000001	-0.09148	0
881.96	-0.09159	0
882.0	-0.09171	0
882.04	-0.09182	0
882.08	-0.09193	0
882.12	-0.09204	0
882.16	-0.09215	0
882.2	-0.09227	0
882.24	-0.09238	0
882.28	-0.09119	0
882.32	-0.09001	0
882.36	-0.09012	0
882.4	-0.09023	0
882.44	-0.09035	0
882.48	-0.09046	0
882.52	-0.09057	0
882.5600000000001	-0.09068	0
882.6	-0.09080	0
882.64	-0.09091	0
882.6800000000001	-0.08972	0
882.72	-0.08984	0
882.76	-0.08995	0
882.8000000000001	-0.09006	0
882.84	-0.09017	0
882.88	-0.09029	0
882.9200000000001	-0.09040	0
882.96	-0.09051	0
883.0	-0.09062	0
883.04	-0.09073	0
883.08	-0.09085	0
883.12	-0.09096	0
883.16	-0.09107	0
883.2	-0.09118	0
883.24	-0.09129	0
883.28	-0.09141	0
883.32	-0.09023	0
883.36	-0.09034	0
883.4	-0.09045	0
883.44	-0.09056	0
883.48	-0.09067	0
883.52	-0.09079	1
883.5600000000001	-0.09090	1
883.6	-0.09101	1
883.64	-0.09113	1
883.6800000000001	-0.09124	1
883.72	-0.09136	1
883.76	-0.09147	1
883.8000000000001	-0.09158	1
883.84	-0.09170	1
883.88	-0.09181	1
883.9200000000001	-0.09444	1
883.96	-0.09444	1
884.0	-0.09444	1
884.04	-0.09444	1
884.08	-0.09444	1
884.12	-0.09444	1
884.16	-0.09444	1
884.2	-0.09444	1
884.24	-0.09444	1
884.28	-0.09444	1
884.32	-0.09312	1
884.36	-0.09312	1
884.4	-0.09312	1
884.44	-0.09312	1
884.48	-0.09312	1
884.52	-0.09312	1
884.5600000000001	-0.09312	1
884.6	-0.09312	1
884.64	-0.09312	1
884.6800000000001	-0.09312	1
884.72	-0.09312	1
884.76	-0.09192	1
884.8000000000001	-0.09204	1
884.84	-0.09215	1
884.88	-0.09226	1
884.9200000000001	-0.09238	1
884.96	-0.09249	1
885.0	-0.09260	1
885.04	-0.09260	1
885.08	-0.09260	1
885.12	-0.09260	1
885.16	-0.09260	1
885.2	-0.09260	1
885.24	-0.09260	1
885.28	-0.09260	1
885.32	-0.09260	1
885.36	-0.09260	1
885.4	-0.09141	1
885.44	-0.09021	1
885.48	-0.09032	1
885.52	-0.08912	1
885.5600000000001	-0.08924	1
885.6	-0.08935	1
885.64	-0.08946	1
885.6800000000001	-0.08958	1
885.72	-0.08969	1
885.76	-0.08981	1
885.8000000000001	-0.08992	1
885.84	-0.09003	1
885.88	-0.09265	1
885.9200000000001	-0.09265	1
885.96	-0.09265	1
886.0	-0.09265	1
886.04	-0.09265	1
886.08	-0.09265	1
886.12	-0.09265	1
886.16	-0.09265	1
886.2	-0.09265	1
886.24	-0.09265	1
886.28	-0.09265	1
886.32	-0.09265	1
886.36	-0.09146	1
886.4	-0.09157	1
886.44	-0.09168	1
886.48	-0.09180	1
886.52	-0.09191	1
886.5600000000001	-0.09202	1
886.6	-0.09214	1
886.64	-0.09094	1
886.6800000000001	-0.09105	1
886.72	-0.09117	1
886.76	-0.09128	1
886.8000000000001	-0.09390	1
886.84	-0.09259	1
886.88	-0.09259	1
886.9200000000001	-0.09259	1
886.96	-0.09259	1
887.0	-0.09259	1
887.04	-0.09259	1
887.08	-0.09259	1
887.12	-0.09259	1
887.16	-0.09259	1
887.2	-0.09259	1
887.24	-0.09259	1
887.28	-0.09259	1
887.32	-0.09259	1
887.36	-0.09259	1
887.4	-0.09259	1
887.44	-0.09259	1
887.48	-0.09259	1
887.52	-0.09259	1
887.5600000000001	-0.09259	1
887.6	-0.09259	1
887.64	-0.09259	1
887.6800000000001	-0.09259	1
887.72	-0.09259	1
887.76	-0.09259	1
887.8000000000001	-0.09139	1
887.84	-0.09151	1
887.88	-0.09162	1
887.9200000000001	-0.09173	1
887.96	-0.09185	1
888.0	-0.09196	1
888.04	-0.09207	1
888.08	-0.09219	1
888.12	-0.09230	1
888.16	-0.09241	1
888.2	-0.09252	1
888.24	-0.09252	1
888.28	-0.09133	1
888.32	-0.09144	1
888.36	-0.09156	1
888.4	-0.09167	1
888.44	-0.09048	1
888.48	-0.09059	1
888.52	-0.09070	1
888.5600000000001	-0.09082	1
888.6	-0.08962	1
888.64	-0.08974	1
888.6800000000001	-0.08985	1
888.72	-0.08996	1
888.76	-0.08877	1
888.8000000000001	-0.08758	1
888.84	-0.08769	1
888.88	-0.08781	0
888.9200000000001	-0.08792	0
888.96	-0.08673	0
889.0	-0.08684	0
889.04	-0.08696	0
889.08	-0.08707	0
889.12	-0.08718	0
889.16	-0.08730	0
889.2	-0.08741	0
889.24	-0.08752	0
889.28	-0.08764	0
889.32	-0.08775	0
889.36	-0.08786	0
889.4	-0.08798	0
889.44	-0.08809	0
889.48	-0.08820	0
889.52	-0.08831	0
889.5600000000001	-0.08843	0
889.6	-0.08854	0
889.64	-0.08865	0
889.6800000000001	-0.08877	0
889.72	-0.08888	0
889.76	-0.08899	0
889.8000000000001	-0.08780	0
889.84	-0.08792	0
889.88	-0.08803	0
889.9200000000001	-0.08814	0
889.96	-0.08826	0
890.0	-0.08837	0
890.04	-0.08848	0
890.08	-0.08859	0
890.12	-0.08871	0
890.16	-0.08882	0
890.2	-0.09023	0
890.24	-0.09034	0
890.28	-0.09046	0
890.32	-0.09057	0
890.36	-0.09068	0
890.4	-0.09079	0
890.44	-0.09091	0
890.48	-0.09102	0
890.52	-0.09113	0
890.5600000000001	-0.09124	0
890.6	-0.09136	0
890.64	-0.09147	0
890.6800000000001	-0.09158	0
890.72	-0.09169	0
890.76	-0.09180	0
890.8000000000001	-0.09192	0
890.84	-0.09203	0
890.88	-0.09214	0
890.9200000000001	-0.09225	1
890.96	-0.09237	1
891.0	-0.09248	1
891.04	-0.09260	1
891.08	-0.09260	1
891.12	-0.09260	1
891.16	-0.09260	1
891.2	-0.09260	1
891.24	-0.09260	1
891.28	-0.09260	1
891.32	-0.09260	1
891.36	-0.09260	1
891.4	-0.09260	1
891.44	-0.09260	1
891.48	-0.09260	1
891.52	-0.09139	1
891.5600000000001	-0.09151	1
891.6	-0.09162	1
891.64	-0.09174	1
891.6800000000001	-0.09185	1
891.72	-0.09196	1
891.76	-0.09208	1
891.8000000000001	-0.09219	1
891.84	-0.09230	1
891.88	-0.09242	1
891.9200000000001	-0.09253	1
891.96	-0.09253	1
892.0	-0.09133	1
892.04	-0.09144	1
892.08	-0.09156	1
892.12	-0.09167	1
892.16	-0.09179	1
892.2	-0.09190	1
892.24	-0.09201	1
892.28	-0.09213	1
892.32	-0.09224	1
892.36	-0.09235	1
892.4	-0.09247	1
892.44	-0.09258	1
892.48	-0.09138	1
892.52	-0.09018	1
892.5600000000001	-0.09030	1
892.6	-0.08910	1
892.64	-0.08922	1
892.6800000000001	-0.08933	1
892.72	-0.08944	1
892.76	-0.08956	1
892.8000000000001	-0.08967	1
892.84	-0.08978	1
892.88	-0.08990	1
892.9200000000001	-0.09001	1
892.96	-0.09012	1
893.0	-0.09024	1
893.04	-0.09035	1
893.08	-0.09046	1
893.12	-0.09058	1
893.16	-0.09069	1
893.2	-0.09080	1
893.24	-0.09092	1
893.28	-0.09103	1
893.32	-0.09114	1
893.36	-0.08995	1
893.4	-0.08876	1
893.44	-0.08887	1
893.48	-0.08898	1
893.52	-0.08910	1
893.5600000000001	-0.08921	1
893.6	-0.08932	1
893.64	-0.08944	1
893.6800000000001	-0.08955	1
893.72	-0.08966	0
893.76	-0.08978	0
893.8000000000001	-0.08989	0
893.84	-0.09000	0
893.88	-0.09011	0
893.9200000000001	-0.09023	0
893.96	-0.09034	0
894.0	-0.08915	0
894.04	-0.08926	0
894.08	-0.08938	0
894.12	-0.09210	0
894.16	-0.09221	0
894.2	-0.09232	0
894.24	-0.09243	0
894.28	-0.09255	0
894.32	-0.09255	0
894.36	-0.09255	0
894.4	-0.09255	0
894.44	-0.09255	0
894.48	-0.09255	0
894.52	-0.09255	0
894.5600000000001	-0.09136	0
894.6	-0.09147	0
894.64	-0.09158	0
894.6800000000001	-0.09169	0
894.72	-0.09181	0
894.76	-0.09192	0
894.8000000000001	-0.09203	0
894.84	-0.09215	0
894.88	-0.09226	0
894.9200000000001	-0.09237	0
894.96	-0.09248	0
895.0	-0.09260	0
895.04	-0.09260	0
895.08	-0.09260	0
895.12	-0.09260	0
895.16	-0.09260	0
895.2	-0.09260	0
895.24	-0.09260	0
895.28	-0.09260	0
895.32	-0.09260	0
895.36	-0.09260	0
895.4	-0.09260	0
895.44	-0.09260	0
895.48	-0.09260	0
895.52	-0.09260	0
895.5600000000001	-0.09260	0
895.6	-0.09260	0
895.64	-0.09141	0
895.6800000000001	-0.09152	0
895.72	-0.09163	0
895.76	-0.09174	0
895.8000000000001	-0.09186	1
895.84	-0.09197	1
895.88	-0.09209	1
895.9200000000001	-0.09220	1
895.96	-0.09231	1
896.0	-0.09243	1
896.04	-0.09254	1
896.08	-0.09254	1
896.12	-0.09254	1
896.16	-0.09254	1
896.2	-0.09134	1
896.24	-0.09145	1
896.28	-0.09157	1
896.32	-0.09168	1
896.36	-0.09179	1
896.4	-0.09191	1
896.44	-0.09202	1
896.48	-0.09082	1
896.52	-0.09094	1
896.5600000000001	-0.09105	1
896.6	-0.09116	1
896.64	-0.09128	1
896.6800000000001	-0.09139	1
896.72	-0.09150	1
896.76	-0.09162	1
896.8000000000001	-0.09173	1
896.84	-0.09184	1
896.88	-0.09196	1
896.9200000000001	-0.09076	1
896.96	-0.08956	1
897.0	-0.08968	1
897.04	-0.08979	1
897.08	-0.08990	1
897.12	-0.09002	1
897.16	-0.09013	1
897.2	-0.09024	1
897.24	-0.09036	1
897.28	-0.09047	1
897.32	-0.09058	1
897.36	-0.09070	1
897.4	-0.09081	1
897.44	-0.09092	1
897.48	-0.09104	1
897.52	-0.09115	1
897.5600000000001	-0.09126	1
897.6	-0.09138	1
897.64	-0.09149	1
897.6800000000001	-0.09160	1
897.72	-0.09172	1
897.76	-0.09052	1
897.8000000000001	-0.09064	1
897.84	-0.09075	1
897.88	-0.09086	1
897.9200000000001	-0.09348	1
897.96	-0.09348	1
898.0	-0.09348	1
898.04	-0.09348	1
898.08	-0.09348	1
898.12	-0.09228	1
898.16	-0.09239	1
898.2	-0.09251	1
898.24	-0.09251	1
898.28	-0.09251	1
898.32	-0.09251	1
898.36	-0.09251	1
898.4	-0.09251	1
898.44	-0.09131	1
898.48	-0.09143	1
898.52	-0.09154	1
898.5600000000001	-0.09165	1
898.6	-0.09177	1
898.64	-0.09188	1
898.6800000000001	-0.09199	1
898.72	-0.09211	1
898.76	-0.09091	1
898.8000000000001	-0.09103	1
898.84	-0.09114	1
898.88	-0.09125	1
898.9200000000001	-0.09136	1
898.96	-0.09148	1
899.0	-0.09159	1
899.04	-0.09170	1
899.08	-0.09182	1
899.12	-0.09193	1
899.16	-0.09204	1
899.2	-0.09215	1
899.24	-0.09096	1
899.28	-0.09108	1
899.32	-0.09119	0
899.36	-0.09130	0
899.4	-0.09141	0
899.44	-0.09153	0
899.48	-0.09164	0
899.52	-0.09175	0
899.5600000000001	-0.09187	0
899.6	-0.09198	0
899.64	-0.09209	0
899.6800000000001	-0.09220	0
899.72	-0.09232	0
899.76	-0.09243	0
899.8000000000001	-0.09254	0
899.84	-0.09254	0
899.88	-0.09254	0
899.9200000000001	-0.09254	0
899.96	-0.09254	0
900.0	-0.09254	0
900.04	-0.09254	0
900.08	-0.09254	0
900.12	-0.09254	0
900.16	-0.09254	0
900.2	-0.09254	0
900.24	-0.09254	0
900.28	-0.09254	0
900.32	-0.09254	0
900.36	-0.09254	0
900.4	-0.09254	0
900.44	-0.09135	0
900.48	-0.09146	0
900.52	-0.09158	0
900.5600000000001	-0.09169	0
900.6	-0.09180	0
900.64	-0.09191	0
900.6800000000001	-0.09203	0
900.72	-0.09214	0
900.76	-0.09095	0
900.8000000000001	-0.09106	0
900.84	-0.08986	1
900.88	-0.08998	1
900.9200000000001	-0.09009	1
900.96	-0.09021	1
901.0	-0.09032	1
901.04	-0.09043	1
901.08	-0.09055	1
901.12	-0.09066	1
901.16	-0.09077	1
901.2	-0.09089	1
901.24	-0.09100	1
901.28	-0.09112	1
901.32	-0.09123	1
901.36	-0.09134	1
901.4	-0.09146	1
901.44	-0.09157	1
901.48	-0.09168	1
901.52	-0.09180	1
901.5600000000001	-0.09191	1
901.6	-0.09202	1
901.64	-0.09214	1
901.6800000000001	-0.09225	1
901.72	-0.09236	1
901.76	-0.09248	1
901.8000000000001	-0.09259	1
901.84	-0.09259	1
901.88	-0.09139	1
901.9200000000001	-0.09151	1
901.96	-0.09162	1
902.0	-0.09173	1
902.04	-0.09185	1
902.08	-0.09196	1
902.12	-0.09207	1
902.16	-0.09219	1
902.2	-0.09230	1
902.24	-0.09241	1
902.28	-0.09253	1
902.32	-0.09253	1
902.36	-0.09253	1
902.4	-0.09253	1
902.44	-0.09253	1
902.48	-0.09253	1
902.52	-0.09253	1
902.5600000000001	-0.09253	1
902.6	-0.09253	1
902.64	-0.09253	1
902.6800000000001	-0.09253	1
902.72	-0.09253	1
902.76	-0.09133	1
902.8000000000001	-0.09144	1
902.84	-0.09156	1
902.88	-0.09167	1
902.9200000000001	-0.09178	1
902.96	-0.09190	1
903.0	-0.09201	1
903.04	-0.09212	1
903.08	-0.08962	1
903.12	-0.08973	0
903.16	-0.08985	0
903.2	-0.08996	0
903.24	-0.09007	0
903.28	-0.09019	0
903.32	-0.09030	0
903.36	-0.09041	0
903.4	-0.09053	0
903.44	-0.09064	0
903.48	-0.09075	0
903.52	-0.09087	0
903.5600000000001	-0.09098	0
903.6	-0.09109	0
903.64	-0.09120	0
903.6800000000001	-0.09132	0
903.72	-0.09143	0
903.76	-0.09154	0
903.8000000000001	-0.09166	0
903.84	-0.09177	0
903.88	-0.09188	0
903.9200000000001	-0.09200	0
903.96	-0.09211	0
904.0	-0.09222	0
904.04	-0.09233	0
904.08	-0.09245	0
904.12	-0.09256	0
904.16	-0.09256	0
904.2	-0.09256	0
904.24	-0.09256	0
904.28	-0.09256	0
904.32	-0.09256	0
904.36	-0.09256	0
904.4	-0.09256	0
904.44	-0.09256	0
904.48	-0.09256	0
904.52	-0.09256	0
904.5600000000001	-0.09256	1
904.6	-0.09256	1
904.64	-0.09256	1
904.6800000000001	-0.09256	1
904.72	-0.09256	1
904.76	-0.09256	1
904.8000000000001	-0.09256	1
904.84	-0.09256	1
904.88	-0.09256	1
904.9200000000001	-0.09256	1
904.96	-0.09256	1
905.0	-0.09256	1
905.04	-0.09256	1
905.08	-0.09256	1
905.12	-0.09256	1
905.16	-0.09256	1
905.2	-0.09256	1
905.24	-0.09256	1
905.28	-0.09256	1
905.32	-0.09256	1
905.36	-0.09256	1
905.4	-0.09256	1
905.44	-0.09136	1
905.48	-0.09147	1
905.52	-0.09158	1
905.5600000000001	-0.09170	1
905.6	-0.09433	1
905.64	-0.09433	1
905.6800000000001	-0.09433	1
905.72	-0.09433	1
905.76	-0.09433	1
905.8000000000001	-0.09433	1
905.84	-0.09433	1
905.88	-0.09433	1
905.9200000000001	-0.09433	1
905.96	-0.09433	1
906.0	-0.09433	1
906.04	-0.09433	1
906.08	-0.09433	1
906.12	-0.09433	1
906.16	-0.09433	1
906.2	-0.09433	1
906.24	-0.09433	1
906.28	-0.09433	1
906.32	-0.09433	1
906.36	-0.09433	1
906.4	-0.09433	1
906.44	-0.09433	1
906.48	-0.09433	1
906.52	-0.09433	1
906.5600000000001	-0.09433	1
906.6	-0.09433	1
906.64	-0.09433	1
906.6800000000001	-0.09301	1
906.72	-0.09301	1
906.76	-0.09301	1
906.8000000000001	-0.09301	1
906.84	-0.09301	1
906.88	-0.09301	1
906.9200000000001	-0.09301	1
906.96	-0.09301	1
907.0	-0.09301	1
907.04	-0.09301	1
907.08	-0.09301	1
907.12	-0.09301	1
907.16	-0.09301	1
907.2	-0.09301	1
907.24	-0.09301	1
907.28	-0.09301	1
907.32	-0.09301	1
907.36	-0.09301	1
907.4	-0.09301	1
907.44	-0.09181	1
907.48	-0.09193	1
907.52	-0.09204	1
907.5600000000001	-0.09215	1
907.6	-0.09227	1
907.64	-0.09238	1
907.6800000000001	-0.09249	1
907.72	-0.09261	1
907.76	-0.09261	1
907.8000000000001	-0.09141	1
907.84	-0.09152	1
907.88	-0.09164	1
907.9200000000001	-0.09175	1
907.96	-0.09186	1
908.0	-0.09198	1
908.04	-0.09209	1
908.08	-0.09220	1
908.12	-0.09232	1
908.16	-0.09243	1
908.2	-0.09254	1
908.24	-0.09254	1
908.28	-0.09254	1
908.32	-0.09254	1
908.36	-0.09254	1
908.4	-0.09254	1
908.44	-0.09254	1
908.48	-0.09254	1
908.52	-0.09254	1
908.5600000000001	-0.09254	1
908.6	-0.09254	1
908.64	-0.09254	1
908.6800000000001	-0.09254	1
908.72	-0.09254	1
908.76	-0.09254	1
908.8000000000001	-0.09254	1
908.84	-0.09254	1
908.88	-0.09254	1
908.9200000000001	-0.09254	1
908.96	-0.09254	1
909.0	-0.09254	1
909.04	-0.09254	1
909.08	-0.09254	1
909.12	-0.09254	1
909.16	-0.09254	1
909.2	-0.09254	1
909.24	-0.09254	1
909.28	-0.09134	1
909.32	-0.09146	1
909.36	-0.09026	1
909.4	-0.09037	1
909.44	-0.09049	1
909.48	-0.09060	1
909.52	-0.09072	1
909.5600000000001	-0.09083	1
909.6	-0.09094	1
909.64	-0.09106	1
909.6800000000001	-0.09117	1
909.72	-0.09128	1
909.76	-0.09140	1
909.8000000000001	-0.09151	1
909.84	-0.09031	1
909.88	-0.09043	1
909.9200000000001	-0.09054	1
909.96	-0.09065	1
910.0	-0.09077	1
910.04	-0.09088	1
910.08	-0.09099	1
910.12	-0.09111	1
910.16	-0.09122	1
910.2	-0.09133	1
910.24	-0.09145	1
910.28	-0.09156	1
910.32	-0.09167	1
910.36	-0.09178	1
910.4	-0.09190	1
910.44	-0.09201	1
910.48	-0.09212	1
910.52	-0.09093	1
910.5600000000001	-0.09104	1
910.6	-0.09116	1
910.64	-0.09127	1
910.6800000000001	-0.09138	1
910.72	-0.09150	1
910.76	-0.09161	1
910.8000000000001	-0.09172	1
910.84	-0.09183	1
910.88	-0.09195	1
910.9200000000001	-0.09076	1
910.96	-0.09087	1
911.0	-0.09098	1
911.04	-0.09109	1
911.08	-0.09121	1
911.12	-0.09132	1
911.16	-0.09013	1
911.2	-0.08894	1
911.24	-0.08905	1
911.28	-0.08786	1
911.32	-0.08798	1
911.36	-0.08809	1
911.4	-0.08820	1
911.44	-0.08831	1
911.48	-0.08843	1
911.52	-0.08724	1
911.5600000000001	-0.08735	1
911.6	-0.08747	1
911.64	-0.08758	1
911.6800000000001	-0.08769	1
911.72	-0.08780	1
911.76	-0.08792	1
911.8000000000001	-0.08803	1
911.84	-0.08814	1
911.88	-0.08826	1
911.9200000000001	-0.08837	1
911.96	-0.08848	1
912.0	-0.08859	1
912.04	-0.08871	0
912.08	-0.08882	0
912.12	-0.08893	0
912.16	-0.08905	0
912.2	-0.08916	0
912.24	-0.08927	0
912.28	-0.08938	0
912.32	-0.08950	0
912.36	-0.08961	0
912.4	-0.08972	0
912.44	-0.08983	0
912.48	-0.08995	0
912.52	-0.09006	0
912.5600000000001	-0.09017	0
912.6	-0.09028	0
912.64	-0.09040	0
912.6800000000001	-0.09051	1
912.72	-0.09062	1
912.76	-0.09074	1
912.8000000000001	-0.09085	1
912.84	-0.09097	1
912.88	-0.09108	1
912.9200000000001	-0.09119	1
912.96	-0.09131	1
913.0	-0.09142	1
913.04	-0.09153	1
913.08	-0.09165	1
913.12	-0.09176	1
913.16	-0.09056	1
913.2	-0.09068	1
913.24	-0.09079	1
913.28	-0.09090	1
913.32	-0.09102	1
913.36	-0.09113	1
913.4	-0.09124	1
913.44	-0.09136	1
913.48	-0.09016	1
913.52	-0.09027	1
913.5600000000001	-0.09039	1
913.6	-0.09050	1
913.64	-0.09061	1
913.6800000000001	-0.09073	1
913.72	-0.09084	1
913.76	-0.09095	1
913.8000000000001	-0.09107	1
913.84	-0.09118	1
913.88	-0.09129	1
913.9200000000001	-0.09141	1
913.96	-0.09152	1
914.0	-0.09163	1
914.04	-0.09175	1
914.08	-0.09186	1
914.12	-0.09197	1
914.16	-0.09209	1
914.2	-0.09220	1
914.24	-0.09231	1
914.28	-0.09112	1
914.32	-0.08992	1
914.36	-0.09004	0
914.4	-0.09015	0
914.44	-0.09026	0
914.48	-0.09038	0
914.52	-0.09049	0
914.5600000000001	-0.09060	0
914.6	-0.09072	0
914.64	-0.09083	0
914.6800000000001	-0.09094	0
914.72	-0.09106	0
914.76	-0.09117	0
914.8000000000001	-0.09128	0
914.84	-0.09140	0
914.88	-0.09151	0
914.9200000000001	-0.09162	0
914.96	-0.09173	0
915.0	-0.09185	0
915.04	-0.09196	0
915.08	-0.09207	0
915.12	-0.09219	0
915.16	-0.09230	0
915.2	-0.09241	0
915.24	-0.09252	0
915.28	-0.09252	0
915.32	-0.09252	0
915.36	-0.09252	0
915.4	-0.09252	0
915.44	-0.09252	0
915.48	-0.09133	0
915.52	-0.09145	0
915.5600000000001	-0.09156	0
915.6	-0.09167	0
915.64	-0.09178	0
915.6800000000001	-0.09190	0
915.72	-0.09071	0
915.76	-0.09082	0
915.8000000000001	-0.09093	0
915.84	-0.09104	0
915.88	-0.08985	0
915.9200000000001	-0.08997	0
915.96	-0.09257	0
916.0	-0.09257	0
916.04	-0.09257	0
916.08	-0.09257	0
916.12	-0.09257	0
916.16	-0.09257	0
916.2	-0.09138	0
916.24	-0.09150	0
916.28	-0.09161	0
916.32	-0.09172	0
916.36	-0.09183	0
916.4	-0.09195	0
916.44	-0.09206	0
916.48	-0.09217	0
916.52	-0.09228	0
916.5600000000001	-0.09240	0
916.6	-0.09251	0
916.64	-0.09251	0
916.6800000000001	-0.09251	0
916.72	-0.09251	0
916.76	-0.09251	0
916.8000000000001	-0.09251	0
916.84	-0.09251	0
916.88	-0.09251	0
916.9200000000001	-0.09251	0
916.96	-0.09251	0
917.0	-0.09132	0
917.04	-0.09143	0
917.08	-0.09155	0
917.12	-0.09166	0
917.16	-0.09177	0
917.2	-0.09188	0
917.24	-0.09199	0
917.28	-0.09081	0
917.32	-0.09092	0
917.36	-0.09103	0
917.4	-0.09115	0
917.44	-0.09126	0
917.48	-0.09137	0
917.52	-0.09148	0
917.5600000000001	-0.09159	0
917.6	-0.09171	0
917.64	-0.09182	0
917.6800000000001	-0.09063	0
917.72	-0.09075	0
917.76	-0.09086	0
917.8000000000001	-0.09097	0
917.84	-0.09108	0
917.88	-0.09120	0
917.9200000000001	-0.09131	0
917.96	-0.09142	0
918.0	-0.09153	0
918.04	-0.09164	0
918.08	-0.09046	0
918.12	-0.09057	0
918.16	-0.09068	0
918.2	-0.09080	0
918.24	-0.09091	0
918.28	-0.09102	0
918.32	-0.09113	0
918.36	-0.09125	0
918.4	-0.09136	0
918.44	-0.09147	0
918.48	-0.09158	0
918.52	-0.09169	0
918.5600000000001	-0.09051	0
918.6	-0.09062	0
918.64	-0.09074	0
918.6800000000001	-0.09085	0
918.72	-0.09096	0
918.76	-0.09107	0
918.8000000000001	-0.09118	0
918.84	-0.09130	1
918.88	-0.09010	1
918.9200000000001	-0.09021	1
918.96	-0.09032	1
919.0	-0.09044	1
919.04	-0.09055	1
919.08	-0.09067	1
919.12	-0.09078	1
919.16	-0.09089	1
919.2	-0.09101	1
919.24	-0.09112	1
919.28	-0.09123	1
919.32	-0.09135	1
919.36	-0.09146	1
919.4	-0.09157	1
919.44	-0.09169	1
919.48	-0.09180	1
919.52	-0.09192	1
919.5600000000001	-0.09072	1
919.6	-0.09083	1
919.64	-0.09094	1
919.6800000000001	-0.09106	1
919.72	-0.09117	1
919.76	-0.09128	1
919.8000000000001	-0.09140	1
919.84	-0.09020	1
919.88	-0.09031	1
919.9200000000001	-0.09294	1
919.96	-0.09294	1
920.0	-0.09294	1
920.04	-0.09294	1
920.08	-0.09294	1
920.12	-0.09294	1
920.16	-0.09294	1
920.2	-0.09294	1
920.24	-0.09294	1
920.28	-0.09294	1
920.32	-0.09294	1
920.36	-0.09294	1
920.4	-0.09294	1
920.44	-0.09294	1
920.48	-0.09294	1
920.52	-0.09294	1
920.5600000000001	-0.09294	1
920.6	-0.09294	1
920.64	-0.09294	1
920.6800000000001	-0.09294	1
920.72	-0.09294	1
920.76	-0.09294	1
920.8000000000001	-0.09294	1
920.84	-0.09294	1
920.88	-0.09294	1
920.9200000000001	-0.09294	1
920.96	-0.09294	1
921.0	-0.09294	1
921.04	-0.09294	1
921.08	-0.09294	1
921.12	-0.09294	1
921.16	-0.09294	1
921.2	-0.09294	1
921.24	-0.09294	1
921.28	-0.09294	1
921.32	-0.09294	1
921.36	-0.09174	1
921.4	-0.09185	1
921.44	-0.09197	1
921.48	-0.09208	1
921.52	-0.09219	1
921.5600000000001	-0.09230	1
921.6	-0.09242	1
921.64	-0.09253	1
921.6800000000001	-0.09253	1
921.72	-0.09253	1
921.76	-0.09134	1
921.8000000000001	-0.09145	1
921.84	-0.09025	1
921.88	-0.09037	1
921.9200000000001	-0.09048	1
921.96	-0.09059	1
922.0	-0.09071	1
922.04	-0.09082	1
922.08	-0.09093	1
922.12	-0.09105	1
922.16	-0.09116	1
922.2	-0.09127	1
922.24	-0.09139	1
922.28	-0.09150	1
922.32	-0.09161	1
922.36	-0.09172	1
922.4	-0.09184	1
922.44	-0.09195	1
922.48	-0.09206	1
922.52	-0.09218	1
922.5600000000001	-0.09098	1
922.6	-0.09110	1
922.64	-0.09121	1
922.6800000000001	-0.09132	1
922.72	-0.09144	1
922.76	-0.09155	1
922.8000000000001	-0.09166	1
922.84	-0.09177	1
922.88	-0.09189	1
922.9200000000001	-0.09200	1
922.96	-0.09211	1
923.0	-0.09223	1
923.04	-0.09234	1
923.08	-0.09115	1
923.12	-0.09126	1
923.16	-0.09137	1
923.2	-0.09149	1
923.24	-0.09160	1
923.28	-0.09171	1
923.32	-0.09182	0
923.36	-0.09194	0
923.4	-0.09205	0
923.44	-0.09216	0
923.48	-0.09227	0
923.52	-0.09239	0
923.5600000000001	-0.09250	0
923.6	-0.09261	0
923.64	-0.09261	0
923.6800000000001	-0.09261	0
923.72	-0.09261	0
923.76	-0.09261	0
923.8000000000001	-0.09261	0
923.84	-0.09261	0
923.88	-0.09261	0
923.9200000000001	-0.09261	0
923.96	-0.09261	0
924.0	-0.09261	0
924.04	-0.09261	0
924.08	-0.09261	0
924.12	-0.09261	0
924.16	-0.09261	0
924.2	-0.09261	0
924.24	-0.09261	0
924.28	-0.09142	0
924.32	-0.09154	0
924.36	-0.09165	0
924.4	-0.09295	0
924.44	-0.09295	0
924.48	-0.09295	0
924.52	-0.09295	1
924.5600000000001	-0.09295	1
924.6	-0.09295	1
924.64	-0.09295	1
924.6800000000001	-0.09295	1
924.72	-0.09295	1
924.76	-0.09295	1
924.8000000000001	-0.09295	1
924.84	-0.09295	1
924.88	-0.09295	1
924.9200000000001	-0.09295	1
924.96	-0.09295	1
925.0	-0.09295	1
925.04	-0.09295	1
925.08	-0.09295	1
925.12	-0.09295	1
925.16	-0.09295	1
925.2	-0.09295	1
925.24	-0.09295	1
925.28	-0.09295	1
925.32	-0.09295	1
925.36	-0.09175	1
925.4	-0.09055	1
925.44	-0.09066	1
925.48	-0.09077	1
925.52	-0.09089	1
925.5600000000001	-0.09100	1
925.6	-0.09112	1
925.64	-0.09123	1
925.6800000000001	-0.09134	1
925.72	-0.09146	1
925.76	-0.09157	1
925.8000000000001	-0.09168	1
925.84	-0.09180	1
925.88	-0.09191	1
925.9200000000001	-0.09202	1
925.96	-0.09214	1
926.0	-0.09345	1
926.04	-0.09345	1
926.08	-0.09345	1
926.12	-0.09225	1
926.16	-0.09237	1
926.2	-0.09248	1
926.24	-0.09259	1
926.28	-0.09259	1
926.32	-0.09259	1
926.36	-0.09259	1
926.4	-0.09259	1
926.44	-0.09139	1
926.48	-0.09151	1
926.52	-0.09162	1
926.5600000000001	-0.09173	1
926.6	-0.09185	1
926.64	-0.09196	1
926.6800000000001	-0.09207	1
926.72	-0.09219	1
926.76	-0.09230	1
926.8000000000001	-0.09241	1
926.84	-0.09253	1
926.88	-0.09253	1
926.9200000000001	-0.09253	1
926.96	-0.09253	1
927.0	-0.09253	1
927.04	-0.09253	1
927.08	-0.09253	1
927.12	-0.09253	1
927.16	-0.09253	1
927.2	-0.09253	0
927.24	-0.09253	0
927.28	-0.09253	0
927.32	-0.09253	0
927.36	-0.09253	0
927.4	-0.09133	0
927.44	-0.09144	0
927.48	-0.09156	0
927.52	-0.09418	0
927.5600000000001	-0.09418	0
927.6	-0.09418	0
927.64	-0.09418	0
927.6800000000001	-0.09287	0
927.72	-0.09287	0
927.76	-0.09287	0
927.8000000000001	-0.09287	0
927.84	-0.09287	0
927.88	-0.09287	0
927.9200000000001	-0.09287	0
927.96	-0.09287	0
928.0	-0.09287	0
928.04	-0.09287	0
928.08	-0.09287	0
928.12	-0.09287	0
928.16	-0.09287	0
928.2	-0.09287	0
928.24	-0.09287	0
928.28	-0.09287	0
928.32	-0.09287	0
928.36	-0.09287	0
928.4	-0.09287	0
928.44	-0.09287	0
928.48	-0.09287	0
928.52	-0.09287	0
928.5600000000001	-0.09287	0
928.6	-0.09287	0
928.64	-0.09287	0
928.6800000000001	-0.09287	0
928.72	-0.09287	0
928.76	-0.09287	0
928.8000000000001	-0.09287	0
928.84	-0.09287	0
928.88	-0.09287	0
928.9200000000001	-0.09287	0
928.96	-0.09287	0
929.0	-0.09287	0
929.04	-0.09287	0
929.08	-0.09287	0
929.12	-0.09287	0
929.16	-0.09287	0
929.2	-0.09287	0
929.24	-0.09287	0
929.28	-0.09287	0
929.32	-0.09287	0
929.36	-0.09287	0
929.4	-0.09287	0
929.44	-0.09287	0
929.48	-0.09287	0
929.52	-0.09287	0
929.5600000000001	-0.09287	0
929.6	-0.09287	0
929.64	-0.09287	0
929.6800000000001	-0.09287	0
929.72	-0.09287	0
929.76	-0.09287	0
929.8000000000001	-0.09287	0
929.84	-0.09287	0
929.88	-0.09287	0
929.9200000000001	-0.09287	0
929.96	-0.09287	0
930.0	-0.09287	0
930.04	-0.09287	0
930.08	-0.09287	0
930.12	-0.09287	0
930.16	-0.09287	0
930.2	-0.09287	0
930.24	-0.09287	0
930.28	-0.09287	0
930.32	-0.09287	0
930.36	-0.09287	0
930.4	-0.09287	0
930.44	-0.09287	0
930.48	-0.09287	0
930.52	-0.09287	0
930.5600000000001	-0.09287	0
930.6	-0.09287	0
930.64	-0.09287	0
930.6800000000001	-0.09287	0
930.72	-0.09287	0
930.76	-0.09287	0
930.8000000000001	-0.09287	0
930.84	-0.09287	0
930.88	-0.09287	0
930.9200000000001	-0.09287	0
930.96	-0.09287	0
931.0	-0.09287	0
931.04	-0.09287	0
931.08	-0.09287	0
931.12	-0.09287	0
931.16	-0.09287	0
931.2	-0.09287	0
931.24	-0.09287	0
931.28	-0.09287	0
931.32	-0.09287	0
931.36	-0.09287	0
931.4	-0.09167	0
931.44	-0.09178	0
931.48	-0.09190	0
931.52	-0.09201	0
931.5600000000001	-0.09212	0
931.6	-0.09224	0
931.64	-0.09235	0
931.6800000000001	-0.09246	0
931.72	-0.09258	0
931.76	-0.09258	0
931.8000000000001	-0.09258	0
931.84	-0.09258	0
931.88	-0.09258	0
931.9200000000001	-0.09258	0
931.96	-0.09258	0
932.0	-0.09258	0
932.04	-0.09258	0
932.08	-0.09258	0
932.12	-0.09258	0
932.16	-0.09258	0
932.2	-0.09258	0
932.24	-0.09258	0
932.28	-0.09258	0
932.32	-0.09258	0
932.36	-0.09258	0
932.4	-0.09258	0
932.44	-0.09258	0
932.48	-0.09138	0
932.52	-0.09149	0
932.5600000000001	-0.09161	0
932.6	-0.09172	0
932.64	-0.09183	0
932.6800000000001	-0.09195	0
932.72	-0.09206	0
932.76	-0.09217	0
932.8000000000001	-0.09229	0
932.84	-0.09240	0
932.88	-0.09251	0
932.9200000000001	-0.09251	0
932.96	-0.09251	0
933.0	-0.09132	0
933.04	-0.09143	0
933.08	-0.09154	0
933.12	-0.09166	0
933.16	-0.09046	0
933.2	-0.09058	0
933.24	-0.09069	0
933.28	-0.09080	0
933.32	-0.09092	0
933.36	-0.09103	0
933.4	-0.09114	0
933.44	-0.09126	0
933.48	-0.09137	0
933.52	-0.09148	0
933.5600000000001	-0.09409	0
933.6	-0.09409	0
933.64	-0.09409	0
933.6800000000001	-0.09279	0
933.72	-0.09159	0
933.76	-0.09040	0
933.8000000000001	-0.09052	0
933.84	-0.09063	0
933.88	-0.09074	0
933.9200000000001	-0.09085	0
933.96	-0.09097	0
934.0	-0.09108	0
934.04	-0.09119	0
934.08	-0.09131	0
934.12	-0.09142	0
934.16	-0.09153	0
934.2	-0.09164	0
934.24	-0.09176	0
934.28	-0.09187	0
934.32	-0.09198	0
934.36	-0.09209	0
934.4	-0.09221	0
934.44	-0.09232	0
934.48	-0.09243	0
934.52	-0.09254	0
934.5600000000001	-0.09254	0
934.6	-0.09254	0
934.64	-0.09254	0
934.6800000000001	-0.09254	0
934.72	-0.09254	0
934.76	-0.09254	0
934.8000000000001	-0.09254	0
934.84	-0.09254	0
934.88	-0.09254	0
934.9200000000001	-0.09254	0
934.96	-0.09254	0
935.0	-0.09254	0
935.04	-0.09254	0
935.08	-0.09254	0
935.12	-0.09254	0
935.16	-0.09254	0
935.2	-0.09254	0
935.24	-0.09254	0
935.28	-0.09254	0
935.32	-0.09254	0
935.36	-0.09136	0
935.4	-0.09147	0
935.44	-0.09158	0
935.48	-0.09169	0
935.52	-0.09181	0
935.5600000000001	-0.09192	0
935.6	-0.09203	0
935.64	-0.09214	0
935.6800000000001	-0.09226	0
935.72	-0.09237	0
935.76	-0.09248	0
935.8000000000001	-0.09259	0
935.84	-0.09259	0
935.88	-0.09259	0
935.9200000000001	-0.09259	0
935.96	-0.09259	0
936.0	-0.09259	0
936.04	-0.09259	0
936.08	-0.09259	0
936.12	-0.09259	0
936.16	-0.09259	0
936.2	-0.09259	0
936.24	-0.09259	0
936.28	-0.09259	0
936.32	-0.09259	0
936.36	-0.09259	0
936.4	-0.09259	0
936.44	-0.09259	0
936.48	-0.09259	0
936.52	-0.09259	0
936.5600000000001	-0.09259	0
936.6	-0.09259	0
936.64	-0.09259	0
936.6800000000001	-0.09259	0
936.72	-0.09259	0
936.76	-0.09259	0
936.8000000000001	-0.09259	0
936.84	-0.09259	0
936.88	-0.09259	0
936.9200000000001	-0.09259	0
936.96	-0.09259	0
937.0	-0.09259	0
937.04	-0.09259	0
937.08	-0.09259	0
937.12	-0.09259	0
937.16	-0.09259	0
937.2	-0.09259	0
937.24	-0.09259	0
937.28	-0.09259	0
937.32	-0.09259	0
937.36	-0.09259	0
937.4	-0.09259	0
937.44	-0.09259	0
937.48	-0.09259	0
937.52	-0.09259	0
937.5600000000001	-0.09141	0
937.6	-0.09152	0
937.64	-0.09163	0
937.6800000000001	-0.09174	0
937.72	-0.09186	0
937.76	-0.09197	0
937.8000000000001	-0.09208	0
937.84	-0.09219	0
937.88	-0.09230	0
937.9200000000001	-0.09242	0
937.96	-0.09253	0
938.0	-0.09253	0
938.04	-0.09253	0
938.08	-0.09253	0
938.12	-0.09253	0
938.16	-0.09253	0
938.2	-0.09253	0
938.24	-0.09253	0
938.28	-0.09253	0
938.32	-0.09253	0
938.36	-0.09253	0
938.4	-0.09253	0
938.44	-0.09253	0
938.48	-0.09253	1
938.52	-0.09253	1
938.5600000000001	-0.09253	1
938.6	-0.09253	1
938.64	-0.09253	1
938.6800000000001	-0.09253	1
938.72	-0.09133	1
938.76	-0.09144	1
938.8000000000001	-0.09155	1
938.84	-0.09167	1
938.88	-0.09047	1
938.9200000000001	-0.09058	1
938.96	-0.09070	1
939.0	-0.09081	1
939.04	-0.09092	1
939.08	-0.09104	1
939.12	-0.09115	1
939.16	-0.09126	1
939.2	-0.09006	1
939.24	-0.09018	1
939.28	-0.09029	1
939.32	-0.09041	1
939.36	-0.09052	1
939.4	-0.09063	1
939.44	-0.09075	1
939.48	-0.08955	1
939.52	-0.08966	1
939.5600000000001	-0.08978	1
939.6	-0.08989	1
939.64	-0.09000	1
939.6800000000001	-0.09012	1
939.72	-0.09023	1
939.76	-0.09034	1
939.8000000000001	-0.09046	1
939.84	-0.08926	1
939.88	-0.08937	1
939.9200000000001	-0.08949	1
939.96	-0.08960	1
940.0	-0.08972	1
940.04	-0.08852	1
940.08	-0.08863	1
940.12	-0.08744	1
940.16	-0.08755	1
940.2	-0.08766	1
940.24	-0.08647	1
940.28	-0.08658	1
940.32	-0.08670	1
940.36	-0.08681	1
940.4	-0.08693	1
940.44	-0.08704	1
940.48	-0.08715	1
940.52	-0.08727	1
940.5600000000001	-0.08738	1
940.6	-0.08749	1
940.64	-0.08761	1
940.6800000000001	-0.08772	1
940.72	-0.08783	1
940.76	-0.08795	1
940.8000000000001	-0.08806	1
940.84	-0.08817	1
940.88	-0.08829	1
940.9200000000001	-0.08840	1
940.96	-0.08851	1
941.0	-0.08863	1
941.04	-0.08874	1
941.08	-0.08885	1
941.12	-0.08897	1
941.16	-0.08908	1
941.2	-0.08919	1
941.24	-0.08931	1
941.28	-0.08942	1
941.32	-0.08953	1
941.36	-0.08965	1
941.4	-0.08976	1
941.44	-0.08987	1
941.48	-0.08999	1
941.52	-0.09010	1
941.5600000000001	-0.09021	1
941.6	-0.09032	1
941.64	-0.08913	1
941.6800000000001	-0.08925	1
941.72	-0.08936	1
941.76	-0.08947	1
941.8000000000001	-0.08959	1
941.84	-0.08970	1
941.88	-0.08981	1
941.9200000000001	-0.08993	1
941.96	-0.09004	1
942.0	-0.09015	1
942.04	-0.09026	1
942.08	-0.09038	1
942.12	-0.08919	1
942.16	-0.08930	1
942.2	-0.08941	1
942.24	-0.08953	1
942.28	-0.08964	1
942.32	-0.08975	1
942.36	-0.08986	1
942.4	-0.08998	1
942.44	-0.09009	1
942.48	-0.09020	1
942.52	-0.09032	1
942.5600000000001	-0.09043	1
942.6	-0.09054	1
942.64	-0.09065	1
942.6800000000001	-0.09077	1
942.72	-0.09088	1
942.76	-0.09099	1
942.8000000000001	-0.09110	1
942.84	-0.09121	1
942.88	-0.09133	1
942.9200000000001	-0.09014	1
942.96	-0.09025	1
943.0	-0.09037	1
943.04	-0.09048	1
943.08	-0.09059	1
943.12	-0.09070	1
943.16	-0.09082	1
943.2	-0.09093	1
943.24	-0.09104	1
943.28	-0.09115	1
943.32	-0.09126	1
943.36	-0.09138	1
943.4	-0.09019	1
943.44	-0.09031	1
943.48	-0.09042	1
943.52	-0.09053	1
943.5600000000001	-0.09064	1
943.6	-0.09075	1
943.64	-0.09087	1
943.6800000000001	-0.09098	1
943.72	-0.09109	1
943.76	-0.09120	1
943.8000000000001	-0.09131	1
943.84	-0.09013	1
943.88	-0.09024	1
943.9200000000001	-0.09036	1
943.96	-0.09047	1
944.0	-0.09058	1
944.04	-0.09069	1
944.08	-0.09080	1
944.12	-0.09092	1
944.16	-0.09103	1
944.2	-0.09114	1
944.24	-0.09125	1
944.28	-0.09136	1
944.32	-0.09148	1
944.36	-0.09159	1
944.4	-0.09170	1
944.44	-0.09181	1
944.48	-0.09192	1
944.52	-0.09203	1
944.5600000000001	-0.09215	1
944.6	-0.09473	1
944.64	-0.09473	1
944.6800000000001	-0.09473	1
944.72	-0.09473	1
944.76	-0.09473	1
944.8000000000001	-0.09473	1
944.84	-0.09473	1
944.88	-0.09473	1
944.9200000000001	-0.09473	1
944.96	-0.09473	1
945.0	-0.09473	1
945.04	-0.09344	1
945.08	-0.09344	1
945.12	-0.09344	1
945.16	-0.09344	1
945.2	-0.09344	1
945.24	-0.09344	1
945.28	-0.09344	1
945.32	-0.09344	1
945.36	-0.09344	1
945.4	-0.09344	1
945.44	-0.09344	1
945.48	-0.09344	1
945.52	-0.09344	1
945.5600000000001	-0.09344	1
945.6	-0.09344	1
945.64	-0.09344	1
945.6800000000001	-0.09344	1
945.72	-0.09344	1
945.76	-0.09344	1
945.8000000000001	-0.09344	1
945.84	-0.09344	1
945.88	-0.09344	1
945.9200000000001	-0.09344	1
945.96	-0.09344	1
946.0	-0.09344	1
946.04	-0.09344	1
946.08	-0.09344	1
946.12	-0.09344	1
946.16	-0.09344	0
946.2	-0.09344	0
946.24	-0.09344	0
946.28	-0.09344	0
946.32	-0.09344	0
946.36	-0.09344	0
946.4	-0.09344	0
946.44	-0.09344	0
946.48	-0.09344	0
946.52	-0.09226	0
946.5600000000001	-0.09237	0
946.6	-0.09248	0
946.64	-0.09259	0
946.6800000000001	-0.09259	0
946.72	-0.09141	0
946.76	-0.09153	0
946.8000000000001	-0.09035	0
946.84	-0.09046	0
946.88	-0.09057	0
946.9200000000001	-0.09068	0
946.96	-0.09079	0
947.0	-0.09091	0
947.04	-0.09102	0
947.08	-0.09113	0
947.12	-0.09124	0
947.16	-0.09135	0
947.2	-0.09146	0
947.24	-0.09157	0
947.28	-0.09169	0
947.32	-0.09180	0
947.36	-0.09191	0
947.4	-0.09202	0
947.44	-0.09213	0
947.48	-0.09224	0
947.52	-0.09235	0
947.5600000000001	-0.09247	0
947.6	-0.09258	0
947.64	-0.09258	0
947.6800000000001	-0.09258	0
947.72	-0.09258	0
947.76	-0.09258	0
947.8000000000001	-0.09258	0
947.84	-0.09258	0
947.88	-0.09258	0
947.9200000000001	-0.09258	0
947.96	-0.09258	0
948.0	-0.09258	0
948.04	-0.09258	0
948.08	-0.09258	0
948.12	-0.09258	0
948.16	-0.09258	0
948.2	-0.09258	0
948.24	-0.09258	0
948.28	-0.09258	0
948.32	-0.09258	0
948.36	-0.09258	0
948.4	-0.09258	0
948.44	-0.09258	0
948.48	-0.09258	0
948.52	-0.09140	0
948.5600000000001	-0.09151	0
948.6	-0.09162	0
948.64	-0.09174	0
948.6800000000001	-0.09185	0
948.72	-0.09196	0
948.76	-0.09207	0
948.8000000000001	-0.09218	0
948.84	-0.09229	0
948.88	-0.09240	0
948.9200000000001	-0.09251	0
948.96	-0.09251	0
949.0	-0.09251	0
949.04	-0.09251	0
949.08	-0.09251	0
949.12	-0.09251	0
949.16	-0.09251	0
949.2	-0.09251	0
949.24	-0.09251	0
949.28	-0.09251	0
949.32	-0.09251	0
949.36	-0.09251	0
949.4	-0.09251	0
949.44	-0.09131	1
949.48	-0.09143	1
949.52	-0.09154	1
949.5600000000001	-0.09034	1
949.6	-0.09045	1
949.64	-0.08925	1
949.6800000000001	-0.08937	1
949.72	-0.08948	1
949.76	-0.08959	1
949.8000000000001	-0.08971	1
949.84	-0.08982	1
949.88	-0.08994	1
949.9200000000001	-0.09005	1
949.96	-0.08885	1
950.0	-0.08897	1
950.04	-0.08908	1
950.08	-0.08788	1
950.12	-0.08799	1
950.16	-0.08811	1
950.2	-0.08822	1
950.24	-0.08834	1
950.28	-0.08845	1
950.32	-0.08856	1
950.36	-0.08868	1
950.4	-0.08879	1
950.44	-0.08759	1
950.48	-0.08771	1
950.52	-0.08782	1
950.5600000000001	-0.08794	1
950.6	-0.08805	1
950.64	-0.08816	1
950.6800000000001	-0.08828	1
950.72	-0.09101	1
950.76	-0.09112	1
950.8000000000001	-0.09124	1
950.84	-0.09004	1
950.88	-0.09015	1
950.9200000000001	-0.09027	1
950.96	-0.09038	1
951.0	-0.09049	1
951.04	-0.09061	1
951.08	-0.09072	1
951.12	-0.08953	1
951.16	-0.08964	1
951.2	-0.08975	1
951.24	-0.08987	1
951.28	-0.08998	1
951.32	-0.09009	1
951.36	-0.09021	1
951.4	-0.09032	1
951.44	-0.09043	1
951.48	-0.09055	1
951.52	-0.09066	1
951.5600000000001	-0.09077	1
951.6	-0.09089	1
951.64	-0.09100	1
951.6800000000001	-0.09111	1
951.72	-0.09122	1
951.76	-0.09134	1
951.8000000000001	-0.09145	1
951.84	-0.09156	1
951.88	-0.09168	1
951.9200000000001	-0.09179	1
951.96	-0.09190	1
952.0	-0.09201	1
952.04	-0.09213	1
952.08	-0.09224	1
952.12	-0.09235	1
952.16	-0.09247	1
952.2	-0.09258	1
952.24	-0.09258	1
952.28	-0.09258	1
952.32	-0.09258	1
952.36	-0.09139	1
952.4	-0.09150	1
952.44	-0.09161	1
952.48	-0.09173	1
952.52	-0.09184	1
952.5600000000001	-0.09195	1
952.6	-0.09206	1
952.64	-0.09218	1
952.6800000000001	-0.09229	1
952.72	-0.09240	1
952.76	-0.09251	1
952.8000000000001	-0.09251	1
952.84	-0.09133	1
952.88	-0.09144	1
952.9200000000001	-0.09155	1
952.96	-0.09166	1
953.0	-0.09178	1
953.04	-0.09189	1
953.08	-0.09200	1
953.12	-0.09211	1
953.16	-0.09223	1
953.2	-0.09234	1
953.24	-0.09245	1
953.28	-0.09256	1
953.32	-0.09256	1
953.36	-0.09256	1
953.4	-0.09256	1
953.44	-0.09256	1
953.48	-0.09256	1
953.52	-0.09138	1
953.5600000000001	-0.09149	1
953.6	-0.09160	1
953.64	-0.09171	1
953.6800000000001	-0.09182	1
953.72	-0.09194	1
953.76	-0.09205	1
953.8000000000001	-0.09216	1
953.84	-0.09227	1
953.88	-0.09239	1
953.9200000000001	-0.09250	1
953.96	-0.09261	1
954.0	-0.09261	1
954.04	-0.09143	1
954.08	-0.09154	1
954.12	-0.09165	1
954.16	-0.09176	1
954.2	-0.09187	1
954.24	-0.09199	1
954.28	-0.09210	1
954.32	-0.09221	1
954.36	-0.09232	1
954.4	-0.09243	1
954.44	-0.09255	1
954.48	-0.09255	1
954.52	-0.09255	1
954.5600000000001	-0.09255	1
954.6	-0.09255	1
954.64	-0.09255	1
954.6800000000001	-0.09255	1
954.72	-0.09136	1
954.76	-0.09147	1
954.8000000000001	-0.09159	1
954.84	-0.09170	1
954.88	-0.09181	1
954.9200000000001	-0.09063	1
954.96	-0.09074	1
955.0	-0.09085	1
955.04	-0.09096	1
955.08	-0.08978	1
955.12	-0.08989	1
955.16	-0.09001	1
955.2	-0.09259	1
955.24	-0.09259	1
955.28	-0.09259	1
955.32	-0.09259	1
955.36	-0.09141	1
955.4	-0.09152	1
955.44	-0.09164	1
955.48	-0.09045	1
955.52	-0.09057	1
955.5600000000001	-0.09068	1
955.6	-0.09079	1
955.64	-0.09090	1
955.6800000000001	-0.09101	1
955.72	-0.09113	1
955.76	-0.09124	1
955.8000000000001	-0.09135	1
955.84	-0.09146	1
955.88	-0.09157	1
955.9200000000001	-0.09169	1
955.96	-0.09180	1
956.0	-0.09191	1
956.04	-0.09202	1
956.08	-0.09213	1
956.12	-0.09224	1
956.16	-0.09236	1
956.2	-0.09247	1
956.24	-0.09258	1
956.28	-0.09140	1
956.32	-0.09151	1
956.36	-0.09162	1
956.4	-0.09173	1
956.44	-0.09431	1
956.48	-0.09431	1
956.52	-0.09431	1
956.5600000000001	-0.09431	1
956.6	-0.09431	1
956.64	-0.09431	1
956.6800000000001	-0.09431	1
956.72	-0.09431	1
956.76	-0.09431	1
956.8000000000001	-0.09302	1
956.84	-0.09302	1
956.88	-0.09302	1
956.9200000000001	-0.09302	1
956.96	-0.09302	1
957.0	-0.09302	1
957.04	-0.09302	1
957.08	-0.09302	1
957.12	-0.09302	1
957.16	-0.09302	1
957.2	-0.09302	1
957.24	-0.09185	1
957.28	-0.09196	1
957.32	-0.09078	1
957.36	-0.09089	1
957.4	-0.09100	1
957.44	-0.09111	1
957.48	-0.09123	1
957.52	-0.09134	1
957.5600000000001	-0.09145	1
957.6	-0.09156	1
957.64	-0.09167	1
957.6800000000001	-0.09178	1
957.72	-0.09190	1
957.76	-0.09201	1
957.8000000000001	-0.09212	1
957.84	-0.09223	1
957.88	-0.09234	1
957.9200000000001	-0.09245	1
957.96	-0.09256	1
958.0	-0.09256	1
958.04	-0.09256	1
958.08	-0.09256	1
958.12	-0.09256	1
958.16	-0.09256	1
958.2	-0.09256	1
958.24	-0.09256	1
958.28	-0.09256	1
958.32	-0.09256	1
958.36	-0.09256	1
958.4	-0.09256	1
958.44	-0.09256	1
958.48	-0.09256	1
958.52	-0.09256	1
958.5600000000001	-0.09256	1
958.6	-0.09256	1
958.64	-0.09256	1
958.6800000000001	-0.09256	1
958.72	-0.09256	1
958.76	-0.09256	1
958.8000000000001	-0.09256	1
958.84	-0.09256	1
958.88	-0.09256	1
958.9200000000001	-0.09256	1
958.96	-0.09256	1
959.0	-0.09256	1
959.04	-0.09256	1
959.08	-0.09256	1
959.12	-0.09256	1
959.16	-0.09256	1
959.2	-0.09139	1
959.24	-0.09150	0
959.28	-0.09161	0
959.32	-0.09172	0
959.36	-0.09183	0
959.4	-0.09194	0
959.44	-0.09205	0
959.48	-0.09217	0
959.52	-0.09228	0
959.5600000000001	-0.09239	0
959.6	-0.09250	0
959.64	-0.09261	0
959.6800000000001	-0.09261	0
959.72	-0.09261	0
959.76	-0.09261	0
959.8000000000001	-0.09261	0
959.84	-0.09261	0
959.88	-0.09261	0
959.9200000000001	-0.09261	0
959.96	-0.09261	0
960.0	-0.09261	0
960.04	-0.09261	0
960.08	-0.09261	0
960.12	-0.09261	0
960.16	-0.09261	0
960.2	-0.09261	0
960.24	-0.09261	1
960.28	-0.09261	1
960.32	-0.09261	1
960.36	-0.09261	1
960.4	-0.09261	1
960.44	-0.09261	1
960.48	-0.09261	1
960.52	-0.09261	1
960.5600000000001	-0.09261	1
960.6	-0.09261	1
960.64	-0.09261	1
960.6800000000001	-0.09261	1
960.72	-0.09141	1
960.76	-0.09152	1
960.8000000000001	-0.09164	1
960.84	-0.09175	1
960.88	-0.09186	1
960.9200000000001	-0.09449	1
960.96	-0.09449	1
961.0	-0.09449	1
961.04	-0.09449	1
961.08	-0.09449	1
961.12	-0.09449	1
961.16	-0.09449	1
961.2	-0.09449	1
961.24	-0.09449	1
961.28	-0.09449	1
961.32	-0.09318	1
961.36	-0.09318	1
961.4	-0.09318	1
961.44	-0.09318	1
961.48	-0.09318	1
961.52	-0.09318	1
961.5600000000001	-0.09318	1
961.6	-0.09318	1
961.64	-0.09198	1
961.6800000000001	-0.09209	1
961.72	-0.09221	1
961.76	-0.09232	1
961.8000000000001	-0.09243	1
961.84	-0.09255	1
961.88	-0.09255	1
961.9200000000001	-0.09255	1
961.96	-0.09255	1
962.0	-0.09255	1
962.04	-0.09255	1
962.08	-0.09255	1
962.12	-0.09255	1
962.16	-0.09255	1
962.2	-0.09255	1
962.24	-0.09255	1
962.28	-0.09255	1
962.32	-0.09255	1
962.36	-0.09255	1
962.4	-0.09255	1
962.44	-0.09255	1
962.48	-0.09255	1
962.52	-0.09255	1
962.5600000000001	-0.09255	1
962.6	-0.09255	1
962.64	-0.09255	1
962.6800000000001	-0.09255	1
962.72	-0.09255	1
962.76	-0.09255	1
962.8000000000001	-0.09255	1
962.84	-0.09255	1
962.88	-0.09255	1
962.9200000000001	-0.09255	1
962.96	-0.09255	1
963.0	-0.09255	1
963.04	-0.09255	1
963.08	-0.09255	1
963.12	-0.09255	1
963.16	-0.09255	1
963.2	-0.09255	1
963.24	-0.09255	1
963.28	-0.09135	1
963.32	-0.09146	1
963.36	-0.09157	1
963.4	-0.09169	1
963.44	-0.09180	1
963.48	-0.09191	1
963.52	-0.09072	1
963.5600000000001	-0.09083	1
963.6	-0.09094	1
963.64	-0.09106	1
963.6800000000001	-0.09117	1
963.72	-0.09128	1
963.76	-0.09140	1
963.8000000000001	-0.09151	1
963.84	-0.09162	1
963.88	-0.09174	1
963.9200000000001	-0.09185	1
963.96	-0.09196	1
964.0	-0.09208	1
964.04	-0.09219	1
964.08	-0.09230	1
964.12	-0.09242	1
964.16	-0.09253	1
964.2	-0.09253	0
964.24	-0.09133	0
964.28	-0.09145	0
964.32	-0.09156	0
964.36	-0.09167	0
964.4	-0.09179	0
964.44	-0.09190	0
964.48	-0.09201	0
964.52	-0.09213	0
964.5600000000001	-0.09224	0
964.6	-0.09235	0
964.64	-0.09247	0
964.6800000000001	-0.09258	0
964.72	-0.09258	0
964.76	-0.09258	0
964.8000000000001	-0.09258	0
964.84	-0.09138	1
964.88	-0.09149	1
964.9200000000001	-0.09160	1
964.96	-0.09172	1
965.0	-0.09183	1
965.04	-0.09195	1
965.08	-0.09206	1
965.12	-0.09217	1
965.16	-0.09229	1
965.2	-0.09109	1
965.24	-0.09120	1
965.28	-0.09000	1
965.32	-0.08880	1
965.36	-0.08892	1
965.4	-0.08903	1
965.44	-0.08914	1
965.48	-0.08926	1
965.52	-0.08937	1
965.5600000000001	-0.08948	1
965.6	-0.08960	1
965.64	-0.08971	1
965.6800000000001	-0.08983	1
965.72	-0.08994	1
965.76	-0.09005	1
965.8000000000001	-0.09017	1
965.84	-0.09028	1
965.88	-0.09039	1
965.9200000000001	-0.09051	1
965.96	-0.09062	1
966.0	-0.09073	1
966.04	-0.09085	1
966.08	-0.09096	1
966.12	-0.09107	1
966.16	-0.09119	1
966.2	-0.09130	1
966.24	-0.09011	1
966.28	-0.09022	1
966.32	-0.08902	0
966.36	-0.08914	0
966.4	-0.08925	0
966.44	-0.08936	0
966.48	-0.08948	0
966.52	-0.08959	0
966.5600000000001	-0.08970	0
966.6	-0.08982	0
966.64	-0.08993	0
966.6800000000001	-0.09004	0
966.72	-0.09016	0
966.76	-0.08896	0
966.8000000000001	-0.08908	0
966.84	-0.08919	0
966.88	-0.08930	0
966.9200000000001	-0.08942	0
966.96	-0.08953	0
967.0	-0.08964	0
967.04	-0.08976	0
967.08	-0.08987	0
967.12	-0.08998	0
967.16	-0.09010	0
967.2	-0.09021	0
967.24	-0.09032	0
967.28	-0.09044	0
967.32	-0.09055	0
967.36	-0.09066	0
967.4	-0.09077	0
967.44	-0.09089	0
967.48	-0.09100	0
967.52	-0.09111	0
967.5600000000001	-0.09123	0
967.6	-0.09134	0
967.64	-0.09145	0
967.6800000000001	-0.09156	0
967.72	-0.09168	0
967.76	-0.09179	0
967.8000000000001	-0.09190	0
967.84	-0.09202	0
967.88	-0.09213	0
967.9200000000001	-0.09094	0
967.96	-0.09105	0
968.0	-0.08986	0
968.04	-0.08997	0
968.08	-0.09009	0
968.12	-0.09020	0
968.16	-0.09031	0
968.2	-0.09043	0
968.24	-0.09054	0
968.28	-0.09065	0
968.32	-0.09076	0
968.36	-0.09088	0
968.4	-0.09099	0
968.44	-0.09110	0
968.48	-0.09121	0
968.52	-0.09133	0
968.5600000000001	-0.09144	0
968.6	-0.09155	0
968.64	-0.09166	0
968.6800000000001	-0.09178	0
968.72	-0.09189	0
968.76	-0.09200	0
968.8000000000001	-0.09211	0
968.84	-0.09223	0
968.88	-0.09234	0
968.9200000000001	-0.09245	0
968.96	-0.09256	0
969.0	-0.09256	0
969.04	-0.09138	0
969.08	-0.09149	0
969.12	-0.09160	0
969.16	-0.09171	0
969.2	-0.09183	0
969.24	-0.09064	0
969.28	-0.09075	0
969.32	-0.09087	0
969.36	-0.09098	0
969.4	-0.09109	0
969.44	-0.09120	0
969.48	-0.09131	0
969.52	-0.09143	0
969.5600000000001	-0.09154	0
969.6	-0.09165	0
969.64	-0.09176	0
969.6800000000001	-0.09187	0
969.72	-0.09199	0
969.76	-0.09210	0
969.8000000000001	-0.09221	0
969.84	-0.09232	0
969.88	-0.09243	0
969.9200000000001	-0.09255	0
969.96	-0.09255	0
970.0	-0.09136	0
970.04	-0.09148	0
970.08	-0.09159	0
970.12	-0.09170	0
970.16	-0.09181	0
970.2	-0.09192	0
970.24	-0.09204	0
970.28	-0.09215	0
970.32	-0.09226	0
970.36	-0.09237	0
970.4	-0.09248	0
970.44	-0.09259	0
970.48	-0.09259	0
970.52	-0.09259	0
970.5600000000001	-0.09259	0
970.6	-0.09259	0
970.64	-0.09259	0
970.6800000000001	-0.09259	0
970.72	-0.09259	0
970.76	-0.09259	0
970.8000000000001	-0.09259	0
970.84	-0.09259	0
970.88	-0.09259	0
970.9200000000001	-0.09259	0
970.96	-0.09259	0
971.0	-0.09259	0
971.04	-0.09259	0
971.08	-0.09259	0
971.12	-0.09259	0
971.16	-0.09141	0
971.2	-0.09153	0
971.24	-0.09035	0
971.28	-0.09046	0
971.32	-0.09057	0
971.36	-0.09068	0
971.4	-0.08950	0
971.44	-0.08961	0
971.48	-0.08973	0
971.52	-0.08984	0
971.5600000000001	-0.08995	0
971.6	-0.09006	0
971.64	-0.09017	0
971.6800000000001	-0.09028	0
971.72	-0.09040	0
971.76	-0.09051	0
971.8000000000001	-0.09062	0
971.84	-0.09073	0
971.88	-0.09084	0
971.9200000000001	-0.08967	0
971.96	-0.08978	0
972.0	-0.09247	0
972.04	-0.09258	0
972.08	-0.09258	0
972.12	-0.09258	0
972.16	-0.09258	0
972.2	-0.09258	0
972.24	-0.09258	0
972.28	-0.09258	0
972.32	-0.09258	0
972.36	-0.09258	0
972.4	-0.09258	0
972.44	-0.09258	0
972.48	-0.09258	0
972.52	-0.09258	0
972.5600000000001	-0.09258	0
972.6	-0.09258	0
972.64	-0.09258	0
972.6800000000001	-0.09258	0
972.72	-0.09258	0
972.76	-0.09258	0
972.8000000000001	-0.09258	0
972.84	-0.09258	0
972.88	-0.09258	0
972.9200000000001	-0.09258	0
972.96	-0.09258	0
973.0	-0.09258	0
973.04	-0.09258	0
973.08	-0.09140	0
973.12	-0.09151	0
973.16	-0.09162	0
973.2	-0.09174	0
973.24	-0.09185	0
973.28	-0.09196	0
973.32	-0.09207	0
973.36	-0.09218	0
973.4	-0.09229	0
973.44	-0.09240	0
973.48	-0.09123	0
973.52	-0.09003	1
973.5600000000001	-0.09014	1
973.6	-0.09025	1
973.64	-0.09037	1
973.6800000000001	-0.09048	1
973.72	-0.09060	1
973.76	-0.09071	1
973.8000000000001	-0.09082	1
973.84	-0.09094	1
973.88	-0.09105	1
973.9200000000001	-0.09368	1
973.96	-0.09368	1
974.0	-0.09368	1
974.04	-0.09368	1
974.08	-0.09368	1
974.12	-0.09368	1
974.16	-0.09368	1
974.2	-0.09368	1
974.24	-0.09368	1
974.28	-0.09368	1
974.32	-0.09248	1
974.36	-0.09259	1
974.4	-0.09259	1
974.44	-0.09259	1
974.48	-0.09259	1
974.52	-0.09259	1
974.5600000000001	-0.09259	1
974.6	-0.09259	1
974.64	-0.09259	1
974.6800000000001	-0.09259	1
974.72	-0.09259	1
974.76	-0.09259	1
974.8000000000001	-0.09139	1
974.84	-0.09019	1
974.88	-0.09031	1
974.9200000000001	-0.09042	1
974.96	-0.09053	1
975.0	-0.09065	1
975.04	-0.09076	1
975.08	-0.09087	1
975.12	-0.09099	1
975.16	-0.09110	1
975.2	-0.09122	1
975.24	-0.09133	1
975.28	-0.09144	1
975.32	-0.09406	1
975.36	-0.09406	1
975.4	-0.09406	1
975.44	-0.09406	1
975.48	-0.09275	1
975.52	-0.09275	1
975.5600000000001	-0.09275	1
975.6	-0.09275	1
975.64	-0.09275	1
975.6800000000001	-0.09275	1
975.72	-0.09275	1
975.76	-0.09275	1
975.8000000000001	-0.09275	1
975.84	-0.09275	1
975.88	-0.09275	1
975.9200000000001	-0.09275	1
975.96	-0.09275	1
976.0	-0.09275	1
976.04	-0.09275	1
976.08	-0.09275	1
976.12	-0.09156	1
976.16	-0.09167	1
976.2	-0.09047	1
976.24	-0.09059	1
976.28	-0.09070	1
976.32	-0.09081	1
976.36	-0.09093	1
976.4	-0.09104	1
976.44	-0.09115	1
976.48	-0.09127	1
976.52	-0.09138	1
976.5600000000001	-0.09149	1
976.6	-0.09161	1
976.64	-0.09172	1
976.6800000000001	-0.09183	1
976.72	-0.09195	1
976.76	-0.09206	0
976.8000000000001	-0.09217	0
976.84	-0.09228	0
976.88	-0.09240	0
976.9200000000001	-0.09251	0
976.96	-0.09251	0
977.0	-0.09251	0
977.04	-0.09251	0
977.08	-0.09251	0
977.12	-0.09251	0
977.16	-0.09251	0
977.2	-0.09251	0
977.24	-0.09251	0
977.28	-0.09251	0
977.32	-0.09251	0
977.36	-0.09251	0
977.4	-0.09251	0
977.44	-0.09251	0
977.48	-0.09132	0
977.52	-0.09143	0
977.5600000000001	-0.09154	0
977.6	-0.09166	0
977.64	-0.09177	0
977.6800000000001	-0.09188	0
977.72	-0.09199	0
977.76	-0.09211	0
977.8000000000001	-0.09222	0
977.84	-0.09233	0
977.88	-0.09245	0
977.9200000000001	-0.09256	0
977.96	-0.09256	0
978.0	-0.09256	0
978.04	-0.09256	0
978.08	-0.09256	0
978.12	-0.09256	0
978.16	-0.09256	0
978.2	-0.09137	0
978.24	-0.09148	0
978.28	-0.09159	0
978.32	-0.09171	0
978.36	-0.09182	0
978.4	-0.09193	0
978.44	-0.09204	0
978.48	-0.09216	0
978.52	-0.09227	0
978.5600000000001	-0.09238	0
978.6	-0.09249	0
978.64	-0.09261	0
978.6800000000001	-0.09261	0
978.72	-0.09261	0
978.76	-0.09261	0
978.8000000000001	-0.09261	0
978.84	-0.09261	0
978.88	-0.09261	0
978.9200000000001	-0.09261	0
978.96	-0.09261	0
979.0	-0.09261	0
979.04	-0.09261	0
979.08	-0.09261	0
979.12	-0.09261	0
979.16	-0.09261	0
979.2	-0.09261	0
979.24	-0.09142	0
979.28	-0.09153	0
979.32	-0.09164	0
979.36	-0.09176	0
979.4	-0.09187	0
979.44	-0.09198	0
979.48	-0.09209	0
979.52	-0.09221	0
979.5600000000001	-0.09232	0
979.6	-0.09243	0
979.64	-0.09254	0
979.6800000000001	-0.09135	0
979.72	-0.09147	0
979.76	-0.09158	0
979.8000000000001	-0.09169	0
979.84	-0.09180	0
979.88	-0.09192	0
979.9200000000001	-0.09203	0
979.96	-0.09084	0
980.0	-0.09095	0
980.04	-0.09107	0
980.08	-0.09118	0
980.12	-0.09129	0
980.16	-0.09140	0
980.2	-0.09152	0
980.24	-0.09163	0
980.28	-0.09044	0
980.32	-0.09055	0
980.36	-0.09067	0
980.4	-0.09078	0
980.44	-0.09089	0
980.48	-0.09100	0
980.52	-0.09360	0
980.5600000000001	-0.09360	0
980.6	-0.09360	0
980.64	-0.09360	0
980.6800000000001	-0.09360	0
980.72	-0.09360	0
980.76	-0.09360	0
980.8000000000001	-0.09360	0
980.84	-0.09360	0
980.88	-0.09360	0
980.9200000000001	-0.09360	0
980.96	-0.09360	0
981.0	-0.09242	0
981.04	-0.09253	0
981.08	-0.09253	0
981.12	-0.09253	0
981.16	-0.09253	0
981.2	-0.09253	0
981.24	-0.09253	0
981.28	-0.09253	0
981.32	-0.09253	0
981.36	-0.09253	0
981.4	-0.09253	0
981.44	-0.09253	0
981.48	-0.09253	0
981.52	-0.09253	0
981.5600000000001	-0.09253	0
981.6	-0.09134	0
981.64	-0.09145	0
981.6800000000001	-0.09157	0
981.72	-0.09168	0
981.76	-0.09179	0
981.8000000000001	-0.09190	0
981.84	-0.09202	0
981.88	-0.09213	0
981.9200000000001	-0.09224	0
981.96	-0.09235	0
982.0	-0.09246	0
982.04	-0.09258	0
982.08	-0.09258	0
982.12	-0.09258	0
982.16	-0.09139	0
982.2	-0.09150	0
982.24	-0.09032	0
982.28	-0.09043	0
982.32	-0.09054	0
982.36	-0.09066	0
982.4	-0.09077	0
982.44	-0.09088	0
982.48	-0.09099	0
982.52	-0.09111	0
982.5600000000001	-0.09122	0
982.6	-0.09004	0
982.64	-0.09015	0
982.6800000000001	-0.09026	0
982.72	-0.08908	0
982.76	-0.08919	0
982.8000000000001	-0.08930	0
982.84	-0.08941	0
982.88	-0.08953	0
982.9200000000001	-0.08964	0
982.96	-0.08975	0
983.0	-0.08986	0
983.04	-0.08997	0
983.08	-0.09009	0
983.12	-0.09020	0
983.16	-0.09031	0
983.2	-0.09042	0
983.24	-0.09053	0
983.28	-0.09065	0
983.32	-0.09076	0
983.36	-0.08958	0
983.4	-0.08969	0
983.44	-0.08980	0
983.48	-0.08991	0
983.52	-0.09003	0
983.5600000000001	-0.09014	0
983.6	-0.09025	0
983.64	-0.09036	0
983.6800000000001	-0.09047	0
983.72	-0.09059	0
983.76	-0.09070	0
983.8000000000001	-0.08952	0
983.84	-0.08963	0
983.88	-0.08974	0
983.9200000000001	-0.08985	0
983.96	-0.08997	0
984.0	-0.09008	0
984.0400000000001	-0.09019	0
984.08	-0.09030	0
984.12	-0.09041	0
984.16	-0.09052	0
984.2	-0.09064	0
984.24	-0.09075	0
984.28	-0.09086	0
984.32	-0.09097	0
984.36	-0.09108	0
984.4	-0.09119	0
984.44	-0.09130	0
984.48	-0.09142	0
984.52	-0.09153	0
984.5600000000001	-0.09164	0
984.6	-0.09175	0
984.64	-0.09186	0
984.6800000000001	-0.09197	0
984.72	-0.09208	0
984.76	-0.09219	0
984.8000000000001	-0.09231	0
984.84	-0.09242	0
984.88	-0.09253	0
984.9200000000001	-0.09253	0
984.96	-0.09253	0
985.0	-0.09253	0
985.0400000000001	-0.09253	0
985.08	-0.09253	0
985.12	-0.09253	0
985.16	-0.09135	0
985.2	-0.09147	0
985.24	-0.09158	0
985.28	-0.09169	0
985.32	-0.09180	0
985.36	-0.09191	0
985.4	-0.09202	0
985.44	-0.09213	0
985.48	-0.09224	0
985.52	-0.09235	0
985.5600000000001	-0.09246	0
985.6	-0.09258	0
985.64	-0.09258	0
985.6800000000001	-0.09258	0
985.72	-0.09258	0
985.76	-0.09140	0
985.8000000000001	-0.09151	0
985.84	-0.09163	0
985.88	-0.09174	0
985.9200000000001	-0.09056	0
985.96	-0.09068	0
986.0	-0.09079	0
986.0400000000001	-0.09090	0
986.08	-0.09101	0
986.12	-0.09112	0
986.16	-0.09123	0
986.2	-0.09134	0
986.24	-0.09145	0
986.28	-0.09028	0
986.32	-0.09039	0
986.36	-0.09296	0
986.4	-0.09296	0
986.44	-0.09296	0
986.48	-0.09296	0
986.52	-0.09296	0
986.5600000000001	-0.09296	0
986.6	-0.09296	0
986.64	-0.09296	0
986.6800000000001	-0.09296	0
986.72	-0.09179	0
986.76	-0.09190	0
986.8000000000001	-0.09201	0
986.84	-0.09212	0
986.88	-0.09223	0
986.9200000000001	-0.09234	0
986.96	-0.09245	0
987.0	-0.09256	0
987.0400000000001	-0.09256	0
987.08	-0.09256	0
987.12	-0.09256	0
987.16	-0.09256	0
987.2	-0.09256	0
987.24	-0.09139	0
987.28	-0.09022	0
987.32	-0.09033	0
987.36	-0.08916	0
987.4	-0.08928	0
987.44	-0.08811	0
987.48	-0.08822	0
987.52	-0.08833	0
987.5600000000001	-0.08844	0
987.6	-0.08855	0
987.64	-0.08866	0
987.6800000000001	-0.08877	0
987.72	-0.08888	0
987.76	-0.08900	0
987.8000000000001	-0.08911	0
987.84	-0.08922	0
987.88	-0.08933	0
987.9200000000001	-0.08944	0
987.96	-0.08827	0
988.0	-0.08838	0
988.0400000000001	-0.08849	0
988.08	-0.08861	0
988.12	-0.08744	0
988.16	-0.08755	0
988.2	-0.08766	0
988.24	-0.08650	0
988.28	-0.08661	0
988.32	-0.08672	0
988.36	-0.08683	0
988.4	-0.08567	0
988.44	-0.08578	0
988.48	-0.08589	0
988.52	-0.08600	0
988.5600000000001	-0.08611	0
988.6	-0.08622	0
988.64	-0.08633	0
988.6800000000001	-0.08644	0
988.72	-0.08655	0
988.76	-0.08666	0
988.8000000000001	-0.08677	0
988.84	-0.08689	0
988.88	-0.08700	0
988.9200000000001	-0.08711	0
988.96	-0.08722	0
989.0	-0.08733	0
989.0400000000001	-0.08744	0
989.08	-0.08755	0
989.12	-0.08766	0
989.16	-0.08777	0
989.2	-0.08788	0
989.24	-0.08799	0
989.28	-0.08810	0
989.32	-0.08694	0
989.36	-0.08705	0
989.4	-0.08589	0
989.44	-0.08600	0
989.48	-0.08611	0
989.52	-0.08622	0
989.5600000000001	-0.08633	0
989.6	-0.08644	0
989.64	-0.08655	0
989.6800000000001	-0.08666	0
989.72	-0.08677	0
989.76	-0.08689	0
989.8000000000001	-0.08700	0
989.84	-0.08711	0
989.88	-0.08595	0
989.9200000000001	-0.08479	0
989.96	-0.08363	0
990.0	-0.08374	0
990.0400000000001	-0.08385	0
990.08	-0.08397	1
990.12	-0.08408	1
990.16	-0.08420	1
990.2	-0.08431	1
990.24	-0.08442	1
990.28	-0.08454	1
990.32	-0.08465	1
990.36	-0.08477	1
990.4	-0.08488	1
990.44	-0.08500	1
990.48	-0.08511	1
990.52	-0.08523	1
990.5600000000001	-0.08534	1
990.6	-0.08808	1
990.64	-0.08688	1
990.6800000000001	-0.08700	1
990.72	-0.08711	1
990.76	-0.08722	1
990.8000000000001	-0.08603	1
990.84	-0.08614	1
990.88	-0.08625	1
990.9200000000001	-0.08637	1
990.96	-0.08648	1
991.0	-0.08660	1
991.0400000000001	-0.08671	1
991.08	-0.08682	1
991.12	-0.08694	1
991.16	-0.08705	1
991.2	-0.08717	1
991.24	-0.08728	1
991.28	-0.08739	1
991.32	-0.08751	1
991.36	-0.08631	1
991.4	-0.08643	1
991.44	-0.08654	1
991.48	-0.08665	1
991.52	-0.08677	1
991.5600000000001	-0.08688	1
991.6	-0.08700	1
991.64	-0.08580	1
991.6800000000001	-0.08591	1
991.72	-0.08603	1
991.76	-0.08614	1
991.8000000000001	-0.08626	1
991.84	-0.08637	1
991.88	-0.08648	1
991.9200000000001	-0.08660	1
991.96	-0.08540	1
992.0	-0.08552	1
992.0400000000001	-0.08563	1
992.08	-0.08444	1
992.12	-0.08455	1
992.16	-0.08467	1
992.2	-0.08478	1
992.24	-0.08489	1
992.28	-0.08501	1
992.32	-0.08512	1
992.36	-0.08524	1
992.4	-0.08535	1
992.44	-0.08546	1
992.48	-0.08558	1
992.52	-0.08569	0
992.5600000000001	-0.08580	0
992.6	-0.08592	0
992.64	-0.08603	0
992.6800000000001	-0.08484	0
992.72	-0.08495	0
992.76	-0.08507	0
992.8000000000001	-0.08518	0
992.84	-0.08530	0
992.88	-0.08541	0
992.9200000000001	-0.08552	0
992.96	-0.08564	0
993.0	-0.08575	0
993.0400000000001	-0.08586	0
993.08	-0.08598	0
993.12	-0.08609	0
993.16	-0.08620	0
993.2	-0.08632	0
993.24	-0.08643	0
993.28	-0.08654	0
993.32	-0.08666	0
993.36	-0.08677	1
993.4	-0.08557	1
993.44	-0.08568	1
993.48	-0.08580	1
993.52	-0.08591	1
993.5600000000001	-0.08603	1
993.6	-0.08614	1
993.64	-0.08494	1
993.6800000000001	-0.08506	1
993.72	-0.08517	1
993.76	-0.08529	1
993.8000000000001	-0.08540	1
993.84	-0.08551	1
993.88	-0.08563	1
993.9200000000001	-0.08574	1
993.96	-0.08586	1
994.0	-0.08597	1
994.0400000000001	-0.08609	1
994.08	-0.08620	1
994.12	-0.08631	1
994.16	-0.08643	1
994.2	-0.08654	1
994.24	-0.08666	1
994.28	-0.08677	1
994.32	-0.08557	1
994.36	-0.08569	1
994.4	-0.08842	1
994.44	-0.08854	1
994.48	-0.08865	1
994.52	-0.08876	1
994.5600000000001	-0.08888	1
994.6	-0.08768	1
994.64	-0.08780	1
994.6800000000001	-0.08791	1
994.72	-0.08802	1
994.76	-0.08814	1
994.8000000000001	-0.08825	1
994.84	-0.08836	1
994.88	-0.08848	1
994.9200000000001	-0.08859	1
994.96	-0.08871	1
995.0	-0.08882	1
995.0400000000001	-0.08893	1
995.08	-0.08905	1
995.12	-0.08916	1
995.16	-0.08927	1
995.2	-0.08939	1
995.24	-0.08950	1
995.28	-0.08961	1
995.32	-0.08973	1
995.36	-0.08984	1
995.4	-0.08995	1
995.44	-0.09007	1
995.48	-0.09018	1
995.52	-0.09029	1
995.5600000000001	-0.09041	1
995.6	-0.09052	1
995.64	-0.09063	1
995.6800000000001	-0.09074	1
995.72	-0.09086	1
995.76	-0.09097	1
995.8000000000001	-0.09108	1
995.84	-0.09120	1
995.88	-0.09131	1
995.9200000000001	-0.09142	1
995.96	-0.09153	1
996.0	-0.09165	1
996.0400000000001	-0.09046	1
996.08	-0.09057	1
996.12	-0.09068	1
996.16	-0.09080	1
996.2	-0.09091	1
996.24	-0.08972	1
996.28	-0.08983	1
996.32	-0.08994	1
996.36	-0.09006	1
996.4	-0.09017	1
996.44	-0.09028	1
996.48	-0.09040	1
996.52	-0.09051	1
996.5600000000001	-0.09062	1
996.6	-0.09073	1
996.64	-0.09085	1
996.6800000000001	-0.09096	1
996.72	-0.09107	1
996.76	-0.09367	1
996.8000000000001	-0.09367	0
996.84	-0.09367	0
996.88	-0.09367	0
996.9200000000001	-0.09367	0
996.96	-0.09367	0
997.0	-0.09367	0
997.0400000000001	-0.09367	0
997.08	-0.09367	0
997.12	-0.09367	0
997.16	-0.09367	0
997.2	-0.09367	0
997.24	-0.09367	0
997.28	-0.09367	0
997.32	-0.09367	0
997.36	-0.09367	0
997.4	-0.09367	0
997.44	-0.09367	0
997.48	-0.09367	0
997.52	-0.09367	0
997.5600000000001	-0.09367	0
997.6	-0.09367	0
997.64	-0.09367	0
997.6800000000001	-0.09367	0
997.72	-0.09367	0
997.76	-0.09367	0
997.8000000000001	-0.09367	0
997.84	-0.09367	0
997.88	-0.09367	0
997.9200000000001	-0.09367	0
997.96	-0.09367	0
998.0	-0.09367	0
998.0400000000001	-0.09367	0
998.08	-0.09367	0
998.12	-0.09367	0
998.16	-0.09367	0
998.2	-0.09367	0
998.24	-0.09367	0
998.28	-0.09367	0
998.32	-0.09249	0
998.36	-0.09130	0
998.4	-0.09141	0
998.44	-0.09152	0
998.48	-0.09163	0
998.52	-0.09175	0
998.5600000000001	-0.09186	0
998.6	-0.09197	0
998.64	-0.09208	0
998.6800000000001	-0.09220	0
998.72	-0.09231	0
998.76	-0.09242	1
998.8000000000001	-0.09254	1
998.84	-0.09254	1
998.88	-0.09254	1
998.9200000000001	-0.09134	1
998.96	-0.09145	1
999.0	-0.09156	1
999.0400000000001	-0.09168	1
999.08	-0.09179	1
999.12	-0.09190	1
999.16	-0.09202	1
999.2	-0.09213	1
999.24	-0.09224	1
999.28	-0.09236	1
999.32	-0.09116	1
999.36	-0.09127	1
999.4	-0.09139	1
999.44	-0.09150	1
999.48	-0.09161	1
999.52	-0.09173	1
999.5600000000001	-0.09184	1
999.6	-0.09195	1
999.64	-0.09207	1
999.6800000000001	-0.08956	1
999.72	-0.08967	1
999.76	-0.08847	1
999.8000000000001	-0.08859	1
999.84	-0.08870	1
999.88	-0.08882	1
999.9200000000001	-0.08893	1
999.96	-0.08904	1
1000.0	-0.08916	1
1000.0400000000001	-0.08927	1
1000.08	-0.08938	1
1000.12	-0.08950	1
1000.16	-0.08961	1
1000.2	-0.08972	1
1000.24	-0.08984	1
1000.28	-0.08995	1
1000.32	-0.09006	1
1000.36	-0.09018	1
1000.4	-0.09029	1
1000.44	-0.09040	1
1000.48	-0.09052	1
1000.52	-0.09063	1
1000.5600000000001	-0.09074	1
1000.6	-0.09086	1
1000.64	-0.09097	1
1000.6800000000001	-0.09108	1
1000.72	-0.09120	1
1000.76	-0.09131	1
1000.8000000000001	-0.09142	1
1000.84	-0.09154	1
1000.88	-0.09165	1
1000.9200000000001	-0.09176	1
1000.96	-0.09188	1
1001.0	-0.09199	1
1001.0400000000001	-0.09080	1
1001.08	-0.09091	1
1001.12	-0.09102	1
1001.16	-0.09113	1
1001.2	-0.09125	1
1001.24	-0.09136	1
1001.28	-0.09147	1
1001.32	-0.09028	1
1001.36	-0.09039	1
1001.4	-0.09051	1
1001.44	-0.09062	1
1001.48	-0.09073	1
1001.52	-0.09085	1
1001.5600000000001	-0.09096	1
1001.6	-0.09107	1
1001.64	-0.09118	1
1001.6800000000001	-0.09130	1
1001.72	-0.09141	1
1001.76	-0.09152	1
1001.8000000000001	-0.09164	1
1001.84	-0.09175	1
1001.88	-0.09186	1
1001.9200000000001	-0.09197	1
1001.96	-0.09209	1
1002.0	-0.09220	1
1002.0400000000001	-0.09231	1
1002.08	-0.09242	1
1002.12	-0.09254	1
1002.16	-0.09254	1
1002.2	-0.09254	0
1002.24	-0.09254	0
1002.28	-0.09254	0
1002.32	-0.09254	0
1002.36	-0.09254	0
1002.4	-0.09254	0
1002.44	-0.09254	0
1002.48	-0.09254	0
1002.52	-0.09254	0
1002.5600000000001	-0.09254	0
1002.6	-0.09254	0
1002.64	-0.09254	0
1002.6800000000001	-0.09254	0
1002.72	-0.09254	0
1002.76	-0.09254	0
1002.8000000000001	-0.09254	0
1002.84	-0.09254	1
1002.88	-0.09254	1
1002.9200000000001	-0.09254	1
1002.96	-0.09254	1
1003.0	-0.09254	1
1003.0400000000001	-0.09254	1
1003.08	-0.09254	1
1003.12	-0.09254	1
1003.16	-0.09254	1
1003.2	-0.09254	1
1003.24	-0.09254	1
1003.28	-0.09254	1
1003.32	-0.09254	1
1003.36	-0.09254	1
1003.4	-0.09254	1
1003.44	-0.09254	1
1003.48	-0.09134	1
1003.52	-0.09145	1
1003.5600000000001	-0.09156	1
1003.6	-0.09036	1
1003.64	-0.09048	1
1003.6800000000001	-0.09059	1
1003.72	-0.09070	1
1003.76	-0.09082	1
1003.8000000000001	-0.09093	1
1003.84	-0.09105	1
1003.88	-0.09116	1
1003.9200000000001	-0.09127	1
1003.96	-0.09139	1
1004.0	-0.09150	1
1004.0400000000001	-0.09161	1
1004.08	-0.09173	1
1004.12	-0.09184	1
1004.16	-0.09195	1
1004.2	-0.09207	1
1004.24	-0.09218	1
1004.28	-0.09229	1
1004.32	-0.09241	1
1004.36	-0.09252	1
1004.4	-0.09252	1
1004.44	-0.09252	1
1004.48	-0.09252	1
1004.52	-0.09252	1
1004.5600000000001	-0.09252	1
1004.6	-0.09252	1
1004.64	-0.09252	1
1004.6800000000001	-0.09132	1
1004.72	-0.09144	1
1004.76	-0.09024	1
1004.8000000000001	-0.09035	1
1004.84	-0.09047	1
1004.88	-0.09058	1
1004.9200000000001	-0.09069	1
1004.96	-0.08950	1
1005.0	-0.08961	1
1005.0400000000001	-0.08972	1
1005.08	-0.08984	1
1005.12	-0.08995	1
1005.16	-0.08876	1
1005.2	-0.08887	1
1005.24	-0.08898	1
1005.28	-0.09171	1
1005.32	-0.09183	1
1005.36	-0.09194	1
1005.4	-0.09205	1
1005.44	-0.09217	1
1005.48	-0.09228	1
1005.52	-0.09239	1
1005.5600000000001	-0.09120	1
1005.6	-0.09131	1
1005.64	-0.09142	1
1005.6800000000001	-0.09154	1
1005.72	-0.09165	1
1005.76	-0.09176	1
1005.8000000000001	-0.09188	1
1005.84	-0.09199	1
1005.88	-0.09210	1
1005.9200000000001	-0.09221	1
1005.96	-0.09233	1
1006.0	-0.09244	1
1006.0400000000001	-0.09125	1
1006.08	-0.09136	1
1006.12	-0.09147	1
1006.16	-0.09159	1
1006.2	-0.09170	1
1006.24	-0.09181	1
1006.28	-0.09193	1
1006.32	-0.09204	1
1006.36	-0.09215	1
1006.4	-0.09226	1
1006.44	-0.09238	1
1006.48	-0.09249	1
1006.52	-0.09260	1
1006.5600000000001	-0.09260	1
1006.6	-0.09260	1
1006.64	-0.09260	1
1006.6800000000001	-0.09260	1
1006.72	-0.09260	1
1006.76	-0.09260	1
1006.8000000000001	-0.09260	1
1006.84	-0.09141	1
1006.88	-0.09152	1
1006.9200000000001	-0.09164	1
1006.96	-0.09175	1
1007.0	-0.09186	1
1007.0400000000001	-0.09447	1
1007.08	-0.09447	1
1007.12	-0.09447	0
1007.16	-0.09447	0
1007.2	-0.09447	0
1007.24	-0.09447	0
1007.28	-0.09447	0
1007.32	-0.09447	0
1007.36	-0.09316	0
1007.4	-0.09316	1
1007.44	-0.09196	1
1007.48	-0.09208	1
1007.52	-0.09219	1
1007.5600000000001	-0.09230	1
1007.6	-0.09242	1
1007.64	-0.09253	1
1007.6800000000001	-0.09133	1
1007.72	-0.09144	1
1007.76	-0.09156	1
1007.8000000000001	-0.09167	1
1007.84	-0.09179	1
1007.88	-0.09190	1
1007.9200000000001	-0.09201	1
1007.96	-0.09213	1
1008.0	-0.09224	1
1008.0400000000001	-0.09235	1
1008.08	-0.09247	1
1008.12	-0.09258	1
1008.16	-0.09258	1
1008.2	-0.09258	1
1008.24	-0.09258	1
1008.28	-0.09258	1
1008.32	-0.09258	1
1008.36	-0.09258	1
1008.4	-0.09258	1
1008.44	-0.09258	1
1008.48	-0.09258	1
1008.52	-0.09258	1
1008.5600000000001	-0.09258	1
1008.6	-0.09258	1
1008.64	-0.09258	1
1008.6800000000001	-0.09258	1
1008.72	-0.09258	1
1008.76	-0.09258	1
1008.8000000000001	-0.09258	1
1008.84	-0.09138	1
1008.88	-0.09150	1
1008.9200000000001	-0.09161	1
1008.96	-0.09172	1
1009.0	-0.09052	1
1009.0400000000001	-0.09064	1
1009.08	-0.09075	1
1009.12	-0.09086	1
1009.16	-0.09098	1
1009.2	-0.09109	1
1009.24	-0.09121	1
1009.28	-0.09132	1
1009.32	-0.09143	1
1009.36	-0.09155	1
1009.4	-0.09166	1
1009.44	-0.09177	1
1009.48	-0.09189	1
1009.52	-0.09200	1
1009.5600000000001	-0.09211	1
1009.6	-0.09222	1
1009.64	-0.09234	1
1009.6800000000001	-0.09245	1
1009.72	-0.09256	1
1009.76	-0.09256	1
1009.8000000000001	-0.09256	1
1009.84	-0.09256	1
1009.88	-0.09256	1
1009.9200000000001	-0.09256	1
1009.96	-0.09256	1
1010.0	-0.09256	1
1010.0400000000001	-0.09256	1
1010.08	-0.09256	1
1010.12	-0.09256	1
1010.16	-0.09256	1
1010.2	-0.09256	1
1010.24	-0.09256	1
1010.28	-0.09256	1
1010.32	-0.09256	1
1010.36	-0.09256	1
1010.4	-0.09256	1
1010.44	-0.09256	1
1010.48	-0.09256	1
1010.52	-0.09256	1
1010.5600000000001	-0.09256	1
1010.6	-0.09256	1
1010.64	-0.09256	1
1010.6800000000001	-0.09256	1
1010.72	-0.09256	1
1010.76	-0.09256	1
1010.8000000000001	-0.09137	1
1010.84	-0.09148	1
1010.88	-0.09160	1
1010.9200000000001	-0.09171	1
1010.96	-0.09182	1
1011.0	-0.09193	1
1011.0400000000001	-0.09205	1
1011.08	-0.09216	1
1011.12	-0.09227	1
1011.16	-0.09239	1
1011.2	-0.09250	1
1011.24	-0.09261	1
1011.28	-0.09261	1
1011.32	-0.09261	1
1011.36	-0.09261	1
1011.4	-0.09261	1
1011.44	-0.09261	1
1011.48	-0.09261	1
1011.52	-0.09261	1
1011.5600000000001	-0.09261	1
1011.6	-0.09261	1
1011.64	-0.09261	1
1011.6800000000001	-0.09261	1
1011.72	-0.09261	1
1011.76	-0.09261	1
1011.8000000000001	-0.09261	1
1011.84	-0.09261	1
1011.88	-0.09261	1
1011.9200000000001	-0.09261	1
1011.96	-0.09261	1
1012.0	-0.09261	1
1012.0400000000001	-0.09261	1
1012.08	-0.09261	1
1012.12	-0.09261	1
1012.16	-0.09142	1
1012.2	-0.09153	1
1012.24	-0.09165	1
1012.28	-0.09176	1
1012.32	-0.09187	1
1012.36	-0.09198	1
1012.4	-0.09210	1
1012.44	-0.09221	1
1012.48	-0.09232	1
1012.52	-0.09244	1
1012.5600000000001	-0.09255	1
1012.6	-0.09255	1
1012.64	-0.09255	1
1012.6800000000001	-0.09255	1
1012.72	-0.09255	1
1012.76	-0.09255	1
1012.8000000000001	-0.09255	1
1012.84	-0.09136	1
1012.88	-0.09147	1
1012.9200000000001	-0.09158	1
1012.96	-0.09039	1
1013.0	-0.09050	1
1013.0400000000001	-0.09062	1
1013.08	-0.09073	1
1013.12	-0.09084	1
1013.16	-0.09096	1
1013.2	-0.09107	1
1013.24	-0.09118	1
1013.28	-0.09129	0
1013.32	-0.09141	0
1013.36	-0.09152	0
1013.4	-0.09163	0
1013.44	-0.09174	0
1013.48	-0.09056	0
1013.52	-0.08937	0
1013.5600000000001	-0.08948	0
1013.6	-0.08959	0
1013.64	-0.09231	0
1013.6800000000001	-0.09242	0
1013.72	-0.09253	0
1013.76	-0.09253	0
1013.8000000000001	-0.09253	0
1013.84	-0.09253	0
1013.88	-0.09134	0
1013.9200000000001	-0.09146	0
1013.96	-0.09157	0
1014.0	-0.09038	0
1014.0400000000001	-0.09049	0
1014.08	-0.09061	0
1014.12	-0.09072	0
1014.16	-0.09083	0
1014.2	-0.09094	0
1014.24	-0.09106	0
1014.28	-0.09117	0
1014.32	-0.09128	0
1014.36	-0.09139	0
1014.4	-0.09151	0
1014.44	-0.09162	0
1014.48	-0.09173	0
1014.52	-0.09184	0
1014.5600000000001	-0.09196	0
1014.6	-0.09207	0
1014.64	-0.09218	0
1014.6800000000001	-0.09477	0
1014.72	-0.09477	0
1014.76	-0.09477	0
1014.8000000000001	-0.09477	0
1014.84	-0.09477	0
1014.88	-0.09348	0
1014.9200000000001	-0.09348	0
1014.96	-0.09348	0
1015.0	-0.09348	0
1015.0400000000001	-0.09348	0
1015.08	-0.09348	0
1015.12	-0.09348	0
1015.16	-0.09348	0
1015.2	-0.09348	0
1015.24	-0.09348	0
1015.28	-0.09348	0
1015.32	-0.09348	0
1015.36	-0.09348	0
1015.4	-0.09348	0
1015.44	-0.09348	0
1015.48	-0.09348	0
1015.52	-0.09348	0
1015.5600000000001	-0.09348	0
1015.6	-0.09348	0
1015.64	-0.09348	0
1015.6800000000001	-0.09348	0
1015.72	-0.09348	0
1015.76	-0.09348	0
1015.8000000000001	-0.09348	0
1015.84	-0.09348	0
1015.88	-0.09348	0
1015.9200000000001	-0.09348	0
1015.96	-0.09348	0
1016.0	-0.09348	0
1016.0400000000001	-0.09348	0
1016.08	-0.09348	0
1016.12	-0.09348	0
1016.16	-0.09348	0
1016.2	-0.09348	0
1016.24	-0.09348	0
1016.28	-0.09348	0
1016.32	-0.09348	0
1016.36	-0.09348	0
1016.4	-0.09348	0
1016.44	-0.09348	0
1016.48	-0.09348	0
1016.52	-0.09348	0
1016.5600000000001	-0.09348	0
1016.6	-0.09348	0
1016.64	-0.09348	0
1016.6800000000001	-0.09348	0
1016.72	-0.09229	0
1016.76	-0.09240	0
1016.8000000000001	-0.09252	0
1016.84	-0.09252	0
1016.88	-0.09252	0
1016.9200000000001	-0.09252	0
1016.96	-0.09252	0
1017.0	-0.09252	0
1017.0400000000001	-0.09252	0
1017.08	-0.09252	0
1017.12	-0.09252	0
1017.16	-0.09252	0
1017.2	-0.09252	0
1017.24	-0.09252	0
1017.28	-0.09252	0
1017.32	-0.09252	0
1017.36	-0.09252	0
1017.4	-0.09252	0
1017.44	-0.09252	0
1017.48	-0.09133	0
1017.52	-0.09144	0
1017.5600000000001	-0.09156	0
1017.6	-0.09167	0
1017.64	-0.09178	0
1017.6800000000001	-0.09189	0
1017.72	-0.09200	0
1017.76	-0.09212	0
1017.8000000000001	-0.09223	0
1017.84	-0.09234	0
1017.88	-0.09245	0
1017.9200000000001	-0.09256	0
1017.96	-0.09256	0
1018.0	-0.09256	0
1018.0400000000001	-0.09256	0
1018.08	-0.09256	0
1018.12	-0.09256	0
1018.16	-0.09256	0
1018.2	-0.09256	0
1018.24	-0.09256	0
1018.28	-0.09256	0
1018.32	-0.09256	0
1018.36	-0.09256	0
1018.4	-0.09256	0
1018.44	-0.09256	0
1018.48	-0.09256	0
1018.52	-0.09256	0
1018.5600000000001	-0.09256	0
1018.6	-0.09138	0
1018.64	-0.09149	0
1018.6800000000001	-0.09161	0
1018.72	-0.09172	0
1018.76	-0.09183	0
1018.8000000000001	-0.09194	0
1018.84	-0.09205	0
1018.88	-0.09216	0
1018.9200000000001	-0.09228	0
1018.96	-0.09239	0
1019.0	-0.09250	0
1019.0400000000001	-0.09250	0
1019.08	-0.09250	0
1019.12	-0.09250	0
1019.16	-0.09250	0
1019.2	-0.09250	0
1019.24	-0.09250	0
1019.28	-0.09250	0
1019.32	-0.09250	0
1019.36	-0.09250	0
1019.4	-0.09250	0
1019.44	-0.09250	0
1019.48	-0.09250	0
1019.52	-0.09250	0
1019.5600000000001	-0.09132	0
1019.6	-0.09143	0
1019.64	-0.09154	0
1019.6800000000001	-0.09165	0
1019.72	-0.09177	0
1019.76	-0.09188	0
1019.8000000000001	-0.09199	0
1019.84	-0.09210	0
1019.88	-0.09221	0
1019.9200000000001	-0.09103	0
1019.96	-0.09115	0
1020.0	-0.09126	0
1020.0400000000001	-0.09137	0
1020.08	-0.09148	0
1020.12	-0.09159	0
1020.16	-0.09170	0
1020.2	-0.09182	0
1020.24	-0.09193	0
1020.28	-0.09204	0
1020.32	-0.09215	0
1020.36	-0.09226	0
1020.4	-0.09237	0
1020.44	-0.09119	0
1020.48	-0.09131	0
1020.52	-0.09142	0
1020.5600000000001	-0.09153	0
1020.6	-0.09164	0
1020.64	-0.09175	0
1020.6800000000001	-0.09186	0
1020.72	-0.09198	0
1020.76	-0.09209	0
1020.8000000000001	-0.09220	0
1020.84	-0.09231	0
1020.88	-0.09242	0
1020.9200000000001	-0.09253	0
1020.96	-0.09253	0
1021.0	-0.09253	0
1021.0400000000001	-0.09253	0
1021.08	-0.09253	0
1021.12	-0.09253	1
1021.16	-0.09253	1
1021.2	-0.09253	1
1021.24	-0.09253	1
1021.28	-0.09253	1
1021.32	-0.09253	1
1021.36	-0.09253	1
1021.4	-0.09253	1
1021.44	-0.09253	1
1021.48	-0.09253	1
1021.52	-0.09253	1
1021.5600000000001	-0.09253	1
1021.6	-0.09253	1
1021.64	-0.09253	1
1021.6800000000001	-0.09253	1
1021.72	-0.09253	1
1021.76	-0.09253	1
1021.8000000000001	-0.09253	1
1021.84	-0.09253	1
1021.88	-0.09253	1
1021.9200000000001	-0.09253	1
1021.96	-0.09253	1
1022.0	-0.09253	1
1022.0400000000001	-0.09253	1
1022.08	-0.09253	1
1022.12	-0.09253	1
1022.16	-0.09253	1
1022.2	-0.09253	1
1022.24	-0.09253	1
1022.28	-0.09253	1
1022.32	-0.09253	1
1022.36	-0.09253	1
1022.4	-0.09253	1
1022.44	-0.09253	1
1022.48	-0.09253	1
1022.52	-0.09133	1
1022.5600000000001	-0.09145	1
1022.6	-0.09156	1
1022.64	-0.09167	1
1022.6800000000001	-0.09179	1
1022.72	-0.09190	1
1022.76	-0.09201	1
1022.8000000000001	-0.09213	1
1022.84	-0.09224	1
1022.88	-0.09235	1
1022.9200000000001	-0.09247	1
1022.96	-0.09258	1
1023.0	-0.09258	1
1023.0400000000001	-0.09258	1
1023.08	-0.09138	1
1023.12	-0.09150	1
1023.16	-0.09161	1
1023.2	-0.09172	1
1023.24	-0.09184	1
1023.28	-0.09195	1
1023.32	-0.09206	1
1023.36	-0.09218	1
1023.4	-0.09229	1
1023.44	-0.09240	1
1023.48	-0.09252	1
1023.52	-0.09252	1
1023.5600000000001	-0.09252	1
1023.6	-0.09252	1
1023.64	-0.09252	1
1023.6800000000001	-0.09252	1
1023.72	-0.09252	1
1023.76	-0.09252	1
1023.8000000000001	-0.09132	1
1023.84	-0.09143	1
1023.88	-0.09155	1
1023.9200000000001	-0.09166	1
1023.96	-0.09177	1
1024.0	-0.09189	1
1024.04	-0.09200	1
1024.08	-0.09211	1
1024.1200000000001	-0.09223	1
1024.16	-0.09234	1
1024.2	-0.09245	1
1024.24	-0.09257	1
1024.28	-0.09257	1
1024.32	-0.09257	1
1024.3600000000001	-0.09257	1
1024.4	-0.09257	1
1024.44	-0.09257	1
1024.48	-0.09257	1
1024.52	-0.09257	1
1024.56	-0.09257	1
1024.6	-0.09257	1
1024.64	-0.09257	1
1024.68	-0.09257	1
1024.72	-0.09257	1
1024.76	-0.09257	1
1024.8	-0.09257	1
1024.84	-0.09257	1
1024.88	-0.09257	1
1024.92	-0.09257	1
1024.96	-0.09257	1
1025.0	-0.09257	1
1025.04	-0.09257	1
1025.08	-0.09257	1
1025.1200000000001	-0.09257	1
1025.16	-0.09257	1
1025.2	-0.09257	1
1025.24	-0.09257	1
1025.28	-0.09257	1
1025.32	-0.09257	1
1025.3600000000001	-0.09257	1
1025.4	-0.09257	1
1025.44	-0.09257	1
1025.48	-0.09257	1
1025.52	-0.09257	1
1025.56	-0.09137	1
1025.6	-0.09148	1
1025.64	-0.09160	1
1025.68	-0.09171	1
1025.72	-0.09182	1
1025.76	-0.09194	1
1025.8	-0.09205	1
1025.84	-0.09085	1
1025.88	-0.09097	1
1025.92	-0.09108	1
1025.96	-0.09119	1
1026.0	-0.09250	1
1026.04	-0.09250	1
1026.08	-0.09250	1
1026.1200000000001	-0.09250	1
1026.16	-0.09250	1
1026.2	-0.09250	1
1026.24	-0.09250	1
1026.28	-0.09250	1
1026.32	-0.09250	1
1026.3600000000001	-0.09250	1
1026.4	-0.09250	0
1026.44	-0.09250	0
1026.48	-0.09250	0
1026.52	-0.09250	0
1026.56	-0.09250	0
1026.6	-0.09250	0
1026.64	-0.09250	0
1026.68	-0.09250	0
1026.72	-0.09250	0
1026.76	-0.09250	0
1026.8	-0.09250	0
1026.84	-0.09250	0
1026.88	-0.09250	0
1026.92	-0.09250	0
1026.96	-0.09250	0
1027.0	-0.09250	0
1027.04	-0.09250	0
1027.08	-0.09250	0
1027.1200000000001	-0.09250	1
1027.16	-0.09250	1
1027.2	-0.09250	1
1027.24	-0.09130	1
1027.28	-0.09141	1
1027.32	-0.09153	1
1027.3600000000001	-0.09164	1
1027.4	-0.09175	1
1027.44	-0.09187	1
1027.48	-0.09067	1
1027.52	-0.09078	1
1027.56	-0.09090	1
1027.6	-0.09101	1
1027.64	-0.09112	1
1027.68	-0.09124	1
1027.72	-0.09135	1
1027.76	-0.09146	1
1027.8	-0.09158	1
1027.84	-0.09169	1
1027.88	-0.09180	1
1027.92	-0.09192	1
1027.96	-0.09203	1
1028.0	-0.09214	1
1028.04	-0.09226	1
1028.08	-0.09237	1
1028.1200000000001	-0.09248	1
1028.16	-0.09260	1
1028.2	-0.09260	1
1028.24	-0.09260	1
1028.28	-0.09260	1
1028.32	-0.09260	1
1028.3600000000001	-0.09260	1
1028.4	-0.09260	1
1028.44	-0.09260	1
1028.48	-0.09260	1
1028.52	-0.09260	1
1028.56	-0.09260	1
1028.6	-0.09260	1
1028.64	-0.09260	1
1028.68	-0.09260	1
1028.72	-0.09260	1
1028.76	-0.09260	1
1028.8	-0.09260	1
1028.84	-0.09260	1
1028.88	-0.09260	1
1028.92	-0.09140	1
1028.96	-0.09151	1
1029.0	-0.09163	1
1029.04	-0.09174	1
1029.08	-0.09185	1
1029.1200000000001	-0.09197	1
1029.16	-0.09208	1
1029.2	-0.09219	1
1029.24	-0.09231	1
1029.28	-0.09242	1
1029.32	-0.09253	1
1029.3600000000001	-0.09253	1
1029.4	-0.09253	1
1029.44	-0.09253	1
1029.48	-0.09253	1
1029.52	-0.09253	0
1029.56	-0.09253	0
1029.6	-0.09253	0
1029.64	-0.09253	0
1029.68	-0.09253	0
1029.72	-0.09134	0
1029.76	-0.09145	0
1029.8	-0.09156	0
1029.84	-0.09168	0
1029.88	-0.09179	0
1029.92	-0.09190	0
1029.96	-0.09202	0
1030.0	-0.09213	0
1030.04	-0.09224	0
1030.08	-0.09236	0
1030.1200000000001	-0.09116	0
1030.16	-0.09127	0
1030.2	-0.09139	0
1030.24	-0.09150	0
1030.28	-0.09161	0
1030.32	-0.09173	0
1030.3600000000001	-0.09184	0
1030.4	-0.09195	0
1030.44	-0.09076	0
1030.48	-0.09087	0
1030.52	-0.09099	0
1030.56	-0.09110	0
1030.6	-0.09121	0
1030.64	-0.09132	0
1030.68	-0.09144	0
1030.72	-0.09155	0
1030.76	-0.09166	0
1030.8	-0.09178	0
1030.84	-0.09189	0
1030.88	-0.09200	0
1030.92	-0.09211	0
1030.96	-0.09223	0
1031.0	-0.09234	0
1031.04	-0.09245	0
1031.08	-0.09257	0
1031.1200000000001	-0.09257	0
1031.16	-0.09257	0
1031.2	-0.09257	0
1031.24	-0.09257	0
1031.28	-0.09257	0
1031.32	-0.09257	0
1031.3600000000001	-0.09257	0
1031.4	-0.09257	0
1031.44	-0.09257	0
1031.48	-0.09257	0
1031.52	-0.09257	0
1031.56	-0.09257	0
1031.6	-0.09257	0
1031.64	-0.09257	0
1031.68	-0.09257	0
1031.72	-0.09257	0
1031.76	-0.09257	0
1031.8	-0.09257	0
1031.84	-0.09257	0
1031.88	-0.09257	0
1031.92	-0.09257	0
1031.96	-0.09257	0
1032.0	-0.09257	0
1032.04	-0.09257	0
1032.08	-0.09257	0
1032.1200000000001	-0.09257	0
1032.16	-0.09257	0
1032.2	-0.09257	0
1032.24	-0.09257	1
1032.28	-0.09257	1
1032.32	-0.09257	1
1032.3600000000001	-0.09257	1
1032.4	-0.09257	1
1032.44	-0.09257	1
1032.48	-0.09257	1
1032.52	-0.09257	1
1032.56	-0.09136	1
1032.6	-0.09148	1
1032.64	-0.09159	1
1032.68	-0.09039	1
1032.72	-0.09051	1
1032.76	-0.09062	1
1032.8	-0.09073	1
1032.84	-0.09085	1
1032.88	-0.09096	1
1032.92	-0.09107	1
1032.96	-0.09119	1
1033.0	-0.09130	1
1033.04	-0.09142	1
1033.08	-0.09022	1
1033.1200000000001	-0.09033	1
1033.16	-0.09044	1
1033.2	-0.09056	1
1033.24	-0.09067	1
1033.28	-0.08947	1
1033.32	-0.08959	1
1033.3600000000001	-0.08970	1
1033.4	-0.08981	1
1033.44	-0.08993	1
1033.48	-0.09004	1
1033.52	-0.09015	1
1033.56	-0.09027	1
1033.6	-0.09038	1
1033.64	-0.09050	1
1033.68	-0.09061	1
1033.72	-0.09072	1
1033.76	-0.09084	1
1033.8	-0.09095	1
1033.84	-0.09106	1
1033.88	-0.09118	1
1033.92	-0.09129	1
1033.96	-0.09140	1
1034.0	-0.09152	1
1034.04	-0.09163	1
1034.08	-0.09174	1
1034.1200000000001	-0.09186	1
1034.16	-0.09197	1
1034.2	-0.09208	1
1034.24	-0.09219	1
1034.28	-0.09481	1
1034.32	-0.09481	1
1034.3600000000001	-0.09481	1
1034.4	-0.09481	1
1034.44	-0.09481	1
1034.48	-0.09481	1
1034.52	-0.09481	1
1034.56	-0.09481	1
1034.6	-0.09481	1
1034.64	-0.09481	1
1034.68	-0.09481	1
1034.72	-0.09481	1
1034.76	-0.09481	1
1034.8	-0.09481	1
1034.84	-0.09481	1
1034.88	-0.09481	1
1034.92	-0.09481	1
1034.96	-0.09481	1
1035.0	-0.09481	1
1035.04	-0.09481	1
1035.08	-0.09481	1
1035.1200000000001	-0.09481	0
1035.16	-0.09481	0
1035.2	-0.09481	0
1035.24	-0.09350	0
1035.28	-0.09350	0
1035.32	-0.09350	0
1035.3600000000001	-0.09350	0
1035.4	-0.09350	0
1035.44	-0.09350	0
1035.48	-0.09350	0
1035.52	-0.09350	0
1035.56	-0.09350	0
1035.6	-0.09350	0
1035.64	-0.09350	0
1035.68	-0.09350	0
1035.72	-0.09350	0
1035.76	-0.09350	0
1035.8	-0.09350	0
1035.84	-0.09350	0
1035.88	-0.09350	0
1035.92	-0.09350	0
1035.96	-0.09350	0
1036.0	-0.09350	0
1036.04	-0.09350	0
1036.08	-0.09350	0
1036.1200000000001	-0.09350	0
1036.16	-0.09350	0
1036.2	-0.09350	0
1036.24	-0.09350	0
1036.28	-0.09350	0
1036.32	-0.09350	0
1036.3600000000001	-0.09350	0
1036.4	-0.09350	0
1036.44	-0.09350	0
1036.48	-0.09350	0
1036.52	-0.09350	0
1036.56	-0.09350	0
1036.6	-0.09350	0
1036.64	-0.09350	0
1036.68	-0.09350	0
1036.72	-0.09350	0
1036.76	-0.09350	0
1036.8	-0.09350	0
1036.84	-0.09350	0
1036.88	-0.09350	0
1036.92	-0.09350	0
1036.96	-0.09350	0
1037.0	-0.09350	0
1037.04	-0.09350	0
1037.08	-0.09350	0
1037.1200000000001	-0.09350	0
1037.16	-0.09350	0
1037.2	-0.09231	0
1037.24	-0.09242	0
1037.28	-0.09253	0
1037.32	-0.09253	0
1037.3600000000001	-0.09253	0
1037.4	-0.09253	0
1037.44	-0.09253	0
1037.48	-0.09253	0
1037.52	-0.09253	0
1037.56	-0.09134	0
1037.6	-0.09145	0
1037.64	-0.09407	0
1037.68	-0.09276	0
1037.72	-0.09276	0
1037.76	-0.09276	0
1037.8	-0.09276	0
1037.84	-0.09276	0
1037.88	-0.09276	0
1037.92	-0.09276	0
1037.96	-0.09276	0
1038.0	-0.09276	0
1038.04	-0.09276	0
1038.08	-0.09276	0
1038.1200000000001	-0.09276	0
1038.16	-0.09276	0
1038.2	-0.09276	0
1038.24	-0.09276	0
1038.28	-0.09276	0
1038.32	-0.09276	0
1038.3600000000001	-0.09276	0
1038.4	-0.09276	0
1038.44	-0.09276	0
1038.48	-0.09157	0
1038.52	-0.09168	0
1038.56	-0.09179	0
1038.6	-0.09190	0
1038.64	-0.09202	0
1038.68	-0.09213	0
1038.72	-0.09224	0
1038.76	-0.09236	0
1038.8	-0.09247	0
1038.84	-0.09258	0
1038.88	-0.09258	0
1038.92	-0.09258	0
1038.96	-0.09258	0
1039.0	-0.09258	0
1039.04	-0.09258	0
1039.08	-0.09258	0
1039.1200000000001	-0.09258	0
1039.16	-0.09138	1
1039.2	-0.09149	1
1039.24	-0.09029	1
1039.28	-0.09041	1
1039.32	-0.09052	1
1039.3600000000001	-0.09064	1
1039.4	-0.09075	1
1039.44	-0.09086	1
1039.48	-0.09098	1
1039.52	-0.08978	1
1039.56	-0.08989	1
1039.6	-0.08869	1
1039.64	-0.08749	1
1039.68	-0.08761	1
1039.72	-0.08772	1
1039.76	-0.08784	1
1039.8	-0.08664	1
1039.84	-0.08675	1
1039.88	-0.08687	1
1039.92	-0.08698	1
1039.96	-0.08709	1
1040.0	-0.08721	1
1040.04	-0.08732	1
1040.08	-0.08612	1
1040.1200000000001	-0.08624	1
1040.16	-0.08635	1
1040.2	-0.08647	1
1040.24	-0.08527	1
1040.28	-0.08538	1
1040.32	-0.08550	1
1040.3600000000001	-0.08561	1
1040.4	-0.08573	1
1040.44	-0.08846	1
1040.48	-0.08857	1
1040.52	-0.09131	1
1040.56	-0.09142	1
1040.6	-0.09153	1
1040.64	-0.09165	0
1040.68	-0.09176	0
1040.72	-0.09187	0
1040.76	-0.09198	0
1040.8	-0.09210	0
1040.84	-0.09221	0
1040.88	-0.09232	0
1040.92	-0.09244	0
1040.96	-0.09255	0
1041.0	-0.09136	0
1041.04	-0.09147	0
1041.08	-0.09158	0
1041.1200000000001	-0.09169	0
1041.16	-0.09181	0
1041.2	-0.09192	0
1041.24	-0.09203	0
1041.28	-0.09215	0
1041.32	-0.09226	0
1041.3600000000001	-0.09237	0
1041.4	-0.09249	0
1041.44	-0.09260	0
1041.48	-0.09260	0
1041.52	-0.09260	0
1041.56	-0.09260	0
1041.6	-0.09260	0
1041.64	-0.09260	0
1041.68	-0.09260	0
1041.72	-0.09260	0
1041.76	-0.09260	0
1041.8	-0.09260	0
1041.84	-0.09260	0
1041.88	-0.09260	0
1041.92	-0.09260	0
1041.96	-0.09260	0
1042.0	-0.09260	0
1042.04	-0.09260	0
1042.08	-0.09260	0
1042.1200000000001	-0.09260	0
1042.16	-0.09260	0
1042.2	-0.09260	0
1042.24	-0.09260	0
1042.28	-0.09260	0
1042.32	-0.09260	0
1042.3600000000001	-0.09260	0
1042.4	-0.09260	0
1042.44	-0.09260	0
1042.48	-0.09260	0
1042.52	-0.09260	0
1042.56	-0.09141	0
1042.6	-0.09152	0
1042.64	-0.09163	0
1042.68	-0.09174	0
1042.72	-0.09186	0
1042.76	-0.09197	0
1042.8	-0.09208	0
1042.84	-0.09220	0
1042.88	-0.09231	0
1042.92	-0.09242	0
1042.96	-0.09505	1
1043.0	-0.09505	1
1043.04	-0.09505	1
1043.08	-0.09505	1
1043.1200000000001	-0.09505	1
1043.16	-0.09374	1
1043.2	-0.09374	1
1043.24	-0.09374	1
1043.28	-0.09253	1
1043.32	-0.09253	1
1043.3600000000001	-0.09253	1
1043.4	-0.09253	1
1043.44	-0.09253	1
1043.48	-0.09133	1
1043.52	-0.09145	1
1043.56	-0.09156	1
1043.6	-0.09168	1
1043.64	-0.09179	1
1043.68	-0.09190	1
1043.72	-0.09202	1
1043.76	-0.09213	1
1043.8	-0.09224	1
1043.84	-0.09104	1
1043.88	-0.09116	1
1043.92	-0.09127	1
1043.96	-0.09138	1
1044.0	-0.09150	1
1044.04	-0.09161	1
1044.08	-0.09424	1
1044.1200000000001	-0.09424	1
1044.16	-0.09424	1
1044.2	-0.09424	1
1044.24	-0.09424	1
1044.28	-0.09424	1
1044.32	-0.09424	1
1044.3600000000001	-0.09424	1
1044.4	-0.09424	1
1044.44	-0.09424	1
1044.48	-0.09424	1
1044.52	-0.09424	1
1044.56	-0.09424	1
1044.6	-0.09424	1
1044.64	-0.09424	1
1044.68	-0.09424	1
1044.72	-0.09424	1
1044.76	-0.09424	1
1044.8	-0.09424	1
1044.84	-0.09292	1
1044.88	-0.09292	1
1044.92	-0.09173	1
1044.96	-0.09184	1
1045.0	-0.09195	1
1045.04	-0.09207	1
1045.08	-0.09218	1
1045.1200000000001	-0.09229	1
1045.16	-0.09241	1
1045.2	-0.09121	1
1045.24	-0.09132	1
1045.28	-0.09143	1
1045.32	-0.09155	1
1045.3600000000001	-0.09166	1
1045.4	-0.09177	1
1045.44	-0.09189	1
1045.48	-0.09200	1
1045.52	-0.09211	1
1045.56	-0.09223	1
1045.6	-0.09103	1
1045.64	-0.09115	1
1045.68	-0.08995	1
1045.72	-0.09006	1
1045.76	-0.09018	1
1045.8	-0.09029	1
1045.84	-0.09040	1
1045.88	-0.09052	1
1045.92	-0.09063	1
1045.96	-0.09074	1
1046.0	-0.09086	1
1046.04	-0.09097	1
1046.08	-0.09108	1
1046.1200000000001	-0.09120	1
1046.16	-0.09131	1
1046.2	-0.09142	1
1046.24	-0.09153	1
1046.28	-0.09165	1
1046.32	-0.09176	1
1046.3600000000001	-0.09187	1
1046.4	-0.09199	1
1046.44	-0.09460	1
1046.48	-0.09460	1
1046.52	-0.09460	1
1046.56	-0.09460	1
1046.6	-0.09460	1
1046.64	-0.09460	1
1046.68	-0.09460	1
1046.72	-0.09460	1
1046.76	-0.09460	1
1046.8	-0.09460	1
1046.84	-0.09329	1
1046.88	-0.09329	1
1046.92	-0.09329	1
1046.96	-0.09329	1
1047.0	-0.09329	1
1047.04	-0.09329	1
1047.08	-0.09329	1
1047.1200000000001	-0.09329	1
1047.16	-0.09329	1
1047.2	-0.09329	1
1047.24	-0.09329	1
1047.28	-0.09329	1
1047.32	-0.09329	1
1047.3600000000001	-0.09329	1
1047.4	-0.09329	1
1047.44	-0.09329	1
1047.48	-0.09329	1
1047.52	-0.09329	1
1047.56	-0.09329	1
1047.6	-0.09329	1
1047.64	-0.09329	1
1047.68	-0.09329	1
1047.72	-0.09329	1
1047.76	-0.09329	1
1047.8	-0.09329	1
1047.84	-0.09329	1
1047.88	-0.09329	1
1047.92	-0.09329	1
1047.96	-0.09329	1
1048.0	-0.09329	1
1048.04	-0.09329	1
1048.08	-0.09329	1
1048.1200000000001	-0.09329	1
1048.16	-0.09329	1
1048.2	-0.09329	1
1048.24	-0.09329	1
1048.28	-0.09329	1
1048.32	-0.09329	0
1048.3600000000001	-0.09329	0
1048.4	-0.09329	0
1048.44	-0.09329	0
1048.48	-0.09329	0
1048.52	-0.09329	0
1048.56	-0.09329	0
1048.6	-0.09329	0
1048.64	-0.09329	0
1048.68	-0.09329	0
1048.72	-0.09329	0
1048.76	-0.09329	0
1048.8	-0.09329	0
1048.84	-0.09329	0
1048.88	-0.09329	0
1048.92	-0.09329	0
1048.96	-0.09329	0
1049.0	-0.09329	0
1049.04	-0.09329	0
1049.08	-0.09329	0
1049.1200000000001	-0.09329	0
1049.16	-0.09210	0
1049.2	-0.09221	0
1049.24	-0.09233	0
1049.28	-0.09244	0
1049.32	-0.09255	0
1049.3600000000001	-0.09255	0
1049.4	-0.09255	0
1049.44	-0.09255	0
1049.48	-0.09255	0
1049.52	-0.09255	0
1049.56	-0.09255	0
1049.6	-0.09255	0
1049.64	-0.09255	0
1049.68	-0.09255	0
1049.72	-0.09255	0
1049.76	-0.09255	0
1049.8	-0.09136	0
1049.84	-0.09147	0
1049.88	-0.09028	0
1049.92	-0.09039	0
1049.96	-0.09051	0
1050.0	-0.08931	0
1050.04	-0.08943	0
1050.08	-0.08954	0
1050.1200000000001	-0.08965	0
1050.16	-0.08977	0
1050.2	-0.08858	0
1050.24	-0.08869	0
1050.28	-0.08880	0
1050.32	-0.08892	0
1050.3600000000001	-0.08903	0
1050.4	-0.08914	0
1050.44	-0.08925	0
1050.48	-0.08937	0
1050.52	-0.08948	0
1050.56	-0.08959	0
1050.6	-0.08840	0
1050.64	-0.08852	0
1050.68	-0.08863	0
1050.72	-0.08874	0
1050.76	-0.08886	0
1050.8	-0.08897	0
1050.84	-0.08908	0
1050.88	-0.08920	1
1050.92	-0.08931	1
1050.96	-0.08942	1
1051.0	-0.08954	1
1051.04	-0.08965	1
1051.08	-0.08845	1
1051.1200000000001	-0.08857	1
1051.16	-0.08868	1
1051.2	-0.08879	1
1051.24	-0.08891	1
1051.28	-0.08771	1
1051.32	-0.08782	1
1051.3600000000001	-0.08794	1
1051.4	-0.08805	1
1051.44	-0.08817	1
1051.48	-0.08697	1
1051.52	-0.08708	1
1051.56	-0.08720	1
1051.6	-0.08731	1
1051.64	-0.08742	1
1051.68	-0.08754	1
1051.72	-0.09278	1
1051.76	-0.09278	1
1051.8	-0.09278	1
1051.84	-0.09278	1
1051.88	-0.09278	1
1051.92	-0.09278	1
1051.96	-0.09278	1
1052.0	-0.09159	1
1052.04	-0.09170	1
1052.08	-0.09181	1
1052.1200000000001	-0.09193	1
1052.16	-0.09204	1
1052.2	-0.09215	1
1052.24	-0.09227	1
1052.28	-0.09238	1
1052.32	-0.09249	1
1052.3600000000001	-0.09261	1
1052.4	-0.09261	1
1052.44	-0.09261	1
1052.48	-0.09261	1
1052.52	-0.09261	1
1052.56	-0.09261	1
1052.6	-0.09261	1
1052.64	-0.09141	1
1052.68	-0.09152	1
1052.72	-0.09164	1
1052.76	-0.09044	1
1052.8	-0.09055	1
1052.84	-0.09067	1
1052.88	-0.09078	1
1052.92	-0.09089	1
1052.96	-0.09101	1
1053.0	-0.09112	1
1053.04	-0.09123	1
1053.08	-0.09135	1
1053.1200000000001	-0.09146	1
1053.16	-0.09157	1
1053.2	-0.09169	1
1053.24	-0.09430	1
1053.28	-0.09430	1
1053.32	-0.09430	1
1053.3600000000001	-0.09430	1
1053.4	-0.09430	1
1053.44	-0.09430	1
1053.48	-0.09430	1
1053.52	-0.09430	1
1053.56	-0.09430	1
1053.6	-0.09299	1
1053.64	-0.09299	1
1053.68	-0.09299	1
1053.72	-0.09299	1
1053.76	-0.09299	1
1053.8	-0.09299	1
1053.84	-0.09299	1
1053.88	-0.09299	1
1053.92	-0.09299	1
1053.96	-0.09299	1
1054.0	-0.09180	1
1054.04	-0.09191	1
1054.08	-0.09202	1
1054.1200000000001	-0.09214	1
1054.16	-0.09225	1
1054.2	-0.09106	1
1054.24	-0.09117	1
1054.28	-0.09128	1
1054.32	-0.09140	1
1054.3600000000001	-0.09151	1
1054.4	-0.09162	1
1054.44	-0.09173	1
1054.48	-0.09185	1
1054.52	-0.09066	1
1054.56	-0.09077	1
1054.6	-0.09088	1
1054.64	-0.09099	1
1054.68	-0.09111	1
1054.72	-0.09122	1
1054.76	-0.09003	1
1054.8	-0.09014	1
1054.84	-0.09025	1
1054.88	-0.09037	1
1054.92	-0.09048	1
1054.96	-0.09059	1
1055.0	-0.09071	1
1055.04	-0.09082	1
1055.08	-0.09093	1
1055.1200000000001	-0.09104	1
1055.16	-0.09116	1
1055.2	-0.09127	1
1055.24	-0.09138	1
1055.28	-0.09150	1
1055.32	-0.09161	1
1055.3600000000001	-0.09172	1
1055.4	-0.09183	1
1055.44	-0.09195	1
1055.48	-0.09206	1
1055.52	-0.09217	1
1055.56	-0.09228	1
1055.6	-0.09240	1
1055.64	-0.09251	1
1055.68	-0.09251	1
1055.72	-0.09251	1
1055.76	-0.09251	1
1055.8	-0.09132	1
1055.84	-0.09143	1
1055.88	-0.09155	1
1055.92	-0.09166	1
1055.96	-0.09177	1
1056.0	-0.09058	1
1056.04	-0.09070	1
1056.08	-0.09081	1
1056.1200000000001	-0.09092	1
1056.16	-0.09103	1
1056.2	-0.09115	0
1056.24	-0.09126	0
1056.28	-0.09137	0
1056.32	-0.09148	0
1056.3600000000001	-0.09160	0
1056.4	-0.09171	0
1056.44	-0.09182	0
1056.48	-0.09193	0
1056.52	-0.09204	0
1056.56	-0.09216	0
1056.6	-0.09227	0
1056.64	-0.09238	0
1056.68	-0.09249	0
1056.72	-0.09260	0
1056.76	-0.09260	0
1056.8	-0.09260	0
1056.84	-0.09260	0
1056.88	-0.09260	0
1056.92	-0.09260	0
1056.96	-0.09260	0
1057.0	-0.09260	0
1057.04	-0.09260	0
1057.08	-0.09260	0
1057.1200000000001	-0.09260	0
1057.16	-0.09260	0
1057.2	-0.09260	0
1057.24	-0.09260	0
1057.28	-0.09260	0
1057.32	-0.09260	0
1057.3600000000001	-0.09260	0
1057.4	-0.09260	0
1057.44	-0.09260	0
1057.48	-0.09260	0
1057.52	-0.09260	0
1057.56	-0.09260	0
1057.6	-0.09260	0
1057.64	-0.09260	0
1057.68	-0.09260	0
1057.72	-0.09260	0
1057.76	-0.09260	0
1057.8	-0.09260	0
1057.84	-0.09260	0
1057.88	-0.09260	0
1057.92	-0.09142	0
1057.96	-0.09153	0
1058.0	-0.09164	0
1058.04	-0.09046	0
1058.08	-0.09057	0
1058.1200000000001	-0.09069	0
1058.16	-0.09080	0
1058.2	-0.09091	0
1058.24	-0.08973	0
1058.28	-0.08984	0
1058.32	-0.08995	0
1058.3600000000001	-0.09006	0
1058.4	-0.08888	0
1058.44	-0.08899	0
1058.48	-0.08911	0
1058.52	-0.09181	0
1058.56	-0.09192	0
1058.6	-0.09203	0
1058.64	-0.09214	0
1058.68	-0.09225	0
1058.72	-0.09237	0
1058.76	-0.09248	0
1058.8	-0.09259	0
1058.84	-0.09259	0
1058.88	-0.09259	0
1058.92	-0.09259	0
1058.96	-0.09259	0
1059.0	-0.09259	0
1059.04	-0.09259	0
1059.08	-0.09259	0
1059.1200000000001	-0.09259	0
1059.16	-0.09259	0
1059.2	-0.09259	0
1059.24	-0.09259	0
1059.28	-0.09259	0
1059.32	-0.09259	0
1059.3600000000001	-0.09141	0
1059.4	-0.09023	0
1059.44	-0.09034	0
1059.48	-0.09045	0
1059.52	-0.09056	0
1059.56	-0.09067	0
1059.6	-0.09079	0
1059.64	-0.09090	0
1059.68	-0.09101	0
1059.72	-0.09112	0
1059.76	-0.09123	0
1059.8	-0.09135	0
1059.84	-0.09146	0
1059.88	-0.09157	0
1059.92	-0.09168	0
1059.96	-0.09179	0
1060.0	-0.09190	0
1060.04	-0.09202	0
1060.08	-0.09213	0
1060.1200000000001	-0.09224	0
1060.16	-0.09235	0
1060.2	-0.08988	0
1060.24	-0.08999	0
1060.28	-0.09011	0
1060.32	-0.09022	0
1060.3600000000001	-0.09033	0
1060.4	-0.09044	0
1060.44	-0.09055	0
1060.48	-0.09066	0
1060.52	-0.09078	0
1060.56	-0.09089	0
1060.6	-0.09100	0
1060.64	-0.09111	0
1060.68	-0.09122	0
1060.72	-0.09133	0
1060.76	-0.09144	0
1060.8	-0.09156	0
1060.84	-0.09167	0
1060.88	-0.09178	0
1060.92	-0.09189	0
1060.96	-0.09200	0
1061.0	-0.09211	0
1061.04	-0.09222	0
1061.08	-0.09233	0
1061.1200000000001	-0.09245	0
1061.16	-0.09256	0
1061.2	-0.09256	0
1061.24	-0.09256	0
1061.28	-0.09256	0
1061.32	-0.09256	0
1061.3600000000001	-0.09256	0
1061.4	-0.09138	0
1061.44	-0.09021	0
1061.48	-0.09032	0
1061.52	-0.09043	0
1061.56	-0.09054	0
1061.6	-0.09065	0
1061.64	-0.09077	0
1061.68	-0.09088	0
1061.72	-0.09099	0
1061.76	-0.09110	0
1061.8	-0.09121	0
1061.84	-0.09132	0
1061.88	-0.09143	0
1061.92	-0.09154	0
1061.96	-0.09165	0
1062.0	-0.09177	0
1062.04	-0.09188	0
1062.08	-0.09199	0
1062.1200000000001	-0.09210	0
1062.16	-0.09221	0
1062.2	-0.09232	0
1062.24	-0.09243	0
1062.28	-0.09254	0
1062.32	-0.09254	0
1062.3600000000001	-0.09254	0
1062.4	-0.09254	0
1062.44	-0.09254	0
1062.48	-0.09254	0
1062.52	-0.09254	0
1062.56	-0.09254	0
1062.6	-0.09254	0
1062.64	-0.09254	0
1062.68	-0.09254	0
1062.72	-0.09254	0
1062.76	-0.09254	0
1062.8	-0.09254	0
1062.84	-0.09254	0
1062.88	-0.09254	0
1062.92	-0.09137	0
1062.96	-0.09148	0
1063.0	-0.09159	0
1063.04	-0.09170	0
1063.08	-0.09181	0
1063.1200000000001	-0.09192	0
1063.16	-0.09449	0
1063.2	-0.09449	0
1063.24	-0.09449	0
1063.28	-0.09449	0
1063.32	-0.09449	0
1063.3600000000001	-0.09449	0
1063.4	-0.09449	0
1063.44	-0.09449	0
1063.48	-0.09449	0
1063.52	-0.09449	0
1063.56	-0.09449	0
1063.6	-0.09449	0
1063.64	-0.09449	0
1063.68	-0.09449	0
1063.72	-0.09449	0
1063.76	-0.09321	0
1063.8	-0.09321	0
1063.84	-0.09204	0
1063.88	-0.09215	0
1063.92	-0.09226	0
1063.96	-0.09237	0
1064.0	-0.09248	0
1064.04	-0.09259	0
1064.08	-0.09142	0
1064.1200000000001	-0.09153	0
1064.16	-0.09164	0
1064.2	-0.09175	1
1064.24	-0.09187	1
1064.28	-0.09198	1
1064.32	-0.09078	1
1064.3600000000001	-0.09090	1
1064.4	-0.09101	1
1064.44	-0.09112	1
1064.48	-0.09124	1
1064.52	-0.09135	1
1064.56	-0.09146	1
1064.6	-0.09158	1
1064.64	-0.09169	1
1064.68	-0.09180	1
1064.72	-0.09192	1
1064.76	-0.09203	1
1064.8	-0.09215	1
1064.84	-0.09226	1
1064.88	-0.09237	1
1064.92	-0.09249	1
1064.96	-0.09260	1
1065.0	-0.09260	1
1065.04	-0.09260	1
1065.08	-0.09260	1
1065.1200000000001	-0.09260	1
1065.16	-0.09260	1
1065.2	-0.09140	1
1065.24	-0.09151	1
1065.28	-0.09163	1
1065.32	-0.09174	1
1065.3600000000001	-0.09185	1
1065.4	-0.09197	1
1065.44	-0.09208	1
1065.48	-0.09219	1
1065.52	-0.09231	1
1065.56	-0.09242	1
1065.6	-0.09253	1
1065.64	-0.09253	1
1065.68	-0.09253	1
1065.72	-0.09253	1
1065.76	-0.09134	1
1065.8	-0.09145	1
1065.84	-0.09156	1
1065.88	-0.09168	1
1065.92	-0.09179	1
1065.96	-0.09190	1
1066.0	-0.09202	1
1066.04	-0.09213	1
1066.08	-0.09224	1
1066.1200000000001	-0.09236	1
1066.16	-0.09247	1
1066.2	-0.09258	1
1066.24	-0.09258	1
1066.28	-0.09258	1
1066.32	-0.09258	1
1066.3600000000001	-0.09258	1
1066.4	-0.09258	1
1066.44	-0.09258	1
1066.48	-0.09258	1
1066.52	-0.09258	1
1066.56	-0.09258	1
1066.6	-0.09258	1
1066.64	-0.09139	1
1066.68	-0.09150	1
1066.72	-0.09161	1
1066.76	-0.09173	1
1066.8	-0.09184	1
1066.84	-0.09195	1
1066.88	-0.09207	1
1066.92	-0.09218	0
1066.96	-0.09229	0
1067.0	-0.09241	0
1067.04	-0.09252	0
1067.08	-0.09252	0
1067.1200000000001	-0.09252	0
1067.16	-0.09252	0
1067.2	-0.09252	0
1067.24	-0.09133	0
1067.28	-0.09144	0
1067.32	-0.09155	0
1067.3600000000001	-0.09166	0
1067.4	-0.09178	0
1067.44	-0.09189	0
1067.48	-0.09200	0
1067.52	-0.09331	0
1067.56	-0.09331	0
1067.6	-0.09331	0
1067.64	-0.09331	0
1067.68	-0.09331	0
1067.72	-0.09331	1
1067.76	-0.09331	1
1067.8	-0.09331	1
1067.84	-0.09331	1
1067.88	-0.09331	1
1067.92	-0.09331	1
1067.96	-0.09211	1
1068.0	-0.09222	1
1068.04	-0.09233	1
1068.08	-0.09245	1
1068.1200000000001	-0.09256	1
1068.16	-0.09256	1
1068.2	-0.09136	1
1068.24	-0.09147	1
1068.28	-0.09159	1
1068.32	-0.09170	1
1068.3600000000001	-0.09182	1
1068.4	-0.09193	1
1068.44	-0.09204	1
1068.48	-0.09216	1
1068.52	-0.09096	1
1068.56	-0.09107	1
1068.6	-0.09118	1
1068.64	-0.09130	1
1068.68	-0.09141	1
1068.72	-0.09152	1
1068.76	-0.09164	1
1068.8	-0.09175	1
1068.84	-0.09186	1
1068.88	-0.09198	1
1068.92	-0.09209	1
1068.96	-0.09220	1
1069.0	-0.09101	1
1069.04	-0.09112	1
1069.08	-0.09123	1
1069.1200000000001	-0.09135	1
1069.16	-0.09146	1
1069.2	-0.09157	1
1069.24	-0.09169	1
1069.28	-0.09180	1
1069.32	-0.09191	1
1069.3600000000001	-0.09203	1
1069.4	-0.09214	1
1069.44	-0.09225	1
1069.48	-0.09237	1
1069.52	-0.09248	1
1069.56	-0.09259	1
1069.6	-0.09259	1
1069.64	-0.09259	1
1069.68	-0.09259	1
1069.72	-0.09140	1
1069.76	-0.09151	1
1069.8	-0.09162	1
1069.84	-0.09174	1
1069.88	-0.09185	1
1069.92	-0.09196	1
1069.96	-0.09208	1
1070.0	-0.09219	1
1070.04	-0.09230	1
1070.08	-0.09242	1
1070.1200000000001	-0.09253	1
1070.16	-0.09253	1
1070.2	-0.09253	1
1070.24	-0.09253	1
1070.28	-0.09253	1
1070.32	-0.09134	1
1070.3600000000001	-0.09145	1
1070.4	-0.09156	1
1070.44	-0.09167	1
1070.48	-0.09179	1
1070.52	-0.09190	1
1070.56	-0.09201	1
1070.6	-0.09213	1
1070.64	-0.09224	1
1070.68	-0.09235	1
1070.72	-0.09246	1
1070.76	-0.09258	0
1070.8	-0.09258	0
1070.84	-0.09258	0
1070.88	-0.09258	0
1070.92	-0.09258	0
1070.96	-0.09258	0
1071.0	-0.09258	0
1071.04	-0.09258	0
1071.08	-0.09258	0
1071.1200000000001	-0.09258	0
1071.16	-0.09258	0
1071.2	-0.09258	0
1071.24	-0.09258	0
1071.28	-0.09258	0
1071.32	-0.09139	0
1071.3600000000001	-0.09150	0
1071.4	-0.09031	0
1071.44	-0.09042	0
1071.48	-0.09053	0
1071.52	-0.09065	0
1071.56	-0.09076	0
1071.6	-0.09087	0
1071.64	-0.09098	0
1071.68	-0.09110	0
1071.72	-0.09121	0
1071.76	-0.09132	0
1071.8	-0.09144	0
1071.84	-0.09155	0
1071.88	-0.09166	0
1071.92	-0.09177	0
1071.96	-0.09189	0
1072.0	-0.09200	0
1072.04	-0.09211	0
1072.08	-0.09222	1
1072.1200000000001	-0.09234	1
1072.16	-0.09245	1
1072.2	-0.09257	1
1072.24	-0.09257	1
1072.28	-0.09257	1
1072.32	-0.09257	1
1072.3600000000001	-0.09257	1
1072.4	-0.09257	1
1072.44	-0.09257	1
1072.48	-0.09257	1
1072.52	-0.09257	1
1072.56	-0.09257	1
1072.6	-0.09257	1
1072.64	-0.09257	1
1072.68	-0.09257	1
1072.72	-0.09257	1
1072.76	-0.09257	1
1072.8	-0.09257	1
1072.84	-0.09257	1
1072.88	-0.09257	1
1072.92	-0.09137	1
1072.96	-0.09148	1
1073.0	-0.09159	1
1073.04	-0.09171	1
1073.08	-0.09182	1
1073.1200000000001	-0.09062	1
1073.16	-0.09073	1
1073.2	-0.09085	1
1073.24	-0.08965	1
1073.28	-0.08976	1
1073.32	-0.08988	1
1073.3600000000001	-0.08999	1
1073.4	-0.09010	1
1073.44	-0.09022	1
1073.48	-0.09033	1
1073.52	-0.09044	1
1073.56	-0.09056	1
1073.6	-0.09067	1
1073.64	-0.09079	1
1073.68	-0.09090	1
1073.72	-0.09101	1
1073.76	-0.09113	1
1073.8	-0.09124	1
1073.84	-0.09135	1
1073.88	-0.09147	1
1073.92	-0.09158	1
1073.96	-0.09169	1
1074.0	-0.09181	1
1074.04	-0.09192	1
1074.08	-0.09203	1
1074.1200000000001	-0.09215	1
1074.16	-0.09226	1
1074.2	-0.09237	1
1074.24	-0.09249	1
1074.28	-0.09260	1
1074.32	-0.09260	1
1074.3600000000001	-0.09260	1
1074.4	-0.09260	1
1074.44	-0.09260	1
1074.48	-0.09009	1
1074.52	-0.09021	1
1074.56	-0.09032	1
1074.6	-0.09043	1
1074.64	-0.09055	1
1074.68	-0.09066	1
1074.72	-0.09077	1
1074.76	-0.09089	1
1074.8	-0.09100	0
1074.84	-0.09111	0
1074.88	-0.09123	0
1074.92	-0.09134	0
1074.96	-0.09145	0
1075.0	-0.09157	0
1075.04	-0.09168	0
1075.08	-0.09179	0
1075.1200000000001	-0.09191	0
1075.16	-0.09202	0
1075.2	-0.09083	0
1075.24	-0.08963	0
1075.28	-0.08975	0
1075.32	-0.08986	0
1075.3600000000001	-0.08997	0
1075.4	-0.09009	0
1075.44	-0.09020	0
1075.48	-0.09031	0
1075.52	-0.09042	0
1075.56	-0.09054	0
1075.6	-0.09065	0
1075.64	-0.09076	0
1075.68	-0.09088	0
1075.72	-0.08969	0
1075.76	-0.08980	0
1075.8	-0.08991	0
1075.84	-0.09002	0
1075.88	-0.09014	0
1075.92	-0.09025	0
1075.96	-0.09036	0
1076.0	-0.09048	0
1076.04	-0.09059	0
1076.08	-0.09070	0
1076.1200000000001	-0.09081	0
1076.16	-0.08963	0
1076.2	-0.08974	0
1076.24	-0.08985	0
1076.28	-0.08996	0
1076.32	-0.09008	0
1076.3600000000001	-0.09019	0
1076.4	-0.09030	0
1076.44	-0.09041	0
1076.48	-0.09053	0
1076.52	-0.09064	0
1076.56	-0.09075	0
1076.6	-0.09087	0
1076.64	-0.09098	0
1076.68	-0.09109	0
1076.72	-0.08990	0
1076.76	-0.09002	1
1076.8	-0.09013	1
1076.84	-0.09025	1
1076.88	-0.09036	1
1076.92	-0.09047	1
1076.96	-0.09059	1
1077.0	-0.09070	1
1077.04	-0.09081	1
1077.08	-0.08961	1
1077.1200000000001	-0.08973	1
1077.16	-0.08984	1
1077.2	-0.08996	1
1077.24	-0.09007	1
1077.28	-0.09018	1
1077.32	-0.09030	1
1077.3600000000001	-0.09041	1
1077.4	-0.08921	1
1077.44	-0.08933	1
1077.48	-0.08944	1
1077.52	-0.08955	1
1077.56	-0.08967	1
1077.6	-0.08978	1
1077.64	-0.08989	1
1077.68	-0.09001	1
1077.72	-0.09012	1
1077.76	-0.09274	1
1077.8	-0.09274	1
1077.84	-0.09274	1
1077.88	-0.09274	1
1077.92	-0.09155	1
1077.96	-0.09166	1
1078.0	-0.09177	1
1078.04	-0.09189	1
1078.08	-0.09200	1
1078.1200000000001	-0.09211	1
1078.16	-0.09223	1
1078.2	-0.09234	0
1078.24	-0.09245	0
1078.28	-0.09257	0
1078.32	-0.09257	0
1078.3600000000001	-0.09257	0
1078.4	-0.09257	0
1078.44	-0.09257	0
1078.48	-0.09257	0
1078.52	-0.09257	0
1078.56	-0.09257	0
1078.6	-0.09257	0
1078.64	-0.09257	0
1078.68	-0.09257	1
1078.72	-0.09257	1
1078.76	-0.09257	1
1078.8	-0.09257	1
1078.84	-0.09257	1
1078.88	-0.09257	1
1078.92	-0.09257	1
1078.96	-0.09257	1
1079.0	-0.09257	1
1079.04	-0.09257	1
1079.08	-0.09257	1
1079.1200000000001	-0.09257	1
1079.16	-0.09257	1
1079.2	-0.09257	1
1079.24	-0.09257	1
1079.28	-0.09257	1
1079.32	-0.09257	1
1079.3600000000001	-0.09257	1
1079.4	-0.09257	1
1079.44	-0.09136	1
1079.48	-0.09148	1
1079.52	-0.09159	1
1079.56	-0.09171	1
1079.6	-0.09182	1
1079.64	-0.09193	1
1079.68	-0.09456	1
1079.72	-0.09325	1
1079.76	-0.09205	1
1079.8	-0.09216	1
1079.84	-0.09227	1
1079.88	-0.09239	1
1079.92	-0.09250	1
1079.96	-0.09250	1
1080.0	-0.09250	1
1080.04	-0.09130	1
1080.08	-0.09142	1
1080.1200000000001	-0.09153	1
1080.16	-0.09164	1
1080.2	-0.09176	1
1080.24	-0.09187	1
1080.28	-0.09198	1
1080.32	-0.09210	1
1080.3600000000001	-0.09221	1
1080.4	-0.09232	1
1080.44	-0.09244	1
1080.48	-0.09255	1
1080.52	-0.09255	1
1080.56	-0.09255	1
1080.6	-0.09255	1
1080.64	-0.09255	1
1080.68	-0.09255	1
1080.72	-0.09255	1
1080.76	-0.09135	1
1080.8	-0.09147	1
1080.84	-0.09158	1
1080.88	-0.09169	1
1080.92	-0.09181	1
1080.96	-0.09192	1
1081.0	-0.09203	1
1081.04	-0.09215	1
1081.08	-0.09226	1
1081.1200000000001	-0.09237	1
1081.16	-0.09249	1
1081.2	-0.09260	1
1081.24	-0.09260	1
1081.28	-0.09260	1
1081.32	-0.09260	1
1081.3600000000001	-0.09260	1
1081.4	-0.09260	1
1081.44	-0.09140	1
1081.48	-0.09152	1
1081.52	-0.09163	1
1081.56	-0.09174	1
1081.6	-0.09186	1
1081.64	-0.09197	1
1081.68	-0.09208	1
1081.72	-0.09219	1
1081.76	-0.09231	1
1081.8	-0.09242	1
1081.84	-0.09253	1
1081.88	-0.09253	1
1081.92	-0.09253	1
1081.96	-0.09253	1
1082.0	-0.09253	1
1082.04	-0.09253	1
1082.08	-0.09253	1
1082.1200000000001	-0.09253	1
1082.16	-0.09134	1
1082.2	-0.09145	1
1082.24	-0.09157	1
1082.28	-0.09168	1
1082.32	-0.09179	1
1082.3600000000001	-0.09190	1
1082.4	-0.09202	1
1082.44	-0.09213	1
1082.48	-0.09224	1
1082.52	-0.09236	1
1082.56	-0.09247	1
1082.6	-0.09258	1
1082.64	-0.09258	1
1082.68	-0.09258	1
1082.72	-0.09258	1
1082.76	-0.09258	1
1082.8	-0.09258	1
1082.84	-0.09258	1
1082.88	-0.09258	1
1082.92	-0.09258	1
1082.96	-0.09258	1
1083.0	-0.09258	1
1083.04	-0.09258	1
1083.08	-0.09258	1
1083.1200000000001	-0.09258	1
1083.16	-0.09258	1
1083.2	-0.09258	1
1083.24	-0.09258	1
1083.28	-0.09139	1
1083.32	-0.09150	1
1083.3600000000001	-0.09162	1
1083.4	-0.09173	1
1083.44	-0.09054	1
1083.48	-0.09065	1
1083.52	-0.09076	1
1083.56	-0.09088	1
1083.6	-0.09099	1
1083.64	-0.09110	1
1083.68	-0.09121	1
1083.72	-0.09133	1
1083.76	-0.09014	1
1083.8	-0.09025	1
1083.84	-0.09036	1
1083.88	-0.09047	1
1083.92	-0.09059	1
1083.96	-0.09070	1
1084.0	-0.09081	1
1084.04	-0.09093	1
1084.08	-0.09104	1
1084.1200000000001	-0.09115	1
1084.16	-0.09126	1
1084.2	-0.09138	1
1084.24	-0.09149	1
1084.28	-0.09160	1
1084.32	-0.09171	1
1084.3600000000001	-0.09183	1
1084.4	-0.09194	1
1084.44	-0.09205	1
1084.48	-0.09216	1
1084.52	-0.09098	1
1084.56	-0.09109	1
1084.6	-0.09120	1
1084.64	-0.09131	1
1084.68	-0.09143	1
1084.72	-0.09154	1
1084.76	-0.09165	1
1084.8	-0.09425	1
1084.84	-0.09425	1
1084.88	-0.09425	1
1084.92	-0.09425	1
1084.96	-0.09425	1
1085.0	-0.09425	1
1085.04	-0.09425	1
1085.08	-0.09425	1
1085.1200000000001	-0.09425	1
1085.16	-0.09425	1
1085.2	-0.09425	1
1085.24	-0.09425	1
1085.28	-0.09425	1
1085.32	-0.09425	1
1085.3600000000001	-0.09425	1
1085.4	-0.09425	1
1085.44	-0.09425	1
1085.48	-0.09425	1
1085.52	-0.09425	1
1085.56	-0.09425	1
1085.6	-0.09425	1
1085.64	-0.09425	0
1085.68	-0.09425	0
1085.72	-0.09425	0
1085.76	-0.09425	0
1085.8	-0.09425	0
1085.84	-0.09425	0
1085.88	-0.09295	0
1085.92	-0.09295	0
1085.96	-0.09295	0
1086.0	-0.09295	0
1086.04	-0.09295	0
1086.08	-0.09176	0
1086.1200000000001	-0.09188	0
1086.16	-0.09199	0
1086.2	-0.09210	0
1086.24	-0.09221	0
1086.28	-0.09233	0
1086.32	-0.09244	0
1086.3600000000001	-0.09255	0
1086.4	-0.09255	0
1086.44	-0.09255	0
1086.48	-0.09255	0
1086.52	-0.09255	0
1086.56	-0.09255	0
1086.6	-0.09136	0
1086.64	-0.09148	0
1086.68	-0.09029	0
1086.72	-0.09040	0
1086.76	-0.09052	0
1086.8	-0.09063	0
1086.84	-0.09074	1
1086.88	-0.09086	1
1086.92	-0.09097	1
1086.96	-0.09108	1
1087.0	-0.09120	1
1087.04	-0.09131	1
1087.08	-0.09142	1
1087.1200000000001	-0.09154	1
1087.16	-0.09165	1
1087.2	-0.09177	1
1087.24	-0.09188	1
1087.28	-0.09199	1
1087.32	-0.09211	1
1087.3600000000001	-0.09222	1
1087.4	-0.09233	1
1087.44	-0.09245	1
1087.48	-0.09125	1
1087.52	-0.09136	1
1087.56	-0.09148	1
1087.6	-0.09159	1
1087.64	-0.09170	1
1087.68	-0.09182	1
1087.72	-0.09193	1
1087.76	-0.09204	1
1087.8	-0.09216	1
1087.84	-0.09227	1
1087.88	-0.09358	1
1087.92	-0.09358	1
1087.96	-0.09358	1
1088.0	-0.09358	1
1088.04	-0.09358	1
1088.08	-0.09358	1
1088.1200000000001	-0.09358	1
1088.16	-0.09358	1
1088.2	-0.09238	1
1088.24	-0.09250	1
1088.28	-0.09261	1
1088.32	-0.09261	1
1088.3600000000001	-0.09261	1
1088.4	-0.09261	1
1088.44	-0.09261	1
1088.48	-0.09141	1
1088.52	-0.09153	1
1088.56	-0.09164	1
1088.6	-0.09175	1
1088.64	-0.09187	1
1088.68	-0.09198	1
1088.72	-0.09209	1
1088.76	-0.09221	1
1088.8	-0.09232	1
1088.84	-0.09243	1
1088.88	-0.09254	1
1088.92	-0.09254	1
1088.96	-0.09254	1
1089.0	-0.09254	1
1089.04	-0.09254	1
1089.08	-0.09254	1
1089.1200000000001	-0.09254	1
1089.16	-0.09254	1
1089.2	-0.09254	1
1089.24	-0.09254	1
1089.28	-0.09254	1
1089.32	-0.09254	1
1089.3600000000001	-0.09135	1
1089.4	-0.09146	1
1089.44	-0.09158	1
1089.48	-0.09169	1
1089.52	-0.09180	1
1089.56	-0.09191	1
1089.6	-0.09072	1
1089.64	-0.09083	1
1089.68	-0.09095	1
1089.72	-0.09106	0
1089.76	-0.09117	0
1089.8	-0.09129	0
1089.84	-0.09140	1
1089.88	-0.09151	1
1089.92	-0.09031	1
1089.96	-0.09043	1
1090.0	-0.09054	1
1090.04	-0.09065	1
1090.08	-0.09077	1
1090.1200000000001	-0.09088	1
1090.16	-0.08968	1
1090.2	-0.08980	1
1090.24	-0.08991	1
1090.28	-0.09002	1
1090.32	-0.09014	1
1090.3600000000001	-0.09025	1
1090.4	-0.09037	1
1090.44	-0.09048	1
1090.48	-0.09059	1
1090.52	-0.08939	1
1090.56	-0.08951	1
1090.6	-0.08962	1
1090.64	-0.08974	1
1090.68	-0.08985	1
1090.72	-0.08996	1
1090.76	-0.09008	1
1090.8	-0.09019	1
1090.84	-0.09030	1
1090.88	-0.09042	1
1090.92	-0.09053	1
1090.96	-0.09064	1
1091.0	-0.09076	1
1091.04	-0.09087	1
1091.08	-0.08967	1
1091.1200000000001	-0.08848	1
1091.16	-0.08728	1
1091.2	-0.08740	1
1091.24	-0.08751	1
1091.28	-0.08762	1
1091.32	-0.08774	1
1091.3600000000001	-0.08785	1
1091.4	-0.08797	1
1091.44	-0.08808	1
1091.48	-0.08819	1
1091.52	-0.08831	1
1091.56	-0.08842	1
1091.6	-0.08853	1
1091.64	-0.08865	1
1091.68	-0.08876	1
1091.72	-0.08887	1
1091.76	-0.08899	1
1091.8	-0.08910	1
1091.84	-0.08921	1
1091.88	-0.08933	1
1091.92	-0.08813	1
1091.96	-0.08825	1
1092.0	-0.08836	1
1092.04	-0.08847	1
1092.08	-0.08859	1
1092.1200000000001	-0.08870	1
1092.16	-0.08881	1
1092.2	-0.08893	1
1092.24	-0.08904	1
1092.28	-0.08915	1
1092.32	-0.08927	1
1092.3600000000001	-0.08938	1
1092.4	-0.08949	1
1092.44	-0.08961	1
1092.48	-0.08972	1
1092.52	-0.08983	1
1092.56	-0.08995	1
1092.6000000000001	-0.09006	1
1092.64	-0.09017	1
1092.68	-0.09028	1
1092.72	-0.09040	1
1092.76	-0.09051	1
1092.8	-0.09062	1
1092.84	-0.08943	1
1092.88	-0.08955	1
1092.92	-0.08966	1
1092.96	-0.08977	1
1093.0	-0.08988	1
1093.04	-0.09000	1
1093.08	-0.09011	1
1093.1200000000001	-0.09022	1
1093.16	-0.09034	1
1093.2	-0.08915	1
1093.24	-0.08926	1
1093.28	-0.08937	1
1093.32	-0.08949	1
1093.3600000000001	-0.08830	1
1093.4	-0.08841	1
1093.44	-0.08722	1
1093.48	-0.08734	1
1093.52	-0.08745	1
1093.56	-0.08756	1
1093.6000000000001	-0.09027	1
1093.64	-0.09039	1
1093.68	-0.09050	1
1093.72	-0.09061	1
1093.76	-0.09073	1
1093.8	-0.09084	1
1093.84	-0.09095	1
1093.88	-0.08976	1
1093.92	-0.08988	1
1093.96	-0.08999	1
1094.0	-0.09140	1
1094.04	-0.09151	1
1094.08	-0.09162	1
1094.1200000000001	-0.09174	1
1094.16	-0.09185	1
1094.2	-0.09196	1
1094.24	-0.09207	1
1094.28	-0.09218	0
1094.32	-0.09230	0
1094.3600000000001	-0.09241	0
1094.4	-0.09252	0
1094.44	-0.09252	0
1094.48	-0.09252	0
1094.52	-0.09252	0
1094.56	-0.09134	0
1094.6000000000001	-0.09145	0
1094.64	-0.09156	0
1094.68	-0.09167	0
1094.72	-0.09049	0
1094.76	-0.08931	0
1094.8	-0.08942	0
1094.84	-0.08953	0
1094.88	-0.08835	0
1094.92	-0.08846	0
1094.96	-0.08857	0
1095.0	-0.08869	0
1095.04	-0.08880	0
1095.08	-0.08891	0
1095.1200000000001	-0.08902	0
1095.16	-0.08914	0
1095.2	-0.08925	0
1095.24	-0.08936	0
1095.28	-0.08947	0
1095.32	-0.08958	0
1095.3600000000001	-0.08970	0
1095.4	-0.08981	0
1095.44	-0.08992	0
1095.48	-0.09003	0
1095.52	-0.09014	0
1095.56	-0.09026	0
1095.6000000000001	-0.09037	0
1095.64	-0.09048	0
1095.68	-0.09059	0
1095.72	-0.09070	0
1095.76	-0.09082	0
1095.8	-0.09093	0
1095.84	-0.09104	0
1095.88	-0.09115	0
1095.92	-0.09126	0
1095.96	-0.09137	0
1096.0	-0.09149	0
1096.04	-0.09160	0
1096.08	-0.09171	0
1096.1200000000001	-0.09182	0
1096.16	-0.09193	0
1096.2	-0.09204	0
1096.24	-0.09216	0
1096.28	-0.09344	0
1096.32	-0.09227	0
1096.3600000000001	-0.09238	0
1096.4	-0.09249	0
1096.44	-0.09260	0
1096.48	-0.09260	0
1096.52	-0.09260	0
1096.56	-0.09260	0
1096.6000000000001	-0.09260	0
1096.64	-0.09260	0
1096.68	-0.09260	0
1096.72	-0.09260	0
1096.76	-0.09260	0
1096.8	-0.09260	0
1096.84	-0.09260	0
1096.88	-0.09260	0
1096.92	-0.09260	0
1096.96	-0.09260	0
1097.0	-0.09260	0
1097.04	-0.09142	0
1097.08	-0.09154	0
1097.1200000000001	-0.09165	0
1097.16	-0.09047	0
1097.2	-0.09058	0
1097.24	-0.09069	0
1097.28	-0.09080	0
1097.32	-0.09092	0
1097.3600000000001	-0.09103	0
1097.4	-0.09114	0
1097.44	-0.09125	0
1097.48	-0.09007	0
1097.52	-0.09019	0
1097.56	-0.09030	0
1097.6000000000001	-0.09041	0
1097.64	-0.09052	0
1097.68	-0.09063	0
1097.72	-0.09074	0
1097.76	-0.09085	0
1097.8	-0.09097	0
1097.84	-0.09108	1
1097.88	-0.09119	1
1097.92	-0.09131	1
1097.96	-0.09142	1
1098.0	-0.09154	1
1098.04	-0.09033	1
1098.08	-0.08913	1
1098.1200000000001	-0.08925	1
1098.16	-0.08805	1
1098.2	-0.08816	1
1098.24	-0.08828	1
1098.28	-0.08839	1
1098.32	-0.08851	1
1098.3600000000001	-0.08862	1
1098.4	-0.08873	1
1098.44	-0.08885	1
1098.48	-0.08765	1
1098.52	-0.08645	1
1098.56	-0.08656	1
1098.6000000000001	-0.08668	1
1098.64	-0.08679	1
1098.68	-0.08691	1
1098.72	-0.08702	1
1098.76	-0.08714	1
1098.8	-0.08725	1
1098.84	-0.08736	1
1098.88	-0.08748	1
1098.92	-0.08759	1
1098.96	-0.08770	1
1099.0	-0.08782	1
1099.04	-0.08793	1
1099.08	-0.08805	1
1099.1200000000001	-0.08816	1
1099.16	-0.08827	1
1099.2	-0.08839	1
1099.24	-0.08850	1
1099.28	-0.08861	1
1099.32	-0.08873	1
1099.3600000000001	-0.08884	1
1099.4	-0.08896	1
1099.44	-0.08907	0
1099.48	-0.08918	0
1099.52	-0.08930	0
1099.56	-0.08941	0
1099.6000000000001	-0.08952	0
1099.64	-0.08964	0
1099.68	-0.08975	0
1099.72	-0.08986	0
1099.76	-0.09259	0
1099.8	-0.09259	0
1099.84	-0.09259	0
1099.88	-0.09259	0
1099.92	-0.09259	0
1099.96	-0.09259	0
1100.0	-0.09259	0
1100.04	-0.09259	0
1100.08	-0.09259	0
1100.1200000000001	-0.09259	0
1100.16	-0.09259	0
1100.2	-0.09259	0
1100.24	-0.09259	0
1100.28	-0.09259	0
1100.32	-0.09259	0
1100.3600000000001	-0.09259	0
1100.4	-0.09259	0
1100.44	-0.09259	0
1100.48	-0.09259	0
1100.52	-0.09259	0
1100.56	-0.09259	0
1100.6000000000001	-0.09259	0
1100.64	-0.09259	0
1100.68	-0.09259	0
1100.72	-0.09259	0
1100.76	-0.09140	0
1100.8	-0.09151	0
1100.84	-0.09162	0
1100.88	-0.09173	0
1100.92	-0.09185	0
1100.96	-0.09196	0
1101.0	-0.09207	0
1101.04	-0.09219	0
1101.08	-0.09230	0
1101.1200000000001	-0.09241	0
1101.16	-0.09253	0
1101.2	-0.09253	0
1101.24	-0.09253	0
1101.28	-0.09253	0
1101.32	-0.09253	0
1101.3600000000001	-0.09253	0
1101.4	-0.09253	0
1101.44	-0.09253	0
1101.48	-0.09253	0
1101.52	-0.09253	0
1101.56	-0.09253	0
1101.6000000000001	-0.09253	0
1101.64	-0.09133	0
1101.68	-0.09145	0
1101.72	-0.09156	0
1101.76	-0.09167	0
1101.8	-0.09178	0
1101.84	-0.09190	0
1101.88	-0.09201	0
1101.92	-0.09212	0
1101.96	-0.09224	0
1102.0	-0.09235	0
1102.04	-0.09246	0
1102.08	-0.09257	0
1102.1200000000001	-0.09257	0
1102.16	-0.09257	0
1102.2	-0.09257	0
1102.24	-0.09257	0
1102.28	-0.09257	0
1102.32	-0.09257	0
1102.3600000000001	-0.09257	0
1102.4	-0.09257	0
1102.44	-0.09138	0
1102.48	-0.09150	0
1102.52	-0.09161	0
1102.56	-0.09172	0
1102.6000000000001	-0.09183	0
1102.64	-0.09195	0
1102.68	-0.09206	0
1102.72	-0.09087	0
1102.76	-0.09098	0
1102.8	-0.08979	0
1102.84	-0.08991	0
1102.88	-0.09002	0
1102.92	-0.09013	0
1102.96	-0.09024	0
1103.0	-0.09036	0
1103.04	-0.09047	0
1103.08	-0.09058	0
1103.1200000000001	-0.09070	0
1103.16	-0.09081	1
1103.2	-0.09092	1
1103.24	-0.09104	1
1103.28	-0.09115	1
1103.32	-0.09126	1
1103.3600000000001	-0.09138	1
1103.4	-0.09149	1
1103.44	-0.09161	1
1103.48	-0.09172	1
1103.52	-0.09183	1
1103.56	-0.09195	1
1103.6000000000001	-0.09206	1
1103.64	-0.09217	1
1103.68	-0.09229	1
1103.72	-0.09240	1
1103.76	-0.09251	1
1103.8	-0.09251	1
1103.84	-0.09251	1
1103.88	-0.09251	1
1103.92	-0.09251	1
1103.96	-0.09251	1
1104.0	-0.09251	1
1104.04	-0.09251	1
1104.08	-0.09251	1
1104.1200000000001	-0.09251	1
1104.16	-0.09251	1
1104.2	-0.09251	1
1104.24	-0.09251	1
1104.28	-0.09132	1
1104.32	-0.09143	1
1104.3600000000001	-0.09154	1
1104.4	-0.09166	1
1104.44	-0.09177	1
1104.48	-0.09188	1
1104.52	-0.09200	1
1104.56	-0.09211	1
1104.6000000000001	-0.09222	1
1104.64	-0.09234	1
1104.68	-0.09245	1
1104.72	-0.09125	1
1104.76	-0.09387	1
1104.8	-0.09387	1
1104.84	-0.09387	1
1104.88	-0.09387	1
1104.92	-0.09387	1
1104.96	-0.09387	1
1105.0	-0.09387	1
1105.04	-0.09387	1
1105.08	-0.09387	1
1105.1200000000001	-0.09387	1
1105.16	-0.09256	1
1105.2	-0.09256	1
1105.24	-0.09256	1
1105.28	-0.09256	1
1105.32	-0.09256	1
1105.3600000000001	-0.09256	1
1105.4	-0.09256	1
1105.44	-0.09256	1
1105.48	-0.09256	1
1105.52	-0.09256	1
1105.56	-0.09256	1
1105.6000000000001	-0.09256	1
1105.64	-0.09137	1
1105.68	-0.09148	1
1105.72	-0.09159	1
1105.76	-0.09171	1
1105.8	-0.09182	1
1105.84	-0.09193	1
1105.88	-0.09205	1
1105.92	-0.09216	1
1105.96	-0.09227	1
1106.0	-0.09108	1
1106.04	-0.09119	1
1106.08	-0.09130	1
1106.1200000000001	-0.09142	1
1106.16	-0.09153	1
1106.2	-0.09164	1
1106.24	-0.09176	1
1106.28	-0.09187	1
1106.32	-0.09198	1
1106.3600000000001	-0.09079	1
1106.4	-0.09090	1
1106.44	-0.09101	1
1106.48	-0.09113	1
1106.52	-0.09124	1
1106.56	-0.09005	1
1106.6000000000001	-0.09266	1
1106.64	-0.09266	1
1106.68	-0.09266	1
1106.72	-0.09266	1
1106.76	-0.09266	1
1106.8	-0.09147	1
1106.84	-0.09158	1
1106.88	-0.09039	1
1106.92	-0.09050	1
1106.96	-0.09061	1
1107.0	-0.09073	1
1107.04	-0.09084	1
1107.08	-0.09095	1
1107.1200000000001	-0.09106	1
1107.16	-0.09118	1
1107.2	-0.09129	1
1107.24	-0.09140	1
1107.28	-0.09152	1
1107.32	-0.09163	1
1107.3600000000001	-0.09174	1
1107.4	-0.09185	1
1107.44	-0.09197	1
1107.48	-0.09208	1
1107.52	-0.09219	1
1107.56	-0.09231	1
1107.6000000000001	-0.09242	1
1107.64	-0.09253	1
1107.68	-0.09253	1
1107.72	-0.09253	1
1107.76	-0.09134	1
1107.8	-0.09145	1
1107.84	-0.09157	1
1107.88	-0.09038	1
1107.92	-0.09049	1
1107.96	-0.09060	1
1108.0	-0.09071	1
1108.04	-0.09083	1
1108.08	-0.09094	1
1108.1200000000001	-0.09105	1
1108.16	-0.09117	1
1108.2	-0.09128	1
1108.24	-0.09139	1
1108.28	-0.09150	1
1108.32	-0.09162	1
1108.3600000000001	-0.09173	1
1108.4	-0.09184	1
1108.44	-0.09195	1
1108.48	-0.09207	1
1108.52	-0.09218	1
1108.56	-0.09229	1
1108.6000000000001	-0.09240	1
1108.64	-0.09251	1
1108.68	-0.09251	1
1108.72	-0.09251	1
1108.76	-0.09251	1
1108.8	-0.09251	1
1108.84	-0.09251	1
1108.88	-0.09133	1
1108.92	-0.09144	1
1108.96	-0.09155	1
1109.0	-0.09167	1
1109.04	-0.09178	1
1109.08	-0.09189	1
1109.1200000000001	-0.09200	1
1109.16	-0.09211	1
1109.2	-0.09223	1
1109.24	-0.09234	1
1109.28	-0.09115	0
1109.32	-0.09127	0
1109.3600000000001	-0.09138	0
1109.4	-0.09149	0
1109.44	-0.09160	0
1109.48	-0.09171	0
1109.52	-0.09183	0
1109.56	-0.09194	0
1109.6000000000001	-0.09205	0
1109.64	-0.09216	0
1109.68	-0.09227	0
1109.72	-0.09239	0
1109.76	-0.09250	0
1109.8	-0.09261	0
1109.84	-0.09143	0
1109.88	-0.09154	0
1109.92	-0.09165	0
1109.96	-0.09176	0
1110.0	-0.09188	0
1110.04	-0.09199	0
1110.08	-0.09210	0
1110.1200000000001	-0.09221	0
1110.16	-0.09232	0
1110.2	-0.09244	0
1110.24	-0.09255	0
1110.28	-0.09255	0
1110.32	-0.09255	0
1110.3600000000001	-0.09255	0
1110.4	-0.09255	0
1110.44	-0.09255	0
1110.48	-0.09255	0
1110.52	-0.09137	0
1110.56	-0.09148	0
1110.6000000000001	-0.09159	0
1110.64	-0.09170	0
1110.68	-0.09181	0
1110.72	-0.09192	0
1110.76	-0.09204	0
1110.8	-0.09215	0
1110.84	-0.09226	0
1110.88	-0.09237	0
1110.92	-0.09248	0
1110.96	-0.09259	0
1111.0	-0.09259	0
1111.04	-0.09259	0
1111.08	-0.09141	0
1111.1200000000001	-0.09153	0
1111.16	-0.09164	0
1111.2	-0.09175	0
1111.24	-0.09186	0
1111.28	-0.09197	0
1111.32	-0.09208	0
1111.3600000000001	-0.09220	0
1111.4	-0.09231	0
1111.44	-0.09242	0
1111.48	-0.09253	0
1111.52	-0.09135	0
1111.56	-0.09146	0
1111.6000000000001	-0.09158	0
1111.64	-0.09415	0
1111.68	-0.09415	0
1111.72	-0.09415	0
1111.76	-0.09415	0
1111.8	-0.09415	0
1111.84	-0.09415	0
1111.88	-0.09415	0
1111.92	-0.09415	0
1111.96	-0.09415	0
1112.0	-0.09415	0
1112.04	-0.09415	0
1112.08	-0.09415	0
1112.1200000000001	-0.09415	0
1112.16	-0.09415	0
1112.2	-0.09415	0
1112.24	-0.09415	0
1112.28	-0.09287	0
1112.32	-0.09287	0
1112.3600000000001	-0.09287	0
1112.4	-0.09287	0
1112.44	-0.09287	0
1112.48	-0.09287	0
1112.52	-0.09287	0
1112.56	-0.09287	0
1112.6000000000001	-0.09287	0
1112.64	-0.09287	0
1112.68	-0.09287	1
1112.72	-0.09287	1
1112.76	-0.09166	1
1112.8	-0.09178	1
1112.84	-0.09189	1
1112.88	-0.09201	1
1112.92	-0.09212	1
1112.96	-0.09223	1
1113.0	-0.09103	1
1113.04	-0.09115	1
1113.08	-0.09126	1
1113.1200000000001	-0.09137	1
1113.16	-0.09149	1
1113.2	-0.09160	1
1113.24	-0.09171	1
1113.28	-0.09183	1
1113.32	-0.09194	1
1113.3600000000001	-0.09205	1
1113.4	-0.09217	1
1113.44	-0.09228	1
1113.48	-0.09240	1
1113.52	-0.09251	1
1113.56	-0.09251	1
1113.6000000000001	-0.09251	1
1113.64	-0.09251	1
1113.68	-0.09131	1
1113.72	-0.09142	1
1113.76	-0.09154	1
1113.8	-0.09165	1
1113.84	-0.09176	1
1113.88	-0.09188	1
1113.92	-0.09199	1
1113.96	-0.09210	1
1114.0	-0.09222	1
1114.04	-0.09233	1
1114.08	-0.09244	1
1114.1200000000001	-0.09256	1
1114.16	-0.09256	0
1114.2	-0.09136	0
1114.24	-0.09147	0
1114.28	-0.09159	0
1114.32	-0.09039	0
1114.3600000000001	-0.09050	0
1114.4	-0.09062	0
1114.44	-0.09073	0
1114.48	-0.09084	0
1114.52	-0.09096	0
1114.56	-0.08976	0
1114.6000000000001	-0.08988	0
1114.64	-0.08868	0
1114.68	-0.08880	0
1114.72	-0.08891	0
1114.76	-0.08902	0
1114.8	-0.08914	0
1114.84	-0.08925	0
1114.88	-0.08936	0
1114.92	-0.08948	0
1114.96	-0.08959	0
1115.0	-0.08970	0
1115.04	-0.08982	0
1115.08	-0.08993	0
1115.1200000000001	-0.09004	0
1115.16	-0.09016	0
1115.2	-0.09027	0
1115.24	-0.09038	0
1115.28	-0.09049	0
1115.32	-0.09061	0
1115.3600000000001	-0.09072	0
1115.4	-0.09333	0
1115.44	-0.09333	0
1115.48	-0.09333	0
1115.52	-0.09333	0
1115.56	-0.09333	0
1115.6000000000001	-0.09333	0
1115.64	-0.09333	0
1115.68	-0.09214	0
1115.72	-0.09095	0
1115.76	-0.09106	0
1115.8	-0.09117	0
1115.84	-0.09129	0
1115.88	-0.09140	0
1115.92	-0.09151	0
1115.96	-0.09162	0
1116.0	-0.09174	0
1116.04	-0.09185	0
1116.08	-0.09196	0
1116.1200000000001	-0.09207	0
1116.16	-0.09219	0
1116.2	-0.09230	0
1116.24	-0.09241	0
1116.28	-0.09253	0
1116.32	-0.09253	0
1116.3600000000001	-0.09253	0
1116.4	-0.09253	0
1116.44	-0.09253	0
1116.48	-0.09253	0
1116.52	-0.09134	0
1116.56	-0.09145	0
1116.6000000000001	-0.09156	0
1116.64	-0.09167	0
1116.68	-0.09179	0
1116.72	-0.09190	0
1116.76	-0.09201	0
1116.8	-0.09212	0
1116.84	-0.09224	0
1116.88	-0.09235	0
1116.92	-0.09246	0
1116.96	-0.09257	0
1117.0	-0.09257	0
1117.04	-0.09257	0
1117.08	-0.09257	0
1117.1200000000001	-0.09257	0
1117.16	-0.09257	0
1117.2	-0.09257	0
1117.24	-0.09257	0
1117.28	-0.09257	0
1117.32	-0.09257	0
1117.3600000000001	-0.09257	0
1117.4	-0.09257	0
1117.44	-0.09257	0
1117.48	-0.09257	0
1117.52	-0.09257	0
1117.56	-0.09257	0
1117.6000000000001	-0.09257	0
1117.64	-0.09257	0
1117.68	-0.09257	0
1117.72	-0.09257	0
1117.76	-0.09257	0
1117.8	-0.09257	0
1117.84	-0.09257	0
1117.88	-0.09139	0
1117.92	-0.09150	0
1117.96	-0.09161	0
1118.0	-0.09172	0
1118.04	-0.09184	0
1118.08	-0.09195	0
1118.1200000000001	-0.09206	0
1118.16	-0.09217	0
1118.2	-0.09228	0
1118.24	-0.09240	0
1118.28	-0.09251	0
1118.32	-0.09251	0
1118.3600000000001	-0.09251	0
1118.4	-0.09251	0
1118.44	-0.09251	0
1118.48	-0.09251	0
1118.52	-0.09132	0
1118.56	-0.09144	0
1118.6000000000001	-0.09155	0
1118.64	-0.09166	0
1118.68	-0.09177	0
1118.72	-0.09188	0
1118.76	-0.09200	0
1118.8	-0.09211	0
1118.84	-0.09222	0
1118.88	-0.09233	0
1118.92	-0.09245	0
1118.96	-0.09256	0
1119.0	-0.09256	0
1119.04	-0.09256	0
1119.08	-0.09256	0
1119.1200000000001	-0.09256	0
1119.16	-0.09256	0
1119.2	-0.09256	0
1119.24	-0.09256	0
1119.28	-0.09256	0
1119.32	-0.09256	0
1119.3600000000001	-0.09256	0
1119.4	-0.09256	0
1119.44	-0.09256	0
1119.48	-0.09256	0
1119.52	-0.09256	0
1119.56	-0.09256	0
1119.6000000000001	-0.09256	0
1119.64	-0.09256	0
1119.68	-0.09256	0
1119.72	-0.09256	0
1119.76	-0.09137	0
1119.8	-0.09149	0
1119.84	-0.09160	0
1119.88	-0.09171	0
1119.92	-0.09182	0
1119.96	-0.09193	0
1120.0	-0.09205	0
1120.04	-0.09216	0
1120.08	-0.09227	0
1120.1200000000001	-0.09238	0
1120.16	-0.09249	0
1120.2	-0.09261	0
1120.24	-0.09142	0
1120.28	-0.09024	0
1120.32	-0.09035	0
1120.3600000000001	-0.09046	0
1120.4	-0.09058	0
1120.44	-0.09069	0
1120.48	-0.09080	0
1120.52	-0.09091	0
1120.56	-0.09102	0
1120.6000000000001	-0.09114	0
1120.64	-0.09125	0
1120.68	-0.09136	0
1120.72	-0.09147	0
1120.76	-0.09158	0
1120.8	-0.09170	0
1120.84	-0.09181	0
1120.88	-0.09192	0
1120.92	-0.09203	0
1120.96	-0.09214	0
1121.0	-0.09225	0
1121.04	-0.09237	1
1121.08	-0.09248	1
1121.1200000000001	-0.09260	1
1121.16	-0.09260	1
1121.2	-0.09260	1
1121.24	-0.09260	1
1121.28	-0.09260	1
1121.32	-0.09260	1
1121.3600000000001	-0.09260	1
1121.4	-0.09260	1
1121.44	-0.09260	1
1121.48	-0.09139	1
1121.52	-0.09151	1
1121.56	-0.09162	1
1121.6000000000001	-0.09174	1
1121.64	-0.09185	1
1121.68	-0.09196	1
1121.72	-0.09208	1
1121.76	-0.09219	1
1121.8	-0.09230	1
1121.84	-0.09242	1
1121.88	-0.09253	1
1121.92	-0.09133	1
1121.96	-0.09145	1
1122.0	-0.09156	1
1122.04	-0.09167	1
1122.08	-0.09179	1
1122.1200000000001	-0.09190	1
1122.16	-0.09201	1
1122.2	-0.09464	1
1122.24	-0.09464	1
1122.28	-0.09464	1
1122.32	-0.09464	1
1122.3600000000001	-0.09464	1
1122.4	-0.09464	1
1122.44	-0.09464	1
1122.48	-0.09464	1
1122.52	-0.09332	1
1122.56	-0.09332	1
1122.6000000000001	-0.09332	1
1122.64	-0.09332	1
1122.68	-0.09332	1
1122.72	-0.09332	1
1122.76	-0.09332	1
1122.8	-0.09332	1
1122.84	-0.09332	1
1122.88	-0.09332	1
1122.92	-0.09332	1
1122.96	-0.09332	1
1123.0	-0.09332	1
1123.04	-0.09332	1
1123.08	-0.09332	1
1123.1200000000001	-0.09332	1
1123.16	-0.09332	1
1123.2	-0.09213	1
1123.24	-0.09224	1
1123.28	-0.09235	1
1123.32	-0.09247	1
1123.3600000000001	-0.09258	1
1123.4	-0.09258	1
1123.44	-0.09258	1
1123.48	-0.09258	1
1123.52	-0.09258	1
1123.56	-0.09258	1
1123.6000000000001	-0.09258	1
1123.64	-0.09258	1
1123.68	-0.09258	1
1123.72	-0.09258	1
1123.76	-0.09258	1
1123.8	-0.09258	1
1123.84	-0.09258	1
1123.88	-0.09258	1
1123.92	-0.09138	1
1123.96	-0.09150	1
1124.0	-0.09161	1
1124.04	-0.09172	1
1124.08	-0.09184	1
1124.1200000000001	-0.09195	1
1124.16	-0.09206	1
1124.2	-0.09218	1
1124.24	-0.09229	1
1124.28	-0.09240	1
1124.32	-0.09251	1
1124.3600000000001	-0.09251	1
1124.4	-0.09132	1
1124.44	-0.09143	1
1124.48	-0.09024	1
1124.52	-0.09035	1
1124.56	-0.09046	1
1124.6000000000001	-0.09058	1
1124.64	-0.08938	1
1124.68	-0.08950	0
1124.72	-0.08961	0
1124.76	-0.08972	0
1124.8	-0.08984	0
1124.84	-0.08995	0
1124.88	-0.08876	0
1124.92	-0.08887	0
1124.96	-0.08898	0
1125.0	-0.08910	0
1125.04	-0.08790	0
1125.08	-0.08802	0
1125.1200000000001	-0.08813	0
1125.16	-0.08824	0
1125.2	-0.08836	0
1125.24	-0.08847	0
1125.28	-0.08858	0
1125.32	-0.08870	0
1125.3600000000001	-0.08881	0
1125.4	-0.09153	0
1125.44	-0.09034	0
1125.48	-0.09045	0
1125.52	-0.09057	0
1125.56	-0.09068	0
1125.6000000000001	-0.09079	0
1125.64	-0.09091	0
1125.68	-0.09102	0
1125.72	-0.09113	0
1125.76	-0.09124	0
1125.8	-0.09136	0
1125.84	-0.09147	0
1125.88	-0.09158	0
1125.92	-0.09170	0
1125.96	-0.09181	0
1126.0	-0.09192	0
1126.04	-0.09073	0
1126.08	-0.09334	0
1126.1200000000001	-0.09215	0
1126.16	-0.09226	0
1126.2	-0.09237	0
1126.24	-0.09248	0
1126.28	-0.09260	0
1126.32	-0.09260	0
1126.3600000000001	-0.09260	0
1126.4	-0.09260	0
1126.44	-0.09260	0
1126.48	-0.09260	0
1126.52	-0.09260	0
1126.56	-0.09141	0
1126.6000000000001	-0.09152	0
1126.64	-0.09163	0
1126.68	-0.09174	0
1126.72	-0.09186	0
1126.76	-0.09197	0
1126.8	-0.09208	0
1126.84	-0.09089	0
1126.88	-0.09101	0
1126.92	-0.08982	0
1126.96	-0.08993	0
1127.0	-0.09004	0
1127.04	-0.09016	0
1127.08	-0.09027	0
1127.1200000000001	-0.09038	0
1127.16	-0.09050	0
1127.2	-0.09061	0
1127.24	-0.09072	0
1127.28	-0.09083	0
1127.32	-0.08965	0
1127.3600000000001	-0.08976	0
1127.4	-0.08987	0
1127.44	-0.08998	0
1127.48	-0.09010	0
1127.52	-0.09021	0
1127.56	-0.09032	0
1127.6000000000001	-0.09043	0
1127.64	-0.09055	0
1127.68	-0.09066	0
1127.72	-0.09077	0
1127.76	-0.09088	0
1127.8	-0.09100	0
1127.84	-0.09111	0
1127.88	-0.09122	0
1127.92	-0.09133	0
1127.96	-0.09144	0
1128.0	-0.09156	0
1128.04	-0.09167	0
1128.08	-0.09178	0
1128.1200000000001	-0.09189	0
1128.16	-0.09200	0
1128.2	-0.09212	0
1128.24	-0.09223	0
1128.28	-0.09234	0
1128.32	-0.09245	0
1128.3600000000001	-0.09256	0
1128.4	-0.09256	0
1128.44	-0.09256	0
1128.48	-0.09256	0
1128.52	-0.09256	0
1128.56	-0.09138	0
1128.6000000000001	-0.09149	0
1128.64	-0.09161	0
1128.68	-0.09172	0
1128.72	-0.09054	0
1128.76	-0.09065	0
1128.8	-0.09323	0
1128.84	-0.09323	1
1128.88	-0.09323	1
1128.92	-0.09323	1
1128.96	-0.09323	1
1129.0	-0.09323	1
1129.04	-0.09323	1
1129.08	-0.09203	1
1129.1200000000001	-0.09215	1
1129.16	-0.09226	1
1129.2	-0.09237	1
1129.24	-0.09249	1
1129.28	-0.09260	1
1129.32	-0.09140	1
1129.3600000000001	-0.09151	1
1129.4	-0.09163	1
1129.44	-0.09174	1
1129.48	-0.09054	1
1129.52	-0.09066	1
1129.56	-0.09077	1
1129.6000000000001	-0.09088	1
1129.64	-0.09100	1
1129.68	-0.09111	1
1129.72	-0.09122	1
1129.76	-0.09134	1
1129.8	-0.09145	1
1129.84	-0.09156	1
1129.88	-0.09037	1
1129.92	-0.09048	1
1129.96	-0.09059	1
1130.0	-0.09071	1
1130.04	-0.09082	1
1130.08	-0.09093	1
1130.1200000000001	-0.09105	1
1130.16	-0.09116	1
1130.2	-0.09127	1
1130.24	-0.09008	1
1130.28	-0.09019	1
1130.32	-0.09030	1
1130.3600000000001	-0.09042	1
1130.4	-0.09053	1
1130.44	-0.09065	1
1130.48	-0.09076	1
1130.52	-0.09087	1
1130.56	-0.09099	1
1130.6000000000001	-0.09110	1
1130.64	-0.09121	1
1130.68	-0.09132	1
1130.72	-0.09144	1
1130.76	-0.09155	1
1130.8	-0.09166	1
1130.84	-0.09178	1
1130.88	-0.09189	1
1130.92	-0.09200	1
1130.96	-0.09212	1
1131.0	-0.09223	0
1131.04	-0.09234	0
1131.08	-0.09246	0
1131.1200000000001	-0.09257	0
1131.16	-0.09138	0
1131.2	-0.09149	0
1131.24	-0.09160	0
1131.28	-0.09041	0
1131.32	-0.09052	0
1131.3600000000001	-0.09063	0
1131.4	-0.09075	0
1131.44	-0.09086	0
1131.48	-0.09097	0
1131.52	-0.09109	0
1131.56	-0.09120	0
1131.6000000000001	-0.09131	0
1131.64	-0.08882	0
1131.68	-0.08893	0
1131.72	-0.08904	0
1131.76	-0.08916	0
1131.8	-0.08927	0
1131.84	-0.08938	0
1131.88	-0.08950	0
1131.92	-0.08961	0
1131.96	-0.08972	0
1132.0	-0.08983	0
1132.04	-0.08995	0
1132.08	-0.09006	0
1132.1200000000001	-0.09017	0
1132.16	-0.09029	0
1132.2	-0.09040	0
1132.24	-0.09051	0
1132.28	-0.09062	0
1132.32	-0.09074	0
1132.3600000000001	-0.08955	0
1132.4	-0.08966	0
1132.44	-0.08977	0
1132.48	-0.08989	0
1132.52	-0.08870	0
1132.56	-0.08881	0
1132.6000000000001	-0.08892	0
1132.64	-0.08904	0
1132.68	-0.08915	0
1132.72	-0.08926	0
1132.76	-0.08938	0
1132.8	-0.08949	0
1132.84	-0.08960	0
1132.88	-0.08971	0
1132.92	-0.08983	0
1132.96	-0.08994	0
1133.0	-0.09005	0
1133.04	-0.09016	0
1133.08	-0.09028	0
1133.1200000000001	-0.09039	0
1133.16	-0.09050	0
1133.2	-0.09061	0
1133.24	-0.09073	0
1133.28	-0.09084	0
1133.32	-0.09095	0
1133.3600000000001	-0.09106	0
1133.4	-0.09118	0
1133.44	-0.09129	0
1133.48	-0.09140	0
1133.52	-0.09151	0
1133.56	-0.09162	0
1133.6000000000001	-0.09174	0
1133.64	-0.09185	0
1133.68	-0.09196	0
1133.72	-0.09207	0
1133.76	-0.09218	0
1133.8	-0.09230	0
1133.84	-0.09241	0
1133.88	-0.09123	0
1133.92	-0.09134	0
1133.96	-0.09145	0
1134.0	-0.09156	0
1134.04	-0.09167	0
1134.08	-0.09179	0
1134.1200000000001	-0.09190	0
1134.16	-0.09201	0
1134.2	-0.09212	0
1134.24	-0.09223	0
1134.28	-0.09235	0
1134.32	-0.09246	0
1134.3600000000001	-0.09504	0
1134.4	-0.09504	0
1134.44	-0.09504	0
1134.48	-0.09504	0
1134.52	-0.09504	0
1134.56	-0.09504	0
1134.6000000000001	-0.09504	0
1134.64	-0.09504	0
1134.68	-0.09504	0
1134.72	-0.09504	0
1134.76	-0.09373	1
1134.8	-0.09373	1
1134.84	-0.09373	1
1134.88	-0.09373	1
1134.92	-0.09373	1
1134.96	-0.09373	1
1135.0	-0.09373	1
1135.04	-0.09373	1
1135.08	-0.09373	1
1135.1200000000001	-0.09373	1
1135.16	-0.09373	1
1135.2	-0.09373	1
1135.24	-0.09373	1
1135.28	-0.09373	1
1135.32	-0.09373	1
1135.3600000000001	-0.09373	1
1135.4	-0.09253	1
1135.44	-0.09253	1
1135.48	-0.09253	1
1135.52	-0.09253	1
1135.56	-0.09133	1
1135.6000000000001	-0.09144	1
1135.64	-0.09155	1
1135.68	-0.09167	1
1135.72	-0.09178	1
1135.76	-0.09190	1
1135.8	-0.09201	1
1135.84	-0.09081	1
1135.88	-0.09092	1
1135.92	-0.09104	1
1135.96	-0.09366	1
1136.0	-0.09366	1
1136.04	-0.09366	1
1136.08	-0.09246	1
1136.1200000000001	-0.09258	1
1136.16	-0.09258	1
1136.2	-0.09258	1
1136.24	-0.09258	1
1136.28	-0.09258	1
1136.32	-0.09258	1
1136.3600000000001	-0.09258	1
1136.4	-0.09258	1
1136.44	-0.09258	1
1136.48	-0.09258	1
1136.52	-0.09258	1
1136.56	-0.09258	1
1136.6000000000001	-0.09258	1
1136.64	-0.09258	1
1136.68	-0.09258	1
1136.72	-0.09258	1
1136.76	-0.09258	1
1136.8	-0.09258	1
1136.84	-0.09258	1
1136.88	-0.09258	1
1136.92	-0.09258	1
1136.96	-0.09138	1
1137.0	-0.09149	1
1137.04	-0.09160	1
1137.08	-0.09172	1
1137.1200000000001	-0.09183	1
1137.16	-0.09195	1
1137.2	-0.09206	1
1137.24	-0.09217	1
1137.28	-0.09229	1
1137.32	-0.09240	1
1137.3600000000001	-0.09251	1
1137.4	-0.09251	1
1137.44	-0.09131	1
1137.48	-0.09394	1
1137.52	-0.09394	1
1137.56	-0.09394	1
1137.6000000000001	-0.09394	1
1137.64	-0.09394	1
1137.68	-0.09394	1
1137.72	-0.09394	1
1137.76	-0.09394	1
1137.8	-0.09394	1
1137.84	-0.09394	1
1137.88	-0.09394	1
1137.92	-0.09394	1
1137.96	-0.09394	1
1138.0	-0.09394	1
1138.04	-0.09394	1
1138.08	-0.09394	1
1138.1200000000001	-0.09394	1
1138.16	-0.09394	1
1138.2	-0.09394	1
1138.24	-0.09394	1
1138.28	-0.09394	1
1138.32	-0.09394	1
1138.3600000000001	-0.09394	1
1138.4	-0.09394	1
1138.44	-0.09394	1
1138.48	-0.09394	1
1138.52	-0.09394	1
1138.56	-0.09394	1
1138.6000000000001	-0.09394	1
1138.64	-0.09394	1
1138.68	-0.09394	1
1138.72	-0.09394	1
1138.76	-0.09394	1
1138.8	-0.09394	1
1138.84	-0.09394	1
1138.88	-0.09394	1
1138.92	-0.09394	1
1138.96	-0.09394	1
1139.0	-0.09394	1
1139.04	-0.09394	1
1139.08	-0.09394	1
1139.1200000000001	-0.09394	1
1139.16	-0.09394	1
1139.2	-0.09263	1
1139.24	-0.09263	1
1139.28	-0.09263	1
1139.32	-0.09263	1
1139.3600000000001	-0.09143	1
1139.4	-0.09154	1
1139.44	-0.09165	1
1139.48	-0.09177	1
1139.52	-0.09188	1
1139.56	-0.09068	1
1139.6000000000001	-0.08949	1
1139.64	-0.08960	1
1139.68	-0.08972	1
1139.72	-0.08983	1
1139.76	-0.08994	1
1139.8	-0.09006	1
1139.84	-0.08886	1
1139.88	-0.08767	1
1139.92	-0.08778	1
1139.96	-0.08789	1
1140.0	-0.08801	1
1140.04	-0.08681	1
1140.08	-0.08693	1
1140.1200000000001	-0.08704	1
1140.16	-0.08715	1
1140.2	-0.08727	1
1140.24	-0.08738	1
1140.28	-0.08619	1
1140.32	-0.08630	1
1140.3600000000001	-0.08641	1
1140.4	-0.08653	1
1140.44	-0.08664	1
1140.48	-0.08676	1
1140.52	-0.08687	1
1140.56	-0.08698	1
1140.6000000000001	-0.08710	1
1140.64	-0.08721	1
1140.68	-0.08732	1
1140.72	-0.08744	1
1140.76	-0.08755	1
1140.8	-0.08766	1
1140.84	-0.08778	1
1140.88	-0.08789	1
1140.92	-0.08800	1
1140.96	-0.08812	1
1141.0	-0.08693	1
1141.04	-0.08704	1
1141.08	-0.08715	1
1141.1200000000001	-0.08727	0
1141.16	-0.08738	0
1141.2	-0.08749	0
1141.24	-0.08761	0
1141.28	-0.08772	0
1141.32	-0.08783	0
1141.3600000000001	-0.08795	0
1141.4	-0.08806	0
1141.44	-0.09078	0
1141.48	-0.09089	0
1141.52	-0.09100	0
1141.56	-0.09111	0
1141.6000000000001	-0.09123	0
1141.64	-0.09134	0
1141.68	-0.09015	0
1141.72	-0.09026	0
1141.76	-0.09038	0
1141.8	-0.09049	0
1141.84	-0.09060	0
1141.88	-0.09071	0
1141.92	-0.09083	0
1141.96	-0.09094	0
1142.0	-0.09105	0
1142.04	-0.09116	0
1142.08	-0.09128	0
1142.1200000000001	-0.09139	0
1142.16	-0.09150	0
1142.2	-0.09161	0
1142.24	-0.09173	0
1142.28	-0.09184	0
1142.32	-0.09195	0
1142.3600000000001	-0.09206	0
1142.4	-0.09088	0
1142.44	-0.09099	0
1142.48	-0.09110	0
1142.52	-0.08992	0
1142.56	-0.09003	0
1142.6000000000001	-0.09014	0
1142.64	-0.09025	0
1142.68	-0.09037	0
1142.72	-0.09048	0
1142.76	-0.09059	0
1142.8	-0.09070	0
1142.84	-0.09082	0
1142.88	-0.09093	0
1142.92	-0.09104	0
1142.96	-0.09115	0
1143.0	-0.09126	0
1143.04	-0.09138	0
1143.08	-0.09149	0
1143.1200000000001	-0.09160	0
1143.16	-0.09171	0
1143.2	-0.09183	0
1143.24	-0.09194	0
1143.28	-0.09205	0
1143.32	-0.09216	0
1143.3600000000001	-0.09227	0
1143.4	-0.09239	0
1143.44	-0.09250	0
1143.48	-0.09261	0
1143.52	-0.09261	0
1143.56	-0.09143	0
1143.6000000000001	-0.09154	0
1143.64	-0.09165	0
1143.68	-0.09176	0
1143.72	-0.09187	0
1143.76	-0.09199	0
1143.8	-0.09210	0
1143.84	-0.09221	0
1143.88	-0.09232	0
1143.92	-0.09114	0
1143.96	-0.09125	0
1144.0	-0.09136	0
1144.04	-0.09018	0
1144.08	-0.09030	0
1144.1200000000001	-0.09041	0
1144.16	-0.09052	0
1144.2	-0.08934	0
1144.24	-0.08945	0
1144.28	-0.08956	0
1144.32	-0.08968	0
1144.3600000000001	-0.08979	0
1144.4	-0.08990	0
1144.44	-0.09001	0
1144.48	-0.09012	0
1144.52	-0.08895	0
1144.56	-0.08906	0
1144.6000000000001	-0.08788	0
1144.64	-0.08799	0
1144.68	-0.09068	0
1144.72	-0.09079	0
1144.76	-0.09091	0
1144.8	-0.09102	0
1144.84	-0.09113	0
1144.88	-0.09124	0
1144.92	-0.09135	0
1144.96	-0.09018	0
1145.0	-0.09029	0
1145.04	-0.09040	0
1145.08	-0.09051	0
1145.1200000000001	-0.09062	0
1145.16	-0.09073	0
1145.2	-0.09084	0
1145.24	-0.09096	0
1145.28	-0.09107	0
1145.32	-0.08989	0
1145.3600000000001	-0.09000	0
1145.4	-0.08883	0
1145.44	-0.08894	0
1145.48	-0.08905	0
1145.52	-0.08788	0
1145.56	-0.08799	1
1145.6000000000001	-0.08811	1
1145.64	-0.08822	1
1145.68	-0.08833	1
1145.72	-0.08845	1
1145.76	-0.08856	1
1145.8	-0.08868	1
1145.84	-0.08879	1
1145.88	-0.08890	1
1145.92	-0.08770	1
1145.96	-0.08782	1
1146.0	-0.08793	1
1146.04	-0.08805	1
1146.08	-0.08816	1
1146.1200000000001	-0.08827	1
1146.16	-0.08839	1
1146.2	-0.08850	1
1146.24	-0.08862	1
1146.28	-0.08873	1
1146.32	-0.08884	1
1146.3600000000001	-0.08765	1
1146.4	-0.08776	1
1146.44	-0.08787	1
1146.48	-0.08799	1
1146.52	-0.08810	1
1146.56	-0.08822	1
1146.6000000000001	-0.08833	1
1146.64	-0.08844	1
1146.68	-0.08856	1
1146.72	-0.08867	1
1146.76	-0.08878	1
1146.8	-0.08890	1
1146.84	-0.08901	1
1146.88	-0.08913	1
1146.92	-0.08924	1
1146.96	-0.08935	1
1147.0	-0.08947	1
1147.04	-0.08958	1
1147.08	-0.08969	1
1147.1200000000001	-0.08981	1
1147.16	-0.08992	1
1147.2	-0.09003	1
1147.24	-0.09015	1
1147.28	-0.09026	1
1147.32	-0.09037	1
1147.3600000000001	-0.09049	1
1147.4	-0.09060	1
1147.44	-0.09071	1
1147.48	-0.09083	1
1147.52	-0.09094	1
1147.56	-0.09105	1
1147.6000000000001	-0.09117	1
1147.64	-0.09128	1
1147.68	-0.09139	1
1147.72	-0.09150	1
1147.76	-0.09162	1
1147.8	-0.09173	1
1147.84	-0.09184	1
1147.88	-0.09196	1
1147.92	-0.09207	0
1147.96	-0.09088	0
1148.0	-0.09099	0
1148.04	-0.09110	0
1148.08	-0.09122	0
1148.1200000000001	-0.09133	0
1148.16	-0.09144	1
1148.2	-0.09156	1
1148.24	-0.09167	1
1148.28	-0.09178	1
1148.32	-0.09190	1
1148.3600000000001	-0.09201	1
1148.4	-0.09212	1
1148.44	-0.09224	1
1148.48	-0.09104	1
1148.52	-0.09115	1
1148.56	-0.09378	1
1148.6000000000001	-0.09378	1
1148.64	-0.09378	1
1148.68	-0.09378	1
1148.72	-0.09378	1
1148.76	-0.09378	1
1148.8	-0.09378	1
1148.84	-0.09378	1
1148.88	-0.09378	1
1148.92	-0.09378	1
1148.96	-0.09378	1
1149.0	-0.09258	1
1149.04	-0.09258	1
1149.08	-0.09258	1
1149.1200000000001	-0.09258	1
1149.16	-0.09258	1
1149.2	-0.09258	1
1149.24	-0.09258	1
1149.28	-0.09258	1
1149.32	-0.09258	1
1149.3600000000001	-0.09258	1
1149.4	-0.09258	1
1149.44	-0.09258	1
1149.48	-0.09258	1
1149.52	-0.09258	1
1149.56	-0.09258	1
1149.6000000000001	-0.09258	1
1149.64	-0.09258	1
1149.68	-0.09258	1
1149.72	-0.09258	1
1149.76	-0.09258	1
1149.8	-0.09138	1
1149.84	-0.09149	1
1149.88	-0.09161	1
1149.92	-0.09172	1
1149.96	-0.09183	1
1150.0	-0.09195	1
1150.04	-0.09206	1
1150.08	-0.09217	1
1150.1200000000001	-0.09229	1
1150.16	-0.09109	1
1150.2	-0.09120	1
1150.24	-0.09001	1
1150.28	-0.09012	1
1150.32	-0.08892	1
1150.3600000000001	-0.08904	1
1150.4	-0.08784	1
1150.44	-0.08795	1
1150.48	-0.08807	1
1150.52	-0.08818	1
1150.56	-0.08829	1
1150.6000000000001	-0.08841	1
1150.64	-0.08852	1
1150.68	-0.08863	1
1150.72	-0.08875	1
1150.76	-0.08886	1
1150.8	-0.08898	1
1150.84	-0.08909	1
1150.88	-0.08920	1
1150.92	-0.08932	1
1150.96	-0.08943	1
1151.0	-0.09216	1
1151.04	-0.09227	1
1151.08	-0.09108	1
1151.1200000000001	-0.09119	1
1151.16	-0.09130	1
1151.2	-0.09142	1
1151.24	-0.09153	1
1151.28	-0.09164	0
1151.32	-0.09176	0
1151.3600000000001	-0.09187	0
1151.4	-0.09198	0
1151.44	-0.09210	0
1151.48	-0.09221	0
1151.52	-0.09232	0
1151.56	-0.09243	0
1151.6000000000001	-0.09255	0
1151.64	-0.09255	0
1151.68	-0.09255	0
1151.72	-0.09135	0
1151.76	-0.09016	0
1151.8	-0.08897	0
1151.84	-0.08908	0
1151.88	-0.08920	0
1151.92	-0.08931	0
1151.96	-0.08942	0
1152.0	-0.08954	0
1152.04	-0.08965	0
1152.08	-0.08976	0
1152.1200000000001	-0.08857	0
1152.16	-0.08868	0
1152.2	-0.08880	0
1152.24	-0.08891	0
1152.28	-0.08902	0
1152.32	-0.08914	0
1152.3600000000001	-0.08925	0
1152.4	-0.08936	0
1152.44	-0.08948	0
1152.48	-0.08959	0
1152.52	-0.08970	0
1152.56	-0.08981	0
1152.6000000000001	-0.08993	0
1152.64	-0.09004	0
1152.68	-0.09015	0
1152.72	-0.09027	0
1152.76	-0.09038	0
1152.8	-0.09049	0
1152.84	-0.09060	0
1152.88	-0.09072	0
1152.92	-0.09083	0
1152.96	-0.09094	0
1153.0	-0.08975	0
1153.04	-0.08987	0
1153.08	-0.08998	0
1153.1200000000001	-0.09009	0
1153.16	-0.09020	0
1153.2	-0.09032	0
1153.24	-0.09043	0
1153.28	-0.09054	0
1153.32	-0.09065	0
1153.3600000000001	-0.09077	0
1153.4	-0.09088	0
1153.44	-0.09099	0
1153.48	-0.09110	0
1153.52	-0.09122	0
1153.56	-0.09133	0
1153.6000000000001	-0.09393	0
1153.64	-0.09393	0
1153.68	-0.09393	0
1153.72	-0.09393	0
1153.76	-0.09144	0
1153.8	-0.08896	0
1153.84	-0.08907	0
1153.88	-0.08918	0
1153.92	-0.08930	0
1153.96	-0.08941	0
1154.0	-0.08952	0
1154.04	-0.08963	0
1154.08	-0.08975	0
1154.1200000000001	-0.08986	0
1154.16	-0.08997	0
1154.2	-0.09008	0
1154.24	-0.09020	0
1154.28	-0.09031	0
1154.32	-0.09042	0
1154.3600000000001	-0.09053	0
1154.4	-0.09064	0
1154.44	-0.09076	0
1154.48	-0.09087	0
1154.52	-0.09098	0
1154.56	-0.08980	0
1154.6000000000001	-0.08991	0
1154.64	-0.09002	0
1154.68	-0.09013	0
1154.72	-0.09025	0
1154.76	-0.09036	0
1154.8	-0.08918	0
1154.84	-0.08929	0
1154.88	-0.08940	0
1154.92	-0.08951	0
1154.96	-0.08963	0
1155.0	-0.08974	0
1155.04	-0.08985	0
1155.08	-0.08996	0
1155.1200000000001	-0.09007	0
1155.16	-0.09019	0
1155.2	-0.09030	0
1155.24	-0.09041	0
1155.28	-0.09052	0
1155.32	-0.09063	0
1155.3600000000001	-0.09075	0
1155.4	-0.09086	0
1155.44	-0.09097	0
1155.48	-0.09108	0
1155.52	-0.09119	0
1155.56	-0.09130	0
1155.6000000000001	-0.09142	0
1155.64	-0.09153	0
1155.68	-0.09164	0
1155.72	-0.09175	0
1155.76	-0.09186	0
1155.8	-0.09068	0
1155.84	-0.09080	0
1155.88	-0.09091	0
1155.92	-0.09102	0
1155.96	-0.09113	0
1156.0	-0.09124	0
1156.04	-0.09135	0
1156.08	-0.09147	0
1156.1200000000001	-0.09158	0
1156.16	-0.09169	0
1156.2	-0.09180	0
1156.24	-0.09191	0
1156.28	-0.09202	0
1156.32	-0.09213	0
1156.3600000000001	-0.09225	0
1156.4	-0.09236	0
1156.44	-0.09247	0
1156.48	-0.09129	0
1156.52	-0.09140	0
1156.56	-0.09151	0
1156.6000000000001	-0.09163	0
1156.64	-0.09174	0
1156.68	-0.09185	0
1156.72	-0.09196	0
1156.76	-0.09207	0
1156.8	-0.09218	0
1156.84	-0.09229	0
1156.88	-0.09240	0
1156.92	-0.09252	0
1156.96	-0.09252	0
1157.0	-0.09252	0
1157.04	-0.09252	0
1157.08	-0.09252	0
1157.1200000000001	-0.09252	0
1157.16	-0.09252	0
1157.2	-0.09252	0
1157.24	-0.09252	0
1157.28	-0.09252	0
1157.32	-0.09252	0
1157.3600000000001	-0.09252	0
1157.4	-0.09252	0
1157.44	-0.09252	0
1157.48	-0.09252	0
1157.52	-0.09252	0
1157.56	-0.09252	0
1157.6000000000001	-0.09252	0
1157.64	-0.09252	0
1157.68	-0.09252	0
1157.72	-0.09252	0
1157.76	-0.09252	0
1157.8	-0.09252	0
1157.84	-0.09252	0
1157.88	-0.09252	0
1157.92	-0.09252	0
1157.96	-0.09252	0
1158.0	-0.09252	0
1158.04	-0.09252	0
1158.08	-0.09252	0
1158.1200000000001	-0.09252	0
1158.16	-0.09252	0
1158.2	-0.09252	0
1158.24	-0.09252	0
1158.28	-0.09252	0
1158.32	-0.09134	0
1158.3600000000001	-0.09145	0
1158.4	-0.09156	0
1158.44	-0.09168	0
1158.48	-0.09179	0
1158.52	-0.09190	0
1158.56	-0.09201	0
1158.6000000000001	-0.09212	0
1158.64	-0.09223	0
1158.68	-0.09234	0
1158.72	-0.09245	0
1158.76	-0.09256	0
1158.8	-0.09256	0
1158.84	-0.09256	0
1158.88	-0.09256	0
1158.92	-0.09256	0
1158.96	-0.09256	0
1159.0	-0.09256	0
1159.04	-0.09256	0
1159.08	-0.09256	0
1159.1200000000001	-0.09256	0
1159.16	-0.09256	0
1159.2	-0.09139	0
1159.24	-0.09396	0
1159.28	-0.09396	0
1159.32	-0.09396	0
1159.3600000000001	-0.09396	0
1159.4	-0.09396	0
1159.44	-0.09396	0
1159.48	-0.09396	0
1159.52	-0.09396	0
1159.56	-0.09396	0
1159.6000000000001	-0.09396	0
1159.64	-0.09396	0
1159.68	-0.09396	0
1159.72	-0.09396	0
1159.76	-0.09396	0
1159.8	-0.09396	0
1159.84	-0.09396	0
1159.88	-0.09396	0
1159.92	-0.09396	0
1159.96	-0.09396	0
1160.0	-0.09396	0
1160.04	-0.09396	0
1160.08	-0.09267	0
1160.1200000000001	-0.09267	0
1160.16	-0.09267	0
1160.2	-0.09267	0
1160.24	-0.09267	0
1160.28	-0.09267	0
1160.32	-0.09150	0
1160.3600000000001	-0.09161	0
1160.4	-0.09172	0
1160.44	-0.09184	0
1160.48	-0.09195	0
1160.52	-0.09206	0
1160.56	-0.09217	0
1160.6000000000001	-0.09228	0
1160.64	-0.09239	0
1160.68	-0.09122	0
1160.72	-0.09133	0
1160.76	-0.09144	0
1160.8	-0.09155	0
1160.84	-0.09166	0
1160.88	-0.09177	0
1160.92	-0.09188	0
1160.96	-0.09199	0
1161.0	-0.09211	0
1161.04	-0.09222	0
1161.08	-0.09233	0
1161.1200000000001	-0.09244	0
1161.16	-0.09255	0
1161.2	-0.09255	0
1161.24	-0.09255	0
1161.28	-0.09255	0
1161.32	-0.09255	0
1161.3600000000001	-0.09138	0
1161.4	-0.09149	0
1161.44	-0.09160	0
1161.48	-0.09171	0
1161.52	-0.09182	0
1161.56	-0.09193	0
1161.6000000000001	-0.09076	0
1161.64	-0.09087	0
1161.68	-0.09099	0
1161.72	-0.09110	0
1161.76	-0.09121	0
1161.8	-0.09132	0
1161.84	-0.09143	0
1161.88	-0.09154	0
1161.92	-0.09165	0
1161.96	-0.09176	0
1162.0	-0.09187	0
1162.04	-0.09198	0
1162.08	-0.09209	0
1162.1200000000001	-0.09220	0
1162.16	-0.09231	0
1162.2	-0.09242	0
1162.24	-0.09253	0
1162.28	-0.09253	0
1162.32	-0.09253	0
1162.3600000000001	-0.09253	0
1162.4	-0.09253	0
1162.44	-0.09253	0
1162.48	-0.09253	0
1162.52	-0.09253	0
1162.56	-0.09253	0
1162.6000000000001	-0.09253	0
1162.64	-0.09253	0
1162.68	-0.09253	0
1162.72	-0.09253	0
1162.76	-0.09253	0
1162.8	-0.09253	0
1162.84	-0.09137	0
1162.88	-0.09148	0
1162.92	-0.09159	0
1162.96	-0.09170	0
1163.0	-0.09181	0
1163.04	-0.09192	0
1163.08	-0.09203	0
1163.1200000000001	-0.09214	0
1163.16	-0.09097	0
1163.2	-0.09108	0
1163.24	-0.08992	0
1163.28	-0.09003	0
1163.32	-0.09014	0
1163.3600000000001	-0.09025	0
1163.4	-0.09036	0
1163.44	-0.09047	0
1163.48	-0.08804	0
1163.52	-0.08815	0
1163.56	-0.08826	0
1163.6000000000001	-0.08709	0
1163.64	-0.08720	0
1163.68	-0.08732	0
1163.72	-0.08743	0
1163.76	-0.08754	0
1163.8	-0.08765	0
1163.84	-0.08776	0
1163.88	-0.08787	0
1163.92	-0.08798	0
1163.96	-0.08809	0
1164.0	-0.08820	0
1164.04	-0.08831	0
1164.08	-0.08842	0
1164.1200000000001	-0.08853	0
1164.16	-0.08864	0
1164.2	-0.08875	0
1164.24	-0.08886	0
1164.28	-0.08897	0
1164.32	-0.08908	0
1164.3600000000001	-0.08919	0
1164.4	-0.08930	0
1164.44	-0.08941	0
1164.48	-0.08952	0
1164.52	-0.08963	0
1164.56	-0.08974	0
1164.6000000000001	-0.08985	0
1164.64	-0.08996	0
1164.68	-0.09007	0
1164.72	-0.09018	0
1164.76	-0.09029	0
1164.8	-0.08913	0
1164.84	-0.08924	0
1164.88	-0.08935	0
1164.92	-0.08946	0
1164.96	-0.08957	0
1165.0	-0.08969	1
1165.04	-0.08980	1
1165.08	-0.08992	1
1165.1200000000001	-0.09003	1
1165.16	-0.09014	1
1165.2	-0.09026	1
1165.24	-0.09037	1
1165.28	-0.09049	1
1165.32	-0.09060	1
1165.3600000000001	-0.09071	1
1165.4	-0.08951	1
1165.44	-0.08963	1
1165.48	-0.08974	1
1165.52	-0.08985	1
1165.56	-0.08997	1
1165.6000000000001	-0.09008	1
1165.64	-0.09020	1
1165.68	-0.09031	1
1165.72	-0.09042	1
1165.76	-0.09054	1
1165.8	-0.09065	1
1165.84	-0.09076	1
1165.88	-0.09088	1
1165.92	-0.09099	1
1165.96	-0.08979	1
1166.0	-0.08991	1
1166.04	-0.09002	1
1166.08	-0.09013	1
1166.1200000000001	-0.09025	1
1166.16	-0.09036	1
1166.2	-0.09048	1
1166.24	-0.09059	1
1166.28	-0.09070	1
1166.32	-0.09082	1
1166.3600000000001	-0.09093	1
1166.4	-0.09104	1
1166.44	-0.09116	0
1166.48	-0.09127	0
1166.52	-0.09138	1
1166.56	-0.09150	1
1166.6000000000001	-0.09161	1
1166.64	-0.09172	1
1166.68	-0.09184	1
1166.72	-0.09195	1
1166.76	-0.09206	1
1166.8	-0.09218	1
1166.84	-0.09229	1
1166.88	-0.09241	1
1166.92	-0.09252	1
1166.96	-0.09252	1
1167.0	-0.09132	1
1167.04	-0.09143	1
1167.08	-0.09155	1
1167.1200000000001	-0.09166	1
1167.16	-0.09177	1
1167.2	-0.09189	1
1167.24	-0.09200	1
1167.28	-0.09211	1
1167.32	-0.09092	1
1167.3600000000001	-0.09103	1
1167.4	-0.09114	1
1167.44	-0.09126	1
1167.48	-0.09137	1
1167.52	-0.09148	1
1167.56	-0.09160	1
1167.6000000000001	-0.09171	1
1167.64	-0.09182	1
1167.68	-0.09194	1
1167.72	-0.09205	1
1167.76	-0.09216	1
1167.8	-0.09228	1
1167.84	-0.09239	1
1167.88	-0.09250	1
1167.92	-0.09250	1
1167.96	-0.09250	1
1168.0	-0.09250	1
1168.04	-0.09250	1
1168.08	-0.09250	1
1168.1200000000001	-0.09250	1
1168.16	-0.09250	1
1168.2	-0.09250	1
1168.24	-0.09250	1
1168.28	-0.09250	1
1168.32	-0.09250	1
1168.3600000000001	-0.09250	1
1168.4	-0.09250	1
1168.44	-0.09250	1
1168.48	-0.09131	1
1168.52	-0.09142	1
1168.56	-0.09153	1
1168.6000000000001	-0.09165	1
1168.64	-0.09176	1
1168.68	-0.09187	0
1168.72	-0.09199	0
1168.76	-0.09210	0
1168.8	-0.09221	0
1168.84	-0.09233	0
1168.88	-0.09244	0
1168.92	-0.09255	0
1168.96	-0.09255	1
1169.0	-0.09255	1
1169.04	-0.09255	1
1169.08	-0.09255	1
1169.1200000000001	-0.09255	1
1169.16	-0.09255	1
1169.2	-0.09255	1
1169.24	-0.09255	1
1169.28	-0.09255	1
1169.32	-0.09255	1
1169.3600000000001	-0.09255	1
1169.4	-0.09255	1
1169.44	-0.09255	1
1169.48	-0.09255	1
1169.52	-0.09255	1
1169.56	-0.09255	1
1169.6000000000001	-0.09255	1
1169.64	-0.09255	1
1169.68	-0.09255	1
1169.72	-0.09255	1
1169.76	-0.09255	1
1169.8	-0.09255	1
1169.84	-0.09255	1
1169.88	-0.09135	1
1169.92	-0.09146	1
1169.96	-0.09158	1
1170.0	-0.09169	1
1170.04	-0.09181	1
1170.08	-0.09192	1
1170.1200000000001	-0.09203	1
1170.16	-0.09215	1
1170.2	-0.09226	1
1170.24	-0.09237	1
1170.28	-0.09249	1
1170.32	-0.09260	1
1170.3600000000001	-0.09260	1
1170.4	-0.09260	1
1170.44	-0.09260	1
1170.48	-0.09260	1
1170.52	-0.09140	1
1170.56	-0.09151	1
1170.6000000000001	-0.09163	1
1170.64	-0.09174	1
1170.68	-0.09185	1
1170.72	-0.09197	1
1170.76	-0.09077	1
1170.8	-0.09088	1
1170.84	-0.09100	1
1170.88	-0.09111	1
1170.92	-0.09122	1
1170.96	-0.09134	1
1171.0	-0.09145	1
1171.04	-0.09156	1
1171.08	-0.09168	1
1171.1200000000001	-0.09179	1
1171.16	-0.09190	1
1171.2	-0.08940	1
1171.24	-0.08951	1
1171.28	-0.08962	1
1171.32	-0.08974	1
1171.3600000000001	-0.08985	1
1171.4	-0.08997	1
1171.44	-0.09008	1
1171.48	-0.09019	1
1171.52	-0.09031	1
1171.56	-0.09042	1
1171.6000000000001	-0.09053	1
1171.64	-0.09065	1
1171.68	-0.09076	1
1171.72	-0.08956	1
1171.76	-0.08968	1
1171.8	-0.08979	1
1171.84	-0.08990	1
1171.88	-0.09002	1
1171.92	-0.09013	1
1171.96	-0.09024	1
1172.0	-0.09036	1
1172.04	-0.09047	1
1172.08	-0.09058	1
1172.1200000000001	-0.09070	1
1172.16	-0.09081	1
1172.2	-0.09223	1
1172.24	-0.09234	1
1172.28	-0.09245	1
1172.32	-0.09257	1
1172.3600000000001	-0.09257	1
1172.4	-0.09257	0
1172.44	-0.09257	0
1172.48	-0.09257	0
1172.52	-0.09257	0
1172.56	-0.09257	0
1172.6000000000001	-0.09257	0
1172.64	-0.09257	0
1172.68	-0.09257	0
1172.72	-0.09257	0
1172.76	-0.09257	0
1172.8	-0.09257	0
1172.84	-0.09257	0
1172.88	-0.09257	0
1172.92	-0.09257	1
1172.96	-0.09257	1
1173.0	-0.09257	1
1173.04	-0.09257	1
1173.08	-0.09257	1
1173.1200000000001	-0.09257	1
1173.16	-0.09257	1
1173.2	-0.09257	1
1173.24	-0.09257	1
1173.28	-0.09257	1
1173.32	-0.09257	1
1173.3600000000001	-0.09257	1
1173.4	-0.09257	1
1173.44	-0.09257	1
1173.48	-0.09257	1
1173.52	-0.09257	1
1173.56	-0.09257	1
1173.6000000000001	-0.09257	1
1173.64	-0.09257	1
1173.68	-0.09257	1
1173.72	-0.09257	1
1173.76	-0.09257	1
1173.8	-0.09257	1
1173.84	-0.09257	1
1173.88	-0.09257	1
1173.92	-0.09257	1
1173.96	-0.09257	1
1174.0	-0.09257	1
1174.04	-0.09137	1
1174.08	-0.09148	1
1174.1200000000001	-0.09159	1
1174.16	-0.09171	1
1174.2	-0.09182	1
1174.24	-0.09062	1
1174.28	-0.08942	1
1174.32	-0.08953	1
1174.3600000000001	-0.08965	1
1174.4	-0.08976	1
1174.44	-0.09250	1
1174.48	-0.09250	1
1174.52	-0.09250	1
1174.56	-0.09250	1
1174.6000000000001	-0.09250	1
1174.64	-0.09250	1
1174.68	-0.09250	1
1174.72	-0.09250	1
1174.76	-0.09250	1
1174.8	-0.09250	1
1174.84	-0.09250	1
1174.88	-0.09250	1
1174.92	-0.09250	1
1174.96	-0.09250	1
1175.0	-0.09250	1
1175.04	-0.09250	1
1175.08	-0.09250	1
1175.1200000000001	-0.09250	1
1175.16	-0.09250	1
1175.2	-0.09250	1
1175.24	-0.09250	1
1175.28	-0.09250	1
1175.32	-0.09250	1
1175.3600000000001	-0.09250	1
1175.4	-0.09130	1
1175.44	-0.09142	1
1175.48	-0.09153	1
1175.52	-0.09033	1
1175.56	-0.09045	1
1175.6000000000001	-0.09056	1
1175.64	-0.09067	1
1175.68	-0.09079	1
1175.72	-0.08959	1
1175.76	-0.08970	1
1175.8	-0.08982	1
1175.84	-0.08993	1
1175.88	-0.09004	1
1175.92	-0.08885	1
1175.96	-0.08896	1
1176.0	-0.08907	1
1176.04	-0.08919	1
1176.08	-0.08668	1
1176.1200000000001	-0.08679	1
1176.16	-0.08691	1
1176.2	-0.08702	1
1176.24	-0.08714	1
1176.28	-0.08987	1
1176.32	-0.08998	1
1176.3600000000001	-0.09010	1
1176.4	-0.09021	1
1176.44	-0.09032	1
1176.48	-0.09044	1
1176.52	-0.09055	1
1176.56	-0.08935	1
1176.6000000000001	-0.08947	1
1176.64	-0.09220	1
1176.68	-0.09231	1
1176.72	-0.09242	1
1176.76	-0.09504	1
1176.8	-0.09504	1
1176.84	-0.09504	1
1176.88	-0.09504	1
1176.92	-0.09504	1
1176.96	-0.09504	1
1177.0	-0.09504	1
1177.04	-0.09504	1
1177.08	-0.09504	1
1177.1200000000001	-0.09504	1
1177.16	-0.09504	1
1177.2	-0.09373	1
1177.24	-0.09373	1
1177.28	-0.09373	1
1177.32	-0.09373	1
1177.3600000000001	-0.09373	1
1177.4	-0.09373	1
1177.44	-0.09373	1
1177.48	-0.09373	1
1177.52	-0.09373	1
1177.56	-0.09373	1
1177.6000000000001	-0.09373	1
1177.64	-0.09373	1
1177.68	-0.09373	1
1177.72	-0.09373	1
1177.76	-0.09373	1
1177.8	-0.09373	1
1177.84	-0.09373	1
1177.88	-0.09373	1
1177.92	-0.09373	1
1177.96	-0.09373	1
1178.0	-0.09373	1
1178.04	-0.09373	1
1178.08	-0.09373	1
1178.1200000000001	-0.09373	1
1178.16	-0.09373	1
1178.2	-0.09373	1
1178.24	-0.09373	1
1178.28	-0.09373	1
1178.32	-0.09373	1
1178.3600000000001	-0.09373	1
1178.4	-0.09373	1
1178.44	-0.09373	1
1178.48	-0.09373	1
1178.52	-0.09373	1
1178.56	-0.09373	1
1178.6000000000001	-0.09373	1
1178.64	-0.09373	1
1178.68	-0.09373	1
1178.72	-0.09373	1
1178.76	-0.09373	1
1178.8	-0.09373	1
1178.84	-0.09373	1
1178.88	-0.09373	1
1178.92	-0.09373	1
1178.96	-0.09373	1
1179.0	-0.09373	1
1179.04	-0.09373	1
1179.08	-0.09373	1
1179.1200000000001	-0.09373	1
1179.16	-0.09373	1
1179.2	-0.09373	1
1179.24	-0.09373	1
1179.28	-0.09373	1
1179.32	-0.09373	1
1179.3600000000001	-0.09373	1
1179.4	-0.09373	1
1179.44	-0.09373	1
1179.48	-0.09254	1
1179.52	-0.09254	1
1179.56	-0.09254	1
1179.6000000000001	-0.09254	1
1179.64	-0.09254	1
1179.68	-0.09254	1
1179.72	-0.09254	1
1179.76	-0.09254	1
1179.8	-0.09254	1
1179.84	-0.09134	1
1179.88	-0.09145	1
1179.92	-0.09157	1
1179.96	-0.09168	1
1180.0	-0.09179	1
1180.04	-0.09060	1
1180.08	-0.08941	1
1180.1200000000001	-0.08821	1
1180.16	-0.08833	1
1180.2	-0.08844	1
1180.24	-0.08855	1
1180.28	-0.08867	1
1180.32	-0.08878	1
1180.3600000000001	-0.08759	1
1180.4	-0.08770	1
1180.44	-0.08782	1
1180.48	-0.08793	1
1180.52	-0.08804	1
1180.56	-0.08816	1
1180.6000000000001	-0.08827	1
1180.64	-0.08708	1
1180.68	-0.08719	1
1180.72	-0.08730	1
1180.76	-0.08742	1
1180.8	-0.08753	1
1180.84	-0.08764	1
1180.88	-0.08776	1
1180.92	-0.08787	1
1180.96	-0.08798	1
1181.0	-0.08810	1
1181.04	-0.08821	1
1181.08	-0.08832	1
1181.1200000000001	-0.08844	1
1181.16	-0.08855	1
1181.2	-0.08866	1
1181.24	-0.08878	1
1181.28	-0.08889	1
1181.32	-0.08900	1
1181.3600000000001	-0.08911	1
1181.4	-0.08923	1
1181.44	-0.09194	1
1181.48	-0.09205	1
1181.52	-0.09217	1
1181.56	-0.09228	1
1181.6000000000001	-0.09239	1
1181.64	-0.09250	1
1181.68	-0.09250	1
1181.72	-0.09132	1
1181.76	-0.09143	1
1181.8	-0.09154	1
1181.84	-0.09165	1
1181.88	-0.09177	1
1181.92	-0.09188	1
1181.96	-0.09199	1
1182.0	-0.09210	1
1182.04	-0.09092	1
1182.08	-0.09103	1
1182.1200000000001	-0.09114	1
1182.16	-0.09125	1
1182.2	-0.09137	1
1182.24	-0.09018	1
1182.28	-0.09029	1
1182.32	-0.08911	1
1182.3600000000001	-0.08922	1
1182.4	-0.08933	1
1182.44	-0.08945	1
1182.48	-0.08956	1
1182.52	-0.08967	1
1182.56	-0.08978	1
1182.6000000000001	-0.08860	1
1182.64	-0.08871	0
1182.68	-0.08882	0
1182.72	-0.08894	0
1182.76	-0.08775	0
1182.8	-0.08787	0
1182.84	-0.08798	0
1182.88	-0.08809	0
1182.92	-0.08820	0
1182.96	-0.08832	0
1183.0	-0.08843	0
1183.04	-0.08854	0
1183.08	-0.08865	0
1183.1200000000001	-0.08877	0
1183.16	-0.08888	0
1183.2	-0.08899	0
1183.24	-0.08910	0
1183.28	-0.08921	0
1183.32	-0.08933	1
1183.3600000000001	-0.08944	1
1183.4	-0.08956	1
1183.44	-0.08967	1
1183.48	-0.08978	1
1183.52	-0.08990	1
1183.56	-0.09001	1
1183.6000000000001	-0.09013	1
1183.64	-0.09024	1
1183.68	-0.09035	1
1183.72	-0.09047	1
1183.76	-0.09058	1
1183.8	-0.09069	1
1183.84	-0.09081	1
1183.88	-0.09092	1
1183.92	-0.09104	1
1183.96	-0.09115	1
1184.0	-0.09126	1
1184.04	-0.09006	1
1184.08	-0.09018	1
1184.1200000000001	-0.09029	1
1184.16	-0.09041	1
1184.2	-0.09052	1
1184.24	-0.09063	1
1184.28	-0.09075	1
1184.32	-0.09086	1
1184.3600000000001	-0.09097	1
1184.4	-0.09109	1
1184.44	-0.09120	1
1184.48	-0.09131	1
1184.52	-0.09143	1
1184.56	-0.09154	1
1184.6000000000001	-0.09165	1
1184.64	-0.09177	1
1184.68	-0.09057	1
1184.72	-0.09068	1
1184.76	-0.09080	1
1184.8	-0.09091	1
1184.84	-0.09102	1
1184.88	-0.09114	1
1184.92	-0.09125	1
1184.96	-0.09136	1
1185.0	-0.09148	1
1185.04	-0.09159	1
1185.08	-0.09170	1
1185.1200000000001	-0.09182	1
1185.16	-0.09193	1
1185.2	-0.09204	1
1185.24	-0.09216	1
1185.28	-0.09227	1
1185.32	-0.09238	1
1185.3600000000001	-0.09249	1
1185.4	-0.09511	1
1185.44	-0.09511	1
1185.48	-0.09380	1
1185.52	-0.09380	1
1185.56	-0.09380	1
1185.6000000000001	-0.09380	1
1185.64	-0.09380	1
1185.68	-0.09380	1
1185.72	-0.09380	1
1185.76	-0.09380	1
1185.8	-0.09380	1
1185.84	-0.09380	1
1185.88	-0.09380	0
1185.92	-0.09380	0
1185.96	-0.09380	0
1186.0	-0.09380	0
1186.04	-0.09380	0
1186.08	-0.09380	0
1186.1200000000001	-0.09380	0
1186.16	-0.09380	0
1186.2	-0.09380	0
1186.24	-0.09380	0
1186.28	-0.09380	0
1186.32	-0.09380	0
1186.3600000000001	-0.09380	0
1186.4	-0.09380	0
1186.44	-0.09380	0
1186.48	-0.09380	0
1186.52	-0.09380	0
1186.56	-0.09380	0
1186.6000000000001	-0.09380	0
1186.64	-0.09380	0
1186.68	-0.09380	0
1186.72	-0.09380	0
1186.76	-0.09380	0
1186.8	-0.09380	0
1186.84	-0.09380	0
1186.88	-0.09380	0
1186.92	-0.09380	0
1186.96	-0.09380	0
1187.0	-0.09380	0
1187.04	-0.09380	0
1187.08	-0.09380	0
1187.1200000000001	-0.09380	0
1187.16	-0.09380	0
1187.2	-0.09380	0
1187.24	-0.09380	0
1187.28	-0.09380	0
1187.32	-0.09380	0
1187.3600000000001	-0.09380	0
1187.4	-0.09261	0
1187.44	-0.09261	0
1187.48	-0.09261	0
1187.52	-0.09261	0
1187.56	-0.09261	0
1187.6000000000001	-0.09261	0
1187.64	-0.09261	0
1187.68	-0.09261	0
1187.72	-0.09261	0
1187.76	-0.09261	0
1187.8	-0.09261	0
1187.84	-0.09261	0
1187.88	-0.09261	0
1187.92	-0.09261	0
1187.96	-0.09261	0
1188.0	-0.09261	0
1188.04	-0.09141	0
1188.08	-0.09153	0
1188.1200000000001	-0.09414	0
1188.16	-0.09414	0
1188.2	-0.09414	0
1188.24	-0.09414	0
1188.28	-0.09414	0
1188.32	-0.09414	0
1188.3600000000001	-0.09414	0
1188.4	-0.09414	0
1188.44	-0.09414	0
1188.48	-0.09414	0
1188.52	-0.09414	1
1188.56	-0.09414	1
1188.6000000000001	-0.09414	1
1188.64	-0.09414	1
1188.68	-0.09414	1
1188.72	-0.09414	1
1188.76	-0.09414	1
1188.8	-0.09414	1
1188.84	-0.09282	1
1188.88	-0.09282	1
1188.92	-0.09282	1
1188.96	-0.09282	1
1189.0	-0.09282	1
1189.04	-0.09282	1
1189.08	-0.09282	1
1189.1200000000001	-0.09282	1
1189.16	-0.09282	1
1189.2	-0.09282	1
1189.24	-0.09282	1
1189.28	-0.09282	1
1189.32	-0.09282	1
1189.3600000000001	-0.09162	1
1189.4	-0.09174	1
1189.44	-0.09185	1
1189.48	-0.09196	1
1189.52	-0.09076	1
1189.56	-0.09088	1
1189.6000000000001	-0.09099	1
1189.64	-0.09110	1
1189.68	-0.08990	1
1189.72	-0.09002	1
1189.76	-0.09013	1
1189.8	-0.09025	1
1189.84	-0.09036	1
1189.88	-0.09047	1
1189.92	-0.09059	1
1189.96	-0.09070	1
1190.0	-0.09081	1
1190.04	-0.09093	1
1190.08	-0.09104	1
1190.1200000000001	-0.09116	1
1190.16	-0.09127	1
1190.2	-0.09138	1
1190.24	-0.09018	1
1190.28	-0.09030	1
1190.32	-0.09041	1
1190.3600000000001	-0.09053	1
1190.4	-0.09064	1
1190.44	-0.09075	1
1190.48	-0.09087	1
1190.52	-0.09098	1
1190.56	-0.09109	1
1190.6000000000001	-0.09121	1
1190.64	-0.09132	1
1190.68	-0.09143	1
1190.72	-0.09155	1
1190.76	-0.09166	1
1190.8	-0.09177	1
1190.84	-0.09189	1
1190.88	-0.09200	1
1190.92	-0.09211	0
1190.96	-0.09223	0
1191.0	-0.09234	0
1191.04	-0.09245	0
1191.08	-0.09256	0
1191.1200000000001	-0.09256	0
1191.16	-0.09256	0
1191.2	-0.09256	0
1191.24	-0.09256	0
1191.28	-0.09256	0
1191.32	-0.09256	1
1191.3600000000001	-0.09256	1
1191.4	-0.09256	1
1191.44	-0.09256	1
1191.48	-0.09256	1
1191.52	-0.09256	1
1191.56	-0.09256	1
1191.6000000000001	-0.09256	1
1191.64	-0.09256	1
1191.68	-0.09256	1
1191.72	-0.09256	1
1191.76	-0.09256	1
1191.8	-0.09256	1
1191.84	-0.09256	1
1191.88	-0.09256	1
1191.92	-0.09256	1
1191.96	-0.09256	1
1192.0	-0.09256	1
1192.04	-0.09256	1
1192.08	-0.09256	1
1192.1200000000001	-0.09256	1
1192.16	-0.09256	1
1192.2	-0.09256	1
1192.24	-0.09256	1
1192.28	-0.09256	1
1192.32	-0.09256	1
1192.3600000000001	-0.09256	1
1192.4	-0.09256	1
1192.44	-0.09256	1
1192.48	-0.09256	1
1192.52	-0.09256	1
1192.56	-0.09136	1
1192.6000000000001	-0.09148	1
1192.64	-0.09159	1
1192.68	-0.09170	1
1192.72	-0.09182	1
1192.76	-0.09193	1
1192.8	-0.09073	1
1192.84	-0.09085	1
1192.88	-0.09096	1
1192.92	-0.09107	1
1192.96	-0.09119	1
1193.0	-0.09130	1
1193.04	-0.09141	1
1193.08	-0.09153	1
1193.1200000000001	-0.09164	1
1193.16	-0.09175	1
1193.2	-0.09187	1
1193.24	-0.09198	1
1193.28	-0.09209	1
1193.32	-0.09221	1
1193.3600000000001	-0.09232	1
1193.4	-0.09243	1
1193.44	-0.09255	1
1193.48	-0.09135	1
1193.52	-0.09146	1
1193.56	-0.09158	1
1193.6000000000001	-0.09038	1
1193.64	-0.09049	1
1193.68	-0.09061	1
1193.72	-0.09072	1
1193.76	-0.08952	1
1193.8	-0.08964	1
1193.84	-0.08975	1
1193.88	-0.08986	1
1193.92	-0.08998	1
1193.96	-0.08878	0
1194.0	-0.08890	0
1194.04	-0.08901	0
1194.08	-0.08781	0
1194.1200000000001	-0.08793	0
1194.16	-0.08804	0
1194.2	-0.08685	0
1194.24	-0.08696	0
1194.28	-0.08708	0
1194.32	-0.08719	0
1194.3600000000001	-0.08730	0
1194.4	-0.08742	0
1194.44	-0.08753	0
1194.48	-0.08764	0
1194.52	-0.08776	0
1194.56	-0.08787	0
1194.6000000000001	-0.08798	0
1194.64	-0.08810	0
1194.68	-0.08821	0
1194.72	-0.08832	0
1194.76	-0.08844	0
1194.8	-0.08855	0
1194.84	-0.08866	0
1194.88	-0.08878	0
1194.92	-0.08889	0
1194.96	-0.08900	0
1195.0	-0.08912	0
1195.04	-0.08923	0
1195.08	-0.08934	0
1195.1200000000001	-0.08946	1
1195.16	-0.08957	1
1195.2	-0.08969	1
1195.24	-0.08849	1
1195.28	-0.08860	1
1195.32	-0.08871	1
1195.3600000000001	-0.08883	1
1195.4	-0.08894	1
1195.44	-0.08906	1
1195.48	-0.08917	1
1195.52	-0.08928	1
1195.56	-0.08940	1
1195.6000000000001	-0.08951	1
1195.64	-0.08962	1
1195.68	-0.08974	1
1195.72	-0.08985	1
1195.76	-0.08865	1
1195.8	-0.08877	1
1195.84	-0.08888	1
1195.88	-0.08900	1
1195.92	-0.08911	1
1195.96	-0.08922	1
1196.0	-0.08934	1
1196.04	-0.08945	1
1196.08	-0.08956	1
1196.1200000000001	-0.08968	1
1196.16	-0.08979	1
1196.2	-0.08990	1
1196.24	-0.08871	1
1196.28	-0.08882	1
1196.32	-0.08894	1
1196.3600000000001	-0.08905	1
1196.4	-0.08916	1
1196.44	-0.08928	1
1196.48	-0.08939	1
1196.52	-0.08950	1
1196.56	-0.08962	1
1196.6000000000001	-0.08973	1
1196.64	-0.08984	1
1196.68	-0.08996	1
1196.72	-0.09007	1
1196.76	-0.09018	1
1196.8	-0.09030	1
1196.84	-0.09041	1
1196.88	-0.09303	1
1196.92	-0.09303	1
1196.96	-0.09303	1
1197.0	-0.09303	1
1197.04	-0.09303	1
1197.08	-0.09303	1
1197.1200000000001	-0.09303	1
1197.16	-0.09303	1
1197.2	-0.09303	1
1197.24	-0.09303	1
1197.28	-0.09303	1
1197.32	-0.09303	1
1197.3600000000001	-0.09303	1
1197.4	-0.09303	1
1197.44	-0.09303	1
1197.48	-0.09303	1
1197.52	-0.09303	1
1197.56	-0.09303	1
1197.6000000000001	-0.09303	1
1197.64	-0.09303	1
1197.68	-0.09303	1
1197.72	-0.09303	1
1197.76	-0.09303	1
1197.8	-0.09303	1
1197.84	-0.09303	1
1197.88	-0.09303	1
1197.92	-0.09303	1
1197.96	-0.09303	1
1198.0	-0.09303	1
1198.04	-0.09303	1
1198.08	-0.09303	1
1198.1200000000001	-0.09303	1
1198.16	-0.09303	1
1198.2	-0.09303	1
1198.24	-0.09303	1
1198.28	-0.09303	1
1198.32	-0.09303	1
1198.3600000000001	-0.09303	1
1198.4	-0.09303	1
1198.44	-0.09303	1
1198.48	-0.09303	1
1198.52	-0.09183	1
1198.56	-0.09194	1
1198.6000000000001	-0.09206	1
1198.64	-0.09217	1
1198.68	-0.09228	1
1198.72	-0.09240	1
1198.76	-0.09251	1
1198.8	-0.09251	1
1198.84	-0.09251	1
1198.88	-0.09251	1
1198.92	-0.09251	1
1198.96	-0.09251	1
1199.0	-0.09251	0
1199.04	-0.09251	0
1199.08	-0.09251	0
1199.1200000000001	-0.09251	0
1199.16	-0.09251	0
1199.2	-0.09251	0
1199.24	-0.09251	0
1199.28	-0.09251	0
1199.32	-0.09251	0
1199.3600000000001	-0.09251	0
1199.4	-0.09251	0
1199.44	-0.09251	0
1199.48	-0.09251	0
1199.52	-0.09251	0
1199.56	-0.09251	0
1199.6000000000001	-0.09251	0
1199.64	-0.09251	0
1199.68	-0.09251	0
1199.72	-0.09251	0
1199.76	-0.09251	0
1199.8	-0.09251	0
1199.84	-0.09251	0
1199.88	-0.09251	0
1199.92	-0.09251	0
1199.96	-0.09251	0
1200.0	-0.09251	0
1200.04	-0.09251	0
1200.08	-0.09251	0
1200.1200000000001	-0.09251	0
1200.16	-0.09251	0
1200.2	-0.09251	0
1200.24	-0.09132	0
1200.28	-0.09143	0
1200.32	-0.09154	0
1200.3600000000001	-0.09166	0
1200.4	-0.09046	0
1200.44	-0.09058	0
1200.48	-0.09069	0
1200.52	-0.09080	0
1200.56	-0.09091	0
1200.6000000000001	-0.09103	0
1200.64	-0.09114	0
1200.68	-0.09125	0
1200.72	-0.09137	0
1200.76	-0.09148	0
1200.8	-0.09159	0
1200.84	-0.09170	0
1200.88	-0.09182	0
1200.92	-0.09193	0
1200.96	-0.09204	0
1201.0	-0.09216	0
1201.04	-0.09227	0
1201.08	-0.09238	0
1201.1200000000001	-0.09249	0
1201.16	-0.09130	0
1201.2	-0.09142	0
1201.24	-0.09153	0
1201.28	-0.09164	0
1201.32	-0.09175	0
1201.3600000000001	-0.09057	0
1201.4	-0.09068	0
1201.44	-0.08949	0
1201.48	-0.08960	0
1201.52	-0.08972	1
1201.56	-0.08983	1
1201.6000000000001	-0.08994	1
1201.64	-0.09006	1
1201.68	-0.09017	1
1201.72	-0.08897	1
1201.76	-0.08909	1
1201.8	-0.08920	1
1201.84	-0.08931	1
1201.88	-0.08943	1
1201.92	-0.08954	1
1201.96	-0.08966	1
1202.0	-0.08977	1
1202.04	-0.08988	1
1202.08	-0.09000	1
1202.1200000000001	-0.08880	1
1202.16	-0.08891	1
1202.2	-0.08903	1
1202.24	-0.08914	1
1202.28	-0.08925	1
1202.32	-0.08937	1
1202.3600000000001	-0.08948	1
1202.4	-0.08959	1
1202.44	-0.08971	1
1202.48	-0.08982	1
1202.52	-0.08994	1
1202.56	-0.09005	1
1202.6000000000001	-0.09016	1
1202.64	-0.09028	1
1202.68	-0.09039	1
1202.72	-0.09050	1
1202.76	-0.09062	1
1202.8	-0.09073	1
1202.84	-0.09084	1
1202.88	-0.09096	1
1202.92	-0.09107	1
1202.96	-0.09118	1
1203.0	-0.09130	1
1203.04	-0.09141	1
1203.08	-0.09152	1
1203.1200000000001	-0.09164	1
1203.16	-0.09044	1
1203.2	-0.09055	1
1203.24	-0.09067	1
1203.28	-0.09078	1
1203.32	-0.09089	1
1203.3600000000001	-0.09101	1
1203.4	-0.08981	1
1203.44	-0.08993	1
1203.48	-0.09004	1
1203.52	-0.09015	1
1203.56	-0.09027	0
1203.6000000000001	-0.09038	0
1203.64	-0.08918	1
1203.68	-0.08798	1
1203.72	-0.08809	1
1203.76	-0.08821	1
1203.8	-0.08832	1
1203.84	-0.08843	1
1203.88	-0.08855	1
1203.92	-0.08866	1
1203.96	-0.08878	1
1204.0	-0.08889	1
1204.04	-0.08900	1
1204.08	-0.08912	1
1204.1200000000001	-0.08923	1
1204.16	-0.08935	1
1204.2	-0.08815	1
1204.24	-0.08826	1
1204.28	-0.08838	1
1204.32	-0.08849	1
1204.3600000000001	-0.08860	1
1204.4	-0.08872	1
1204.44	-0.08752	1
1204.48	-0.08763	1
1204.52	-0.08775	1
1204.56	-0.08786	1
1204.6000000000001	-0.08798	1
1204.64	-0.08809	1
1204.68	-0.08820	1
1204.72	-0.08832	1
1204.76	-0.08843	1
1204.8	-0.08854	1
1204.84	-0.08866	1
1204.88	-0.08877	1
1204.92	-0.08758	1
1204.96	-0.08769	1
1205.0	-0.08780	1
1205.04	-0.08792	1
1205.08	-0.08803	1
1205.1200000000001	-0.08814	1
1205.16	-0.08826	1
1205.2	-0.08706	1
1205.24	-0.08718	1
1205.28	-0.08729	1
1205.32	-0.08610	1
1205.3600000000001	-0.08621	1
1205.4	-0.08632	1
1205.44	-0.08644	1
1205.48	-0.08655	1
1205.52	-0.08667	1
1205.56	-0.08678	1
1205.6000000000001	-0.08689	1
1205.64	-0.08701	1
1205.68	-0.08712	1
1205.72	-0.08723	1
1205.76	-0.08735	1
1205.8	-0.08615	0
1205.84	-0.08627	0
1205.88	-0.08638	0
1205.92	-0.08650	0
1205.96	-0.08661	0
1206.0	-0.08672	0
1206.04	-0.08684	0
1206.08	-0.08695	0
1206.1200000000001	-0.08706	0
1206.16	-0.08718	0
1206.2	-0.08729	0
1206.24	-0.08740	0
1206.28	-0.08752	0
1206.32	-0.08763	0
1206.3600000000001	-0.08774	0
1206.4	-0.08786	0
1206.44	-0.08667	0
1206.48	-0.08678	0
1206.52	-0.08689	0
1206.56	-0.08701	0
1206.6000000000001	-0.08712	0
1206.64	-0.08723	0
1206.68	-0.08735	0
1206.72	-0.08746	0
1206.76	-0.08757	0
1206.8	-0.08638	0
1206.84	-0.08650	0
1206.88	-0.08661	0
1206.92	-0.08672	0
1206.96	-0.08684	0
1207.0	-0.08565	0
1207.04	-0.08446	0
1207.08	-0.08327	0
1207.1200000000001	-0.08339	0
1207.16	-0.08350	0
1207.2	-0.08361	0
1207.24	-0.08373	0
1207.28	-0.08384	0
1207.32	-0.08395	0
1207.3600000000001	-0.08407	0
1207.4	-0.08288	0
1207.44	-0.08299	0
1207.48	-0.08311	0
1207.52	-0.08322	0
1207.56	-0.08334	0
1207.6000000000001	-0.08345	0
1207.64	-0.08356	0
1207.68	-0.08368	0
1207.72	-0.08379	0
1207.76	-0.08390	0
1207.8	-0.08401	0
1207.84	-0.08283	0
1207.88	-0.08294	0
1207.92	-0.08306	0
1207.96	-0.08317	0
1208.0	-0.08328	0
1208.04	-0.08340	0
1208.08	-0.08351	0
1208.1200000000001	-0.08362	0
1208.16	-0.08374	0
1208.2	-0.08385	0
1208.24	-0.08396	0
1208.28	-0.08408	0
1208.32	-0.08419	0
1208.3600000000001	-0.08430	0
1208.4	-0.08441	0
1208.44	-0.08453	0
1208.48	-0.08464	0
1208.52	-0.08475	0
1208.56	-0.08487	0
1208.6000000000001	-0.08498	0
1208.64	-0.08509	0
1208.68	-0.08520	0
1208.72	-0.08532	0
1208.76	-0.08543	0
1208.8	-0.08554	0
1208.84	-0.08566	0
1208.88	-0.08577	0
1208.92	-0.08588	0
1208.96	-0.08599	0
1209.0	-0.08611	0
1209.04	-0.08622	0
1209.08	-0.08633	0
1209.1200000000001	-0.08644	0
1209.16	-0.08656	0
1209.2	-0.08667	0
1209.24	-0.08549	0
1209.28	-0.08560	0
1209.32	-0.08571	0
1209.3600000000001	-0.08583	0
1209.4	-0.08594	0
1209.44	-0.08605	0
1209.48	-0.08616	0
1209.52	-0.08628	0
1209.56	-0.08639	0
1209.6000000000001	-0.08650	0
1209.64	-0.08661	0
1209.68	-0.08672	0
1209.72	-0.08684	0
1209.76	-0.08695	0
1209.8	-0.08706	0
1209.84	-0.08717	0
1209.88	-0.08729	0
1209.92	-0.08740	0
1209.96	-0.08751	0
1210.0	-0.08762	0
1210.04	-0.08773	0
1210.08	-0.08785	0
1210.1200000000001	-0.08796	0
1210.16	-0.08807	0
1210.2	-0.08689	0
1210.24	-0.08701	0
1210.28	-0.08712	0
1210.32	-0.08723	0
1210.3600000000001	-0.08605	0
1210.4	-0.08617	0
1210.44	-0.08628	0
1210.48	-0.08639	0
1210.52	-0.08650	0
1210.56	-0.08661	0
1210.6000000000001	-0.08673	0
1210.64	-0.08684	0
1210.68	-0.08695	0
1210.72	-0.08706	0
1210.76	-0.08717	0
1210.8	-0.08728	0
1210.84	-0.08740	0
1210.88	-0.08751	0
1210.92	-0.08762	0
1210.96	-0.08773	0
1211.0	-0.08784	0
1211.04	-0.08796	0
1211.08	-0.08807	0
1211.1200000000001	-0.08818	0
1211.16	-0.08829	0
1211.2	-0.08840	0
1211.24	-0.08851	0
1211.28	-0.08862	0
1211.32	-0.08874	0
1211.3600000000001	-0.08885	0
1211.4	-0.08896	0
1211.44	-0.08907	0
1211.48	-0.08918	0
1211.52	-0.08929	0
1211.56	-0.08940	0
1211.6000000000001	-0.08952	0
1211.64	-0.08963	1
1211.68	-0.08974	1
1211.72	-0.08986	1
1211.76	-0.08997	1
1211.8	-0.09008	1
1211.84	-0.09020	1
1211.88	-0.09031	1
1211.92	-0.09043	1
1211.96	-0.09054	1
1212.0	-0.09065	1
1212.04	-0.09077	1
1212.08	-0.09088	1
1212.1200000000001	-0.09100	1
1212.16	-0.09111	1
1212.2	-0.09122	1
1212.24	-0.09134	1
1212.28	-0.09145	1
1212.32	-0.09156	1
1212.3600000000001	-0.09168	1
1212.4	-0.09179	1
1212.44	-0.09190	1
1212.48	-0.09202	1
1212.52	-0.09213	1
1212.56	-0.09224	1
1212.6000000000001	-0.09105	1
1212.64	-0.08985	1
1212.68	-0.08996	1
1212.72	-0.09008	1
1212.76	-0.08888	1
1212.8	-0.08899	1
1212.84	-0.08911	1
1212.88	-0.08922	1
1212.92	-0.08802	1
1212.96	-0.08814	1
1213.0	-0.08825	1
1213.04	-0.08837	1
1213.08	-0.08848	1
1213.1200000000001	-0.08859	0
1213.16	-0.08871	0
1213.2	-0.08882	0
1213.24	-0.08893	0
1213.28	-0.08905	0
1213.32	-0.08916	0
1213.3600000000001	-0.08927	0
1213.4	-0.08808	0
1213.44	-0.08819	0
1213.48	-0.08831	0
1213.52	-0.08842	0
1213.56	-0.08723	0
1213.6000000000001	-0.08603	1
1213.64	-0.08614	1
1213.68	-0.08625	1
1213.72	-0.08637	1
1213.76	-0.08648	1
1213.8	-0.08660	1
1213.84	-0.08671	1
1213.88	-0.08683	1
1213.92	-0.08694	1
1213.96	-0.08705	1
1214.0	-0.08717	1
1214.04	-0.08728	1
1214.08	-0.08740	1
1214.1200000000001	-0.08620	1
1214.16	-0.08631	1
1214.2	-0.08643	1
1214.24	-0.08654	1
1214.28	-0.08666	1
1214.32	-0.08677	1
1214.3600000000001	-0.08688	1
1214.4	-0.08700	1
1214.44	-0.08711	1
1214.48	-0.08723	1
1214.52	-0.08734	1
1214.56	-0.08745	1
1214.6000000000001	-0.08757	1
1214.64	-0.08637	1
1214.68	-0.08648	1
1214.72	-0.08660	1
1214.76	-0.08671	1
1214.8	-0.08683	1
1214.84	-0.08694	1
1214.88	-0.08705	1
1214.92	-0.08717	1
1214.96	-0.08728	1
1215.0	-0.08740	1
1215.04	-0.08751	1
1215.08	-0.08762	1
1215.1200000000001	-0.08774	1
1215.16	-0.08785	1
1215.2	-0.08796	1
1215.24	-0.08808	1
1215.28	-0.08819	1
1215.32	-0.08831	1
1215.3600000000001	-0.08842	1
1215.4	-0.08853	1
1215.44	-0.08865	1
1215.48	-0.08876	1
1215.52	-0.08887	1
1215.56	-0.08899	1
1215.6000000000001	-0.08910	1
1215.64	-0.08921	1
1215.68	-0.08933	1
1215.72	-0.08944	1
1215.76	-0.08825	1
1215.8	-0.08836	1
1215.84	-0.08847	1
1215.88	-0.08859	1
1215.92	-0.08870	1
1215.96	-0.08881	1
1216.0	-0.08893	1
1216.04	-0.08904	1
1216.08	-0.08785	0
1216.1200000000001	-0.08796	0
1216.16	-0.08808	0
1216.2	-0.08819	0
1216.24	-0.08830	0
1216.28	-0.09102	0
1216.32	-0.09114	0
1216.3600000000001	-0.09125	0
1216.4	-0.09136	0
1216.44	-0.09147	0
1216.48	-0.09028	0
1216.52	-0.09040	0
1216.56	-0.09051	0
1216.6000000000001	-0.09062	0
1216.64	-0.09073	0
1216.68	-0.09085	0
1216.72	-0.09096	0
1216.76	-0.08977	0
1216.8	-0.08988	0
1216.84	-0.08870	0
1216.88	-0.08751	0
1216.92	-0.08762	0
1216.96	-0.08773	0
1217.0	-0.08785	0
1217.04	-0.08666	0
1217.08	-0.08677	0
1217.1200000000001	-0.08688	0
1217.16	-0.08700	0
1217.2	-0.08711	0
1217.24	-0.08592	0
1217.28	-0.08604	0
1217.32	-0.08615	0
1217.3600000000001	-0.08626	0
1217.4	-0.08638	0
1217.44	-0.08519	0
1217.48	-0.08530	1
1217.52	-0.08542	1
1217.56	-0.08553	1
1217.6000000000001	-0.08565	1
1217.64	-0.08576	1
1217.68	-0.08588	1
1217.72	-0.08599	1
1217.76	-0.08611	1
1217.8	-0.08622	1
1217.84	-0.08633	1
1217.88	-0.08645	1
1217.92	-0.08656	1
1217.96	-0.08668	1
1218.0	-0.08679	1
1218.04	-0.08691	1
1218.08	-0.08702	1
1218.1200000000001	-0.08713	1
1218.16	-0.08725	1
1218.2	-0.08736	1
1218.24	-0.08748	1
1218.28	-0.08759	1
1218.32	-0.08770	1
1218.3600000000001	-0.08782	1
1218.4	-0.08793	1
1218.44	-0.08805	1
1218.48	-0.08816	1
1218.52	-0.08827	1
1218.56	-0.08839	1
1218.6000000000001	-0.08850	1
1218.64	-0.08861	1
1218.68	-0.08873	1
1218.72	-0.08753	1
1218.76	-0.08765	1
1218.8	-0.08645	1
1218.84	-0.08525	1
1218.88	-0.08537	1
1218.92	-0.08548	0
1218.96	-0.08560	0
1219.0	-0.08571	0
1219.04	-0.08582	0
1219.08	-0.08594	0
1219.1200000000001	-0.08605	0
1219.16	-0.08486	0
1219.2	-0.08497	0
1219.24	-0.08509	0
1219.28	-0.08520	0
1219.32	-0.08531	0
1219.3600000000001	-0.08543	0
1219.4	-0.08554	0
1219.44	-0.08566	0
1219.48	-0.08577	0
1219.52	-0.08588	0
1219.56	-0.08600	0
1219.6000000000001	-0.08611	0
1219.64	-0.08622	0
1219.68	-0.08503	0
1219.72	-0.08515	0
1219.76	-0.08526	0
1219.8	-0.08537	0
1219.84	-0.08549	0
1219.88	-0.08560	0
1219.92	-0.08571	0
1219.96	-0.08583	0
1220.0	-0.08594	0
1220.04	-0.08605	0
1220.08	-0.08617	0
1220.1200000000001	-0.08628	0
1220.16	-0.08640	0
1220.2	-0.08651	0
1220.24	-0.08662	0
1220.28	-0.08674	0
1220.32	-0.08685	0
1220.3600000000001	-0.08696	0
1220.4	-0.08708	0
1220.44	-0.08719	0
1220.48	-0.08730	0
1220.52	-0.08611	0
1220.56	-0.08623	0
1220.6000000000001	-0.08634	0
1220.64	-0.08645	0
1220.68	-0.08657	0
1220.72	-0.08668	0
1220.76	-0.08679	0
1220.8	-0.08691	0
1220.84	-0.08702	0
1220.88	-0.08713	0
1220.92	-0.08724	0
1220.96	-0.08736	0
1221.0	-0.09007	0
1221.04	-0.09018	0
1221.08	-0.09030	0
1221.1200000000001	-0.08911	0
1221.16	-0.08922	0
1221.2	-0.08934	0
1221.24	-0.08945	0
1221.28	-0.08956	0
1221.32	-0.08837	0
1221.3600000000001	-0.08849	0
1221.4	-0.08860	0
1221.44	-0.08871	0
1221.48	-0.08883	0
1221.52	-0.08894	0
1221.56	-0.08905	0
1221.6000000000001	-0.08916	0
1221.64	-0.08928	0
1221.68	-0.08809	0
1221.72	-0.08820	0
1221.76	-0.08832	0
1221.8	-0.08843	0
1221.84	-0.08854	0
1221.88	-0.08865	0
1221.92	-0.08877	0
1221.96	-0.08888	0
1222.0	-0.08899	0
1222.04	-0.08910	0
1222.08	-0.08922	0
1222.1200000000001	-0.08933	0
1222.16	-0.08944	0
1222.2	-0.08955	0
1222.24	-0.08967	0
1222.28	-0.08978	0
1222.32	-0.08989	0
1222.3600000000001	-0.09000	0
1222.4	-0.09011	0
1222.44	-0.09023	0
1222.48	-0.09034	0
1222.52	-0.09045	0
1222.56	-0.09056	0
1222.6000000000001	-0.09068	0
1222.64	-0.09079	0
1222.68	-0.09090	0
1222.72	-0.09101	0
1222.76	-0.09112	0
1222.8	-0.09124	0
1222.84	-0.09135	0
1222.88	-0.09146	0
1222.92	-0.09028	0
1222.96	-0.09039	0
1223.0	-0.09050	0
1223.04	-0.09061	0
1223.08	-0.09073	0
1223.1200000000001	-0.09084	0
1223.16	-0.08966	0
1223.2	-0.08977	0
1223.24	-0.08988	0
1223.28	-0.08999	0
1223.32	-0.09011	0
1223.3600000000001	-0.09022	0
1223.4	-0.09033	0
1223.44	-0.08915	0
1223.48	-0.08797	0
1223.52	-0.08808	0
1223.56	-0.08820	0
1223.6000000000001	-0.08831	0
1223.64	-0.08842	0
1223.68	-0.08724	0
1223.72	-0.08735	0
1223.76	-0.08618	0
1223.8	-0.08629	0
1223.84	-0.08640	0
1223.88	-0.08651	0
1223.92	-0.08663	0
1223.96	-0.08674	0
1224.0	-0.08685	0
1224.04	-0.08567	0
1224.08	-0.08836	0
1224.1200000000001	-0.08847	0
1224.16	-0.08859	0
1224.2	-0.08870	0
1224.24	-0.08881	0
1224.28	-0.08892	0
1224.32	-0.08903	0
1224.3600000000001	-0.08914	0
1224.4	-0.08794	1
1224.44	-0.08806	1
1224.48	-0.08817	1
1224.52	-0.08829	1
1224.56	-0.08840	1
1224.6000000000001	-0.08851	1
1224.64	-0.08863	1
1224.68	-0.08874	1
1224.72	-0.08886	1
1224.76	-0.08897	1
1224.8	-0.08908	1
1224.84	-0.08920	1
1224.88	-0.09194	1
1224.92	-0.09205	1
1224.96	-0.09216	1
1225.0	-0.09228	1
1225.04	-0.09239	1
1225.08	-0.09251	1
1225.1200000000001	-0.09251	1
1225.16	-0.09251	1
1225.2	-0.09251	1
1225.24	-0.09251	1
1225.28	-0.09251	1
1225.32	-0.09251	1
1225.3600000000001	-0.09251	1
1225.4	-0.09251	1
1225.44	-0.09251	1
1225.48	-0.09251	1
1225.52	-0.09251	1
1225.56	-0.09251	1
1225.6000000000001	-0.09251	1
1225.64	-0.09131	1
1225.68	-0.09393	1
1225.72	-0.09393	1
1225.76	-0.09393	1
1225.8	-0.09262	1
1225.84	-0.09262	1
1225.88	-0.09262	1
1225.92	-0.09262	1
1225.96	-0.09262	1
1226.0	-0.09262	1
1226.04	-0.09262	1
1226.08	-0.09262	1
1226.1200000000001	-0.09262	1
1226.16	-0.09262	1
1226.2	-0.09262	1
1226.24	-0.09262	1
1226.28	-0.09262	1
1226.32	-0.09262	1
1226.3600000000001	-0.09262	1
1226.4	-0.09262	1
1226.44	-0.09262	1
1226.48	-0.09262	1
1226.52	-0.09262	1
1226.56	-0.09262	1
1226.6000000000001	-0.09262	1
1226.64	-0.09262	1
1226.68	-0.09262	1
1226.72	-0.09262	1
1226.76	-0.09262	1
1226.8	-0.09262	1
1226.84	-0.09262	1
1226.88	-0.09262	1
1226.92	-0.09262	1
1226.96	-0.09262	1
1227.0	-0.09262	1
1227.04	-0.09262	1
1227.08	-0.09262	1
1227.1200000000001	-0.09262	1
1227.16	-0.09262	1
1227.2	-0.09262	1
1227.24	-0.09262	1
1227.28	-0.09262	1
1227.32	-0.09262	1
1227.3600000000001	-0.09262	1
1227.4	-0.09262	1
1227.44	-0.09262	1
1227.48	-0.09262	1
1227.52	-0.09262	1
1227.56	-0.09262	1
1227.6000000000001	-0.09262	1
1227.64	-0.09262	1
1227.68	-0.09262	1
1227.72	-0.09262	1
1227.76	-0.09142	1
1227.8	-0.09153	1
1227.84	-0.09165	1
1227.88	-0.09176	1
1227.92	-0.09187	1
1227.96	-0.09199	1
1228.0	-0.09210	1
1228.04	-0.09221	1
1228.08	-0.09233	1
1228.1200000000001	-0.09244	1
1228.16	-0.09255	1
1228.2	-0.09255	1
1228.24	-0.09255	1
1228.28	-0.09255	1
1228.32	-0.09255	1
1228.3600000000001	-0.09255	1
1228.4	-0.09255	1
1228.44	-0.09255	1
1228.48	-0.09255	1
1228.52	-0.09255	1
1228.56	-0.09255	1
1228.6000000000001	-0.09255	1
1228.64	-0.09255	1
1228.68	-0.09255	1
1228.72	-0.09255	1
1228.76	-0.09255	1
1228.8	-0.09255	1
1228.84	-0.09255	1
1228.88	-0.09255	1
1228.92	-0.09255	1
1228.96	-0.09255	1
1229.0	-0.09255	1
1229.04	-0.09136	1
1229.08	-0.09147	1
1229.1200000000001	-0.09158	1
1229.16	-0.09170	1
1229.2	-0.09181	1
1229.24	-0.09192	1
1229.28	-0.09204	1
1229.32	-0.09215	1
1229.3600000000001	-0.09226	1
1229.4	-0.09107	0
1229.44	-0.09118	0
1229.48	-0.09129	0
1229.52	-0.09141	0
1229.56	-0.09152	0
1229.6000000000001	-0.09163	0
1229.64	-0.09175	0
1229.68	-0.09186	0
1229.72	-0.09197	0
1229.76	-0.09209	0
1229.8	-0.09220	0
1229.84	-0.09231	0
1229.88	-0.09242	0
1229.92	-0.09254	0
1229.96	-0.09254	0
1230.0	-0.09254	0
1230.04	-0.09254	0
1230.08	-0.09254	0
1230.1200000000001	-0.09254	0
1230.16	-0.09254	0
1230.2	-0.09254	0
1230.24	-0.09254	0
1230.28	-0.09254	0
1230.32	-0.09254	0
1230.3600000000001	-0.09254	0
1230.4	-0.09254	0
1230.44	-0.09254	1
1230.48	-0.09254	1
1230.52	-0.09254	1
1230.56	-0.09254	1
1230.6000000000001	-0.09254	1
1230.64	-0.09254	1
1230.68	-0.09254	1
1230.72	-0.09254	1
1230.76	-0.09254	1
1230.8	-0.09254	1
1230.84	-0.09254	1
1230.88	-0.09134	1
1230.92	-0.09145	1
1230.96	-0.09156	1
1231.0	-0.09168	1
1231.04	-0.09048	1
1231.08	-0.09059	1
1231.1200000000001	-0.09070	1
1231.16	-0.09082	1
1231.2	-0.09093	1
1231.24	-0.08973	1
1231.28	-0.08985	1
1231.32	-0.08996	1
1231.3600000000001	-0.09007	1
1231.4	-0.09019	1
1231.44	-0.09030	1
1231.48	-0.09042	1
1231.52	-0.09053	1
1231.56	-0.09064	1
1231.6000000000001	-0.09076	1
1231.64	-0.09087	1
1231.68	-0.09098	1
1231.72	-0.09110	1
1231.76	-0.09121	1
1231.8	-0.09132	1
1231.84	-0.09144	1
1231.88	-0.09155	1
1231.92	-0.09166	1
1231.96	-0.09178	1
1232.0	-0.09189	1
1232.04	-0.09200	1
1232.08	-0.09212	1
1232.1200000000001	-0.09223	1
1232.16	-0.09234	1
1232.2	-0.09246	1
1232.24	-0.09257	1
1232.28	-0.09257	1
1232.32	-0.09257	1
1232.3600000000001	-0.09257	1
1232.4	-0.09257	1
1232.44	-0.09257	1
1232.48	-0.09257	1
1232.52	-0.09257	1
1232.56	-0.09257	1
1232.6000000000001	-0.09007	1
1232.64	-0.09018	1
1232.68	-0.09029	1
1232.72	-0.08910	1
1232.76	-0.08921	1
1232.8	-0.08932	1
1232.84	-0.08944	1
1232.88	-0.08955	1
1232.92	-0.08966	1
1232.96	-0.08978	1
1233.0	-0.08858	1
1233.04	-0.08870	1
1233.08	-0.08881	1
1233.1200000000001	-0.08892	1
1233.16	-0.08904	1
1233.2	-0.08915	1
1233.24	-0.08926	0
1233.28	-0.08938	0
1233.32	-0.08949	0
1233.3600000000001	-0.08960	0
1233.4	-0.08972	0
1233.44	-0.08983	0
1233.48	-0.08994	0
1233.52	-0.09136	0
1233.56	-0.09147	0
1233.6000000000001	-0.09159	0
1233.64	-0.09170	0
1233.68	-0.09181	0
1233.72	-0.09193	0
1233.76	-0.09204	0
1233.8	-0.09215	0
1233.84	-0.09226	0
1233.88	-0.09238	0
1233.92	-0.09249	0
1233.96	-0.09260	0
1234.0	-0.09260	0
1234.04	-0.09260	0
1234.08	-0.09260	0
1234.1200000000001	-0.09260	0
1234.16	-0.09260	0
1234.2	-0.09260	0
1234.24	-0.09260	0
1234.28	-0.09260	0
1234.32	-0.09260	0
1234.3600000000001	-0.09260	0
1234.4	-0.09260	0
1234.44	-0.09260	0
1234.48	-0.09260	0
1234.52	-0.09260	0
1234.56	-0.09260	0
1234.6000000000001	-0.09260	0
1234.64	-0.09141	0
1234.68	-0.09152	0
1234.72	-0.09164	0
1234.76	-0.09175	0
1234.8	-0.09056	0
1234.84	-0.09067	0
1234.88	-0.09079	0
1234.92	-0.09090	0
1234.96	-0.09101	0
1235.0	-0.09112	0
1235.04	-0.09124	0
1235.08	-0.09005	0
1235.1200000000001	-0.08886	0
1235.16	-0.08897	0
1235.2	-0.08908	0
1235.24	-0.08920	0
1235.28	-0.08931	0
1235.32	-0.08942	0
1235.3600000000001	-0.08954	0
1235.4	-0.08965	0
1235.44	-0.08976	0
1235.48	-0.08987	0
1235.52	-0.08999	0
1235.56	-0.09010	0
1235.6000000000001	-0.09021	0
1235.64	-0.09032	0
1235.68	-0.09044	0
1235.72	-0.09055	0
1235.76	-0.09066	0
1235.8	-0.09077	0
1235.84	-0.09089	0
1235.88	-0.08970	0
1235.92	-0.08981	0
1235.96	-0.08993	0
1236.0	-0.09004	0
1236.04	-0.09015	0
1236.08	-0.09026	0
1236.1200000000001	-0.09038	0
1236.16	-0.09049	0
1236.2	-0.09060	0
1236.24	-0.09071	0
1236.28	-0.09083	0
1236.32	-0.09094	0
1236.3600000000001	-0.09105	0
1236.4	-0.09116	0
1236.44	-0.09127	0
1236.48	-0.09009	0
1236.52	-0.09020	0
1236.56	-0.09032	0
1236.6000000000001	-0.09043	0
1236.64	-0.09054	0
1236.68	-0.09065	0
1236.72	-0.09077	1
1236.76	-0.09088	1
1236.8	-0.09351	1
1236.84	-0.09351	1
1236.88	-0.09351	1
1236.92	-0.09351	1
1236.96	-0.09351	1
1237.0	-0.09351	1
1237.04	-0.09351	1
1237.08	-0.09099	1
1237.1200000000001	-0.09111	1
1237.16	-0.09122	1
1237.2	-0.09133	1
1237.24	-0.09145	1
1237.28	-0.09156	1
1237.32	-0.09168	1
1237.3600000000001	-0.09179	1
1237.4	-0.09190	1
1237.44	-0.09202	1
1237.48	-0.09213	1
1237.52	-0.09224	1
1237.56	-0.09236	1
1237.6000000000001	-0.09247	1
1237.64	-0.09258	1
1237.68	-0.09258	1
1237.72	-0.09258	1
1237.76	-0.09258	1
1237.8	-0.09258	1
1237.84	-0.09258	1
1237.88	-0.09258	1
1237.92	-0.09258	1
1237.96	-0.09258	1
1238.0	-0.09139	1
1238.04	-0.09150	1
1238.08	-0.09161	1
1238.1200000000001	-0.09173	1
1238.16	-0.09184	1
1238.2	-0.09195	1
1238.24	-0.09207	1
1238.28	-0.09218	1
1238.32	-0.09229	1
1238.3600000000001	-0.09241	1
1238.4	-0.09252	1
1238.44	-0.09252	1
1238.48	-0.09252	1
1238.52	-0.09252	1
1238.56	-0.09252	1
1238.6000000000001	-0.09252	1
1238.64	-0.09252	1
1238.68	-0.09252	1
1238.72	-0.09252	1
1238.76	-0.09252	1
1238.8	-0.09252	1
1238.84	-0.09252	1
1238.88	-0.09252	1
1238.92	-0.09132	1
1238.96	-0.09144	1
1239.0	-0.09155	1
1239.04	-0.09166	1
1239.08	-0.09178	1
1239.1200000000001	-0.09189	1
1239.16	-0.09200	1
1239.2	-0.09212	1
1239.24	-0.09223	1
1239.28	-0.09234	1
1239.32	-0.09245	1
1239.3600000000001	-0.09257	1
1239.4	-0.09257	1
1239.44	-0.09257	0
1239.48	-0.09257	0
1239.52	-0.09257	0
1239.56	-0.09257	0
1239.6000000000001	-0.09137	0
1239.64	-0.08887	0
1239.68	-0.08898	0
1239.72	-0.08910	0
1239.76	-0.08921	0
1239.8	-0.08932	0
1239.84	-0.08944	0
1239.88	-0.08955	0
1239.92	-0.08966	0
1239.96	-0.08978	0
1240.0	-0.08989	0
1240.04	-0.09000	0
1240.08	-0.09012	0
1240.1200000000001	-0.09023	0
1240.16	-0.09034	0
1240.2	-0.09046	0
1240.24	-0.09057	0
1240.28	-0.09068	0
1240.32	-0.09079	0
1240.3600000000001	-0.08960	0
1240.4	-0.08972	0
1240.44	-0.08983	0
1240.48	-0.08994	0
1240.52	-0.09006	0
1240.56	-0.09017	0
1240.6000000000001	-0.09028	0
1240.64	-0.09039	0
1240.68	-0.09051	0
1240.72	-0.09062	0
1240.76	-0.09073	0
1240.8	-0.08954	0
1240.84	-0.09226	0
1240.88	-0.09237	0
1240.92	-0.09498	0
1240.96	-0.09498	0
1241.0	-0.09498	0
1241.04	-0.09498	0
1241.08	-0.09498	0
1241.1200000000001	-0.09498	0
1241.16	-0.09368	0
1241.2	-0.09368	0
1241.24	-0.09368	0
1241.28	-0.09368	0
1241.32	-0.09368	0
1241.3600000000001	-0.09368	0
1241.4	-0.09368	0
1241.44	-0.09368	0
1241.48	-0.09368	0
1241.52	-0.09368	0
1241.56	-0.09368	0
1241.6000000000001	-0.09368	0
1241.64	-0.09249	0
1241.68	-0.09260	0
1241.72	-0.09260	0
1241.76	-0.09260	0
1241.8	-0.09260	0
1241.84	-0.09260	0
1241.88	-0.09260	0
1241.92	-0.09260	0
1241.96	-0.09260	0
1242.0	-0.09260	0
1242.04	-0.09260	0
1242.08	-0.09260	0
1242.1200000000001	-0.09141	0
1242.16	-0.09152	0
1242.2	-0.09164	0
1242.24	-0.09175	0
1242.28	-0.09186	0
1242.32	-0.09197	0
1242.3600000000001	-0.09209	0
1242.4	-0.09220	0
1242.44	-0.09231	0
1242.48	-0.09242	0
1242.52	-0.09254	0
1242.56	-0.09254	0
1242.6000000000001	-0.09254	0
1242.64	-0.09254	0
1242.68	-0.09254	0
1242.72	-0.09254	0
1242.76	-0.09254	0
1242.8	-0.09254	0
1242.84	-0.09254	0
1242.88	-0.09254	0
1242.92	-0.09254	0
1242.96	-0.09254	0
1243.0	-0.09254	0
1243.04	-0.09254	0
1243.08	-0.09254	0
1243.1200000000001	-0.09254	0
1243.16	-0.09254	0
1243.2	-0.09254	0
1243.24	-0.09254	0
1243.28	-0.09254	0
1243.32	-0.09254	0
1243.3600000000001	-0.09254	0
1243.4	-0.09254	0
1243.44	-0.09254	0
1243.48	-0.09254	0
1243.52	-0.09254	0
1243.56	-0.09254	0
1243.6000000000001	-0.09254	0
1243.64	-0.09135	0
1243.68	-0.09146	0
1243.72	-0.09157	0
1243.76	-0.09168	0
1243.8	-0.09180	0
1243.84	-0.09191	0
1243.88	-0.09202	0
1243.92	-0.09213	0
1243.96	-0.09225	0
1244.0	-0.09236	0
1244.04	-0.09247	0
1244.08	-0.09258	0
1244.1200000000001	-0.09258	0
1244.16	-0.09258	0
1244.2	-0.09258	0
1244.24	-0.09258	0
1244.28	-0.09258	0
1244.32	-0.09258	0
1244.3600000000001	-0.09258	0
1244.4	-0.09258	0
1244.44	-0.09258	0
1244.48	-0.09258	0
1244.52	-0.09258	0
1244.56	-0.09258	0
1244.6000000000001	-0.09258	0
1244.64	-0.09258	0
1244.68	-0.09258	0
1244.72	-0.09258	0
1244.76	-0.09140	0
1244.8	-0.09151	0
1244.84	-0.09162	0
1244.88	-0.09173	0
1244.92	-0.09185	0
1244.96	-0.09196	0
1245.0	-0.09207	0
1245.04	-0.09089	0
1245.08	-0.09100	0
1245.1200000000001	-0.09111	0
1245.16	-0.08993	0
1245.2	-0.09004	0
1245.24	-0.09015	0
1245.28	-0.09026	0
1245.32	-0.09037	0
1245.3600000000001	-0.09049	0
1245.4	-0.09060	0
1245.44	-0.09071	0
1245.48	-0.09082	0
1245.52	-0.09094	0
1245.56	-0.09105	0
1245.6000000000001	-0.09116	0
1245.64	-0.09127	0
1245.68	-0.09138	0
1245.72	-0.09150	0
1245.76	-0.09161	0
1245.8	-0.09172	0
1245.84	-0.09183	0
1245.88	-0.09194	0
1245.92	-0.09206	0
1245.96	-0.09217	0
1246.0	-0.09228	0
1246.04	-0.09239	0
1246.08	-0.09250	0
1246.1200000000001	-0.09250	0
1246.16	-0.09250	0
1246.2	-0.09250	0
1246.24	-0.09250	0
1246.28	-0.09250	0
1246.32	-0.09250	0
1246.3600000000001	-0.09250	0
1246.4	-0.09250	0
1246.44	-0.09250	0
1246.48	-0.09250	0
1246.52	-0.09250	0
1246.56	-0.09250	0
1246.6000000000001	-0.09250	0
1246.64	-0.09250	0
1246.68	-0.09250	0
1246.72	-0.09250	0
1246.76	-0.09250	0
1246.8	-0.09250	0
1246.84	-0.09250	0
1246.88	-0.09250	0
1246.92	-0.09250	0
1246.96	-0.09250	0
1247.0	-0.09250	0
1247.04	-0.09250	0
1247.08	-0.09250	0
1247.1200000000001	-0.09250	0
1247.16	-0.09250	0
1247.2	-0.09250	0
1247.24	-0.09250	0
1247.28	-0.09250	0
1247.32	-0.09250	0
1247.3600000000001	-0.09250	0
1247.4	-0.09250	0
1247.44	-0.09250	0
1247.48	-0.09250	0
1247.52	-0.09250	0
1247.56	-0.09250	0
1247.6000000000001	-0.09250	0
1247.64	-0.09250	0
1247.68	-0.09250	0
1247.72	-0.09250	0
1247.76	-0.09250	0
1247.8	-0.09250	0
1247.84	-0.09250	0
1247.88	-0.09250	0
1247.92	-0.09250	0
1247.96	-0.09250	0
1248.0	-0.09250	0
1248.04	-0.09250	0
1248.08	-0.09250	0
1248.1200000000001	-0.09250	0
1248.16	-0.09250	0
1248.2	-0.09250	0
1248.24	-0.09250	0
1248.28	-0.09250	0
1248.32	-0.09250	0
1248.3600000000001	-0.09250	0
1248.4	-0.09250	0
1248.44	-0.09250	0
1248.48	-0.09250	0
1248.52	-0.09250	0
1248.56	-0.09250	0
1248.6000000000001	-0.09250	0
1248.64	-0.09250	0
1248.68	-0.09250	0
1248.72	-0.09250	0
1248.76	-0.09250	0
1248.8	-0.09250	0
1248.84	-0.09250	0
1248.88	-0.09250	0
1248.92	-0.09250	0
1248.96	-0.09250	0
1249.0	-0.09250	0
1249.04	-0.09250	0
1249.08	-0.09250	0
1249.1200000000001	-0.09250	0
1249.16	-0.09250	0
1249.2	-0.09250	0
1249.24	-0.09250	1
1249.28	-0.09250	1
1249.32	-0.09250	1
1249.3600000000001	-0.09250	1
1249.4	-0.09250	1
1249.44	-0.09250	1
1249.48	-0.09250	1
1249.52	-0.09250	1
1249.56	-0.09250	1
1249.6000000000001	-0.09250	1
1249.64	-0.09250	1
1249.68	-0.09250	1
1249.72	-0.09250	1
1249.76	-0.09250	1
1249.8	-0.09250	1
1249.84	-0.09250	1
1249.88	-0.09250	1
1249.92	-0.09250	1
1249.96	-0.09250	1
1250.0	-0.09250	1
1250.04	-0.09250	1
1250.08	-0.09250	1
1250.1200000000001	-0.09250	1
1250.16	-0.09250	1
1250.2	-0.09250	1
1250.24	-0.09250	1
1250.28	-0.09250	1
1250.32	-0.09250	1
1250.3600000000001	-0.09250	1
1250.4	-0.09250	1
1250.44	-0.09250	1
1250.48	-0.09250	1
1250.52	-0.09250	1
1250.56	-0.09250	1
1250.6000000000001	-0.09250	1
1250.64	-0.09250	1
1250.68	-0.09250	1
1250.72	-0.09250	1
1250.76	-0.09250	1
1250.8	-0.09250	1
1250.84	-0.09130	1
1250.88	-0.09142	1
1250.92	-0.09153	1
1250.96	-0.09164	1
1251.0	-0.09176	1
1251.04	-0.09187	1
1251.08	-0.09199	1
1251.1200000000001	-0.09210	1
1251.16	-0.09221	1
1251.2	-0.09233	1
1251.24	-0.09244	1
1251.28	-0.09255	1
1251.32	-0.09255	1
1251.3600000000001	-0.09255	1
1251.4	-0.09255	1
1251.44	-0.09135	1
1251.48	-0.09147	1
1251.52	-0.09158	1
1251.56	-0.09169	1
1251.6000000000001	-0.09181	1
1251.64	-0.09192	1
1251.68	-0.09203	1
1251.72	-0.09215	1
1251.76	-0.09226	1
1251.8	-0.09237	1
1251.84	-0.09249	1
1251.88	-0.09260	1
1251.92	-0.09260	1
1251.96	-0.09140	1
1252.0	-0.09152	1
1252.04	-0.09163	1
1252.08	-0.09174	1
1252.1200000000001	-0.09186	1
1252.16	-0.09197	1
1252.2	-0.09208	1
1252.24	-0.09220	1
1252.28	-0.09231	1
1252.32	-0.09242	1
1252.3600000000001	-0.09254	1
1252.4	-0.09254	1
1252.44	-0.09254	1
1252.48	-0.09254	1
1252.52	-0.09134	1
1252.56	-0.09145	1
1252.6000000000001	-0.09157	1
1252.64	-0.09168	1
1252.68	-0.09179	1
1252.72	-0.09191	1
1252.76	-0.09202	1
1252.8	-0.09213	1
1252.84	-0.09225	1
1252.88	-0.09236	1
1252.92	-0.09247	1
1252.96	-0.09259	1
1253.0	-0.09259	1
1253.04	-0.09259	1
1253.08	-0.09259	0
1253.1200000000001	-0.09259	0
1253.16	-0.09259	0
1253.2	-0.09259	0
1253.24	-0.09259	0
1253.28	-0.09259	0
1253.32	-0.09259	0
1253.3600000000001	-0.09259	0
1253.4	-0.09259	0
1253.44	-0.09259	0
1253.48	-0.09259	0
1253.52	-0.09259	0
1253.56	-0.09259	0
1253.6000000000001	-0.09259	0
1253.64	-0.09259	0
1253.68	-0.09259	0
1253.72	-0.09259	0
1253.76	-0.09259	1
1253.8	-0.09259	1
1253.84	-0.09259	1
1253.88	-0.09259	1
1253.92	-0.09259	1
1253.96	-0.09259	1
1254.0	-0.09259	1
1254.04	-0.09259	1
1254.08	-0.09259	1
1254.1200000000001	-0.09259	1
1254.16	-0.09259	1
1254.2	-0.09259	1
1254.24	-0.09259	1
1254.28	-0.09259	1
1254.32	-0.09259	1
1254.3600000000001	-0.09259	1
1254.4	-0.09259	1
1254.44	-0.09259	1
1254.48	-0.09259	1
1254.52	-0.09259	1
1254.56	-0.09259	1
1254.6000000000001	-0.09259	1
1254.64	-0.09259	1
1254.68	-0.09259	1
1254.72	-0.09259	1
1254.76	-0.09259	1
1254.8	-0.09259	1
1254.84	-0.09259	1
1254.88	-0.09259	1
1254.92	-0.09259	1
1254.96	-0.09259	1
1255.0	-0.09259	1
1255.04	-0.09259	1
1255.08	-0.09259	1
1255.1200000000001	-0.09138	1
1255.16	-0.09018	1
1255.2	-0.09030	1
1255.24	-0.09041	1
1255.28	-0.09052	1
1255.32	-0.08932	1
1255.3600000000001	-0.08944	1
1255.4	-0.08824	1
1255.44	-0.08835	1
1255.48	-0.08847	1
1255.52	-0.08858	1
1255.56	-0.08869	1
1255.6000000000001	-0.08750	1
1255.64	-0.08761	1
1255.68	-0.08772	1
1255.72	-0.08784	1
1255.76	-0.08795	1
1255.8	-0.08807	1
1255.84	-0.08818	1
1255.88	-0.08829	1
1255.92	-0.08841	1
1255.96	-0.08852	1
1256.0	-0.08864	1
1256.04	-0.08875	1
1256.08	-0.08886	1
1256.1200000000001	-0.08898	1
1256.16	-0.08909	1
1256.2	-0.08920	1
1256.24	-0.08932	1
1256.28	-0.08943	1
1256.32	-0.08824	1
1256.3600000000001	-0.08835	1
1256.4	-0.08846	1
1256.44	-0.08858	1
1256.48	-0.08869	0
1256.52	-0.08880	0
1256.56	-0.08892	0
1256.6000000000001	-0.08903	0
1256.64	-0.08914	0
1256.68	-0.08926	1
1256.72	-0.08937	1
1256.76	-0.08949	1
1256.8	-0.08960	1
1256.84	-0.08971	1
1256.88	-0.08983	1
1256.92	-0.08994	1
1256.96	-0.09006	1
1257.0	-0.09017	1
1257.04	-0.09028	1
1257.08	-0.09040	1
1257.1200000000001	-0.09051	1
1257.16	-0.09062	1
1257.2	-0.09074	1
1257.24	-0.09085	1
1257.28	-0.08965	1
1257.32	-0.08977	1
1257.3600000000001	-0.08988	1
1257.4	-0.08999	1
1257.44	-0.09011	1
1257.48	-0.09022	1
1257.52	-0.09034	1
1257.56	-0.09045	1
1257.6000000000001	-0.09056	1
1257.64	-0.09068	1
1257.68	-0.09079	1
1257.72	-0.09090	1
1257.76	-0.09102	1
1257.8	-0.09113	1
1257.84	-0.09124	1
1257.88	-0.09136	1
1257.92	-0.09147	1
1257.96	-0.09158	1
1258.0	-0.09170	1
1258.04	-0.09181	1
1258.08	-0.09192	1
1258.1200000000001	-0.09204	1
1258.16	-0.09215	1
1258.2	-0.09226	1
1258.24	-0.09238	1
1258.28	-0.09249	1
1258.32	-0.09260	1
1258.3600000000001	-0.09260	1
1258.4	-0.09141	1
1258.44	-0.09152	1
1258.48	-0.09163	1
1258.52	-0.09175	1
1258.56	-0.09186	1
1258.6000000000001	-0.09067	1
1258.64	-0.08947	1
1258.68	-0.08959	1
1258.72	-0.08970	1
1258.76	-0.08981	1
1258.8	-0.08992	1
1258.84	-0.09004	1
1258.88	-0.09015	1
1258.92	-0.09026	1
1258.96	-0.09038	1
1259.0	-0.09049	1
1259.04	-0.09060	1
1259.08	-0.09072	1
1259.1200000000001	-0.08952	1
1259.16	-0.08964	1
1259.2	-0.08975	1
1259.24	-0.08986	1
1259.28	-0.08998	1
1259.32	-0.09009	1
1259.3600000000001	-0.09020	1
1259.4	-0.09032	1
1259.44	-0.09043	1
1259.48	-0.09054	1
1259.52	-0.08935	1
1259.56	-0.08946	1
1259.6000000000001	-0.08958	1
1259.64	-0.08969	1
1259.68	-0.08980	1
1259.72	-0.08992	0
1259.76	-0.09003	0
1259.8	-0.09014	0
1259.84	-0.09025	0
1259.88	-0.09037	0
1259.92	-0.09048	0
1259.96	-0.09059	0
1260.0	-0.09071	0
1260.04	-0.09082	0
1260.08	-0.09093	0
1260.1200000000001	-0.09104	0
1260.16	-0.09116	0
1260.2	-0.09127	0
1260.24	-0.09138	0
1260.28	-0.09149	0
1260.32	-0.09409	0
1260.3600000000001	-0.09409	0
1260.4	-0.09409	0
1260.44	-0.09409	0
1260.48	-0.09409	0
1260.52	-0.09409	0
1260.56	-0.09409	0
1260.6000000000001	-0.09409	0
1260.64	-0.09409	0
1260.68	-0.09409	0
1260.72	-0.09409	0
1260.76	-0.09409	0
1260.8	-0.09409	0
1260.84	-0.09409	0
1260.88	-0.09409	0
1260.92	-0.09409	0
1260.96	-0.09409	0
1261.0	-0.09409	0
1261.04	-0.09409	0
1261.08	-0.09409	0
1261.1200000000001	-0.09409	0
1261.16	-0.09409	0
1261.2	-0.09409	0
1261.24	-0.09409	0
1261.28	-0.09409	1
1261.32	-0.09409	1
1261.3600000000001	-0.09409	1
1261.4	-0.09409	1
1261.44	-0.09409	1
1261.48	-0.09409	1
1261.52	-0.09409	1
1261.56	-0.09409	1
1261.6000000000001	-0.09409	1
1261.64	-0.09409	1
1261.68	-0.09409	1
1261.72	-0.09409	1
1261.76	-0.09409	1
1261.8	-0.09409	1
1261.84	-0.09409	1
1261.88	-0.09409	1
1261.92	-0.09409	1
1261.96	-0.09409	1
1262.0	-0.09278	1
1262.04	-0.09278	1
1262.08	-0.09278	1
1262.1200000000001	-0.09278	1
1262.16	-0.09278	1
1262.2	-0.09278	1
1262.24	-0.09278	1
1262.28	-0.09278	1
1262.32	-0.09278	1
1262.3600000000001	-0.09278	1
1262.4	-0.09278	1
1262.44	-0.09278	1
1262.48	-0.09278	1
1262.52	-0.09278	1
1262.56	-0.09278	1
1262.6000000000001	-0.09158	1
1262.64	-0.09169	1
1262.68	-0.09181	1
1262.72	-0.09192	1
1262.76	-0.09203	1
1262.8	-0.09215	1
1262.84	-0.09226	1
1262.88	-0.09237	1
1262.92	-0.09249	1
1262.96	-0.09260	1
1263.0	-0.09260	1
1263.04	-0.09140	1
1263.08	-0.09152	1
1263.1200000000001	-0.09163	1
1263.16	-0.09174	1
1263.2	-0.09186	1
1263.24	-0.09066	1
1263.28	-0.09077	1
1263.32	-0.09088	1
1263.3600000000001	-0.09100	1
1263.4	-0.09111	1
1263.44	-0.09123	1
1263.48	-0.09134	1
1263.52	-0.09145	1
1263.56	-0.09157	1
1263.6000000000001	-0.09168	1
1263.64	-0.09179	1
1263.68	-0.09191	1
1263.72	-0.09202	1
1263.76	-0.09082	1
1263.8	-0.09094	1
1263.84	-0.09105	1
1263.88	-0.09116	1
1263.92	-0.09128	1
1263.96	-0.09139	1
1264.0	-0.09150	1
1264.04	-0.09162	1
1264.08	-0.09173	1
1264.1200000000001	-0.09184	1
1264.16	-0.09196	0
1264.2	-0.09207	0
1264.24	-0.09218	0
1264.28	-0.09229	0
1264.32	-0.09241	0
1264.3600000000001	-0.09252	0
1264.4	-0.09252	0
1264.44	-0.09252	0
1264.48	-0.09252	0
1264.52	-0.09252	0
1264.56	-0.09252	0
1264.6000000000001	-0.09252	0
1264.64	-0.09252	0
1264.68	-0.09252	0
1264.72	-0.09252	0
1264.76	-0.09252	0
1264.8	-0.09252	0
1264.84	-0.09252	0
1264.88	-0.09252	1
1264.92	-0.09252	1
1264.96	-0.09252	1
1265.0	-0.09252	1
1265.04	-0.09132	1
1265.08	-0.09012	1
1265.1200000000001	-0.09023	1
1265.16	-0.08903	1
1265.2	-0.08915	1
1265.24	-0.08926	1
1265.28	-0.08937	1
1265.32	-0.08949	1
1265.3600000000001	-0.08960	1
1265.4	-0.08972	1
1265.44	-0.08983	1
1265.48	-0.08994	1
1265.52	-0.09006	1
1265.56	-0.09017	1
1265.6000000000001	-0.09028	1
1265.64	-0.09040	1
1265.68	-0.09051	1
1265.72	-0.08931	1
1265.76	-0.08943	1
1265.8	-0.08954	1
1265.84	-0.08965	1
1265.88	-0.08977	1
1265.92	-0.08988	1
1265.96	-0.09000	1
1266.0	-0.08880	1
1266.04	-0.08891	1
1266.08	-0.08772	1
1266.1200000000001	-0.08783	1
1266.16	-0.08794	1
1266.2	-0.08806	1
1266.24	-0.08817	1
1266.28	-0.08828	1
1266.32	-0.08840	1
1266.3600000000001	-0.08851	1
1266.4	-0.08732	1
1266.44	-0.08743	1
1266.48	-0.08754	1
1266.52	-0.08766	1
1266.56	-0.08777	1
1266.6000000000001	-0.08788	1
1266.64	-0.08669	1
1266.68	-0.08680	1
1266.72	-0.08692	1
1266.76	-0.08965	1
1266.8	-0.08976	1
1266.84	-0.08987	1
1266.88	-0.08999	1
1266.92	-0.09010	1
1266.96	-0.09021	1
1267.0	-0.09033	1
1267.04	-0.09044	1
1267.08	-0.09305	1
1267.1200000000001	-0.09305	1
1267.16	-0.09305	1
1267.2	-0.09305	1
1267.24	-0.09305	1
1267.28	-0.09305	1
1267.32	-0.09305	1
1267.3600000000001	-0.09305	1
1267.4	-0.09305	1
1267.44	-0.09305	1
1267.48	-0.09305	1
1267.52	-0.09305	1
1267.56	-0.09305	1
1267.6000000000001	-0.09305	1
1267.64	-0.09305	1
1267.68	-0.09305	1
1267.72	-0.09305	1
1267.76	-0.09305	1
1267.8	-0.09305	1
1267.84	-0.09305	1
1267.88	-0.09305	1
1267.92	-0.09186	1
1267.96	-0.09197	1
1268.0	-0.09209	1
1268.04	-0.09220	1
1268.08	-0.09101	1
1268.1200000000001	-0.09112	1
1268.16	-0.09123	1
1268.2	-0.09004	1
1268.24	-0.09015	1
1268.28	-0.09027	1
1268.32	-0.09038	1
1268.3600000000001	-0.09049	1
1268.4	-0.09060	1
1268.44	-0.09072	1
1268.48	-0.08953	1
1268.52	-0.08964	1
1268.56	-0.08845	1
1268.6000000000001	-0.08856	1
1268.64	-0.08867	1
1268.68	-0.08879	1
1268.72	-0.08890	1
1268.76	-0.08771	1
1268.8	-0.08782	1
1268.84	-0.08794	1
1268.88	-0.08805	1
1268.92	-0.08816	1
1268.96	-0.08828	1
1269.0	-0.08839	1
1269.04	-0.08850	1
1269.08	-0.08862	1
1269.1200000000001	-0.08873	1
1269.16	-0.08884	1
1269.2	-0.08765	1
1269.24	-0.08777	1
1269.28	-0.08788	1
1269.32	-0.08799	1
1269.3600000000001	-0.08811	1
1269.4	-0.08822	1
1269.44	-0.08833	1
1269.48	-0.08844	1
1269.52	-0.08856	1
1269.56	-0.08867	1
1269.6000000000001	-0.08878	1
1269.64	-0.08890	1
1269.68	-0.08901	1
1269.72	-0.08912	1
1269.76	-0.08923	1
1269.8	-0.08935	1
1269.84	-0.08946	1
1269.88	-0.08957	1
1269.92	-0.08968	1
1269.96	-0.08980	1
1270.0	-0.08991	1
1270.04	-0.09002	1
1270.08	-0.09013	1
1270.1200000000001	-0.09025	1
1270.16	-0.09036	1
1270.2	-0.09047	1
1270.24	-0.09058	1
1270.28	-0.09070	1
1270.32	-0.09081	1
1270.3600000000001	-0.09092	1
1270.4	-0.09103	1
1270.44	-0.09115	0
1270.48	-0.09126	0
1270.52	-0.09137	0
1270.56	-0.09148	0
1270.6000000000001	-0.09159	0
1270.64	-0.09171	0
1270.68	-0.09182	0
1270.72	-0.09193	0
1270.76	-0.09075	0
1270.8	-0.09086	0
1270.84	-0.09097	0
1270.88	-0.09108	0
1270.92	-0.09120	0
1270.96	-0.09378	0
1271.0	-0.09378	0
1271.04	-0.09378	0
1271.08	-0.09378	0
1271.1200000000001	-0.09378	0
1271.16	-0.09378	0
1271.2	-0.09378	0
1271.24	-0.09378	0
1271.28	-0.09378	0
1271.32	-0.09378	0
1271.3600000000001	-0.09378	0
1271.4	-0.09378	0
1271.44	-0.09378	0
1271.48	-0.09378	0
1271.52	-0.09378	0
1271.56	-0.09378	0
1271.6000000000001	-0.09378	0
1271.64	-0.09378	0
1271.68	-0.09378	0
1271.72	-0.09378	0
1271.76	-0.09260	0
1271.8	-0.09260	0
1271.84	-0.09260	0
1271.88	-0.09260	0
1271.92	-0.09260	0
1271.96	-0.09260	0
1272.0	-0.09260	0
1272.04	-0.09260	0
1272.08	-0.09260	0
1272.1200000000001	-0.09260	0
1272.16	-0.09260	0
1272.2	-0.09260	0
1272.24	-0.09260	0
1272.28	-0.09260	0
1272.32	-0.09260	0
1272.3600000000001	-0.09260	0
1272.4	-0.09260	0
1272.44	-0.09260	0
1272.48	-0.09260	0
1272.52	-0.09260	0
1272.56	-0.09260	0
1272.6000000000001	-0.09260	0
1272.64	-0.09260	0
1272.68	-0.09260	0
1272.72	-0.09260	0
1272.76	-0.09260	0
1272.8	-0.09260	0
1272.84	-0.09260	0
1272.88	-0.09260	0
1272.92	-0.09142	0
1272.96	-0.09024	0
1273.0	-0.09035	0
1273.04	-0.09046	0
1273.08	-0.09057	0
1273.1200000000001	-0.09069	0
1273.16	-0.09080	0
1273.2	-0.09091	0
1273.24	-0.09102	0
1273.28	-0.09113	0
1273.32	-0.09125	0
1273.3600000000001	-0.09136	0
1273.4	-0.09147	0
1273.44	-0.09158	0
1273.48	-0.09169	0
1273.52	-0.09180	0
1273.56	-0.09192	0
1273.6000000000001	-0.09203	0
1273.64	-0.09214	0
1273.68	-0.09225	0
1273.72	-0.09236	0
1273.76	-0.09247	0
1273.8	-0.09259	0
1273.84	-0.09259	0
1273.88	-0.09141	0
1273.92	-0.09152	0
1273.96	-0.09163	0
1274.0	-0.09174	0
1274.04	-0.09185	0
1274.08	-0.09196	0
1274.1200000000001	-0.09208	0
1274.16	-0.09219	0
1274.2	-0.09230	0
1274.24	-0.09241	0
1274.28	-0.09252	0
1274.32	-0.09252	0
1274.3600000000001	-0.09252	0
1274.4	-0.09252	0
1274.44	-0.09252	1
1274.48	-0.09252	1
1274.52	-0.09252	1
1274.56	-0.09252	1
1274.6000000000001	-0.09132	1
1274.64	-0.09143	1
1274.68	-0.09155	1
1274.72	-0.09166	1
1274.76	-0.09178	1
1274.8	-0.09189	1
1274.84	-0.09200	1
1274.88	-0.09212	1
1274.92	-0.09223	1
1274.96	-0.09234	1
1275.0	-0.09246	1
1275.04	-0.09257	1
1275.08	-0.09257	1
1275.1200000000001	-0.09257	1
1275.16	-0.09257	1
1275.2	-0.09257	1
1275.24	-0.09257	1
1275.28	-0.09257	1
1275.32	-0.09257	1
1275.3600000000001	-0.09257	1
1275.4	-0.09257	1
1275.44	-0.09257	1
1275.48	-0.09257	1
1275.52	-0.09257	1
1275.56	-0.09257	1
1275.6000000000001	-0.09257	1
1275.64	-0.09257	1
1275.68	-0.09257	1
1275.72	-0.09257	1
1275.76	-0.09257	1
1275.8	-0.09257	1
1275.84	-0.09257	1
1275.88	-0.09257	1
1275.92	-0.09257	1
1275.96	-0.09257	1
1276.0	-0.09137	1
1276.04	-0.09148	1
1276.08	-0.09160	1
1276.1200000000001	-0.09171	1
1276.16	-0.09183	1
1276.2	-0.09194	1
1276.24	-0.09205	1
1276.28	-0.09085	1
1276.32	-0.09097	1
1276.3600000000001	-0.09108	1
1276.4	-0.09119	1
1276.44	-0.09131	1
1276.48	-0.09142	1
1276.52	-0.09154	1
1276.56	-0.09165	1
1276.6000000000001	-0.09045	1
1276.64	-0.09057	1
1276.68	-0.09068	1
1276.72	-0.09079	1
1276.76	-0.09091	1
1276.8	-0.09102	1
1276.84	-0.09113	1
1276.88	-0.09125	1
1276.92	-0.09136	1
1276.96	-0.09147	1
1277.0	-0.09159	1
1277.04	-0.09170	1
1277.08	-0.09181	1
1277.1200000000001	-0.09192	1
1277.16	-0.09204	1
1277.2	-0.09215	1
1277.24	-0.09226	1
1277.28	-0.09238	1
1277.32	-0.09499	1
1277.3600000000001	-0.09499	1
1277.4	-0.09368	1
1277.44	-0.09368	1
1277.48	-0.09368	1
1277.52	-0.09368	1
1277.56	-0.09368	1
1277.6000000000001	-0.09368	1
1277.64	-0.09368	1
1277.68	-0.09368	1
1277.72	-0.09368	1
1277.76	-0.09368	1
1277.8	-0.09368	1
1277.84	-0.09368	1
1277.88	-0.09368	1
1277.92	-0.09368	1
1277.96	-0.09368	1
1278.0	-0.09368	1
1278.04	-0.09368	1
1278.08	-0.09249	1
1278.1200000000001	-0.09260	1
1278.16	-0.09260	1
1278.2	-0.09260	1
1278.24	-0.09260	1
1278.28	-0.09260	1
1278.32	-0.09260	1
1278.3600000000001	-0.09260	1
1278.4	-0.09260	1
1278.44	-0.09260	1
1278.48	-0.09260	1
1278.52	-0.09260	1
1278.56	-0.09260	1
1278.6000000000001	-0.09260	1
1278.64	-0.09260	1
1278.68	-0.09260	1
1278.72	-0.09260	0
1278.76	-0.09260	0
1278.8	-0.09260	0
1278.84	-0.09260	0
1278.88	-0.09260	0
1278.92	-0.09260	0
1278.96	-0.09260	0
1279.0	-0.09260	0
1279.04	-0.09260	0
1279.08	-0.09260	0
1279.1200000000001	-0.09260	0
1279.16	-0.09260	0
1279.2	-0.09260	0
1279.24	-0.09260	0
1279.28	-0.09260	0
1279.32	-0.09260	0
1279.3600000000001	-0.09260	0
1279.4	-0.09260	0
1279.44	-0.09260	0
1279.48	-0.09260	0
1279.52	-0.09260	0
1279.56	-0.09260	0
1279.6000000000001	-0.09141	0
1279.64	-0.09152	0
1279.68	-0.09164	0
1279.72	-0.09175	0
1279.76	-0.09186	0
1279.8	-0.09067	0
1279.84	-0.09078	0
1279.88	-0.09089	0
1279.92	-0.09101	0
1279.96	-0.09362	0
1280.0	-0.09362	0
1280.04	-0.09362	0
1280.08	-0.09243	0
1280.1200000000001	-0.09254	0
1280.16	-0.09254	0
1280.2	-0.09254	0
1280.24	-0.09254	0
1280.28	-0.09254	0
1280.32	-0.09254	0
1280.3600000000001	-0.09254	0
1280.4	-0.09254	0
1280.44	-0.09254	0
1280.48	-0.09254	0
1280.52	-0.09135	0
1280.56	-0.09146	0
1280.6000000000001	-0.09157	0
1280.64	-0.09168	0
1280.68	-0.09180	0
1280.72	-0.09191	0
1280.76	-0.09202	0
1280.8	-0.09463	0
1280.84	-0.09463	0
1280.88	-0.09463	0
1280.92	-0.09463	0
1280.96	-0.09463	0
1281.0	-0.09463	0
1281.04	-0.09463	0
1281.08	-0.09214	0
1281.1200000000001	-0.09225	0
1281.16	-0.09236	0
1281.2	-0.09247	0
1281.24	-0.09259	0
1281.28	-0.09259	0
1281.32	-0.09259	0
1281.3600000000001	-0.09259	0
1281.4	-0.09259	0
1281.44	-0.09259	0
1281.48	-0.09259	0
1281.52	-0.09259	0
1281.56	-0.09259	0
1281.6000000000001	-0.09259	0
1281.64	-0.09259	0
1281.68	-0.09259	0
1281.72	-0.09259	0
1281.76	-0.09259	0
1281.8	-0.09259	0
1281.84	-0.09259	0
1281.88	-0.09259	0
1281.92	-0.09259	0
1281.96	-0.09259	0
1282.0	-0.09259	0
1282.04	-0.09259	0
1282.08	-0.09259	0
1282.1200000000001	-0.09259	0
1282.16	-0.09259	0
1282.2	-0.09259	0
1282.24	-0.09259	0
1282.28	-0.09259	0
1282.32	-0.09259	0
1282.3600000000001	-0.09259	0
1282.4	-0.09259	0
1282.44	-0.09259	0
1282.48	-0.09259	0
1282.52	-0.09259	0
1282.56	-0.09259	0
1282.6000000000001	-0.09259	0
1282.64	-0.09259	0
1282.68	-0.09140	0
1282.72	-0.09151	0
1282.76	-0.09162	0
1282.8	-0.09173	0
1282.84	-0.09185	0
1282.88	-0.09196	0
1282.92	-0.09207	0
1282.96	-0.09219	0
1283.0	-0.09479	0
1283.04	-0.09479	0
1283.08	-0.09479	0
1283.1200000000001	-0.09479	0
1283.16	-0.09479	0
1283.2	-0.09479	0
1283.24	-0.09479	0
1283.28	-0.09479	0
1283.32	-0.09479	0
1283.3600000000001	-0.09479	0
1283.4	-0.09479	0
1283.44	-0.09479	0
1283.48	-0.09479	0
1283.52	-0.09479	0
1283.56	-0.09479	0
1283.6000000000001	-0.09479	0
1283.64	-0.09479	0
1283.68	-0.09479	0
1283.72	-0.09349	0
1283.76	-0.09349	0
1283.8	-0.09349	0
1283.84	-0.09230	0
1283.88	-0.09241	0
1283.92	-0.09252	0
1283.96	-0.09252	0
1284.0	-0.09252	0
1284.04	-0.09252	0
1284.08	-0.09252	0
1284.1200000000001	-0.09252	0
1284.16	-0.09252	0
1284.2	-0.09252	0
1284.24	-0.09252	0
1284.28	-0.09252	0
1284.32	-0.09252	0
1284.3600000000001	-0.09252	0
1284.4	-0.09252	0
1284.44	-0.09133	0
1284.48	-0.09145	0
1284.52	-0.09156	0
1284.56	-0.09167	0
1284.6000000000001	-0.09178	0
1284.64	-0.09190	0
1284.68	-0.09201	0
1284.72	-0.09212	0
1284.76	-0.09223	0
1284.8	-0.09235	0
1284.84	-0.09246	0
1284.88	-0.09257	0
1284.92	-0.09257	0
1284.96	-0.09257	0
1285.0	-0.09257	0
1285.04	-0.09257	0
1285.08	-0.09257	0
1285.1200000000001	-0.09257	0
1285.16	-0.09257	0
1285.2	-0.09257	0
1285.24	-0.09257	0
1285.28	-0.09257	0
1285.32	-0.09257	0
1285.3600000000001	-0.09257	0
1285.4	-0.09257	0
1285.44	-0.09257	0
1285.48	-0.09138	0
1285.52	-0.09150	0
1285.56	-0.09161	0
1285.6000000000001	-0.09172	0
1285.64	-0.09183	0
1285.68	-0.09195	0
1285.72	-0.09206	0
1285.76	-0.09217	0
1285.8	-0.09098	0
1285.84	-0.09110	0
1285.88	-0.09121	0
1285.92	-0.09132	0
1285.96	-0.09143	0
1286.0	-0.09155	0
1286.04	-0.09166	0
1286.08	-0.09047	0
1286.1200000000001	-0.09059	0
1286.16	-0.09070	0
1286.2	-0.09081	0
1286.24	-0.09092	0
1286.28	-0.09103	0
1286.32	-0.09115	0
1286.3600000000001	-0.09126	0
1286.4	-0.09137	0
1286.44	-0.09148	0
1286.48	-0.09160	0
1286.52	-0.09171	0
1286.56	-0.09182	0
1286.6000000000001	-0.09193	0
1286.64	-0.09204	0
1286.68	-0.09216	0
1286.72	-0.09227	0
1286.76	-0.09238	0
1286.8	-0.09249	0
1286.84	-0.09260	0
1286.88	-0.09260	0
1286.92	-0.09260	0
1286.96	-0.09142	0
1287.0	-0.09153	0
1287.04	-0.09164	0
1287.08	-0.09176	0
1287.1200000000001	-0.09187	0
1287.16	-0.09198	0
1287.2	-0.09209	0
1287.24	-0.09220	0
1287.28	-0.09232	0
1287.32	-0.09113	0
1287.3600000000001	-0.09125	0
1287.4	-0.09136	1
1287.44	-0.09147	1
1287.48	-0.09159	1
1287.52	-0.09039	1
1287.56	-0.08919	1
1287.6000000000001	-0.08930	1
1287.64	-0.08942	1
1287.68	-0.08953	1
1287.72	-0.08964	1
1287.76	-0.08976	1
1287.8	-0.08987	1
1287.84	-0.08867	1
1287.88	-0.08879	1
1287.92	-0.08759	1
1287.96	-0.08770	1
1288.0	-0.08781	1
1288.04	-0.08793	1
1288.08	-0.08804	1
1288.1200000000001	-0.08816	1
1288.16	-0.08827	1
1288.2	-0.08838	1
1288.24	-0.08850	1
1288.28	-0.08861	1
1288.32	-0.08873	1
1288.3600000000001	-0.08884	1
1288.4	-0.08895	1
1288.44	-0.08776	1
1288.48	-0.08787	1
1288.52	-0.09060	1
1288.56	-0.09072	1
1288.6000000000001	-0.09083	1
1288.64	-0.09094	1
1288.68	-0.09106	1
1288.72	-0.09117	1
1288.76	-0.09128	1
1288.8	-0.09140	1
1288.84	-0.09151	1
1288.88	-0.09162	1
1288.92	-0.09174	1
1288.96	-0.09185	1
1289.0	-0.09196	1
1289.04	-0.09208	1
1289.08	-0.09219	1
1289.1200000000001	-0.09100	1
1289.16	-0.09111	1
1289.2	-0.09122	1
1289.24	-0.09134	1
1289.28	-0.09145	1
1289.32	-0.09156	1
1289.3600000000001	-0.09167	1
1289.4	-0.09179	1
1289.44	-0.09190	1
1289.48	-0.09201	1
1289.52	-0.09213	1
1289.56	-0.09093	1
1289.6000000000001	-0.09105	1
1289.64	-0.09116	1
1289.68	-0.09127	1
1289.72	-0.09008	1
1289.76	-0.09019	1
1289.8	-0.09031	1
1289.84	-0.09042	1
1289.88	-0.09303	1
1289.92	-0.09303	1
1289.96	-0.09303	1
1290.0	-0.09303	1
1290.04	-0.09303	1
1290.08	-0.09303	1
1290.1200000000001	-0.09184	1
1290.16	-0.09195	1
1290.2	-0.09206	1
1290.24	-0.09218	1
1290.28	-0.09229	1
1290.32	-0.09240	1
1290.3600000000001	-0.09251	1
1290.4	-0.09251	0
1290.44	-0.09251	0
1290.48	-0.09251	0
1290.52	-0.09251	0
1290.56	-0.09251	0
1290.6000000000001	-0.09251	0
1290.64	-0.09251	0
1290.68	-0.09251	0
1290.72	-0.09251	1
1290.76	-0.09251	1
1290.8	-0.09251	1
1290.84	-0.09251	1
1290.88	-0.09251	1
1290.92	-0.09251	1
1290.96	-0.09251	1
1291.0	-0.09251	1
1291.04	-0.09251	1
1291.08	-0.09251	1
1291.1200000000001	-0.09251	1
1291.16	-0.09251	1
1291.2	-0.09251	1
1291.24	-0.09251	1
1291.28	-0.09131	1
1291.32	-0.09143	1
1291.3600000000001	-0.09154	1
1291.4	-0.09165	1
1291.44	-0.09177	1
1291.48	-0.09188	1
1291.52	-0.09199	1
1291.56	-0.09211	1
1291.6000000000001	-0.09222	1
1291.64	-0.09234	1
1291.68	-0.09245	1
1291.72	-0.09256	1
1291.76	-0.09256	1
1291.8	-0.09256	1
1291.84	-0.09256	1
1291.88	-0.09256	1
1291.92	-0.09256	1
1291.96	-0.09256	1
1292.0	-0.09256	1
1292.04	-0.09256	1
1292.08	-0.09256	1
1292.1200000000001	-0.09256	1
1292.16	-0.09256	1
1292.2	-0.09256	1
1292.24	-0.09256	1
1292.28	-0.09256	1
1292.32	-0.09256	1
1292.3600000000001	-0.09256	1
1292.4	-0.09256	1
1292.44	-0.09256	1
1292.48	-0.09256	1
1292.52	-0.09256	1
1292.56	-0.09256	1
1292.6000000000001	-0.09256	1
1292.64	-0.09136	1
1292.68	-0.09148	1
1292.72	-0.09159	1
1292.76	-0.09170	1
1292.8	-0.09182	1
1292.84	-0.09193	1
1292.88	-0.09204	1
1292.92	-0.09216	1
1292.96	-0.09227	1
1293.0	-0.09238	1
1293.04	-0.09119	1
1293.08	-0.09130	1
1293.1200000000001	-0.09141	1
1293.16	-0.09153	1
1293.2	-0.09164	1
1293.24	-0.09175	1
1293.28	-0.09056	1
1293.32	-0.09067	1
1293.3600000000001	-0.09078	1
1293.4	-0.09090	1
1293.44	-0.09101	1
1293.48	-0.09112	1
1293.52	-0.09124	1
1293.56	-0.09135	1
1293.6000000000001	-0.09146	1
1293.64	-0.09158	1
1293.68	-0.09169	1
1293.72	-0.09049	1
1293.76	-0.09061	1
1293.8	-0.09072	1
1293.84	-0.09083	1
1293.88	-0.09095	1
1293.92	-0.09106	1
1293.96	-0.09117	1
1294.0	-0.09129	1
1294.04	-0.09140	1
1294.08	-0.09151	1
1294.1200000000001	-0.09163	1
1294.16	-0.09174	1
1294.2	-0.09185	1
1294.24	-0.09197	1
1294.28	-0.09077	1
1294.32	-0.09089	1
1294.3600000000001	-0.09100	1
1294.4	-0.09111	1
1294.44	-0.09122	1
1294.48	-0.09134	1
1294.52	-0.09145	1
1294.56	-0.09156	1
1294.6000000000001	-0.09168	1
1294.64	-0.09048	1
1294.68	-0.09060	1
1294.72	-0.09071	1
1294.76	-0.09082	1
1294.8	-0.09094	1
1294.84	-0.09105	1
1294.88	-0.09116	1
1294.92	-0.09377	1
1294.96	-0.09377	1
1295.0	-0.09377	1
1295.04	-0.09377	1
1295.08	-0.09377	0
1295.1200000000001	-0.09377	0
1295.16	-0.09377	0
1295.2	-0.09377	0
1295.24	-0.09377	0
1295.28	-0.09377	0
1295.32	-0.09377	0
1295.3600000000001	-0.09377	0
1295.4	-0.09377	0
1295.44	-0.09377	0
1295.48	-0.09377	0
1295.52	-0.09377	0
1295.56	-0.09377	0
1295.6000000000001	-0.09377	0
1295.64	-0.09377	0
1295.68	-0.09377	0
1295.72	-0.09377	0
1295.76	-0.09377	0
1295.8	-0.09377	0
1295.84	-0.09258	0
1295.88	-0.09258	0
1295.92	-0.09258	0
1295.96	-0.09258	0
1296.0	-0.09258	0
1296.04	-0.09258	0
1296.08	-0.09139	0
1296.1200000000001	-0.09150	0
1296.16	-0.09161	0
1296.2	-0.09173	0
1296.24	-0.09184	0
1296.28	-0.09195	0
1296.32	-0.09206	0
1296.3600000000001	-0.09218	0
1296.4	-0.09229	0
1296.44	-0.09240	0
1296.48	-0.09251	0
1296.52	-0.09251	0
1296.56	-0.09251	0
1296.6000000000001	-0.09251	0
1296.64	-0.09251	0
1296.68	-0.09251	0
1296.72	-0.09251	0
1296.76	-0.09251	0
1296.8	-0.09251	0
1296.84	-0.09251	0
1296.88	-0.09251	0
1296.92	-0.09251	0
1296.96	-0.09251	0
1297.0	-0.09251	0
1297.04	-0.09251	0
1297.08	-0.09251	0
1297.1200000000001	-0.09251	0
1297.16	-0.09251	0
1297.2	-0.09251	0
1297.24	-0.09251	0
1297.28	-0.09251	0
1297.32	-0.09251	0
1297.3600000000001	-0.09251	0
1297.4	-0.09251	0
1297.44	-0.09251	0
1297.48	-0.09251	0
1297.52	-0.09251	0
1297.56	-0.09251	0
1297.6000000000001	-0.09251	0
1297.64	-0.09251	0
1297.68	-0.09133	0
1297.72	-0.09014	0
1297.76	-0.09025	0
1297.8	-0.08906	0
1297.84	-0.08917	0
1297.88	-0.08929	0
1297.92	-0.08940	0
1297.96	-0.08951	0
1298.0	-0.08962	0
1298.04	-0.08974	0
1298.08	-0.08985	0
1298.1200000000001	-0.08996	0
1298.16	-0.09008	0
1298.2	-0.09019	0
1298.24	-0.09030	0
1298.28	-0.09041	0
1298.32	-0.09053	0
1298.3600000000001	-0.09064	0
1298.4	-0.09075	0
1298.44	-0.09086	0
1298.48	-0.08968	0
1298.52	-0.08979	0
1298.56	-0.08990	0
1298.6000000000001	-0.09002	0
1298.64	-0.09013	0
1298.68	-0.09024	0
1298.72	-0.09035	0
1298.76	-0.09046	0
1298.8	-0.09058	0
1298.84	-0.09069	0
1298.88	-0.09080	0
1298.92	-0.09091	0
1298.96	-0.09103	0
1299.0	-0.09243	0
1299.04	-0.09255	0
1299.08	-0.09255	0
1299.1200000000001	-0.09255	0
1299.16	-0.09255	0
1299.2	-0.09255	0
1299.24	-0.09255	0
1299.28	-0.09255	0
1299.32	-0.09255	0
1299.3600000000001	-0.09255	0
1299.4	-0.09255	1
1299.44	-0.09255	1
1299.48	-0.09255	1
1299.52	-0.09255	1
1299.56	-0.09255	1
1299.6000000000001	-0.09255	1
1299.64	-0.09255	1
1299.68	-0.09255	1
1299.72	-0.09135	1
1299.76	-0.09146	1
1299.8	-0.09157	1
1299.84	-0.09169	1
1299.88	-0.09180	1
1299.92	-0.09191	1
1299.96	-0.09203	1
1300.0	-0.09214	1
1300.04	-0.09225	1
1300.08	-0.09237	1
1300.1200000000001	-0.09248	1
1300.16	-0.09260	1
1300.2	-0.09260	1
1300.24	-0.09260	1
1300.28	-0.09260	1
1300.32	-0.09260	1
1300.3600000000001	-0.09260	1
1300.4	-0.09260	1
1300.44	-0.09260	1
1300.48	-0.09260	1
1300.52	-0.09260	1
1300.56	-0.09260	1
1300.6000000000001	-0.09260	1
1300.64	-0.09260	1
1300.68	-0.09260	1
1300.72	-0.09260	1
1300.76	-0.09260	1
1300.8	-0.09260	1
1300.84	-0.09260	1
1300.88	-0.09260	1
1300.92	-0.09260	1
1300.96	-0.09140	1
1301.0	-0.09151	1
1301.04	-0.09162	1
1301.08	-0.09174	1
1301.1200000000001	-0.09185	1
1301.16	-0.09196	1
1301.2	-0.09208	1
1301.24	-0.09219	1
1301.28	-0.09230	1
1301.32	-0.09242	1
1301.3600000000001	-0.09253	1
1301.4	-0.09253	1
1301.44	-0.09253	1
1301.48	-0.09253	1
1301.52	-0.09253	1
1301.56	-0.09253	1
1301.6000000000001	-0.09253	1
1301.64	-0.09253	1
1301.68	-0.09253	1
1301.72	-0.09253	1
1301.76	-0.09253	1
1301.8	-0.09253	1
1301.84	-0.09253	1
1301.88	-0.09253	1
1301.92	-0.09253	1
1301.96	-0.09253	1
1302.0	-0.09253	1
1302.04	-0.09253	1
1302.08	-0.09253	1
1302.1200000000001	-0.09253	1
1302.16	-0.09253	1
1302.2	-0.09253	1
1302.24	-0.09253	1
1302.28	-0.09253	1
1302.32	-0.09253	1
1302.3600000000001	-0.09253	1
1302.4	-0.09253	1
1302.44	-0.09253	1
1302.48	-0.09253	1
1302.52	-0.09253	1
1302.56	-0.09253	1
1302.6000000000001	-0.09253	1
1302.64	-0.09253	1
1302.68	-0.09253	1
1302.72	-0.09253	1
1302.76	-0.09253	1
1302.8	-0.09253	1
1302.84	-0.09253	1
1302.88	-0.09253	1
1302.92	-0.09253	1
1302.96	-0.09253	1
1303.0	-0.09253	1
1303.04	-0.09253	1
1303.08	-0.09253	1
1303.1200000000001	-0.09253	1
1303.16	-0.09253	1
1303.2	-0.09253	1
1303.24	-0.09253	1
1303.28	-0.09253	1
1303.32	-0.09253	1
1303.3600000000001	-0.09253	1
1303.4	-0.09253	1
1303.44	-0.09253	1
1303.48	-0.09253	1
1303.52	-0.09253	1
1303.56	-0.09253	1
1303.6000000000001	-0.09133	1
1303.64	-0.09145	1
1303.68	-0.09156	1
1303.72	-0.09167	1
1303.76	-0.09179	1
1303.8	-0.09190	1
1303.84	-0.09201	1
1303.88	-0.09082	1
1303.92	-0.09093	1
1303.96	-0.09104	1
1304.0	-0.09116	1
1304.04	-0.09127	1
1304.08	-0.09138	1
1304.1200000000001	-0.09150	1
1304.16	-0.09161	1
1304.2	-0.09172	1
1304.24	-0.09053	1
1304.28	-0.09064	1
1304.32	-0.09075	1
1304.3600000000001	-0.09087	1
1304.4	-0.09098	1
1304.44	-0.09109	1
1304.48	-0.09121	1
1304.52	-0.09132	1
1304.56	-0.09143	1
1304.6000000000001	-0.09155	1
1304.64	-0.09166	1
1304.68	-0.09177	1
1304.72	-0.09189	1
1304.76	-0.09200	1
1304.8	-0.09211	1
1304.84	-0.09222	1
1304.88	-0.09234	1
1304.92	-0.09245	1
1304.96	-0.09256	1
1305.0	-0.09256	1
1305.04	-0.09256	1
1305.08	-0.09256	1
1305.1200000000001	-0.09256	1
1305.16	-0.09137	1
1305.2	-0.09148	1
1305.24	-0.09160	1
1305.28	-0.09171	1
1305.32	-0.09182	1
1305.3600000000001	-0.09194	1
1305.4	-0.09205	1
1305.44	-0.09216	1
1305.48	-0.09227	1
1305.52	-0.09239	1
1305.56	-0.09120	1
1305.6000000000001	-0.09131	1
1305.64	-0.09142	1
1305.68	-0.09153	1
1305.72	-0.09414	1
1305.76	-0.09414	1
1305.8	-0.09414	1
1305.84	-0.09414	1
1305.88	-0.09414	1
1305.92	-0.09414	1
1305.96	-0.09414	1
1306.0	-0.09414	1
1306.04	-0.09414	1
1306.08	-0.09414	1
1306.1200000000001	-0.09284	1
1306.16	-0.09165	1
1306.2	-0.09176	1
1306.24	-0.09187	1
1306.28	-0.09198	1
1306.32	-0.09210	1
1306.3600000000001	-0.09221	1
1306.4	-0.09232	1
1306.44	-0.09243	1
1306.48	-0.09255	1
1306.52	-0.09136	1
1306.56	-0.09147	1
1306.6000000000001	-0.09158	1
1306.64	-0.09170	1
1306.68	-0.09181	1
1306.72	-0.09192	1
1306.76	-0.09203	1
1306.8	-0.09215	1
1306.84	-0.09226	1
1306.88	-0.09237	1
1306.92	-0.09248	1
1306.96	-0.09260	1
1307.0	-0.09260	1
1307.04	-0.09260	1
1307.08	-0.09260	1
1307.1200000000001	-0.09260	1
1307.16	-0.09260	1
1307.2	-0.09260	1
1307.24	-0.09260	1
1307.28	-0.09141	1
1307.32	-0.09152	1
1307.3600000000001	-0.09163	1
1307.4	-0.09045	1
1307.44	-0.09056	1
1307.48	-0.09067	1
1307.52	-0.09078	1
1307.56	-0.08960	1
1307.6000000000001	-0.08971	1
1307.64	-0.08982	1
1307.68	-0.08994	1
1307.72	-0.09005	1
1307.76	-0.09016	1
1307.8	-0.09027	1
1307.84	-0.09039	1
1307.88	-0.09050	1
1307.92	-0.09061	1
1307.96	-0.09072	1
1308.0	-0.09083	1
1308.04	-0.09095	1
1308.08	-0.09106	1
1308.1200000000001	-0.09117	1
1308.16	-0.09128	1
1308.2	-0.09140	1
1308.24	-0.09021	1
1308.28	-0.09032	1
1308.32	-0.09044	1
1308.3600000000001	-0.09055	1
1308.4	-0.09066	1
1308.44	-0.09077	1
1308.48	-0.09088	1
1308.52	-0.09100	1
1308.56	-0.09111	1
1308.6000000000001	-0.09122	1
1308.64	-0.09133	1
1308.68	-0.09145	1
1308.72	-0.09156	1
1308.76	-0.09167	1
1308.8	-0.09178	1
1308.84	-0.09189	1
1308.88	-0.09200	1
1308.92	-0.09082	1
1308.96	-0.09094	1
1309.0	-0.09105	1
1309.04	-0.09116	1
1309.08	-0.09127	1
1309.1200000000001	-0.09138	1
1309.16	-0.09149	1
1309.2	-0.09161	1
1309.24	-0.09172	1
1309.28	-0.09183	1
1309.32	-0.09194	1
1309.3600000000001	-0.09205	1
1309.4	-0.09217	1
1309.44	-0.09099	1
1309.48	-0.09110	1
1309.52	-0.09121	1
1309.56	-0.09132	1
1309.6000000000001	-0.09143	1
1309.64	-0.09025	1
1309.68	-0.09037	1
1309.72	-0.09048	1
1309.76	-0.09059	1
1309.8	-0.09070	0
1309.84	-0.09081	0
1309.88	-0.09092	0
1309.92	-0.08975	0
1309.96	-0.08986	0
1310.0	-0.08997	0
1310.04	-0.09008	1
1310.08	-0.09020	1
1310.1200000000001	-0.09031	1
1310.16	-0.09043	1
1310.2	-0.09054	1
1310.24	-0.09065	1
1310.28	-0.09077	1
1310.32	-0.09088	1
1310.3600000000001	-0.09099	1
1310.4	-0.09111	1
1310.44	-0.09122	1
1310.48	-0.09134	1
1310.52	-0.09145	1
1310.56	-0.09156	1
1310.6000000000001	-0.09036	1
1310.64	-0.09048	1
1310.68	-0.09059	1
1310.72	-0.09070	1
1310.76	-0.09082	1
1310.8	-0.09093	1
1310.84	-0.09105	1
1310.88	-0.09116	1
1310.92	-0.09127	1
1310.96	-0.09139	1
1311.0	-0.09150	1
1311.04	-0.09161	1
1311.08	-0.09173	1
1311.1200000000001	-0.09184	1
1311.16	-0.09195	1
1311.2	-0.09207	1
1311.24	-0.09218	1
1311.28	-0.09229	1
1311.32	-0.09241	1
1311.3600000000001	-0.09252	1
1311.4	-0.09252	1
1311.44	-0.09252	1
1311.48	-0.09252	1
1311.52	-0.09252	1
1311.56	-0.09252	1
1311.6000000000001	-0.09252	1
1311.64	-0.09132	1
1311.68	-0.09144	1
1311.72	-0.09155	1
1311.76	-0.09166	1
1311.8	-0.09178	1
1311.84	-0.09189	1
1311.88	-0.09200	1
1311.92	-0.09212	1
1311.96	-0.09223	1
1312.0	-0.09234	1
1312.04	-0.09245	1
1312.08	-0.09257	1
1312.1200000000001	-0.09257	1
1312.16	-0.09257	1
1312.2	-0.09257	1
1312.24	-0.09257	1
1312.28	-0.09257	1
1312.32	-0.09257	1
1312.3600000000001	-0.09257	1
1312.4	-0.09137	1
1312.44	-0.09149	1
1312.48	-0.09160	1
1312.52	-0.09171	1
1312.56	-0.09183	1
1312.6000000000001	-0.09194	1
1312.64	-0.09075	1
1312.68	-0.09086	1
1312.72	-0.09097	1
1312.76	-0.09108	1
1312.8	-0.09120	1
1312.84	-0.09131	1
1312.88	-0.09142	1
1312.92	-0.09154	1
1312.96	-0.09034	1
1313.0	-0.09046	1
1313.04	-0.09057	0
1313.08	-0.09068	0
1313.1200000000001	-0.09080	0
1313.16	-0.09091	0
1313.2	-0.09102	0
1313.24	-0.09114	0
1313.28	-0.09125	0
1313.32	-0.09136	0
1313.3600000000001	-0.09147	0
1313.4	-0.09159	0
1313.44	-0.09170	0
1313.48	-0.09181	0
1313.52	-0.09192	0
1313.56	-0.09204	0
1313.6000000000001	-0.09215	0
1313.64	-0.09226	0
1313.68	-0.09237	0
1313.72	-0.09249	0
1313.76	-0.09260	0
1313.8	-0.09260	0
1313.84	-0.09260	0
1313.88	-0.09260	0
1313.92	-0.09260	0
1313.96	-0.09260	0
1314.0	-0.09260	0
1314.04	-0.09260	0
1314.08	-0.09260	0
1314.1200000000001	-0.09260	0
1314.16	-0.09260	0
1314.2	-0.09260	0
1314.24	-0.09260	0
1314.28	-0.09260	0
1314.32	-0.09260	0
1314.3600000000001	-0.09260	0
1314.4	-0.09260	0
1314.44	-0.09141	0
1314.48	-0.09152	0
1314.52	-0.09164	0
1314.56	-0.09175	0
1314.6000000000001	-0.09186	0
1314.64	-0.09197	0
1314.68	-0.09209	1
1314.72	-0.09220	1
1314.76	-0.09483	1
1314.8	-0.09483	1
1314.84	-0.09483	1
1314.88	-0.09483	1
1314.92	-0.09483	1
1314.96	-0.09483	1
1315.0	-0.09483	1
1315.04	-0.09483	1
1315.08	-0.09483	1
1315.1200000000001	-0.09483	1
1315.16	-0.09483	1
1315.2	-0.09483	1
1315.24	-0.09483	1
1315.28	-0.09483	1
1315.32	-0.09483	1
1315.3600000000001	-0.09483	1
1315.4	-0.09483	1
1315.44	-0.09483	1
1315.48	-0.09483	1
1315.52	-0.09483	1
1315.56	-0.09352	1
1315.6000000000001	-0.09352	1
1315.64	-0.09231	1
1315.68	-0.09111	1
1315.72	-0.09123	1
1315.76	-0.09134	1
1315.8	-0.09146	1
1315.84	-0.09157	1
1315.88	-0.09168	1
1315.92	-0.09180	1
1315.96	-0.09191	1
1316.0	-0.09202	1
1316.04	-0.09214	1
1316.08	-0.09225	1
1316.1200000000001	-0.09236	1
1316.16	-0.09248	1
1316.2	-0.09259	1
1316.24	-0.09259	1
1316.28	-0.09259	1
1316.32	-0.09259	1
1316.3600000000001	-0.09259	1
1316.4	-0.09259	1
1316.44	-0.09259	1
1316.48	-0.09259	1
1316.52	-0.09259	1
1316.56	-0.09259	1
1316.6000000000001	-0.09259	1
1316.64	-0.09259	1
1316.68	-0.09259	1
1316.72	-0.09259	1
1316.76	-0.09259	1
1316.8	-0.09259	1
1316.84	-0.09259	1
1316.88	-0.09259	1
1316.92	-0.09259	1
1316.96	-0.09259	1
1317.0	-0.09259	1
1317.04	-0.09259	1
1317.08	-0.09259	1
1317.1200000000001	-0.09259	1
1317.16	-0.09259	1
1317.2	-0.09259	1
1317.24	-0.09259	1
1317.28	-0.09259	1
1317.32	-0.09259	1
1317.3600000000001	-0.09259	1
1317.4	-0.09259	1
1317.44	-0.09139	1
1317.48	-0.09151	1
1317.52	-0.09162	1
1317.56	-0.09173	1
1317.6000000000001	-0.09185	1
1317.64	-0.09196	1
1317.68	-0.09207	1
1317.72	-0.09219	1
1317.76	-0.09230	1
1317.8	-0.09241	1
1317.84	-0.09253	1
1317.88	-0.09133	1
1317.92	-0.09144	1
1317.96	-0.09156	1
1318.0	-0.09167	1
1318.04	-0.09178	1
1318.08	-0.09190	1
1318.1200000000001	-0.09201	1
1318.16	-0.09212	1
1318.2	-0.09223	1
1318.24	-0.09235	1
1318.28	-0.09246	1
1318.32	-0.09257	1
1318.3600000000001	-0.09257	1
1318.4	-0.09257	1
1318.44	-0.09257	1
1318.48	-0.09257	1
1318.52	-0.09257	1
1318.56	-0.09138	1
1318.6000000000001	-0.09149	1
1318.64	-0.09161	1
1318.68	-0.09172	1
1318.72	-0.09183	1
1318.76	-0.09445	1
1318.8	-0.09445	1
1318.84	-0.09445	1
1318.88	-0.09445	1
1318.92	-0.09445	1
1318.96	-0.09445	1
1319.0	-0.09445	1
1319.04	-0.09445	1
1319.08	-0.09445	1
1319.1200000000001	-0.09445	1
1319.16	-0.09314	1
1319.2	-0.09194	1
1319.24	-0.09206	1
1319.28	-0.09217	1
1319.32	-0.09228	1
1319.3600000000001	-0.09240	1
1319.4	-0.09251	1
1319.44	-0.09251	1
1319.48	-0.09251	1
1319.52	-0.09251	1
1319.56	-0.09251	1
1319.6000000000001	-0.09251	1
1319.64	-0.09251	1
1319.68	-0.09251	1
1319.72	-0.09251	1
1319.76	-0.09132	1
1319.8	-0.09143	1
1319.84	-0.09154	1
1319.88	-0.09035	1
1319.92	-0.09046	1
1319.96	-0.09058	1
1320.0	-0.08938	1
1320.04	-0.08950	1
1320.08	-0.08961	1
1320.1200000000001	-0.08972	1
1320.16	-0.08984	1
1320.2	-0.08995	1
1320.24	-0.09006	1
1320.28	-0.09018	1
1320.32	-0.09029	1
1320.3600000000001	-0.08910	1
1320.4	-0.08921	1
1320.44	-0.08932	1
1320.48	-0.08944	1
1320.52	-0.08955	1
1320.56	-0.08966	1
1320.6000000000001	-0.08978	1
1320.64	-0.08989	1
1320.68	-0.09000	1
1320.72	-0.09011	1
1320.76	-0.09023	1
1320.8	-0.09034	1
1320.84	-0.09045	1
1320.88	-0.09057	1
1320.92	-0.09068	1
1320.96	-0.09079	1
1321.0	-0.09090	1
1321.04	-0.09102	1
1321.08	-0.09113	1
1321.1200000000001	-0.09124	1
1321.16	-0.09135	1
1321.2	-0.09147	1
1321.24	-0.09158	1
1321.28	-0.09169	1
1321.32	-0.09180	1
1321.3600000000001	-0.09192	1
1321.4	-0.09073	1
1321.44	-0.09084	1
1321.48	-0.09095	1
1321.52	-0.09107	1
1321.56	-0.09118	1
1321.6000000000001	-0.08999	1
1321.64	-0.09011	1
1321.68	-0.09022	1
1321.72	-0.09033	1
1321.76	-0.09044	1
1321.8	-0.09056	1
1321.84	-0.09067	1
1321.88	-0.09326	1
1321.92	-0.09326	1
1321.96	-0.09326	1
1322.0	-0.09326	1
1322.04	-0.09326	1
1322.08	-0.09326	1
1322.1200000000001	-0.09326	1
1322.16	-0.09326	1
1322.2	-0.09326	1
1322.24	-0.09326	1
1322.28	-0.09326	1
1322.32	-0.09326	1
1322.3600000000001	-0.09208	1
1322.4	-0.09089	1
1322.44	-0.09100	1
1322.48	-0.09112	1
1322.52	-0.09123	1
1322.56	-0.09134	1
1322.6000000000001	-0.09145	1
1322.64	-0.09157	1
1322.68	-0.09168	1
1322.72	-0.09179	1
1322.76	-0.09190	1
1322.8	-0.09449	1
1322.84	-0.09449	1
1322.88	-0.09449	1
1322.92	-0.09449	1
1322.96	-0.09449	1
1323.0	-0.09449	1
1323.04	-0.09449	1
1323.08	-0.09449	1
1323.1200000000001	-0.09449	1
1323.16	-0.09449	1
1323.2	-0.09449	1
1323.24	-0.09449	1
1323.28	-0.09449	1
1323.32	-0.09449	1
1323.3600000000001	-0.09449	1
1323.4	-0.09320	1
1323.44	-0.09320	1
1323.48	-0.09320	1
1323.52	-0.09320	1
1323.56	-0.09320	1
1323.6000000000001	-0.09320	1
1323.64	-0.09320	1
1323.68	-0.09320	1
1323.72	-0.09320	1
1323.76	-0.09320	1
1323.8	-0.09320	1
1323.84	-0.09320	1
1323.88	-0.09201	1
1323.92	-0.09213	1
1323.96	-0.09224	1
1324.0	-0.09235	1
1324.04	-0.09246	1
1324.08	-0.09257	1
1324.1200000000001	-0.09257	1
1324.16	-0.09257	1
1324.2	-0.09257	1
1324.24	-0.09257	1
1324.28	-0.09257	1
1324.32	-0.09257	1
1324.3600000000001	-0.09257	1
1324.4	-0.09257	1
1324.44	-0.09257	1
1324.48	-0.09257	1
1324.52	-0.09139	1
1324.56	-0.09021	1
1324.6000000000001	-0.09032	1
1324.64	-0.09043	1
1324.68	-0.09054	1
1324.72	-0.09066	1
1324.76	-0.09077	1
1324.8	-0.09088	1
1324.84	-0.09099	1
1324.88	-0.09111	1
1324.92	-0.09122	1
1324.96	-0.09133	1
1325.0	-0.09144	1
1325.04	-0.09155	1
1325.08	-0.09166	1
1325.1200000000001	-0.09178	1
1325.16	-0.09060	1
1325.2	-0.09071	1
1325.24	-0.09082	1
1325.28	-0.09093	1
1325.32	-0.09104	1
1325.3600000000001	-0.09116	1
1325.4	-0.09127	1
1325.44	-0.09138	1
1325.48	-0.09149	1
1325.52	-0.09160	1
1325.56	-0.09171	1
1325.6000000000001	-0.09183	1
1325.64	-0.09194	1
1325.68	-0.09205	1
1325.72	-0.09216	0
1325.76	-0.09227	0
1325.8	-0.09238	0
1325.84	-0.09249	0
1325.88	-0.09261	0
1325.92	-0.09261	0
1325.96	-0.09261	0
1326.0	-0.09261	0
1326.04	-0.09261	0
1326.08	-0.09261	0
1326.1200000000001	-0.09261	0
1326.16	-0.09261	0
1326.2	-0.09261	0
1326.24	-0.09261	0
1326.28	-0.09261	0
1326.32	-0.09261	0
1326.3600000000001	-0.09261	0
1326.4	-0.09261	0
1326.44	-0.09261	0
1326.48	-0.09261	0
1326.52	-0.09261	0
1326.56	-0.09143	0
1326.6000000000001	-0.09154	0
1326.64	-0.09165	0
1326.68	-0.09176	0
1326.72	-0.09187	0
1326.76	-0.09199	0
1326.8	-0.09210	0
1326.84	-0.09221	0
1326.88	-0.09232	0
1326.92	-0.09243	0
1326.96	-0.09254	0
1327.0	-0.09137	0
1327.04	-0.09148	0
1327.08	-0.09159	0
1327.1200000000001	-0.09170	0
1327.16	-0.09181	0
1327.2	-0.09192	0
1327.24	-0.09203	0
1327.28	-0.09215	0
1327.32	-0.09097	0
1327.3600000000001	-0.09108	0
1327.4	-0.09119	0
1327.44	-0.09130	0
1327.48	-0.09142	0
1327.52	-0.09153	0
1327.56	-0.09164	0
1327.6000000000001	-0.09175	0
1327.64	-0.09186	0
1327.68	-0.09197	0
1327.72	-0.09208	0
1327.76	-0.09219	0
1327.8	-0.09231	0
1327.84	-0.09242	0
1327.88	-0.09253	0
1327.92	-0.09253	0
1327.96	-0.09253	0
1328.0	-0.09253	0
1328.04	-0.09253	0
1328.08	-0.09253	0
1328.1200000000001	-0.09135	0
1328.16	-0.09146	0
1328.2	-0.09158	0
1328.24	-0.09169	0
1328.28	-0.09180	0
1328.32	-0.09060	1
1328.3600000000001	-0.09071	1
1328.4	-0.09082	1
1328.44	-0.09094	1
1328.48	-0.09105	1
1328.52	-0.09117	1
1328.56	-0.09128	1
1328.6000000000001	-0.09139	1
1328.64	-0.09151	1
1328.68	-0.09162	1
1328.72	-0.09173	1
1328.76	-0.09185	1
1328.8	-0.09196	1
1328.84	-0.09208	1
1328.88	-0.09219	1
1328.92	-0.09230	1
1328.96	-0.09242	1
1329.0	-0.09253	1
1329.04	-0.09253	1
1329.08	-0.09253	1
1329.1200000000001	-0.09253	1
1329.16	-0.09253	1
1329.2	-0.09253	1
1329.24	-0.09253	1
1329.28	-0.09253	1
1329.32	-0.09133	1
1329.3600000000001	-0.09144	1
1329.4	-0.09156	1
1329.44	-0.09167	1
1329.48	-0.09178	1
1329.52	-0.09190	1
1329.56	-0.09201	1
1329.6000000000001	-0.09212	1
1329.64	-0.09224	1
1329.68	-0.09235	1
1329.72	-0.09246	1
1329.76	-0.09258	1
1329.8	-0.09258	1
1329.84	-0.09258	1
1329.88	-0.09258	1
1329.92	-0.09258	1
1329.96	-0.09258	1
1330.0	-0.09138	1
1330.04	-0.09149	1
1330.08	-0.09161	1
1330.1200000000001	-0.09041	1
1330.16	-0.09052	1
1330.2	-0.09064	1
1330.24	-0.09075	1
1330.28	-0.09086	1
1330.32	-0.09098	1
1330.3600000000001	-0.09109	1
1330.4	-0.09120	1
1330.44	-0.09132	1
1330.48	-0.09263	1
1330.52	-0.09263	1
1330.56	-0.09263	1
1330.6000000000001	-0.09263	1
1330.64	-0.09263	1
1330.68	-0.09143	1
1330.72	-0.09154	1
1330.76	-0.09166	1
1330.8	-0.09177	1
1330.84	-0.09188	1
1330.88	-0.09200	1
1330.92	-0.09211	1
1330.96	-0.09222	1
1331.0	-0.09103	1
1331.04	-0.09114	1
1331.08	-0.09126	1
1331.1200000000001	-0.09137	1
1331.16	-0.09148	1
1331.2	-0.09029	1
1331.24	-0.09040	1
1331.28	-0.09051	1
1331.32	-0.09063	1
1331.3600000000001	-0.09074	1
1331.4	-0.09085	1
1331.44	-0.09097	1
1331.48	-0.09108	1
1331.52	-0.09119	1
1331.56	-0.09131	1
1331.6000000000001	-0.09142	1
1331.64	-0.09153	1
1331.68	-0.09164	1
1331.72	-0.09176	1
1331.76	-0.09187	1
1331.8	-0.09198	1
1331.84	-0.09209	1
1331.88	-0.09221	0
1331.92	-0.09232	0
1331.96	-0.09243	0
1332.0	-0.09255	0
1332.04	-0.09255	0
1332.08	-0.09255	0
1332.1200000000001	-0.09255	0
1332.16	-0.09255	0
1332.2	-0.09255	0
1332.24	-0.09255	0
1332.28	-0.09255	0
1332.32	-0.09255	0
1332.3600000000001	-0.09255	0
1332.4	-0.09255	0
1332.44	-0.09255	0
1332.48	-0.09255	0
1332.52	-0.09255	0
1332.56	-0.09255	0
1332.6000000000001	-0.09255	0
1332.64	-0.09255	0
1332.68	-0.09255	0
1332.72	-0.09255	0
1332.76	-0.09255	0
1332.8	-0.09255	0
1332.84	-0.09255	0
1332.88	-0.09136	0
1332.92	-0.09147	0
1332.96	-0.09158	0
1333.0	-0.09169	0
1333.04	-0.09181	0
1333.08	-0.09192	0
1333.1200000000001	-0.09203	0
1333.16	-0.09214	0
1333.2	-0.09096	0
1333.24	-0.09107	0
1333.28	-0.09118	0
1333.32	-0.09129	0
1333.3600000000001	-0.09141	0
1333.4	-0.09152	0
1333.44	-0.09163	0
1333.48	-0.09174	0
1333.52	-0.09186	0
1333.56	-0.09197	0
1333.6000000000001	-0.09208	0
1333.64	-0.09089	0
1333.68	-0.09101	1
1333.72	-0.08981	1
1333.76	-0.08992	1
1333.8	-0.09003	1
1333.84	-0.09015	1
1333.88	-0.09026	1
1333.92	-0.09038	1
1333.96	-0.09049	1
1334.0	-0.09060	1
1334.04	-0.09072	1
1334.08	-0.09083	1
1334.1200000000001	-0.09094	1
1334.16	-0.09106	1
1334.2	-0.09117	1
1334.24	-0.09129	1
1334.28	-0.09009	1
1334.32	-0.09020	1
1334.3600000000001	-0.09031	1
1334.4	-0.09043	1
1334.44	-0.09054	1
1334.48	-0.09065	1
1334.52	-0.09077	1
1334.56	-0.09088	1
1334.6000000000001	-0.09100	1
1334.64	-0.09111	1
1334.68	-0.09122	1
1334.72	-0.09134	1
1334.76	-0.09145	1
1334.8	-0.09156	1
1334.84	-0.09168	1
1334.88	-0.09179	1
1334.92	-0.09190	1
1334.96	-0.09202	1
1335.0	-0.09213	1
1335.04	-0.09224	1
1335.08	-0.09236	1
1335.1200000000001	-0.09247	1
1335.16	-0.09258	1
1335.2	-0.09258	1
1335.24	-0.09258	1
1335.28	-0.09258	1
1335.32	-0.09258	1
1335.3600000000001	-0.09258	1
1335.4	-0.09258	1
1335.44	-0.09139	1
1335.48	-0.09150	1
1335.52	-0.09030	1
1335.56	-0.09042	1
1335.6000000000001	-0.09053	1
1335.64	-0.09064	1
1335.68	-0.09076	1
1335.72	-0.09087	1
1335.76	-0.09098	1
1335.8	-0.09110	1
1335.84	-0.09121	1
1335.88	-0.09132	1
1335.92	-0.09144	1
1335.96	-0.09155	1
1336.0	-0.09166	1
1336.04	-0.09047	1
1336.08	-0.09058	1
1336.1200000000001	-0.09070	1
1336.16	-0.09081	1
1336.2	-0.09092	1
1336.24	-0.09103	1
1336.28	-0.09115	1
1336.32	-0.09126	1
1336.3600000000001	-0.09137	1
1336.4	-0.09149	1
1336.44	-0.09160	1
1336.48	-0.09171	1
1336.52	-0.09182	1
1336.56	-0.09194	1
1336.6000000000001	-0.09075	1
1336.64	-0.09086	1
1336.68	-0.09097	1
1336.72	-0.09109	1
1336.76	-0.09120	1
1336.8	-0.09131	1
1336.84	-0.09142	1
1336.88	-0.09154	1
1336.92	-0.09165	1
1336.96	-0.09176	1
1337.0	-0.09187	1
1337.04	-0.09199	1
1337.08	-0.09210	1
1337.1200000000001	-0.09221	1
1337.16	-0.09232	1
1337.2	-0.09244	1
1337.24	-0.09255	1
1337.28	-0.09255	1
1337.32	-0.09255	1
1337.3600000000001	-0.09255	1
1337.4	-0.09255	1
1337.44	-0.09255	1
1337.48	-0.09255	1
1337.52	-0.09255	1
1337.56	-0.09255	1
1337.6000000000001	-0.09255	1
1337.64	-0.09255	1
1337.68	-0.09255	1
1337.72	-0.09255	1
1337.76	-0.09255	1
1337.8	-0.09255	1
1337.84	-0.09255	1
1337.88	-0.09255	1
1337.92	-0.09255	1
1337.96	-0.09255	1
1338.0	-0.09255	1
1338.04	-0.09255	1
1338.08	-0.09255	1
1338.1200000000001	-0.09255	1
1338.16	-0.09255	1
1338.2	-0.09255	1
1338.24	-0.09255	1
1338.28	-0.09255	1
1338.32	-0.09255	1
1338.3600000000001	-0.09255	1
1338.4	-0.09136	1
1338.44	-0.09147	1
1338.48	-0.09159	1
1338.52	-0.09170	1
1338.56	-0.09181	1
1338.6000000000001	-0.09192	1
1338.64	-0.09204	1
1338.68	-0.09215	1
1338.72	-0.09226	1
1338.76	-0.09237	1
1338.8	-0.09249	1
1338.84	-0.09260	1
1338.88	-0.09260	1
1338.92	-0.09260	1
1338.96	-0.09260	1
1339.0	-0.09260	1
1339.04	-0.09260	1
1339.08	-0.09260	0
1339.1200000000001	-0.09260	0
1339.16	-0.09260	0
1339.2	-0.09260	0
1339.24	-0.09260	0
1339.28	-0.09260	0
1339.32	-0.09260	0
1339.3600000000001	-0.09260	0
1339.4	-0.09260	0
1339.44	-0.09260	0
1339.48	-0.09260	0
1339.52	-0.09260	0
1339.56	-0.09260	0
1339.6000000000001	-0.09260	0
1339.64	-0.09260	0
1339.68	-0.09260	0
1339.72	-0.09260	0
1339.76	-0.09260	0
1339.8	-0.09260	0
1339.84	-0.09260	0
1339.88	-0.09260	0
1339.92	-0.09260	0
1339.96	-0.09260	0
1340.0	-0.09260	0
1340.04	-0.09260	1
1340.08	-0.09260	1
1340.1200000000001	-0.09260	1
1340.16	-0.09260	1
1340.2	-0.09260	1
1340.24	-0.09260	1
1340.28	-0.09260	1
1340.32	-0.09260	1
1340.3600000000001	-0.09260	1
1340.4	-0.09260	1
1340.44	-0.09260	1
1340.48	-0.09260	1
1340.52	-0.09260	1
1340.56	-0.09260	1
1340.6000000000001	-0.09260	1
1340.64	-0.09260	1
1340.68	-0.09260	1
1340.72	-0.09260	1
1340.76	-0.09260	1
1340.8	-0.09260	1
1340.84	-0.09260	1
1340.88	-0.09260	1
1340.92	-0.09140	1
1340.96	-0.09151	1
1341.0	-0.09162	1
1341.04	-0.09174	1
1341.08	-0.09185	1
1341.1200000000001	-0.09065	1
1341.16	-0.09328	1
1341.2	-0.09328	1
1341.24	-0.09328	1
1341.28	-0.09328	1
1341.32	-0.09328	1
1341.3600000000001	-0.09328	1
1341.4	-0.09328	1
1341.44	-0.09328	1
1341.48	-0.09328	1
1341.52	-0.09328	1
1341.56	-0.09328	1
1341.6000000000001	-0.09328	1
1341.64	-0.09328	1
1341.68	-0.09328	1
1341.72	-0.09328	1
1341.76	-0.09328	1
1341.8	-0.09328	1
1341.84	-0.09328	1
1341.88	-0.09328	1
1341.92	-0.09328	1
1341.96	-0.09328	1
1342.0	-0.09328	1
1342.04	-0.09328	1
1342.08	-0.09328	1
1342.1200000000001	-0.09328	1
1342.16	-0.09328	1
1342.2	-0.09328	1
1342.24	-0.09208	1
1342.28	-0.09219	1
1342.32	-0.09231	1
1342.3600000000001	-0.09242	1
1342.4	-0.09253	1
1342.44	-0.09253	1
1342.48	-0.09253	1
1342.52	-0.09253	1
1342.56	-0.09253	1
1342.6000000000001	-0.09253	1
1342.64	-0.09253	1
1342.68	-0.09253	1
1342.72	-0.09253	1
1342.76	-0.09253	1
1342.8	-0.09253	1
1342.84	-0.09253	1
1342.88	-0.09253	1
1342.92	-0.09253	1
1342.96	-0.09253	1
1343.0	-0.09253	1
1343.04	-0.09253	1
1343.08	-0.09253	1
1343.1200000000001	-0.09253	1
1343.16	-0.09253	1
1343.2	-0.09253	1
1343.24	-0.09253	1
1343.28	-0.09253	1
1343.32	-0.09253	1
1343.3600000000001	-0.09253	1
1343.4	-0.09253	1
1343.44	-0.09253	1
1343.48	-0.09253	1
1343.52	-0.09253	1
1343.56	-0.09253	1
1343.6000000000001	-0.09253	1
1343.64	-0.09253	1
1343.68	-0.09253	1
1343.72	-0.09253	1
1343.76	-0.09253	1
1343.8	-0.09253	1
1343.84	-0.09253	1
1343.88	-0.09253	1
1343.92	-0.09253	1
1343.96	-0.09253	1
1344.0	-0.09253	1
1344.04	-0.09253	1
1344.08	-0.09253	1
1344.1200000000001	-0.09133	1
1344.16	-0.09145	1
1344.2	-0.09156	1
1344.24	-0.09167	1
1344.28	-0.09179	1
1344.32	-0.09190	1
1344.3600000000001	-0.09201	1
1344.4	-0.09213	1
1344.44	-0.09224	1
1344.48	-0.09104	1
1344.52	-0.09116	1
1344.56	-0.09127	1
1344.6000000000001	-0.09138	1
1344.64	-0.09150	1
1344.68	-0.09161	1
1344.72	-0.09172	1
1344.76	-0.09184	1
1344.8	-0.09195	1
1344.84	-0.09206	1
1344.88	-0.09218	1
1344.92	-0.09229	0
1344.96	-0.09240	0
1345.0	-0.09121	0
1345.04	-0.09132	0
1345.08	-0.09394	0
1345.1200000000001	-0.09394	0
1345.16	-0.09394	0
1345.2	-0.09394	0
1345.24	-0.09394	0
1345.28	-0.09263	0
1345.32	-0.09263	0
1345.3600000000001	-0.09263	0
1345.4	-0.09263	0
1345.44	-0.09263	0
1345.48	-0.09263	0
1345.52	-0.09263	0
1345.56	-0.09263	0
1345.6000000000001	-0.09263	0
1345.64	-0.09263	0
1345.68	-0.09263	0
1345.72	-0.09263	0
1345.76	-0.09263	0
1345.8	-0.09263	0
1345.84	-0.09263	0
1345.88	-0.09263	0
1345.92	-0.09263	0
1345.96	-0.09263	0
1346.0	-0.09263	0
1346.04	-0.09263	0
1346.08	-0.09263	0
1346.1200000000001	-0.09263	0
1346.16	-0.09263	0
1346.2	-0.09263	0
1346.24	-0.09263	0
1346.28	-0.09263	0
1346.32	-0.09263	0
1346.3600000000001	-0.09263	0
1346.4	-0.09263	0
1346.44	-0.09263	0
1346.48	-0.09263	0
1346.52	-0.09263	0
1346.56	-0.09263	0
1346.6000000000001	-0.09143	1
1346.64	-0.09154	1
1346.68	-0.09166	1
1346.72	-0.09177	1
1346.76	-0.09188	1
1346.8	-0.09200	1
1346.84	-0.09211	1
1346.88	-0.09222	1
1346.92	-0.09234	1
1346.96	-0.09245	1
1347.0	-0.09257	1
1347.04	-0.09257	1
1347.08	-0.09257	1
1347.1200000000001	-0.09257	1
1347.16	-0.09257	1
1347.2	-0.09257	1
1347.24	-0.09257	1
1347.28	-0.09137	1
1347.32	-0.09148	1
1347.3600000000001	-0.09028	1
1347.4	-0.09039	1
1347.44	-0.09051	1
1347.48	-0.09062	1
1347.52	-0.09073	1
1347.56	-0.09085	1
1347.6000000000001	-0.09096	1
1347.64	-0.09108	1
1347.68	-0.09119	1
1347.72	-0.09381	1
1347.76	-0.09250	1
1347.8	-0.09250	1
1347.84	-0.09250	1
1347.88	-0.09250	1
1347.92	-0.09250	1
1347.96	-0.09250	1
1348.0	-0.09250	1
1348.04	-0.09130	1
1348.08	-0.09142	1
1348.1200000000001	-0.09153	1
1348.16	-0.09164	1
1348.2	-0.09176	1
1348.24	-0.09187	1
1348.28	-0.09198	1
1348.32	-0.09210	1
1348.3600000000001	-0.09221	1
1348.4	-0.09232	1
1348.44	-0.09244	1
1348.48	-0.09124	1
1348.52	-0.09135	1
1348.56	-0.09147	1
1348.6000000000001	-0.09158	1
1348.64	-0.09169	1
1348.68	-0.09181	1
1348.72	-0.09192	1
1348.76	-0.09072	1
1348.8	-0.09084	1
1348.84	-0.09095	1
1348.88	-0.09106	1
1348.92	-0.09118	1
1348.96	-0.08998	1
1349.0	-0.08879	1
1349.04	-0.08890	1
1349.08	-0.08902	1
1349.1200000000001	-0.08913	1
1349.16	-0.08924	1
1349.2	-0.08936	1
1349.24	-0.08947	1
1349.28	-0.08958	1
1349.32	-0.08970	1
1349.3600000000001	-0.08981	1
1349.4	-0.08992	1
1349.44	-0.09003	1
1349.48	-0.09015	1
1349.52	-0.09026	1
1349.56	-0.09037	1
1349.6000000000001	-0.09049	1
1349.64	-0.09060	1
1349.68	-0.09071	1
1349.72	-0.09083	1
1349.76	-0.09094	1
1349.8	-0.09105	1
1349.84	-0.09116	1
1349.88	-0.09128	1
1349.92	-0.09139	1
1349.96	-0.09150	1
1350.0	-0.09162	1
1350.04	-0.09173	1
1350.08	-0.09184	1
1350.1200000000001	-0.09195	1
1350.16	-0.09207	1
1350.2	-0.09218	1
1350.24	-0.09099	1
1350.28	-0.09110	1
1350.32	-0.09122	1
1350.3600000000001	-0.09133	1
1350.4	-0.09144	1
1350.44	-0.09155	1
1350.48	-0.09167	1
1350.52	-0.09178	1
1350.56	-0.09189	1
1350.6000000000001	-0.09200	1
1350.64	-0.09212	1
1350.68	-0.09223	1
1350.72	-0.09234	1
1350.76	-0.09245	1
1350.8	-0.09257	1
1350.84	-0.09257	1
1350.88	-0.09138	1
1350.92	-0.09149	1
1350.96	-0.09160	1
1351.0	-0.09172	1
1351.04	-0.09183	1
1351.08	-0.09194	1
1351.1200000000001	-0.09205	1
1351.16	-0.09216	1
1351.2	-0.09228	1
1351.24	-0.09239	1
1351.28	-0.09120	1
1351.32	-0.09132	1
1351.3600000000001	-0.09143	1
1351.4	-0.09154	1
1351.44	-0.09165	1
1351.48	-0.09176	1
1351.52	-0.09188	1
1351.56	-0.09199	1
1351.6000000000001	-0.09210	0
1351.64	-0.09221	0
1351.68	-0.09233	0
1351.72	-0.09244	0
1351.76	-0.09255	0
1351.8	-0.09255	0
1351.84	-0.09255	0
1351.88	-0.09255	0
1351.92	-0.09255	0
1351.96	-0.09255	0
1352.0	-0.09255	0
1352.04	-0.09255	0
1352.08	-0.09255	0
1352.1200000000001	-0.09255	0
1352.16	-0.09137	0
1352.2	-0.09148	0
1352.24	-0.09159	0
1352.28	-0.09170	0
1352.32	-0.09181	0
1352.3600000000001	-0.09193	0
1352.4	-0.09204	0
1352.44	-0.09215	0
1352.48	-0.09226	0
1352.52	-0.09237	0
1352.56	-0.09249	0
1352.6000000000001	-0.09130	0
1352.64	-0.09142	0
1352.68	-0.09153	0
1352.72	-0.09164	0
1352.76	-0.09175	0
1352.8	-0.09186	0
1352.84	-0.09197	0
1352.88	-0.09209	0
1352.92	-0.09220	0
1352.96	-0.09231	0
1353.0	-0.09242	0
1353.04	-0.09253	0
1353.08	-0.09253	0
1353.1200000000001	-0.09135	0
1353.16	-0.09146	0
1353.2	-0.09158	0
1353.24	-0.09169	0
1353.28	-0.09180	0
1353.32	-0.09191	0
1353.3600000000001	-0.09202	0
1353.4	-0.09214	0
1353.44	-0.09225	0
1353.48	-0.09236	0
1353.52	-0.09247	0
1353.56	-0.09258	0
1353.6000000000001	-0.09258	0
1353.64	-0.09258	0
1353.68	-0.09258	0
1353.72	-0.09258	0
1353.76	-0.09258	0
1353.8	-0.09258	0
1353.84	-0.09258	0
1353.88	-0.09258	0
1353.92	-0.09258	0
1353.96	-0.09258	0
1354.0	-0.09258	0
1354.04	-0.09258	0
1354.08	-0.09258	0
1354.1200000000001	-0.09258	0
1354.16	-0.09258	0
1354.2	-0.09258	0
1354.24	-0.09258	0
1354.28	-0.09258	0
1354.32	-0.09258	0
1354.3600000000001	-0.09258	0
1354.4	-0.09258	0
1354.44	-0.09258	0
1354.48	-0.09258	0
1354.52	-0.09258	0
1354.56	-0.09258	0
1354.6000000000001	-0.09258	0
1354.64	-0.09258	0
1354.68	-0.09258	0
1354.72	-0.09258	0
1354.76	-0.09258	0
1354.8	-0.09258	0
1354.84	-0.09258	0
1354.88	-0.09258	0
1354.92	-0.09258	0
1354.96	-0.09258	0
1355.0	-0.09258	0
1355.04	-0.09258	0
1355.08	-0.09140	0
1355.1200000000001	-0.09151	0
1355.16	-0.09163	0
1355.2	-0.09045	0
1355.24	-0.09056	0
1355.28	-0.09067	0
1355.32	-0.09078	0
1355.3600000000001	-0.09089	0
1355.4	-0.09101	0
1355.44	-0.09112	0
1355.48	-0.09123	0
1355.52	-0.09134	0
1355.56	-0.09145	0
1355.6000000000001	-0.09028	0
1355.64	-0.09039	0
1355.68	-0.09050	0
1355.72	-0.09061	0
1355.76	-0.09072	0
1355.8	-0.09083	0
1355.84	-0.09095	1
1355.88	-0.09106	1
1355.92	-0.09117	1
1355.96	-0.09129	1
1356.0	-0.09140	1
1356.04	-0.09152	1
1356.08	-0.09163	1
1356.1200000000001	-0.09174	1
1356.16	-0.09186	1
1356.2	-0.09197	1
1356.24	-0.09208	1
1356.28	-0.09220	1
1356.32	-0.09231	1
1356.3600000000001	-0.09242	1
1356.4	-0.09254	1
1356.44	-0.09254	1
1356.48	-0.09254	1
1356.52	-0.09254	1
1356.56	-0.09254	1
1356.6000000000001	-0.09254	1
1356.64	-0.09254	1
1356.68	-0.09254	1
1356.72	-0.09254	1
1356.76	-0.09254	1
1356.8	-0.09254	1
1356.84	-0.09254	1
1356.88	-0.09254	1
1356.92	-0.09254	1
1356.96	-0.09254	1
1357.0	-0.09254	1
1357.04	-0.09134	1
1357.08	-0.09145	1
1357.1200000000001	-0.09157	1
1357.16	-0.09168	1
1357.2	-0.09179	1
1357.24	-0.09191	1
1357.28	-0.09202	1
1357.32	-0.09213	1
1357.3600000000001	-0.09225	1
1357.4	-0.09236	1
1357.44	-0.09116	1
1357.48	-0.09128	1
1357.52	-0.09139	1
1357.56	-0.09150	1
1357.6000000000001	-0.09162	1
1357.64	-0.09173	1
1357.68	-0.09184	1
1357.72	-0.09196	1
1357.76	-0.09207	1
1357.8	-0.09218	1
1357.84	-0.09230	1
1357.88	-0.09241	1
1357.92	-0.09252	1
1357.96	-0.09252	1
1358.0	-0.09133	1
1358.04	-0.09144	1
1358.08	-0.09155	1
1358.1200000000001	-0.09167	1
1358.16	-0.09178	1
1358.2	-0.09189	1
1358.24	-0.09201	1
1358.28	-0.09212	1
1358.32	-0.09223	1
1358.3600000000001	-0.09234	1
1358.4	-0.09246	1
1358.44	-0.09257	0
1358.48	-0.09257	0
1358.52	-0.09138	0
1358.56	-0.09149	0
1358.6000000000001	-0.09160	0
1358.64	-0.09172	0
1358.68	-0.09183	0
1358.72	-0.09194	0
1358.76	-0.09205	0
1358.8	-0.09217	0
1358.84	-0.09228	0
1358.88	-0.09239	0
1358.92	-0.09251	0
1358.96	-0.09251	0
1359.0	-0.09131	0
1359.04	-0.09143	0
1359.08	-0.09154	0
1359.1200000000001	-0.09165	0
1359.16	-0.09177	0
1359.2	-0.09188	0
1359.24	-0.09199	0
1359.28	-0.09210	0
1359.32	-0.09222	0
1359.3600000000001	-0.09233	0
1359.4	-0.09244	0
1359.44	-0.09255	0
1359.48	-0.09255	0
1359.52	-0.09255	0
1359.56	-0.09255	0
1359.6000000000001	-0.09255	0
1359.64	-0.09255	0
1359.68	-0.09255	0
1359.72	-0.09255	0
1359.76	-0.09255	0
1359.8	-0.09255	0
1359.84	-0.09255	1
1359.88	-0.09255	1
1359.92	-0.09135	1
1359.96	-0.09147	1
1360.0	-0.09027	1
1360.04	-0.09038	1
1360.08	-0.09049	1
1360.1200000000001	-0.09061	1
1360.16	-0.09072	1
1360.2	-0.09083	1
1360.24	-0.09095	1
1360.28	-0.09106	1
1360.32	-0.09118	1
1360.3600000000001	-0.08998	1
1360.4	-0.09009	1
1360.44	-0.09020	1
1360.48	-0.09032	1
1360.52	-0.09043	1
1360.56	-0.09055	1
1360.6000000000001	-0.09066	1
1360.64	-0.09077	1
1360.68	-0.09089	1
1360.72	-0.09100	1
1360.76	-0.09111	1
1360.8	-0.09123	1
1360.84	-0.09003	1
1360.88	-0.08883	1
1360.92	-0.08895	1
1360.96	-0.08906	1
1361.0	-0.08917	1
1361.04	-0.08929	1
1361.08	-0.08940	1
1361.1200000000001	-0.08951	1
1361.16	-0.08963	1
1361.2	-0.08974	1
1361.24	-0.08985	1
1361.28	-0.08997	1
1361.32	-0.09008	1
1361.3600000000001	-0.09019	1
1361.4	-0.08900	1
1361.44	-0.08780	1
1361.48	-0.08792	1
1361.52	-0.08803	1
1361.56	-0.08815	1
1361.6000000000001	-0.08826	1
1361.64	-0.08706	1
1361.68	-0.08718	1
1361.72	-0.08729	1
1361.76	-0.08741	1
1361.8	-0.08752	1
1361.84	-0.08763	1
1361.88	-0.08775	1
1361.92	-0.08786	1
1361.96	-0.08797	1
1362.0	-0.08809	1
1362.04	-0.08820	1
1362.08	-0.08831	1
1362.1200000000001	-0.08843	1
1362.16	-0.08724	1
1362.2	-0.08735	1
1362.24	-0.08746	1
1362.28	-0.08758	1
1362.32	-0.08769	1
1362.3600000000001	-0.08780	1
1362.4	-0.08792	1
1362.44	-0.08803	1
1362.48	-0.08814	1
1362.52	-0.08695	1
1362.56	-0.08706	1
1362.6000000000001	-0.08718	1
1362.64	-0.08729	1
1362.68	-0.08740	1
1362.72	-0.08752	1
1362.76	-0.08763	1
1362.8	-0.08774	1
1362.84	-0.08786	1
1362.88	-0.08797	1
1362.92	-0.08808	1
1362.96	-0.08820	1
1363.0	-0.08831	1
1363.04	-0.08842	1
1363.08	-0.08854	1
1363.1200000000001	-0.08865	1
1363.16	-0.08876	1
1363.2	-0.08888	1
1363.24	-0.08899	1
1363.28	-0.08910	1
1363.32	-0.08921	1
1363.3600000000001	-0.08933	1
1363.4	-0.08944	1
1363.44	-0.08825	1
1363.48	-0.08836	1
1363.52	-0.08848	1
1363.56	-0.08859	1
1363.6000000000001	-0.08870	1
1363.64	-0.08882	1
1363.68	-0.08893	1
1363.72	-0.08904	1
1363.76	-0.08915	1
1363.8	-0.08927	1
1363.84	-0.08808	1
1363.88	-0.08819	1
1363.92	-0.08831	1
1363.96	-0.08842	1
1364.0	-0.08853	1
1364.04	-0.08864	1
1364.08	-0.08876	1
1364.1200000000001	-0.08887	1
1364.16	-0.08898	1
1364.2	-0.09169	1
1364.24	-0.09180	1
1364.28	-0.09191	1
1364.32	-0.09203	1
1364.3600000000001	-0.09214	1
1364.4	-0.09225	1
1364.44	-0.09236	1
1364.48	-0.09247	1
1364.52	-0.09259	0
1364.56	-0.09259	0
1364.6000000000001	-0.09259	0
1364.64	-0.09140	0
1364.68	-0.09151	0
1364.72	-0.09163	0
1364.76	-0.09174	0
1364.8	-0.09185	0
1364.84	-0.09196	0
1364.88	-0.09207	0
1364.92	-0.09219	0
1364.96	-0.09230	0
1365.0	-0.09241	0
1365.04	-0.09252	0
1365.08	-0.09252	0
1365.1200000000001	-0.09252	0
1365.16	-0.09252	0
1365.2	-0.09252	0
1365.24	-0.09252	0
1365.28	-0.09252	0
1365.32	-0.09134	0
1365.3600000000001	-0.09145	0
1365.4	-0.09156	0
1365.44	-0.09038	0
1365.48	-0.09049	0
1365.52	-0.09061	0
1365.56	-0.09072	0
1365.6000000000001	-0.09083	0
1365.64	-0.08965	0
1365.68	-0.08976	0
1365.72	-0.08987	0
1365.76	-0.08869	0
1365.8	-0.08881	1
1365.84	-0.08892	1
1365.88	-0.08904	1
1365.92	-0.08915	1
1365.96	-0.08926	1
1366.0	-0.08938	1
1366.04	-0.08949	1
1366.08	-0.08961	1
1366.1200000000001	-0.08972	1
1366.16	-0.08983	1
1366.2	-0.08995	1
1366.24	-0.08875	1
1366.28	-0.08755	1
1366.32	-0.08635	1
1366.3600000000001	-0.08646	1
1366.4	-0.08658	1
1366.44	-0.08538	1
1366.48	-0.08549	1
1366.52	-0.08561	1
1366.56	-0.08572	1
1366.6000000000001	-0.08584	1
1366.64	-0.08595	1
1366.68	-0.08607	1
1366.72	-0.08618	1
1366.76	-0.08629	1
1366.8	-0.08641	1
1366.84	-0.08652	1
1366.88	-0.08664	1
1366.92	-0.08544	1
1366.96	-0.08555	1
1367.0	-0.08567	1
1367.04	-0.08578	1
1367.08	-0.08590	1
1367.1200000000001	-0.08601	1
1367.16	-0.08612	1
1367.2	-0.08624	1
1367.24	-0.08635	1
1367.28	-0.08647	1
1367.32	-0.08658	1
1367.3600000000001	-0.08669	1
1367.4	-0.08681	1
1367.44	-0.08561	1
1367.48	-0.08573	1
1367.52	-0.08584	1
1367.56	-0.08595	1
1367.6000000000001	-0.08607	1
1367.64	-0.08618	1
1367.68	-0.08630	1
1367.72	-0.08641	1
1367.76	-0.08914	1
1367.8	-0.08925	1
1367.84	-0.08936	1
1367.88	-0.08948	1
1367.92	-0.08959	1
1367.96	-0.08970	1
1368.0	-0.08982	1
1368.04	-0.08993	1
1368.08	-0.09004	1
1368.1200000000001	-0.09016	1
1368.16	-0.09027	1
1368.2	-0.09038	1
1368.24	-0.09050	1
1368.28	-0.09061	1
1368.32	-0.09072	1
1368.3600000000001	-0.09083	1
1368.4	-0.09095	1
1368.44	-0.09106	1
1368.48	-0.09117	1
1368.52	-0.09129	1
1368.56	-0.09140	1
1368.6000000000001	-0.09151	1
1368.64	-0.09162	1
1368.68	-0.09174	1
1368.72	-0.09185	1
1368.76	-0.09196	1
1368.8	-0.09207	1
1368.84	-0.09219	1
1368.88	-0.09230	1
1368.92	-0.09241	1
1368.96	-0.09253	1
1369.0	-0.09253	1
1369.04	-0.09253	1
1369.08	-0.09253	1
1369.1200000000001	-0.09253	1
1369.16	-0.09253	1
1369.2	-0.09253	1
1369.24	-0.09253	1
1369.28	-0.09253	1
1369.32	-0.09253	1
1369.3600000000001	-0.09253	1
1369.4	-0.09253	1
1369.44	-0.09253	1
1369.48	-0.09253	1
1369.52	-0.09253	1
1369.56	-0.09253	0
1369.6000000000001	-0.09253	0
1369.64	-0.09253	0
1369.68	-0.09253	0
1369.72	-0.09253	0
1369.76	-0.09134	0
1369.8	-0.09145	0
1369.84	-0.09156	0
1369.88	-0.09167	0
1369.92	-0.09179	0
1369.96	-0.09190	0
1370.0	-0.09201	0
1370.04	-0.09212	0
1370.08	-0.09094	0
1370.1200000000001	-0.09105	0
1370.16	-0.09116	0
1370.2	-0.09127	0
1370.24	-0.09139	0
1370.28	-0.09150	0
1370.32	-0.09161	0
1370.3600000000001	-0.09172	0
1370.4	-0.09184	0
1370.44	-0.09195	0
1370.48	-0.09206	0
1370.52	-0.09217	0
1370.56	-0.09228	0
1370.6000000000001	-0.09240	0
1370.64	-0.09251	0
1370.68	-0.09251	0
1370.72	-0.09251	0
1370.76	-0.09251	0
1370.8	-0.09251	0
1370.84	-0.09251	0
1370.88	-0.09251	0
1370.92	-0.09251	0
1370.96	-0.09251	0
1371.0	-0.09251	0
1371.04	-0.09251	0
1371.08	-0.09251	0
1371.1200000000001	-0.09251	0
1371.16	-0.09251	0
1371.2	-0.09251	0
1371.24	-0.09251	0
1371.28	-0.09251	0
1371.32	-0.09251	0
1371.3600000000001	-0.09251	0
1371.4	-0.09251	0
1371.44	-0.09132	0
1371.48	-0.09144	0
1371.52	-0.09155	0
1371.56	-0.09166	0
1371.6000000000001	-0.09177	0
1371.64	-0.09188	0
1371.68	-0.09200	0
1371.72	-0.09211	0
1371.76	-0.09222	0
1371.8	-0.09233	0
1371.84	-0.09245	0
1371.88	-0.09256	0
1371.92	-0.09256	0
1371.96	-0.09256	0
1372.0	-0.09256	0
1372.04	-0.09137	0
1372.08	-0.09149	0
1372.1200000000001	-0.09160	0
1372.16	-0.09171	0
1372.2	-0.09182	0
1372.24	-0.09193	0
1372.28	-0.09205	0
1372.32	-0.09216	0
1372.3600000000001	-0.09227	0
1372.4	-0.09238	0
1372.44	-0.09249	0
1372.48	-0.09261	0
1372.52	-0.09261	0
1372.56	-0.09261	0
1372.6000000000001	-0.09261	0
1372.64	-0.09261	0
1372.68	-0.09261	0
1372.72	-0.09261	0
1372.76	-0.09261	0
1372.8	-0.09261	0
1372.84	-0.09261	0
1372.88	-0.09261	0
1372.92	-0.09261	0
1372.96	-0.09261	0
1373.0	-0.09261	0
1373.04	-0.09261	0
1373.08	-0.09261	0
1373.1200000000001	-0.09261	0
1373.16	-0.09261	0
1373.2	-0.09261	0
1373.24	-0.09142	0
1373.28	-0.09154	0
1373.32	-0.09165	0
1373.3600000000001	-0.09176	0
1373.4	-0.09187	0
1373.44	-0.09198	0
1373.48	-0.09209	0
1373.52	-0.09091	0
1373.56	-0.09103	0
1373.6000000000001	-0.09114	0
1373.64	-0.09125	0
1373.68	-0.09136	0
1373.72	-0.09147	0
1373.76	-0.09158	0
1373.8	-0.09170	0
1373.84	-0.09181	0
1373.88	-0.09192	0
1373.92	-0.09203	0
1373.96	-0.09214	0
1374.0	-0.09096	0
1374.04	-0.09108	0
1374.08	-0.09119	0
1374.1200000000001	-0.09001	0
1374.16	-0.08883	0
1374.2	-0.08894	0
1374.24	-0.08905	0
1374.28	-0.08917	0
1374.32	-0.08928	0
1374.3600000000001	-0.08939	0
1374.4	-0.08950	1
1374.44	-0.08962	1
1374.48	-0.08973	1
1374.52	-0.08984	1
1374.56	-0.08996	1
1374.6000000000001	-0.09007	1
1374.64	-0.09019	1
1374.68	-0.09030	1
1374.72	-0.09041	1
1374.76	-0.09053	1
1374.8	-0.09064	1
1374.84	-0.09076	1
1374.88	-0.09087	1
1374.92	-0.09098	1
1374.96	-0.09110	1
1375.0	-0.09121	1
1375.04	-0.09132	1
1375.08	-0.09144	1
1375.1200000000001	-0.09155	1
1375.16	-0.09166	1
1375.2	-0.09178	1
1375.24	-0.09189	1
1375.28	-0.09200	1
1375.32	-0.09212	1
1375.3600000000001	-0.09223	1
1375.4	-0.09234	1
1375.44	-0.09246	1
1375.48	-0.09257	1
1375.52	-0.09257	1
1375.56	-0.09257	1
1375.6000000000001	-0.09257	1
1375.64	-0.09137	1
1375.68	-0.09149	1
1375.72	-0.09160	1
1375.76	-0.09171	1
1375.8	-0.09183	1
1375.84	-0.09194	1
1375.88	-0.09205	1
1375.92	-0.09086	1
1375.96	-0.09097	1
1376.0	-0.09108	1
1376.04	-0.09120	1
1376.08	-0.09131	1
1376.1200000000001	-0.09142	1
1376.16	-0.09154	1
1376.2	-0.09165	1
1376.24	-0.09176	1
1376.28	-0.09188	1
1376.32	-0.09199	1
1376.3600000000001	-0.09210	1
1376.4	-0.09222	1
1376.44	-0.09233	1
1376.48	-0.09244	1
1376.52	-0.09255	1
1376.56	-0.09255	1
1376.6000000000001	-0.09255	1
1376.64	-0.09136	1
1376.68	-0.09147	1
1376.72	-0.09028	1
1376.76	-0.09039	1
1376.8	-0.09051	1
1376.84	-0.09062	1
1376.88	-0.09073	1
1376.92	-0.09085	1
1376.96	-0.09096	1
1377.0	-0.09107	0
1377.04	-0.09119	0
1377.08	-0.09130	0
1377.1200000000001	-0.09141	0
1377.16	-0.09152	0
1377.2	-0.09164	0
1377.24	-0.09175	0
1377.28	-0.09186	0
1377.32	-0.09198	0
1377.3600000000001	-0.09209	0
1377.4	-0.09220	0
1377.44	-0.09231	0
1377.48	-0.09243	0
1377.52	-0.09124	0
1377.56	-0.09005	0
1377.6000000000001	-0.09016	0
1377.64	-0.09027	0
1377.68	-0.09038	0
1377.72	-0.09050	0
1377.76	-0.09061	0
1377.8	-0.09072	0
1377.84	-0.09084	0
1377.88	-0.09095	0
1377.92	-0.09106	0
1377.96	-0.09117	0
1378.0	-0.09129	0
1378.04	-0.09140	0
1378.08	-0.09151	0
1378.1200000000001	-0.09162	0
1378.16	-0.09174	0
1378.2	-0.09185	0
1378.24	-0.09196	0
1378.28	-0.09207	0
1378.32	-0.09219	0
1378.3600000000001	-0.09100	0
1378.4	-0.09111	0
1378.44	-0.08992	0
1378.48	-0.08872	1
1378.52	-0.08884	1
1378.56	-0.08895	1
1378.6000000000001	-0.08907	1
1378.64	-0.08918	1
1378.68	-0.08929	1
1378.72	-0.08941	1
1378.76	-0.08952	1
1378.8	-0.08964	1
1378.84	-0.08975	1
1378.88	-0.08986	1
1378.92	-0.08998	1
1378.96	-0.09009	1
1379.0	-0.09020	1
1379.04	-0.08901	1
1379.08	-0.08912	1
1379.1200000000001	-0.08792	1
1379.16	-0.08804	1
1379.2	-0.08815	1
1379.24	-0.08826	1
1379.28	-0.08707	1
1379.32	-0.08718	1
1379.3600000000001	-0.08729	1
1379.4	-0.08610	1
1379.44	-0.08621	1
1379.48	-0.08632	1
1379.52	-0.08644	1
1379.56	-0.08655	1
1379.6000000000001	-0.08667	1
1379.64	-0.08678	1
1379.68	-0.08689	1
1379.72	-0.08963	1
1379.76	-0.08974	1
1379.8	-0.08986	1
1379.84	-0.08997	1
1379.88	-0.08877	1
1379.92	-0.08889	1
1379.96	-0.08900	1
1380.0	-0.08911	1
1380.04	-0.08923	1
1380.08	-0.08803	1
1380.1200000000001	-0.08815	1
1380.16	-0.08826	1
1380.2	-0.08837	1
1380.24	-0.08849	1
1380.28	-0.08860	1
1380.32	-0.08871	1
1380.3600000000001	-0.08883	1
1380.4	-0.08894	1
1380.44	-0.08905	1
1380.48	-0.08917	1
1380.52	-0.08928	1
1380.56	-0.08939	1
1380.6000000000001	-0.08951	1
1380.64	-0.08962	1
1380.68	-0.08973	1
1380.72	-0.08854	1
1380.76	-0.08865	1
1380.8	-0.08877	1
1380.84	-0.08888	1
1380.88	-0.08899	1
1380.92	-0.08911	1
1380.96	-0.08922	1
1381.0	-0.08933	1
1381.04	-0.08945	1
1381.08	-0.08956	1
1381.1200000000001	-0.08967	1
1381.16	-0.08979	1
1381.2	-0.08990	1
1381.24	-0.09001	1
1381.28	-0.09013	1
1381.32	-0.09024	1
1381.3600000000001	-0.09035	1
1381.4	-0.09046	1
1381.44	-0.09058	1
1381.48	-0.09069	1
1381.52	-0.09080	1
1381.56	-0.09092	1
1381.6000000000001	-0.09103	1
1381.64	-0.09114	1
1381.68	-0.09125	1
1381.72	-0.09137	1
1381.76	-0.09018	1
1381.8	-0.08899	1
1381.84	-0.08910	1
1381.88	-0.08791	1
1381.92	-0.08803	1
1381.96	-0.08814	1
1382.0	-0.08825	1
1382.04	-0.08837	1
1382.08	-0.08848	1
1382.1200000000001	-0.08859	1
1382.16	-0.08870	1
1382.2	-0.08882	1
1382.24	-0.08893	1
1382.28	-0.08904	1
1382.32	-0.08915	1
1382.3600000000001	-0.08927	1
1382.4	-0.08938	1
1382.44	-0.08949	1
1382.48	-0.08961	1
1382.52	-0.08972	1
1382.56	-0.08983	1
1382.6000000000001	-0.09254	1
1382.64	-0.09254	1
1382.68	-0.09254	1
1382.72	-0.09254	1
1382.76	-0.09254	1
1382.8	-0.09254	1
1382.84	-0.09254	1
1382.88	-0.09254	1
1382.92	-0.09254	1
1382.96	-0.09254	1
1383.0	-0.09254	1
1383.04	-0.09254	1
1383.08	-0.09254	1
1383.1200000000001	-0.09254	1
1383.16	-0.09254	1
1383.2	-0.09254	1
1383.24	-0.09254	1
1383.28	-0.09254	1
1383.32	-0.09254	1
1383.3600000000001	-0.09254	1
1383.4	-0.09135	1
1383.44	-0.09395	1
1383.48	-0.09395	1
1383.52	-0.09395	1
1383.56	-0.09395	1
1383.6000000000001	-0.09395	1
1383.64	-0.09395	1
1383.68	-0.09395	1
1383.72	-0.09395	1
1383.76	-0.09395	1
1383.8	-0.09395	1
1383.84	-0.09395	1
1383.88	-0.09395	1
1383.92	-0.09395	1
1383.96	-0.09395	1
1384.0	-0.09395	1
1384.04	-0.09265	1
1384.08	-0.09265	1
1384.1200000000001	-0.09265	1
1384.16	-0.09265	1
1384.2	-0.09265	1
1384.24	-0.09147	1
1384.28	-0.09158	1
1384.32	-0.09169	1
1384.3600000000001	-0.09180	1
1384.4	-0.09191	1
1384.44	-0.09203	1
1384.48	-0.09214	1
1384.52	-0.09225	1
1384.56	-0.09236	1
1384.6000000000001	-0.09248	1
1384.64	-0.09259	1
1384.68	-0.09259	1
1384.72	-0.09259	1
1384.76	-0.09259	1
1384.8	-0.09259	1
1384.84	-0.09259	1
1384.88	-0.09259	1
1384.92	-0.09259	1
1384.96	-0.09259	1
1385.0	-0.09259	1
1385.04	-0.09259	1
1385.08	-0.09259	1
1385.1200000000001	-0.09259	1
1385.16	-0.09259	1
1385.2	-0.09259	1
1385.24	-0.09259	1
1385.28	-0.09259	1
1385.32	-0.09259	1
1385.3600000000001	-0.09259	1
1385.4	-0.09259	1
1385.44	-0.09259	1
1385.48	-0.09140	1
1385.52	-0.09152	1
1385.56	-0.09163	1
1385.6000000000001	-0.09174	1
1385.64	-0.09185	1
1385.68	-0.09196	1
1385.72	-0.09208	1
1385.76	-0.09219	1
1385.8	-0.09230	1
1385.84	-0.09241	1
1385.88	-0.09252	1
1385.92	-0.09134	1
1385.96	-0.09016	1
1386.0	-0.09027	1
1386.04	-0.08909	1
1386.08	-0.09179	1
1386.1200000000001	-0.09190	1
1386.16	-0.09201	1
1386.2	-0.09212	1
1386.24	-0.09471	1
1386.28	-0.09471	1
1386.32	-0.09471	1
1386.3600000000001	-0.09471	1
1386.4	-0.09471	1
1386.44	-0.09471	1
1386.48	-0.09471	1
1386.52	-0.09471	1
1386.56	-0.09471	1
1386.6000000000001	-0.09471	1
1386.64	-0.09471	1
1386.68	-0.09471	1
1386.72	-0.09471	1
1386.76	-0.09471	1
1386.8	-0.09471	1
1386.84	-0.09471	0
1386.88	-0.09471	0
1386.92	-0.09471	0
1386.96	-0.09342	0
1387.0	-0.09342	0
1387.04	-0.09342	0
1387.08	-0.09342	0
1387.1200000000001	-0.09342	0
1387.16	-0.09342	0
1387.2	-0.09342	0
1387.24	-0.09342	0
1387.28	-0.09342	0
1387.32	-0.09342	0
1387.3600000000001	-0.09342	0
1387.4	-0.09342	0
1387.44	-0.09342	0
1387.48	-0.09342	0
1387.52	-0.09342	0
1387.56	-0.09342	0
1387.6000000000001	-0.09342	0
1387.64	-0.09342	0
1387.68	-0.09342	0
1387.72	-0.09342	0
1387.76	-0.09342	0
1387.8	-0.09342	0
1387.84	-0.09342	0
1387.88	-0.09342	0
1387.92	-0.09224	0
1387.96	-0.09235	0
1388.0	-0.09246	0
1388.04	-0.09257	0
1388.08	-0.09257	0
1388.1200000000001	-0.09257	0
1388.16	-0.09139	0
1388.2	-0.09150	0
1388.24	-0.09161	0
1388.28	-0.09043	0
1388.32	-0.09055	0
1388.3600000000001	-0.08937	0
1388.4	-0.08948	0
1388.44	-0.08959	0
1388.48	-0.08970	0
1388.52	-0.08981	0
1388.56	-0.08993	0
1388.6000000000001	-0.09004	0
1388.64	-0.09015	0
1388.68	-0.09026	0
1388.72	-0.08908	0
1388.76	-0.08920	0
1388.8	-0.08931	0
1388.84	-0.08942	0
1388.88	-0.08953	0
1388.92	-0.08964	0
1388.96	-0.08975	0
1389.0	-0.08987	0
1389.04	-0.08998	0
1389.08	-0.09009	0
1389.1200000000001	-0.09020	0
1389.16	-0.09031	0
1389.2	-0.09042	0
1389.24	-0.09054	0
1389.28	-0.09065	0
1389.32	-0.09076	0
1389.3600000000001	-0.09087	0
1389.4	-0.09098	0
1389.44	-0.09109	0
1389.48	-0.09120	0
1389.52	-0.09132	0
1389.56	-0.09143	0
1389.6000000000001	-0.09154	0
1389.64	-0.09165	0
1389.68	-0.09176	0
1389.72	-0.09187	0
1389.76	-0.09198	0
1389.8	-0.09210	0
1389.84	-0.09221	0
1389.88	-0.09103	0
1389.92	-0.09114	0
1389.96	-0.09125	0
1390.0	-0.09137	0
1390.04	-0.09148	0
1390.08	-0.09159	0
1390.1200000000001	-0.09170	0
1390.16	-0.09181	0
1390.2	-0.09192	0
1390.24	-0.09203	0
1390.28	-0.09214	0
1390.32	-0.09225	0
1390.3600000000001	-0.09237	0
1390.4	-0.09248	0
1390.44	-0.09259	0
1390.48	-0.09259	0
1390.52	-0.09259	0
1390.56	-0.09259	0
1390.6000000000001	-0.09259	0
1390.64	-0.09259	0
1390.68	-0.09259	0
1390.72	-0.09259	0
1390.76	-0.09141	0
1390.8	-0.09153	0
1390.84	-0.09164	0
1390.88	-0.09175	0
1390.92	-0.09186	0
1390.96	-0.09197	0
1391.0	-0.09208	0
1391.04	-0.09219	0
1391.08	-0.09230	0
1391.1200000000001	-0.09241	0
1391.16	-0.09252	0
1391.2	-0.09252	0
1391.24	-0.09252	0
1391.28	-0.09252	0
1391.32	-0.09252	0
1391.3600000000001	-0.09252	0
1391.4	-0.09135	0
1391.44	-0.09146	0
1391.48	-0.09157	0
1391.52	-0.09169	0
1391.56	-0.09052	0
1391.6000000000001	-0.09063	0
1391.64	-0.09074	0
1391.68	-0.09085	0
1391.72	-0.09096	0
1391.76	-0.09107	0
1391.8	-0.09363	0
1391.84	-0.09363	0
1391.88	-0.09363	0
1391.92	-0.09363	0
1391.96	-0.09363	0
1392.0	-0.09363	0
1392.04	-0.09363	0
1392.08	-0.09363	0
1392.1200000000001	-0.09363	0
1392.16	-0.09363	0
1392.2	-0.09363	0
1392.24	-0.09363	0
1392.28	-0.09363	0
1392.32	-0.09363	0
1392.3600000000001	-0.09363	0
1392.4	-0.09246	0
1392.44	-0.09257	0
1392.48	-0.09257	0
1392.52	-0.09257	0
1392.56	-0.09257	0
1392.6000000000001	-0.09140	0
1392.64	-0.09023	0
1392.68	-0.09034	0
1392.72	-0.09046	0
1392.76	-0.09057	0
1392.8	-0.09068	0
1392.84	-0.09079	0
1392.88	-0.08962	0
1392.92	-0.08973	0
1392.96	-0.08984	0
1393.0	-0.08995	0
1393.04	-0.09006	0
1393.08	-0.09017	0
1393.1200000000001	-0.09028	0
1393.16	-0.09040	0
1393.2	-0.09051	0
1393.24	-0.09062	0
1393.28	-0.09073	0
1393.32	-0.09084	0
1393.3600000000001	-0.09095	0
1393.4	-0.09106	0
1393.44	-0.09117	1
1393.48	-0.09129	1
1393.52	-0.09140	1
1393.56	-0.09151	1
1393.6000000000001	-0.09163	1
1393.64	-0.09174	1
1393.68	-0.09054	1
1393.72	-0.09065	1
1393.76	-0.09077	1
1393.8	-0.09088	1
1393.84	-0.09100	1
1393.88	-0.09111	1
1393.92	-0.09122	1
1393.96	-0.09134	1
1394.0	-0.09014	1
1394.04	-0.08894	1
1394.08	-0.08905	1
1394.1200000000001	-0.08917	1
1394.16	-0.08928	1
1394.2	-0.08939	1
1394.24	-0.08951	1
1394.28	-0.08962	1
1394.32	-0.08974	1
1394.3600000000001	-0.08985	1
1394.4	-0.08996	1
1394.44	-0.09008	1
1394.48	-0.09019	1
1394.52	-0.09030	1
1394.56	-0.09042	1
1394.6000000000001	-0.09053	1
1394.64	-0.09064	1
1394.68	-0.09076	1
1394.72	-0.09087	1
1394.76	-0.09098	1
1394.8	-0.09110	1
1394.84	-0.09121	1
1394.88	-0.09132	1
1394.92	-0.09144	1
1394.96	-0.09155	1
1395.0	-0.09166	1
1395.04	-0.09178	1
1395.08	-0.09189	1
1395.1200000000001	-0.09200	1
1395.16	-0.09212	1
1395.2	-0.09223	1
1395.24	-0.09234	1
1395.28	-0.09246	1
1395.32	-0.09257	1
1395.3600000000001	-0.09257	1
1395.4	-0.09257	1
1395.44	-0.09257	1
1395.48	-0.09257	1
1395.52	-0.09257	1
1395.56	-0.09257	1
1395.6000000000001	-0.09257	1
1395.64	-0.09257	1
1395.68	-0.09257	1
1395.72	-0.09257	1
1395.76	-0.09257	1
1395.8	-0.09257	1
1395.84	-0.09257	1
1395.88	-0.09257	1
1395.92	-0.09257	1
1395.96	-0.09257	1
1396.0	-0.09257	1
1396.04	-0.09257	1
1396.08	-0.09257	1
1396.1200000000001	-0.09257	1
1396.16	-0.09257	1
1396.2	-0.09257	1
1396.24	-0.09257	1
1396.28	-0.09007	1
1396.32	-0.09018	1
1396.3600000000001	-0.09029	1
1396.4	-0.09041	1
1396.44	-0.09052	1
1396.48	-0.09063	1
1396.52	-0.08944	1
1396.56	-0.08955	1
1396.6000000000001	-0.08967	1
1396.64	-0.08978	1
1396.68	-0.08989	1
1396.72	-0.09001	1
1396.76	-0.09012	1
1396.8	-0.09023	0
1396.84	-0.09035	0
1396.88	-0.09046	0
1396.92	-0.09057	0
1396.96	-0.09068	0
1397.0	-0.09080	0
1397.04	-0.09091	0
1397.08	-0.09102	0
1397.1200000000001	-0.09114	0
1397.16	-0.09125	0
1397.2	-0.09006	0
1397.24	-0.09017	0
1397.28	-0.09028	0
1397.32	-0.09040	0
1397.3600000000001	-0.09051	0
1397.4	-0.09062	0
1397.44	-0.09074	0
1397.48	-0.09085	0
1397.52	-0.09345	0
1397.56	-0.09345	0
1397.6000000000001	-0.09345	0
1397.64	-0.09345	0
1397.68	-0.09345	0
1397.72	-0.09345	0
1397.76	-0.09345	0
1397.8	-0.09345	0
1397.84	-0.09345	0
1397.88	-0.09345	0
1397.92	-0.09345	0
1397.96	-0.09345	0
1398.0	-0.09345	0
1398.04	-0.09345	0
1398.08	-0.09226	0
1398.1200000000001	-0.09238	0
1398.16	-0.09249	0
1398.2	-0.09260	0
1398.24	-0.09260	0
1398.28	-0.09260	0
1398.32	-0.09260	0
1398.3600000000001	-0.09260	0
1398.4	-0.09260	0
1398.44	-0.09260	0
1398.48	-0.09260	0
1398.52	-0.09260	0
1398.56	-0.09260	0
1398.6000000000001	-0.09260	0
1398.64	-0.09260	1
1398.68	-0.09260	1
1398.72	-0.09260	1
1398.76	-0.09260	1
1398.8	-0.09260	1
1398.84	-0.09260	1
1398.88	-0.09260	1
1398.92	-0.09260	1
1398.96	-0.09260	1
1399.0	-0.09260	1
1399.04	-0.09260	1
1399.08	-0.09260	1
1399.1200000000001	-0.09260	1
1399.16	-0.09260	1
1399.2	-0.09260	1
1399.24	-0.09260	1
1399.28	-0.09260	1
1399.32	-0.09260	1
1399.3600000000001	-0.09260	1
1399.4	-0.09260	1
1399.44	-0.09260	1
1399.48	-0.09260	1
1399.52	-0.09260	1
1399.56	-0.09260	1
1399.6000000000001	-0.09260	1
1399.64	-0.09260	1
1399.68	-0.09260	1
1399.72	-0.09260	1
1399.76	-0.09260	1
1399.8	-0.09260	1
1399.84	-0.09260	1
1399.88	-0.09260	1
1399.92	-0.09260	1
1399.96	-0.09260	1
1400.0	-0.09260	1
1400.04	-0.09260	1
1400.08	-0.09260	1
1400.1200000000001	-0.09260	1
1400.16	-0.09260	1
1400.2	-0.09260	1
1400.24	-0.09260	1
1400.28	-0.09260	1
1400.32	-0.09260	1
1400.3600000000001	-0.09260	1
1400.4	-0.09260	1
1400.44	-0.09260	1
1400.48	-0.09260	1
1400.52	-0.09140	1
1400.56	-0.09151	1
1400.6000000000001	-0.09163	1
1400.64	-0.09174	1
1400.68	-0.09185	1
1400.72	-0.09197	1
1400.76	-0.09208	1
1400.8	-0.09220	1
1400.84	-0.09231	1
1400.88	-0.09242	1
1400.92	-0.09254	1
1400.96	-0.09254	1
1401.0	-0.09254	1
1401.04	-0.09254	1
1401.08	-0.09254	1
1401.1200000000001	-0.09254	1
1401.16	-0.09254	1
1401.2	-0.09254	1
1401.24	-0.09254	1
1401.28	-0.09254	1
1401.32	-0.09254	1
1401.3600000000001	-0.09254	1
1401.4	-0.09254	1
1401.44	-0.09254	1
1401.48	-0.09254	1
1401.52	-0.09254	1
1401.56	-0.09254	1
1401.6000000000001	-0.09254	1
1401.64	-0.09254	1
1401.68	-0.09254	1
1401.72	-0.09254	1
1401.76	-0.09254	1
1401.8	-0.09254	1
1401.84	-0.09254	1
1401.88	-0.09254	1
1401.92	-0.09254	1
1401.96	-0.09134	1
1402.0	-0.09396	1
1402.04	-0.09396	1
1402.08	-0.09396	1
1402.1200000000001	-0.09396	1
1402.16	-0.09396	1
1402.2	-0.09265	1
1402.24	-0.09145	1
1402.28	-0.09156	1
1402.32	-0.09036	1
1402.3600000000001	-0.09048	1
1402.4	-0.09059	1
1402.44	-0.09071	1
1402.48	-0.09082	1
1402.52	-0.09093	1
1402.56	-0.09105	1
1402.6000000000001	-0.09116	1
1402.64	-0.09127	1
1402.68	-0.09139	1
1402.72	-0.09150	1
1402.76	-0.09030	1
1402.8	-0.09042	1
1402.84	-0.09053	1
1402.88	-0.09064	1
1402.92	-0.09076	1
1402.96	-0.09087	1
1403.0	-0.09098	1
1403.04	-0.09110	1
1403.08	-0.09121	1
1403.1200000000001	-0.09001	1
1403.16	-0.09013	1
1403.2	-0.09024	1
1403.24	-0.08905	1
1403.28	-0.08916	1
1403.32	-0.08927	1
1403.3600000000001	-0.08939	1
1403.4	-0.08950	1
1403.44	-0.08961	1
1403.48	-0.08973	1
1403.52	-0.08984	1
1403.56	-0.08995	1
1403.6000000000001	-0.09007	1
1403.64	-0.09018	1
1403.68	-0.09029	1
1403.72	-0.09041	1
1403.76	-0.09052	1
1403.8	-0.09063	1
1403.84	-0.09075	1
1403.88	-0.09086	1
1403.92	-0.09097	1
1403.96	-0.09109	1
1404.0	-0.09120	1
1404.04	-0.09131	1
1404.08	-0.09142	1
1404.1200000000001	-0.09154	1
1404.16	-0.09165	1
1404.2	-0.09046	1
1404.24	-0.09057	1
1404.28	-0.09068	1
1404.32	-0.09080	1
1404.3600000000001	-0.09091	1
1404.4	-0.09102	1
1404.44	-0.09114	1
1404.48	-0.08995	1
1404.52	-0.09006	1
1404.56	-0.09017	1
1404.6000000000001	-0.09028	1
1404.64	-0.09040	1
1404.68	-0.09051	1
1404.72	-0.09062	1
1404.76	-0.09074	1
1404.8	-0.09085	1
1404.84	-0.09096	1
1404.88	-0.09107	1
1404.92	-0.08988	1
1404.96	-0.08870	1
1405.0	-0.09141	1
1405.04	-0.09152	1
1405.08	-0.09164	1
1405.1200000000001	-0.09175	1
1405.16	-0.09186	1
1405.2	-0.09067	1
1405.24	-0.09079	1
1405.28	-0.09090	1
1405.32	-0.09101	1
1405.3600000000001	-0.09112	1
1405.4	-0.09124	1
1405.44	-0.09005	1
1405.48	-0.09016	1
1405.52	-0.09027	1
1405.56	-0.09039	1
1405.6000000000001	-0.09050	1
1405.64	-0.09061	1
1405.68	-0.09072	1
1405.72	-0.09084	1
1405.76	-0.09095	0
1405.8	-0.08976	0
1405.84	-0.08728	0
1405.88	-0.08739	0
1405.92	-0.08751	0
1405.96	-0.08762	0
1406.0	-0.08773	0
1406.04	-0.08784	0
1406.08	-0.08796	0
1406.1200000000001	-0.08807	0
1406.16	-0.08818	0
1406.2	-0.08829	0
1406.24	-0.08841	0
1406.28	-0.08852	0
1406.32	-0.08863	0
1406.3600000000001	-0.08745	0
1406.4	-0.08756	0
1406.44	-0.08767	0
1406.48	-0.08779	0
1406.52	-0.08790	0
1406.56	-0.08801	0
1406.6000000000001	-0.08812	0
1406.64	-0.08824	0
1406.68	-0.08835	0
1406.72	-0.08846	0
1406.76	-0.08728	0
1406.8	-0.08739	0
1406.84	-0.08750	0
1406.88	-0.08762	0
1406.92	-0.08773	0
1406.96	-0.08784	0
1407.0	-0.08795	0
1407.04	-0.08807	0
1407.08	-0.08818	0
1407.1200000000001	-0.08829	0
1407.16	-0.08840	0
1407.2	-0.08851	0
1407.24	-0.08863	0
1407.28	-0.08874	0
1407.32	-0.08885	0
1407.3600000000001	-0.08896	0
1407.4	-0.08908	0
1407.44	-0.08919	0
1407.48	-0.08930	0
1407.52	-0.08941	0
1407.56	-0.09211	0
1407.6000000000001	-0.09222	0
1407.64	-0.09233	0
1407.68	-0.09244	0
1407.72	-0.09255	0
1407.76	-0.09255	0
1407.8	-0.09255	0
1407.84	-0.09255	0
1407.88	-0.09255	0
1407.92	-0.09255	0
1407.96	-0.09137	0
1408.0	-0.09149	0
1408.04	-0.09160	0
1408.08	-0.09171	0
1408.1200000000001	-0.09182	0
1408.16	-0.09193	0
1408.2	-0.09204	0
1408.24	-0.09215	0
1408.28	-0.09227	0
1408.32	-0.09238	0
1408.3600000000001	-0.09249	0
1408.4	-0.09260	0
1408.44	-0.09260	0
1408.48	-0.09260	0
1408.52	-0.09260	0
1408.56	-0.09260	0
1408.6000000000001	-0.09260	0
1408.64	-0.09260	0
1408.68	-0.09260	0
1408.72	-0.09260	0
1408.76	-0.09260	0
1408.8	-0.09260	0
1408.84	-0.09260	0
1408.88	-0.09260	0
1408.92	-0.09260	0
1408.96	-0.09260	0
1409.0	-0.09260	0
1409.04	-0.09260	0
1409.08	-0.09142	0
1409.1200000000001	-0.09153	0
1409.16	-0.09165	0
1409.2	-0.09176	0
1409.24	-0.09187	0
1409.28	-0.09198	0
1409.32	-0.09209	0
1409.3600000000001	-0.09220	0
1409.4	-0.09231	0
1409.44	-0.09243	0
1409.48	-0.09254	0
1409.52	-0.09254	0
1409.56	-0.09254	0
1409.6000000000001	-0.09254	0
1409.64	-0.09254	0
1409.68	-0.09254	0
1409.72	-0.09254	0
1409.76	-0.09254	0
1409.8	-0.09254	0
1409.84	-0.09254	0
1409.88	-0.09254	0
1409.92	-0.09254	0
1409.96	-0.09254	0
1410.0	-0.09254	0
1410.04	-0.09254	0
1410.08	-0.09254	0
1410.1200000000001	-0.09254	0
1410.16	-0.09254	0
1410.2	-0.09254	0
1410.24	-0.09254	0
1410.28	-0.09254	0
1410.32	-0.09254	0
1410.3600000000001	-0.09254	0
1410.4	-0.09254	0
1410.44	-0.09254	0
1410.48	-0.09254	0
1410.52	-0.09254	0
1410.56	-0.09254	0
1410.6000000000001	-0.09254	0
1410.64	-0.09254	0
1410.68	-0.09254	0
1410.72	-0.09254	0
1410.76	-0.09254	0
1410.8	-0.09254	0
1410.84	-0.09254	0
1410.88	-0.09254	0
1410.92	-0.09254	0
1410.96	-0.09254	0
1411.0	-0.09254	0
1411.04	-0.09254	0
1411.08	-0.09254	0
1411.1200000000001	-0.09254	0
1411.16	-0.09254	0
1411.2	-0.09254	0
1411.24	-0.09254	0
1411.28	-0.09136	0
1411.32	-0.09147	0
1411.3600000000001	-0.09158	0
1411.4	-0.09170	0
1411.44	-0.09181	0
1411.48	-0.09192	0
1411.52	-0.09203	0
1411.56	-0.09214	0
1411.6000000000001	-0.09225	0
1411.64	-0.09236	0
1411.68	-0.09247	0
1411.72	-0.09258	0
1411.76	-0.09258	0
1411.8	-0.09258	0
1411.84	-0.09141	0
1411.88	-0.09152	0
1411.92	-0.09163	0
1411.96	-0.09174	0
1412.0	-0.09186	0
1412.04	-0.09197	0
1412.08	-0.09208	0
1412.1200000000001	-0.09219	0
1412.16	-0.09230	0
1412.2	-0.09241	1
1412.24	-0.09253	1
1412.28	-0.09253	1
1412.32	-0.09253	1
1412.3600000000001	-0.09253	1
1412.4	-0.09133	1
1412.44	-0.09144	1
1412.48	-0.09155	1
1412.52	-0.09167	1
1412.56	-0.09178	1
1412.6000000000001	-0.09189	1
1412.64	-0.09201	1
1412.68	-0.09212	1
1412.72	-0.09092	1
1412.76	-0.09104	1
1412.8	-0.08984	1
1412.84	-0.08995	1
1412.88	-0.09138	1
1412.92	-0.09149	1
1412.96	-0.09029	1
1413.0	-0.08909	1
1413.04	-0.08921	1
1413.08	-0.08801	1
1413.1200000000001	-0.08681	1
1413.16	-0.08693	1
1413.2	-0.08704	1
1413.24	-0.08715	1
1413.28	-0.08727	1
1413.32	-0.08738	1
1413.3600000000001	-0.08750	1
1413.4	-0.08761	1
1413.44	-0.09034	1
1413.48	-0.09046	1
1413.52	-0.09057	1
1413.56	-0.09068	1
1413.6000000000001	-0.09080	1
1413.64	-0.08960	1
1413.68	-0.08971	1
1413.72	-0.08983	1
1413.76	-0.08732	1
1413.8	-0.08744	1
1413.84	-0.08755	1
1413.88	-0.08766	1
1413.92	-0.08778	1
1413.96	-0.08789	1
1414.0	-0.08801	1
1414.04	-0.08812	1
1414.08	-0.08823	1
1414.1200000000001	-0.08835	1
1414.16	-0.08846	1
1414.2	-0.08857	1
1414.24	-0.08738	0
1414.28	-0.08749	0
1414.32	-0.08761	0
1414.3600000000001	-0.08772	0
1414.4	-0.08783	0
1414.44	-0.08795	0
1414.48	-0.08806	0
1414.52	-0.08817	0
1414.56	-0.08829	0
1414.6000000000001	-0.08840	0
1414.64	-0.08851	0
1414.68	-0.08863	0
1414.72	-0.08874	0
1414.76	-0.08885	0
1414.8	-0.08897	0
1414.84	-0.08908	0
1414.88	-0.08919	0
1414.92	-0.08931	0
1414.96	-0.08942	0
1415.0	-0.08953	0
1415.04	-0.08965	0
1415.08	-0.08976	0
1415.1200000000001	-0.08987	0
1415.16	-0.08999	0
1415.2	-0.09259	0
1415.24	-0.09259	0
1415.28	-0.09259	0
1415.32	-0.09259	0
1415.3600000000001	-0.09259	0
1415.4	-0.09140	0
1415.44	-0.09151	0
1415.48	-0.09163	0
1415.52	-0.09174	0
1415.56	-0.09185	0
1415.6000000000001	-0.09196	0
1415.64	-0.09208	0
1415.68	-0.09219	0
1415.72	-0.09230	0
1415.76	-0.09241	0
1415.8	-0.09253	0
1415.84	-0.09253	0
1415.88	-0.09253	0
1415.92	-0.09253	0
1415.96	-0.09134	0
1416.0	-0.09145	0
1416.04	-0.09156	0
1416.08	-0.09168	0
1416.1200000000001	-0.09179	0
1416.16	-0.09190	0
1416.2	-0.09201	0
1416.24	-0.09213	0
1416.28	-0.09224	0
1416.32	-0.09235	0
1416.3600000000001	-0.09246	0
1416.4	-0.09258	0
1416.44	-0.09258	0
1416.48	-0.09258	0
1416.52	-0.09258	0
1416.56	-0.09258	0
1416.6000000000001	-0.09258	0
1416.64	-0.09258	0
1416.68	-0.09258	0
1416.72	-0.09258	0
1416.76	-0.09258	0
1416.8	-0.09258	0
1416.84	-0.09258	0
1416.88	-0.09258	0
1416.92	-0.09258	0
1416.96	-0.09258	0
1417.0	-0.09258	0
1417.04	-0.09258	0
1417.08	-0.09258	0
1417.1200000000001	-0.09258	0
1417.16	-0.09258	0
1417.2	-0.09258	0
1417.24	-0.09258	0
1417.28	-0.09258	0
1417.32	-0.09258	0
1417.3600000000001	-0.09258	0
1417.4	-0.09258	0
1417.44	-0.09258	0
1417.48	-0.09258	0
1417.52	-0.09258	0
1417.56	-0.09258	0
1417.6000000000001	-0.09258	0
1417.64	-0.09258	0
1417.68	-0.09258	0
1417.72	-0.09258	0
1417.76	-0.09258	0
1417.8	-0.09258	0
1417.84	-0.09258	0
1417.88	-0.09258	0
1417.92	-0.09258	0
1417.96	-0.09258	0
1418.0	-0.09258	0
1418.04	-0.09258	0
1418.08	-0.09258	0
1418.1200000000001	-0.09258	0
1418.16	-0.09258	0
1418.2	-0.09258	0
1418.24	-0.09258	1
1418.28	-0.09258	1
1418.32	-0.09258	1
1418.3600000000001	-0.09258	1
1418.4	-0.09258	1
1418.44	-0.09258	1
1418.48	-0.09258	1
1418.52	-0.09258	1
1418.56	-0.09258	1
1418.6000000000001	-0.09137	1
1418.64	-0.09149	1
1418.68	-0.09160	1
1418.72	-0.09172	1
1418.76	-0.09183	1
1418.8	-0.08932	1
1418.84	-0.08943	1
1418.88	-0.08954	1
1418.92	-0.08966	1
1418.96	-0.08977	1
1419.0	-0.08988	1
1419.04	-0.09000	1
1419.08	-0.09011	1
1419.1200000000001	-0.09274	1
1419.16	-0.09274	1
1419.2	-0.09274	1
1419.24	-0.09274	1
1419.28	-0.09274	1
1419.32	-0.09274	1
1419.3600000000001	-0.09274	1
1419.4	-0.09274	1
1419.44	-0.09274	1
1419.48	-0.09274	1
1419.52	-0.09274	1
1419.56	-0.09274	1
1419.6000000000001	-0.09274	1
1419.64	-0.09274	1
1419.68	-0.09274	1
1419.72	-0.09274	1
1419.76	-0.09274	1
1419.8	-0.09274	1
1419.84	-0.09274	1
1419.88	-0.09274	1
1419.92	-0.09274	1
1419.96	-0.09274	1
1420.0	-0.09274	1
1420.04	-0.09274	1
1420.08	-0.09274	1
1420.1200000000001	-0.09274	1
1420.16	-0.09274	1
1420.2	-0.09274	1
1420.24	-0.09274	1
1420.28	-0.09274	1
1420.32	-0.09274	1
1420.3600000000001	-0.09274	1
1420.4	-0.09154	1
1420.44	-0.09034	1
1420.48	-0.09045	1
1420.52	-0.09057	1
1420.56	-0.09068	1
1420.6000000000001	-0.09079	1
1420.64	-0.09091	1
1420.68	-0.09102	1
1420.72	-0.09113	1
1420.76	-0.09125	1
1420.8	-0.09005	1
1420.84	-0.09016	1
1420.88	-0.09028	1
1420.92	-0.09039	1
1420.96	-0.09050	1
1421.0	-0.08800	1
1421.04	-0.08811	1
1421.08	-0.08823	1
1421.1200000000001	-0.08834	1
1421.16	-0.08845	1
1421.2	-0.08857	1
1421.24	-0.08868	1
1421.28	-0.08879	1
1421.32	-0.08891	1
1421.3600000000001	-0.08902	1
1421.4	-0.08913	1
1421.44	-0.08925	1
1421.48	-0.08936	1
1421.52	-0.08948	1
1421.56	-0.08959	1
1421.6000000000001	-0.08970	1
1421.64	-0.08982	1
1421.68	-0.08993	1
1421.72	-0.09004	1
1421.76	-0.09016	1
1421.8	-0.09027	1
1421.84	-0.09038	1
1421.88	-0.09049	1
1421.92	-0.09061	1
1421.96	-0.09072	1
1422.0	-0.09083	1
1422.04	-0.09095	1
1422.08	-0.09106	1
1422.1200000000001	-0.09117	1
1422.16	-0.09129	1
1422.2	-0.09140	1
1422.24	-0.09151	1
1422.28	-0.09163	1
1422.32	-0.09174	1
1422.3600000000001	-0.09185	1
1422.4	-0.09196	1
1422.44	-0.09208	1
1422.48	-0.09219	1
1422.52	-0.09100	1
1422.56	-0.09111	1
1422.6000000000001	-0.09122	1
1422.64	-0.09134	1
1422.68	-0.09145	0
1422.72	-0.09156	0
1422.76	-0.09167	0
1422.8	-0.09179	0
1422.84	-0.09190	0
1422.88	-0.09201	0
1422.92	-0.09213	0
1422.96	-0.09224	0
1423.0	-0.09235	0
1423.04	-0.09246	0
1423.08	-0.09507	0
1423.1200000000001	-0.09507	0
1423.16	-0.09507	0
1423.2	-0.09507	0
1423.24	-0.09507	0
1423.28	-0.09507	0
1423.32	-0.09507	0
1423.3600000000001	-0.09507	0
1423.4	-0.09507	0
1423.44	-0.09507	0
1423.48	-0.09507	0
1423.52	-0.09507	0
1423.56	-0.09507	0
1423.6000000000001	-0.09507	0
1423.64	-0.09507	0
1423.68	-0.09507	0
1423.72	-0.09377	0
1423.76	-0.09377	0
1423.8	-0.09258	0
1423.84	-0.09258	0
1423.88	-0.09258	0
1423.92	-0.09258	0
1423.96	-0.09258	0
1424.0	-0.09258	0
1424.04	-0.09258	0
1424.08	-0.09258	0
1424.1200000000001	-0.09258	0
1424.16	-0.09139	0
1424.2	-0.09150	0
1424.24	-0.09161	0
1424.28	-0.09172	0
1424.32	-0.09184	0
1424.3600000000001	-0.09195	0
1424.4	-0.09206	0
1424.44	-0.09217	0
1424.48	-0.09229	0
1424.52	-0.09240	0
1424.56	-0.09251	0
1424.6000000000001	-0.09251	0
1424.64	-0.09251	0
1424.68	-0.09251	0
1424.72	-0.09251	0
1424.76	-0.09251	0
1424.8	-0.09251	0
1424.84	-0.09251	0
1424.88	-0.09251	0
1424.92	-0.09251	0
1424.96	-0.09251	0
1425.0	-0.09251	0
1425.04	-0.09251	0
1425.08	-0.09251	0
1425.1200000000001	-0.09132	0
1425.16	-0.09144	0
1425.2	-0.09155	0
1425.24	-0.09036	0
1425.28	-0.09047	0
1425.32	-0.09059	0
1425.3600000000001	-0.09070	0
1425.4	-0.09081	0
1425.44	-0.09092	0
1425.48	-0.09104	0
1425.52	-0.09115	0
1425.56	-0.09126	0
1425.6000000000001	-0.09137	0
1425.64	-0.09149	0
1425.68	-0.09160	0
1425.72	-0.09171	0
1425.76	-0.09053	0
1425.8	-0.09064	0
1425.84	-0.09075	0
1425.88	-0.09086	0
1425.92	-0.09098	0
1425.96	-0.09109	0
1426.0	-0.09120	0
1426.04	-0.09131	0
1426.08	-0.09142	0
1426.1200000000001	-0.09154	0
1426.16	-0.09165	0
1426.2	-0.09176	0
1426.24	-0.09187	0
1426.28	-0.09199	1
1426.32	-0.09079	1
1426.3600000000001	-0.09090	1
1426.4	-0.09101	1
1426.44	-0.09113	1
1426.48	-0.09124	1
1426.52	-0.09135	1
1426.56	-0.09147	1
1426.6000000000001	-0.09158	1
1426.64	-0.09169	1
1426.68	-0.09181	1
1426.72	-0.09192	1
1426.76	-0.09204	1
1426.8	-0.09215	1
1426.84	-0.09095	1
1426.88	-0.09106	1
1426.92	-0.09118	1
1426.96	-0.09129	1
1427.0	-0.09140	1
1427.04	-0.09152	1
1427.08	-0.09163	1
1427.1200000000001	-0.09174	1
1427.16	-0.09186	1
1427.2	-0.09197	1
1427.24	-0.09208	1
1427.28	-0.09220	1
1427.32	-0.09231	1
1427.3600000000001	-0.09242	1
1427.4	-0.09254	1
1427.44	-0.09254	1
1427.48	-0.09254	1
1427.52	-0.09003	1
1427.56	-0.09014	1
1427.6000000000001	-0.09026	1
1427.64	-0.09037	1
1427.68	-0.09049	1
1427.72	-0.09060	1
1427.76	-0.09071	1
1427.8	-0.09083	1
1427.84	-0.09094	1
1427.88	-0.09105	1
1427.92	-0.09117	1
1427.96	-0.09128	1
1428.0	-0.09139	1
1428.04	-0.09150	1
1428.08	-0.09162	1
1428.1200000000001	-0.09173	1
1428.16	-0.09054	1
1428.2	-0.09065	1
1428.24	-0.09076	1
1428.28	-0.09088	1
1428.32	-0.09099	1
1428.3600000000001	-0.09110	1
1428.4	-0.09122	1
1428.44	-0.09133	1
1428.48	-0.09144	1
1428.52	-0.09155	1
1428.56	-0.09167	1
1428.6000000000001	-0.09178	1
1428.64	-0.09189	1
1428.68	-0.09201	1
1428.72	-0.09212	1
1428.76	-0.09223	1
1428.8	-0.09104	1
1428.84	-0.09115	1
1428.88	-0.09127	1
1428.92	-0.09007	1
1428.96	-0.09019	1
1429.0	-0.09030	1
1429.04	-0.09041	1
1429.08	-0.09053	1
1429.1200000000001	-0.09064	1
1429.16	-0.09075	1
1429.2	-0.09087	1
1429.24	-0.09098	1
1429.28	-0.09109	1
1429.32	-0.09120	1
1429.3600000000001	-0.09132	0
1429.4	-0.09143	0
1429.44	-0.09154	0
1429.48	-0.09165	0
1429.52	-0.09046	0
1429.56	-0.08928	0
1429.6000000000001	-0.08939	0
1429.64	-0.08950	0
1429.68	-0.08961	0
1429.72	-0.08843	0
1429.76	-0.08854	0
1429.8	-0.08865	0
1429.84	-0.08877	0
1429.88	-0.08888	0
1429.92	-0.08769	0
1429.96	-0.08780	0
1430.0	-0.08792	0
1430.04	-0.08803	0
1430.08	-0.08814	0
1430.1200000000001	-0.08825	0
1430.16	-0.08837	0
1430.2	-0.08848	0
1430.24	-0.08859	0
1430.28	-0.08871	0
1430.32	-0.08882	0
1430.3600000000001	-0.08893	0
1430.4	-0.08904	0
1430.44	-0.08916	0
1430.48	-0.08927	0
1430.52	-0.08808	0
1430.56	-0.08820	0
1430.6000000000001	-0.08831	0
1430.64	-0.08842	0
1430.68	-0.08853	0
1430.72	-0.08865	0
1430.76	-0.08746	0
1430.8	-0.08758	1
1430.84	-0.08638	1
1430.88	-0.08649	1
1430.92	-0.08661	1
1430.96	-0.08672	1
1431.0	-0.08683	1
1431.04	-0.08695	1
1431.08	-0.08706	1
1431.1200000000001	-0.08718	1
1431.16	-0.08729	1
1431.2	-0.08741	1
1431.24	-0.08752	1
1431.28	-0.08632	1
1431.32	-0.08512	1
1431.3600000000001	-0.08524	1
1431.4	-0.08404	1
1431.44	-0.08415	1
1431.48	-0.08689	1
1431.52	-0.08701	1
1431.56	-0.08712	1
1431.6000000000001	-0.08723	1
1431.64	-0.08735	1
1431.68	-0.08746	1
1431.72	-0.08758	1
1431.76	-0.08638	1
1431.8	-0.08649	1
1431.84	-0.08661	1
1431.88	-0.08672	1
1431.92	-0.08683	1
1431.96	-0.08564	1
1432.0	-0.08575	1
1432.04	-0.08587	1
1432.08	-0.08598	1
1432.1200000000001	-0.08609	1
1432.16	-0.08621	1
1432.2	-0.08632	1
1432.24	-0.08644	1
1432.28	-0.08655	1
1432.32	-0.08666	1
1432.3600000000001	-0.08678	1
1432.4	-0.08689	1
1432.44	-0.08701	1
1432.48	-0.08712	1
1432.52	-0.08723	1
1432.56	-0.08735	1
1432.6000000000001	-0.08746	1
1432.64	-0.08757	1
1432.68	-0.08638	1
1432.72	-0.08649	0
1432.76	-0.08661	0
1432.8	-0.08672	0
1432.84	-0.08683	0
1432.88	-0.08564	0
1432.92	-0.08576	0
1432.96	-0.08587	0
1433.0	-0.08598	0
1433.04	-0.08610	0
1433.08	-0.08621	0
1433.1200000000001	-0.08632	0
1433.16	-0.08644	0
1433.2	-0.08655	0
1433.24	-0.08536	0
1433.28	-0.08547	0
1433.32	-0.08559	0
1433.3600000000001	-0.08570	0
1433.4	-0.08451	0
1433.44	-0.08462	0
1433.48	-0.08474	0
1433.52	-0.08485	0
1433.56	-0.08496	0
1433.6000000000001	-0.08378	0
1433.64	-0.08389	0
1433.68	-0.08400	0
1433.72	-0.08412	0
1433.76	-0.08423	0
1433.8	-0.08434	1
1433.84	-0.08446	1
1433.88	-0.08326	1
1433.92	-0.08337	1
1433.96	-0.08349	1
1434.0	-0.08360	1
1434.04	-0.08372	1
1434.08	-0.08383	1
1434.1200000000001	-0.08395	1
1434.16	-0.08406	1
1434.2	-0.08418	1
1434.24	-0.08298	1
1434.28	-0.08309	1
1434.32	-0.08321	1
1434.3600000000001	-0.08332	1
1434.4	-0.08344	1
1434.44	-0.08355	1
1434.48	-0.08367	1
1434.52	-0.08378	1
1434.56	-0.08389	1
1434.6000000000001	-0.08401	1
1434.64	-0.08412	1
1434.68	-0.08424	1
1434.72	-0.08435	1
1434.76	-0.08447	1
1434.8	-0.08458	1
1434.84	-0.08469	1
1434.88	-0.08481	1
1434.92	-0.08492	1
1434.96	-0.08504	1
1435.0	-0.08515	1
1435.04	-0.08527	1
1435.08	-0.08538	1
1435.1200000000001	-0.08549	1
1435.16	-0.08561	1
1435.2	-0.08572	1
1435.24	-0.08584	1
1435.28	-0.08595	1
1435.32	-0.08606	1
1435.3600000000001	-0.08487	1
1435.4	-0.08498	1
1435.44	-0.08510	1
1435.48	-0.08521	1
1435.52	-0.08532	1
1435.56	-0.08544	1
1435.6000000000001	-0.08555	1
1435.64	-0.08567	1
1435.68	-0.08578	1
1435.72	-0.08589	1
1435.76	-0.08601	1
1435.8	-0.08612	1
1435.84	-0.08624	1
1435.88	-0.08635	1
1435.92	-0.08646	1
1435.96	-0.08658	1
1436.0	-0.08669	1
1436.04	-0.08680	1
1436.08	-0.08692	1
1436.1200000000001	-0.08703	1
1436.16	-0.08714	1
1436.2	-0.08726	1
1436.24	-0.08737	1
1436.28	-0.08748	1
1436.32	-0.08760	0
1436.3600000000001	-0.08771	0
1436.4	-0.08782	0
1436.44	-0.08794	0
1436.48	-0.08805	0
1436.52	-0.08816	0
1436.56	-0.08828	0
1436.6000000000001	-0.08839	0
1436.64	-0.09111	0
1436.68	-0.09122	0
1436.72	-0.09134	0
1436.76	-0.09145	0
1436.8	-0.09156	0
1436.84	-0.09167	0
1436.88	-0.09179	0
1436.92	-0.09190	0
1436.96	-0.09201	0
1437.0	-0.09212	0
1437.04	-0.09224	0
1437.08	-0.09235	0
1437.1200000000001	-0.09246	0
1437.16	-0.09257	0
1437.2	-0.09257	0
1437.24	-0.09257	0
1437.28	-0.09257	0
1437.32	-0.09257	0
1437.3600000000001	-0.09257	0
1437.4	-0.09257	0
1437.44	-0.09257	0
1437.48	-0.09257	0
1437.52	-0.09257	0
1437.56	-0.09257	0
1437.6000000000001	-0.09257	0
1437.64	-0.09139	0
1437.68	-0.09150	0
1437.72	-0.09161	0
1437.76	-0.09172	0
1437.8	-0.09184	0
1437.84	-0.09195	0
1437.88	-0.09206	0
1437.92	-0.09217	0
1437.96	-0.09229	0
1438.0	-0.09240	0
1438.04	-0.09251	0
1438.08	-0.09251	1
1438.1200000000001	-0.09251	1
1438.16	-0.09251	1
1438.2	-0.09251	1
1438.24	-0.09251	1
1438.28	-0.09251	1
1438.32	-0.09131	1
1438.3600000000001	-0.09142	1
1438.4	-0.09154	1
1438.44	-0.09417	1
1438.48	-0.09417	1
1438.52	-0.09417	1
1438.56	-0.09285	1
1438.6000000000001	-0.09285	1
1438.64	-0.09285	1
1438.68	-0.09285	1
1438.72	-0.09285	1
1438.76	-0.09285	1
1438.8	-0.09285	1
1438.84	-0.09285	1
1438.88	-0.09285	1
1438.92	-0.09285	1
1438.96	-0.09285	1
1439.0	-0.09285	1
1439.04	-0.09285	1
1439.08	-0.09285	1
1439.1200000000001	-0.09285	1
1439.16	-0.09285	1
1439.2	-0.09285	1
1439.24	-0.09285	1
1439.28	-0.09285	1
1439.32	-0.09285	1
1439.3600000000001	-0.09285	1
1439.4	-0.09285	1
1439.44	-0.09285	1
1439.48	-0.09285	1
1439.52	-0.09285	1
1439.56	-0.09285	1
1439.6000000000001	-0.09285	1
1439.64	-0.09285	1
1439.68	-0.09285	1
1439.72	-0.09285	1
1439.76	-0.09285	1
1439.8	-0.09285	1
1439.84	-0.09285	1
1439.88	-0.09285	1
1439.92	-0.09285	1
1439.96	-0.09285	1
1440.0	-0.09285	1
1440.04	-0.09165	1
1440.08	-0.09176	1
1440.1200000000001	-0.09188	1
1440.16	-0.09199	1
1440.2	-0.09210	1
1440.24	-0.09222	1
1440.28	-0.09233	1
1440.32	-0.09245	1
1440.3600000000001	-0.09256	1
1440.4	-0.09256	1
1440.44	-0.09256	1
1440.48	-0.09256	1
1440.52	-0.09256	1
1440.56	-0.09256	1
1440.6000000000001	-0.09256	1
1440.64	-0.09136	1
1440.68	-0.09147	1
1440.72	-0.09159	1
1440.76	-0.09170	1
1440.8	-0.09181	1
1440.84	-0.09193	1
1440.88	-0.09204	1
1440.92	-0.09215	1
1440.96	-0.09227	1
1441.0	-0.09238	1
1441.04	-0.09249	1
1441.08	-0.09261	1
1441.1200000000001	-0.09261	1
1441.16	-0.09141	1
1441.2	-0.09152	1
1441.24	-0.09164	1
1441.28	-0.09175	1
1441.32	-0.09055	1
1441.3600000000001	-0.09067	1
1441.4	-0.08947	1
1441.44	-0.08958	1
1441.48	-0.08970	1
1441.52	-0.08850	1
1441.56	-0.08862	1
1441.6000000000001	-0.08873	1
1441.64	-0.08884	1
1441.68	-0.08896	1
1441.72	-0.08776	1
1441.76	-0.08787	1
1441.8	-0.08799	1
1441.84	-0.08810	1
1441.88	-0.08822	1
1441.92	-0.08833	1
1441.96	-0.08844	1
1442.0	-0.09117	1
1442.04	-0.09128	1
1442.08	-0.09140	1
1442.1200000000001	-0.09151	1
1442.16	-0.09162	1
1442.2	-0.09174	1
1442.24	-0.09185	1
1442.28	-0.09196	1
1442.32	-0.09208	1
1442.3600000000001	-0.09219	1
1442.4	-0.09230	1
1442.44	-0.09241	1
1442.48	-0.09253	1
1442.52	-0.09253	1
1442.56	-0.09253	1
1442.6000000000001	-0.09253	1
1442.64	-0.09253	1
1442.68	-0.09253	1
1442.72	-0.09253	1
1442.76	-0.09253	1
1442.8	-0.09253	1
1442.84	-0.09253	1
1442.88	-0.09253	1
1442.92	-0.09253	1
1442.96	-0.09253	1
1443.0	-0.09253	1
1443.04	-0.09253	1
1443.08	-0.09253	1
1443.1200000000001	-0.09253	1
1443.16	-0.09253	1
1443.2	-0.09253	1
1443.24	-0.09133	1
1443.28	-0.09145	1
1443.32	-0.09156	1
1443.3600000000001	-0.09167	1
1443.4	-0.09179	1
1443.44	-0.09190	1
1443.48	-0.09201	1
1443.52	-0.09212	1
1443.56	-0.09224	1
1443.6000000000001	-0.09235	1
1443.64	-0.09246	1
1443.68	-0.09258	1
1443.72	-0.09258	0
1443.76	-0.09258	0
1443.8	-0.09258	0
1443.84	-0.09258	0
1443.88	-0.09258	0
1443.92	-0.09258	0
1443.96	-0.09138	0
1444.0	-0.09150	0
1444.04	-0.09161	0
1444.08	-0.09172	0
1444.1200000000001	-0.09184	0
1444.16	-0.09195	0
1444.2	-0.09455	0
1444.24	-0.09455	0
1444.28	-0.09455	0
1444.32	-0.09455	0
1444.3600000000001	-0.09455	0
1444.4	-0.09455	0
1444.44	-0.09455	0
1444.48	-0.09455	0
1444.52	-0.09455	0
1444.56	-0.09455	0
1444.6000000000001	-0.09455	0
1444.64	-0.09455	0
1444.68	-0.09455	0
1444.72	-0.09455	0
1444.76	-0.09455	0
1444.8	-0.09455	0
1444.84	-0.09455	0
1444.88	-0.09455	0
1444.92	-0.09455	0
1444.96	-0.09455	0
1445.0	-0.09455	0
1445.04	-0.09455	0
1445.08	-0.09455	0
1445.1200000000001	-0.09325	0
1445.16	-0.09325	0
1445.2	-0.09325	0
1445.24	-0.09325	0
1445.28	-0.09325	0
1445.32	-0.09325	0
1445.3600000000001	-0.09325	0
1445.4	-0.09206	0
1445.44	-0.09217	0
1445.48	-0.09229	0
1445.52	-0.09240	0
1445.56	-0.09251	0
1445.6000000000001	-0.09251	0
1445.64	-0.09251	0
1445.68	-0.09251	0
1445.72	-0.09251	0
1445.76	-0.09251	0
1445.8	-0.09132	0
1445.84	-0.09143	0
1445.88	-0.09155	0
1445.92	-0.09166	0
1445.96	-0.09047	0
1446.0	-0.09058	0
1446.04	-0.09070	0
1446.08	-0.09081	0
1446.1200000000001	-0.09092	0
1446.16	-0.09103	0
1446.2	-0.09115	0
1446.24	-0.09126	0
1446.28	-0.09137	0
1446.32	-0.09018	0
1446.3600000000001	-0.09030	0
1446.4	-0.09041	0
1446.44	-0.09052	0
1446.48	-0.09064	0
1446.52	-0.09075	0
1446.56	-0.08956	0
1446.6000000000001	-0.08967	0
1446.64	-0.08849	0
1446.68	-0.08860	0
1446.72	-0.08871	0
1446.76	-0.08883	0
1446.8	-0.08894	0
1446.84	-0.08905	0
1446.88	-0.08916	0
1446.92	-0.08928	0
1446.96	-0.08939	0
1447.0	-0.08950	0
1447.04	-0.08961	0
1447.08	-0.09232	0
1447.1200000000001	-0.09243	0
1447.16	-0.09254	0
1447.2	-0.09254	0
1447.24	-0.09254	0
1447.28	-0.09254	0
1447.32	-0.09254	0
1447.3600000000001	-0.09254	0
1447.4	-0.09254	0
1447.44	-0.09254	0
1447.48	-0.09006	0
1447.52	-0.08888	0
1447.56	-0.09158	0
1447.6000000000001	-0.09170	0
1447.64	-0.09181	0
1447.68	-0.09062	0
1447.72	-0.08944	0
1447.76	-0.08955	0
1447.8	-0.08837	0
1447.84	-0.08848	0
1447.88	-0.08860	0
1447.92	-0.08871	0
1447.96	-0.08882	0
1448.0	-0.08893	0
1448.04	-0.08905	0
1448.08	-0.09174	0
1448.1200000000001	-0.09186	0
1448.16	-0.09197	0
1448.2	-0.09208	0
1448.24	-0.09219	0
1448.28	-0.09230	0
1448.32	-0.09242	0
1448.3600000000001	-0.09253	0
1448.4	-0.09253	1
1448.44	-0.09253	1
1448.48	-0.09253	1
1448.52	-0.09253	1
1448.56	-0.09253	1
1448.6000000000001	-0.09253	1
1448.64	-0.09253	1
1448.68	-0.09253	1
1448.72	-0.09133	1
1448.76	-0.09144	1
1448.8	-0.09155	1
1448.84	-0.09167	1
1448.88	-0.09047	1
1448.92	-0.09058	1
1448.96	-0.08938	1
1449.0	-0.08949	1
1449.04	-0.08961	1
1449.08	-0.08972	1
1449.1200000000001	-0.08984	1
1449.16	-0.08995	1
1449.2	-0.09006	1
1449.24	-0.09018	1
1449.28	-0.09029	1
1449.32	-0.09041	1
1449.3600000000001	-0.09052	1
1449.4	-0.08932	1
1449.44	-0.08943	1
1449.48	-0.08955	1
1449.52	-0.08966	1
1449.56	-0.08978	1
1449.6000000000001	-0.08989	1
1449.64	-0.09000	1
1449.68	-0.09012	1
1449.72	-0.09274	1
1449.76	-0.09274	1
1449.8	-0.09274	1
1449.84	-0.09274	1
1449.88	-0.09274	1
1449.92	-0.09274	1
1449.96	-0.09274	1
1450.0	-0.09274	1
1450.04	-0.09274	1
1450.08	-0.09274	1
1450.1200000000001	-0.09274	1
1450.16	-0.09154	1
1450.2	-0.09165	1
1450.24	-0.09177	1
1450.28	-0.09188	1
1450.32	-0.09199	1
1450.3600000000001	-0.09080	1
1450.4	-0.09091	1
1450.44	-0.08971	1
1450.48	-0.08983	1
1450.52	-0.08994	1
1450.56	-0.09006	1
1450.6000000000001	-0.09017	1
1450.64	-0.09028	1
1450.68	-0.09040	1
1450.72	-0.09051	1
1450.76	-0.09062	1
1450.8	-0.09074	1
1450.84	-0.09085	1
1450.88	-0.09096	1
1450.92	-0.09107	1
1450.96	-0.09119	1
1451.0	-0.09130	1
1451.04	-0.09141	1
1451.08	-0.09153	1
1451.1200000000001	-0.09164	1
1451.16	-0.09175	1
1451.2	-0.09187	1
1451.24	-0.09198	1
1451.28	-0.09209	1
1451.32	-0.09221	1
1451.3600000000001	-0.09232	1
1451.4	-0.09243	1
1451.44	-0.09254	1
1451.48	-0.09254	1
1451.52	-0.09254	1
1451.56	-0.09254	1
1451.6000000000001	-0.09254	1
1451.64	-0.09254	1
1451.68	-0.09254	0
1451.72	-0.09254	0
1451.76	-0.09254	0
1451.8	-0.09254	0
1451.84	-0.09254	0
1451.88	-0.09254	0
1451.92	-0.09254	0
1451.96	-0.09254	0
1452.0	-0.09135	0
1452.04	-0.09146	0
1452.08	-0.09158	0
1452.1200000000001	-0.09169	0
1452.16	-0.09180	0
1452.2	-0.09192	0
1452.24	-0.09203	0
1452.28	-0.09214	0
1452.32	-0.09225	0
1452.3600000000001	-0.09237	0
1452.4	-0.09118	0
1452.44	-0.09129	0
1452.48	-0.09140	0
1452.52	-0.09151	0
1452.56	-0.09163	0
1452.6000000000001	-0.09174	1
1452.64	-0.09185	1
1452.68	-0.09197	1
1452.72	-0.09208	1
1452.76	-0.09220	1
1452.8	-0.09482	1
1452.84	-0.09482	1
1452.88	-0.09482	1
1452.92	-0.09482	1
1452.96	-0.09482	1
1453.0	-0.09482	1
1453.04	-0.09482	1
1453.08	-0.09482	1
1453.1200000000001	-0.09482	1
1453.16	-0.09482	1
1453.2	-0.09482	1
1453.24	-0.09482	1
1453.28	-0.09482	1
1453.32	-0.09482	1
1453.3600000000001	-0.09482	1
1453.4	-0.09482	1
1453.44	-0.09482	1
1453.48	-0.09482	1
1453.52	-0.09482	1
1453.56	-0.09482	1
1453.6000000000001	-0.09482	1
1453.64	-0.09351	1
1453.68	-0.09351	1
1453.72	-0.09351	1
1453.76	-0.09351	1
1453.8	-0.09351	1
1453.84	-0.09351	1
1453.88	-0.09351	1
1453.92	-0.09351	1
1453.96	-0.09351	1
1454.0	-0.09351	1
1454.04	-0.09351	1
1454.08	-0.09351	1
1454.1200000000001	-0.09351	1
1454.16	-0.09351	1
1454.2	-0.09351	1
1454.24	-0.09351	1
1454.28	-0.09351	1
1454.32	-0.09351	1
1454.3600000000001	-0.09351	1
1454.4	-0.09351	1
1454.44	-0.09351	1
1454.48	-0.09351	1
1454.52	-0.09231	1
1454.56	-0.09242	1
1454.6000000000001	-0.09254	1
1454.64	-0.09254	1
1454.68	-0.09254	1
1454.72	-0.09254	1
1454.76	-0.09254	1
1454.8	-0.09254	1
1454.84	-0.09254	1
1454.88	-0.09254	1
1454.92	-0.09254	1
1454.96	-0.09254	1
1455.0	-0.09254	1
1455.04	-0.09254	1
1455.08	-0.09254	1
1455.1200000000001	-0.09254	1
1455.16	-0.09254	1
1455.2	-0.09254	1
1455.24	-0.09254	1
1455.28	-0.09254	1
1455.32	-0.09254	1
1455.3600000000001	-0.09254	1
1455.4	-0.09254	1
1455.44	-0.09254	1
1455.48	-0.09254	1
1455.52	-0.09254	1
1455.56	-0.09254	1
1455.6000000000001	-0.09254	1
1455.64	-0.09254	1
1455.68	-0.09254	1
1455.72	-0.09134	1
1455.76	-0.09145	1
1455.8	-0.09156	1
1455.84	-0.09168	1
1455.88	-0.09179	1
1455.92	-0.09190	1
1455.96	-0.09202	1
1456.0	-0.09213	1
1456.04	-0.09224	1
1456.08	-0.09236	1
1456.1200000000001	-0.09247	1
1456.16	-0.09259	1
1456.2	-0.09259	1
1456.24	-0.09259	1
1456.28	-0.09259	1
1456.32	-0.09259	1
1456.3600000000001	-0.09259	1
1456.4	-0.09259	1
1456.44	-0.09259	1
1456.48	-0.09259	1
1456.52	-0.09259	1
1456.56	-0.09259	1
1456.6000000000001	-0.09259	1
1456.64	-0.09259	1
1456.68	-0.09259	1
1456.72	-0.09259	1
1456.76	-0.09259	1
1456.8	-0.09259	1
1456.84	-0.09259	1
1456.88	-0.09259	1
1456.92	-0.09139	1
1456.96	-0.09150	1
1457.0	-0.09161	1
1457.04	-0.09173	1
1457.08	-0.09184	1
1457.1200000000001	-0.09064	1
1457.16	-0.09076	1
1457.2	-0.09087	1
1457.24	-0.09098	1
1457.28	-0.09110	1
1457.32	-0.09121	1
1457.3600000000001	-0.09132	1
1457.4	-0.09144	1
1457.44	-0.09155	1
1457.48	-0.09166	1
1457.52	-0.09178	1
1457.56	-0.09058	1
1457.6000000000001	-0.09069	1
1457.64	-0.09081	1
1457.68	-0.09092	1
1457.72	-0.09103	1
1457.76	-0.09115	1
1457.8	-0.09126	1
1457.84	-0.09137	1
1457.88	-0.09149	1
1457.92	-0.09160	1
1457.96	-0.09171	1
1458.0	-0.09183	1
1458.04	-0.09194	1
1458.08	-0.09205	1
1458.1200000000001	-0.09217	1
1458.16	-0.09228	1
1458.2	-0.09109	1
1458.24	-0.09120	1
1458.28	-0.09001	1
1458.32	-0.09012	1
1458.3600000000001	-0.09023	1
1458.4	-0.09034	1
1458.44	-0.09046	1
1458.48	-0.09057	1
1458.52	-0.09068	1
1458.56	-0.09080	1
1458.6000000000001	-0.09091	1
1458.64	-0.09102	1
1458.68	-0.09114	1
1458.72	-0.08994	1
1458.76	-0.09006	1
1458.8	-0.09017	1
1458.84	-0.09028	1
1458.88	-0.09040	1
1458.92	-0.09051	1
1458.96	-0.09062	1
1459.0	-0.09074	1
1459.04	-0.09085	0
1459.08	-0.09096	0
1459.1200000000001	-0.09107	0
1459.16	-0.09119	0
1459.2	-0.09130	0
1459.24	-0.09141	0
1459.28	-0.09152	0
1459.32	-0.09164	0
1459.3600000000001	-0.09175	0
1459.4	-0.09186	0
1459.44	-0.09197	0
1459.48	-0.09209	0
1459.52	-0.09220	0
1459.56	-0.09231	0
1459.6000000000001	-0.09242	0
1459.64	-0.09254	0
1459.68	-0.09254	0
1459.72	-0.09254	0
1459.76	-0.09254	0
1459.8	-0.09254	0
1459.84	-0.09254	0
1459.88	-0.09254	0
1459.92	-0.09254	0
1459.96	-0.09254	0
1460.0	-0.09135	0
1460.04	-0.09146	0
1460.08	-0.09157	0
1460.1200000000001	-0.09169	0
1460.16	-0.09180	0
1460.2	-0.09191	0
1460.24	-0.09202	0
1460.28	-0.09214	0
1460.32	-0.09225	0
1460.3600000000001	-0.09236	0
1460.4	-0.09247	0
1460.44	-0.09259	0
1460.48	-0.09259	0
1460.52	-0.09259	0
1460.56	-0.09259	0
1460.6000000000001	-0.09259	0
1460.64	-0.09259	0
1460.68	-0.09259	0
1460.72	-0.09259	0
1460.76	-0.09259	0
1460.8	-0.09259	0
1460.84	-0.09259	0
1460.88	-0.09259	0
1460.92	-0.09259	0
1460.96	-0.09140	0
1461.0	-0.09151	0
1461.04	-0.09033	0
1461.08	-0.09044	0
1461.1200000000001	-0.09055	0
1461.16	-0.09066	0
1461.2	-0.09078	0
1461.24	-0.09089	0
1461.28	-0.09100	0
1461.32	-0.09111	0
1461.3600000000001	-0.09122	0
1461.4	-0.09134	0
1461.44	-0.09015	0
1461.48	-0.09026	0
1461.52	-0.08908	0
1461.56	-0.08919	0
1461.6000000000001	-0.08931	0
1461.64	-0.08942	0
1461.68	-0.08953	0
1461.72	-0.08964	0
1461.76	-0.08975	0
1461.8	-0.08987	0
1461.84	-0.08998	0
1461.88	-0.09009	0
1461.92	-0.09020	0
1461.96	-0.09032	0
1462.0	-0.09043	0
1462.04	-0.09054	0
1462.08	-0.09065	0
1462.1200000000001	-0.09076	0
1462.16	-0.09088	0
1462.2	-0.09099	0
1462.24	-0.09110	0
1462.28	-0.08992	0
1462.32	-0.09003	0
1462.3600000000001	-0.09014	0
1462.4	-0.08896	0
1462.44	-0.08907	0
1462.48	-0.08919	0
1462.52	-0.08930	0
1462.56	-0.08941	0
1462.6000000000001	-0.08952	0
1462.64	-0.08964	1
1462.68	-0.08975	1
1462.72	-0.08986	1
1462.76	-0.08998	1
1462.8	-0.09009	1
1462.84	-0.09021	1
1462.88	-0.09032	1
1462.92	-0.09043	1
1462.96	-0.09055	1
1463.0	-0.09066	1
1463.04	-0.09078	1
1463.08	-0.09089	1
1463.1200000000001	-0.09100	1
1463.16	-0.09112	1
1463.2	-0.09123	1
1463.24	-0.09134	1
1463.28	-0.09146	1
1463.32	-0.09157	1
1463.3600000000001	-0.09037	1
1463.4	-0.09049	1
1463.44	-0.09060	1
1463.48	-0.09071	1
1463.52	-0.09083	1
1463.56	-0.09094	1
1463.6000000000001	-0.09105	1
1463.64	-0.09117	1
1463.68	-0.09128	1
1463.72	-0.09139	1
1463.76	-0.09151	1
1463.8	-0.09162	1
1463.84	-0.09173	1
1463.88	-0.09185	0
1463.92	-0.09196	0
1463.96	-0.09207	0
1464.0	-0.09219	0
1464.04	-0.09230	0
1464.08	-0.09241	0
1464.1200000000001	-0.09253	0
1464.16	-0.09253	0
1464.2	-0.09253	0
1464.24	-0.09253	0
1464.28	-0.09253	0
1464.32	-0.09253	0
1464.3600000000001	-0.09253	0
1464.4	-0.09253	0
1464.44	-0.09253	0
1464.48	-0.09133	0
1464.52	-0.09144	0
1464.56	-0.09156	0
1464.6000000000001	-0.09167	0
1464.64	-0.09178	0
1464.68	-0.09190	0
1464.72	-0.09201	0
1464.76	-0.09212	0
1464.8	-0.09224	0
1464.84	-0.09235	0
1464.88	-0.09246	0
1464.92	-0.09258	0
1464.96	-0.09258	0
1465.0	-0.09258	0
1465.04	-0.09258	0
1465.08	-0.09258	0
1465.1200000000001	-0.09258	0
1465.16	-0.09258	0
1465.2	-0.09258	0
1465.24	-0.09258	0
1465.28	-0.09258	0
1465.32	-0.09258	0
1465.3600000000001	-0.09258	0
1465.4	-0.09258	0
1465.44	-0.09258	0
1465.48	-0.09258	0
1465.52	-0.09258	0
1465.56	-0.09258	0
1465.6000000000001	-0.09258	0
1465.64	-0.09258	0
1465.68	-0.09258	0
1465.72	-0.09258	0
1465.76	-0.09138	0
1465.8	-0.09149	0
1465.84	-0.09161	0
1465.88	-0.09172	0
1465.92	-0.09183	0
1465.96	-0.09195	0
1466.0	-0.09206	0
1466.04	-0.09217	0
1466.08	-0.09229	0
1466.1200000000001	-0.09240	0
1466.16	-0.09251	0
1466.2	-0.09251	0
1466.24	-0.09251	0
1466.28	-0.09251	0
1466.32	-0.09251	0
1466.3600000000001	-0.09251	0
1466.4	-0.09251	0
1466.44	-0.09251	0
1466.48	-0.09251	0
1466.52	-0.09251	0
1466.56	-0.09251	0
1466.6000000000001	-0.09251	0
1466.64	-0.09251	0
1466.68	-0.09251	0
1466.72	-0.09251	0
1466.76	-0.09251	0
1466.8	-0.09251	0
1466.84	-0.09251	0
1466.88	-0.09251	0
1466.92	-0.09251	0
1466.96	-0.09251	0
1467.0	-0.09251	0
1467.04	-0.09132	0
1467.08	-0.09143	0
1467.1200000000001	-0.09154	0
1467.16	-0.09166	0
1467.2	-0.09177	0
1467.24	-0.09188	0
1467.28	-0.09069	0
1467.32	-0.09080	0
1467.3600000000001	-0.09092	0
1467.4	-0.08973	0
1467.44	-0.08984	0
1467.48	-0.08995	0
1467.52	-0.09007	0
1467.56	-0.09018	0
1467.6000000000001	-0.09029	0
1467.64	-0.08910	0
1467.68	-0.08922	0
1467.72	-0.08933	0
1467.76	-0.08944	0
1467.8	-0.08955	0
1467.84	-0.08967	1
1467.88	-0.08978	1
1467.92	-0.08990	1
1467.96	-0.09001	1
1468.0	-0.09012	1
1468.04	-0.09024	1
1468.08	-0.09035	1
1468.1200000000001	-0.09047	1
1468.16	-0.09058	1
1468.2	-0.09069	1
1468.24	-0.09081	1
1468.28	-0.09092	1
1468.32	-0.09103	1
1468.3600000000001	-0.09115	1
1468.4	-0.09126	1
1468.44	-0.09006	1
1468.48	-0.09018	1
1468.52	-0.09029	1
1468.56	-0.09040	1
1468.6000000000001	-0.09052	1
1468.64	-0.09063	1
1468.68	-0.09074	1
1468.72	-0.09086	1
1468.76	-0.09097	1
1468.8	-0.09108	1
1468.84	-0.09120	1
1468.88	-0.09131	1
1468.92	-0.09142	1
1468.96	-0.09154	1
1469.0	-0.09165	1
1469.04	-0.09176	1
1469.08	-0.09188	1
1469.1200000000001	-0.09199	0
1469.16	-0.09210	0
1469.2	-0.09222	0
1469.24	-0.09233	0
1469.28	-0.09244	0
1469.32	-0.09256	0
1469.3600000000001	-0.09256	0
1469.4	-0.09256	0
1469.44	-0.09256	0
1469.48	-0.09136	0
1469.52	-0.09017	0
1469.56	-0.09028	0
1469.6000000000001	-0.09039	0
1469.64	-0.08920	0
1469.68	-0.08931	0
1469.72	-0.08943	0
1469.76	-0.08823	0
1469.8	-0.08835	0
1469.84	-0.08846	0
1469.88	-0.08857	0
1469.92	-0.08869	0
1469.96	-0.08880	0
1470.0	-0.08891	0
1470.04	-0.08903	0
1470.08	-0.08914	0
1470.1200000000001	-0.08925	0
1470.16	-0.08937	0
1470.2	-0.08948	0
1470.24	-0.08959	0
1470.28	-0.08971	0
1470.32	-0.08982	0
1470.3600000000001	-0.08863	0
1470.4	-0.08874	0
1470.44	-0.08885	0
1470.48	-0.08897	0
1470.52	-0.08908	0
1470.56	-0.08919	0
1470.6000000000001	-0.08931	0
1470.64	-0.08942	0
1470.68	-0.08953	0
1470.72	-0.08964	0
1470.76	-0.08976	0
1470.8	-0.08987	0
1470.84	-0.08998	0
1470.88	-0.09010	0
1470.92	-0.09021	0
1470.96	-0.09032	0
1471.0	-0.09044	0
1471.04	-0.08925	0
1471.08	-0.08936	0
1471.1200000000001	-0.08947	1
1471.16	-0.08959	1
1471.2	-0.08970	1
1471.24	-0.08981	1
1471.28	-0.08993	1
1471.32	-0.09004	1
1471.3600000000001	-0.09016	1
1471.4	-0.09027	1
1471.44	-0.09038	1
1471.48	-0.09050	1
1471.52	-0.09061	1
1471.56	-0.09073	1
1471.6000000000001	-0.09084	1
1471.64	-0.09095	1
1471.68	-0.09107	1
1471.72	-0.09118	1
1471.76	-0.09129	1
1471.8	-0.09141	1
1471.84	-0.09152	1
1471.88	-0.09163	1
1471.92	-0.09175	1
1471.96	-0.09186	1
1472.0	-0.09197	1
1472.04	-0.09209	1
1472.08	-0.09089	1
1472.1200000000001	-0.09100	1
1472.16	-0.09362	1
1472.2	-0.09362	1
1472.24	-0.09362	1
1472.28	-0.09362	1
1472.32	-0.09362	1
1472.3600000000001	-0.09362	1
1472.4	-0.09362	1
1472.44	-0.09362	1
1472.48	-0.09362	1
1472.52	-0.09362	1
1472.56	-0.09362	1
1472.6000000000001	-0.09362	1
1472.64	-0.09362	1
1472.68	-0.09362	1
1472.72	-0.09362	1
1472.76	-0.09362	1
1472.8	-0.09362	1
1472.84	-0.09362	1
1472.88	-0.09362	1
1472.92	-0.09362	1
1472.96	-0.09362	1
1473.0	-0.09362	1
1473.04	-0.09362	1
1473.08	-0.09362	1
1473.1200000000001	-0.09362	1
1473.16	-0.09362	1
1473.2	-0.09362	1
1473.24	-0.09362	1
1473.28	-0.09362	1
1473.32	-0.09362	1
1473.3600000000001	-0.09362	1
1473.4	-0.09362	1
1473.44	-0.09362	1
1473.48	-0.09362	1
1473.52	-0.09362	1
1473.56	-0.09362	1
1473.6000000000001	-0.09243	1
1473.64	-0.09254	1
1473.68	-0.09254	1
1473.72	-0.09254	1
1473.76	-0.09254	1
1473.8	-0.09254	1
1473.84	-0.09254	1
1473.88	-0.09254	1
1473.92	-0.09254	1
1473.96	-0.09254	1
1474.0	-0.09254	1
1474.04	-0.09254	1
1474.08	-0.09254	1
1474.1200000000001	-0.09254	1
1474.16	-0.09254	1
1474.2	-0.09254	1
1474.24	-0.09254	1
1474.28	-0.09134	1
1474.32	-0.09146	1
1474.3600000000001	-0.09157	1
1474.4	-0.09168	1
1474.44	-0.09180	1
1474.48	-0.09191	1
1474.52	-0.09071	1
1474.56	-0.09083	1
1474.6000000000001	-0.09094	1
1474.64	-0.09105	1
1474.68	-0.09117	1
1474.72	-0.09128	1
1474.76	-0.09139	1
1474.8	-0.09151	1
1474.84	-0.09162	1
1474.88	-0.09173	1
1474.92	-0.09185	1
1474.96	-0.09065	1
1475.0	-0.09077	1
1475.04	-0.09088	1
1475.08	-0.09099	1
1475.1200000000001	-0.09110	1
1475.16	-0.09122	1
1475.2	-0.09133	1
1475.24	-0.09144	0
1475.28	-0.09156	0
1475.32	-0.09167	0
1475.3600000000001	-0.09048	0
1475.4	-0.09059	0
1475.44	-0.09070	0
1475.48	-0.09082	0
1475.52	-0.09093	1
1475.56	-0.09104	1
1475.6000000000001	-0.09116	1
1475.64	-0.09127	1
1475.68	-0.09139	1
1475.72	-0.09150	1
1475.76	-0.09161	1
1475.8	-0.09173	1
1475.84	-0.09184	1
1475.88	-0.09195	1
1475.92	-0.09207	1
1475.96	-0.09469	1
1476.0	-0.09469	1
1476.04	-0.09469	1
1476.08	-0.09469	1
1476.1200000000001	-0.09469	1
1476.16	-0.09469	1
1476.2	-0.09469	1
1476.24	-0.09469	1
1476.28	-0.09469	1
1476.32	-0.09469	1
1476.3600000000001	-0.09469	1
1476.4	-0.09469	1
1476.44	-0.09469	1
1476.48	-0.09469	1
1476.52	-0.09469	1
1476.56	-0.09469	1
1476.6000000000001	-0.09469	1
1476.64	-0.09469	1
1476.68	-0.09469	1
1476.72	-0.09469	1
1476.76	-0.09469	1
1476.8	-0.09469	1
1476.84	-0.09469	1
1476.88	-0.09469	1
1476.92	-0.09469	1
1476.96	-0.09469	1
1477.0	-0.09469	1
1477.04	-0.09469	1
1477.08	-0.09469	1
1477.1200000000001	-0.09469	1
1477.16	-0.09469	1
1477.2	-0.09338	1
1477.24	-0.09338	1
1477.28	-0.09338	1
1477.32	-0.09338	1
1477.3600000000001	-0.09338	1
1477.4	-0.09338	1
1477.44	-0.09338	1
1477.48	-0.09338	1
1477.52	-0.09338	1
1477.56	-0.09338	1
1477.6000000000001	-0.09338	1
1477.64	-0.09338	1
1477.68	-0.09338	1
1477.72	-0.09338	1
1477.76	-0.09338	1
1477.8	-0.09218	1
1477.84	-0.09229	1
1477.88	-0.09241	1
1477.92	-0.09252	1
1477.96	-0.09252	1
1478.0	-0.09252	1
1478.04	-0.09252	1
1478.08	-0.09252	1
1478.1200000000001	-0.09252	1
1478.16	-0.09252	1
1478.2	-0.09252	1
1478.24	-0.09252	1
1478.28	-0.09252	1
1478.32	-0.09252	1
1478.3600000000001	-0.09252	1
1478.4	-0.09252	1
1478.44	-0.09132	1
1478.48	-0.09144	1
1478.52	-0.09155	1
1478.56	-0.09166	1
1478.6000000000001	-0.09178	1
1478.64	-0.09189	1
1478.68	-0.09200	1
1478.72	-0.09212	1
1478.76	-0.09223	1
1478.8	-0.09234	1
1478.84	-0.09246	1
1478.88	-0.09257	1
1478.92	-0.09257	1
1478.96	-0.09257	1
1479.0	-0.09257	1
1479.04	-0.09257	1
1479.08	-0.09257	1
1479.1200000000001	-0.09257	1
1479.16	-0.09257	1
1479.2	-0.09137	1
1479.24	-0.09149	1
1479.28	-0.09160	1
1479.32	-0.09171	1
1479.3600000000001	-0.09183	1
1479.4	-0.09194	1
1479.44	-0.09205	1
1479.48	-0.09467	1
1479.52	-0.09467	1
1479.56	-0.09467	1
1479.6000000000001	-0.09467	1
1479.64	-0.09467	1
1479.68	-0.09467	1
1479.72	-0.09467	1
1479.76	-0.09467	1
1479.8	-0.09217	1
1479.84	-0.09228	1
1479.88	-0.09239	1
1479.92	-0.09251	1
1479.96	-0.09251	1
1480.0	-0.09251	1
1480.04	-0.09251	1
1480.08	-0.09251	1
1480.1200000000001	-0.09251	1
1480.16	-0.09251	1
1480.2	-0.09251	1
1480.24	-0.09251	1
1480.28	-0.09131	1
1480.32	-0.09142	1
1480.3600000000001	-0.09154	1
1480.4	-0.09165	1
1480.44	-0.09176	1
1480.48	-0.09188	1
1480.52	-0.09199	1
1480.56	-0.09210	1
1480.6000000000001	-0.09221	1
1480.64	-0.09233	1
1480.68	-0.09244	1
1480.72	-0.09255	1
1480.76	-0.09255	1
1480.8	-0.09255	1
1480.84	-0.09255	1
1480.88	-0.09255	1
1480.92	-0.09255	1
1480.96	-0.09255	1
1481.0	-0.09255	1
1481.04	-0.09255	1
1481.08	-0.09255	1
1481.1200000000001	-0.09255	1
1481.16	-0.09255	1
1481.2	-0.09255	1
1481.24	-0.09255	1
1481.28	-0.09255	1
1481.32	-0.09255	1
1481.3600000000001	-0.09255	1
1481.4	-0.09255	1
1481.44	-0.09255	1
1481.48	-0.09255	1
1481.52	-0.09255	1
1481.56	-0.09255	1
1481.6000000000001	-0.09255	1
1481.64	-0.09255	1
1481.68	-0.09255	1
1481.72	-0.09255	1
1481.76	-0.09255	1
1481.8	-0.09255	1
1481.84	-0.09255	1
1481.88	-0.09255	1
1481.92	-0.09255	1
1481.96	-0.09255	1
1482.0	-0.09255	1
1482.04	-0.09255	1
1482.08	-0.09255	1
1482.1200000000001	-0.09255	1
1482.16	-0.09255	1
1482.2	-0.09136	1
1482.24	-0.09147	1
1482.28	-0.09159	1
1482.32	-0.09170	1
1482.3600000000001	-0.09181	1
1482.4	-0.09193	1
1482.44	-0.09204	1
1482.48	-0.09215	1
1482.52	-0.09226	1
1482.56	-0.09238	0
1482.6000000000001	-0.09249	0
1482.64	-0.09260	0
1482.68	-0.09260	0
1482.72	-0.09260	0
1482.76	-0.09260	0
1482.8	-0.09260	0
1482.84	-0.09260	0
1482.88	-0.09260	0
1482.92	-0.09260	0
1482.96	-0.09260	0
1483.0	-0.09260	0
1483.04	-0.09260	0
1483.08	-0.09141	0
1483.1200000000001	-0.09152	0
1483.16	-0.09164	0
1483.2	-0.09175	0
1483.24	-0.09186	0
1483.28	-0.09067	0
1483.32	-0.09078	0
1483.3600000000001	-0.09090	0
1483.4	-0.09101	0
1483.44	-0.09112	0
1483.48	-0.09123	0
1483.52	-0.09135	0
1483.56	-0.09146	0
1483.6000000000001	-0.09157	0
1483.64	-0.09169	0
1483.68	-0.09050	0
1483.72	-0.09061	0
1483.76	-0.09072	0
1483.8	-0.08953	0
1483.84	-0.08965	0
1483.88	-0.08976	0
1483.92	-0.08987	0
1483.96	-0.08998	0
1484.0	-0.09010	0
1484.04	-0.09021	0
1484.08	-0.09032	0
1484.1200000000001	-0.09044	1
1484.16	-0.09055	1
1484.2	-0.09066	1
1484.24	-0.09078	1
1484.28	-0.09089	1
1484.32	-0.09101	1
1484.3600000000001	-0.09112	1
1484.4	-0.09123	1
1484.44	-0.09135	1
1484.48	-0.09015	1
1484.52	-0.09026	1
1484.56	-0.09037	1
1484.6000000000001	-0.09049	1
1484.64	-0.09060	1
1484.68	-0.09072	1
1484.72	-0.09083	1
1484.76	-0.09094	1
1484.8	-0.08974	1
1484.84	-0.08986	1
1484.88	-0.08866	1
1484.92	-0.08877	1
1484.96	-0.08889	1
1485.0	-0.08900	1
1485.04	-0.08911	1
1485.08	-0.08923	1
1485.1200000000001	-0.08934	1
1485.16	-0.08946	1
1485.2	-0.08957	1
1485.24	-0.08968	1
1485.28	-0.08980	1
1485.32	-0.08991	1
1485.3600000000001	-0.09002	1
1485.4	-0.09014	1
1485.44	-0.09025	1
1485.48	-0.08906	1
1485.52	-0.08917	1
1485.56	-0.08928	1
1485.6000000000001	-0.09201	1
1485.64	-0.09213	1
1485.68	-0.09224	1
1485.72	-0.09235	1
1485.76	-0.09116	1
1485.8	-0.09127	1
1485.84	-0.09138	1
1485.88	-0.09150	1
1485.92	-0.09161	1
1485.96	-0.09172	0
1486.0	-0.09184	0
1486.04	-0.09195	0
1486.08	-0.09206	0
1486.1200000000001	-0.09218	0
1486.16	-0.09229	0
1486.2	-0.09240	0
1486.24	-0.09251	0
1486.28	-0.09251	0
1486.32	-0.09132	0
1486.3600000000001	-0.09143	0
1486.4	-0.09155	0
1486.44	-0.09166	0
1486.48	-0.09047	0
1486.52	-0.09058	0
1486.56	-0.09069	0
1486.6000000000001	-0.09081	0
1486.64	-0.09092	0
1486.68	-0.09103	0
1486.72	-0.09115	0
1486.76	-0.09126	0
1486.8	-0.09137	0
1486.84	-0.09148	0
1486.88	-0.09160	0
1486.92	-0.09171	0
1486.96	-0.09052	0
1487.0	-0.09063	0
1487.04	-0.09074	0
1487.08	-0.09086	0
1487.1200000000001	-0.09097	0
1487.16	-0.09108	0
1487.2	-0.09120	0
1487.24	-0.09131	0
1487.28	-0.09142	0
1487.32	-0.09153	0
1487.3600000000001	-0.09165	0
1487.4	-0.09176	0
1487.44	-0.09187	0
1487.48	-0.09198	0
1487.52	-0.09210	0
1487.56	-0.09221	0
1487.6000000000001	-0.09232	0
1487.64	-0.09243	0
1487.68	-0.09125	0
1487.72	-0.09136	0
1487.76	-0.09147	0
1487.8	-0.09158	0
1487.84	-0.09170	0
1487.88	-0.09181	0
1487.92	-0.09192	0
1487.96	-0.09203	0
1488.0	-0.09215	0
1488.04	-0.09226	0
1488.08	-0.09237	0
1488.1200000000001	-0.09248	0
1488.16	-0.09259	0
1488.2	-0.09259	0
1488.24	-0.09259	0
1488.28	-0.09141	0
1488.32	-0.09152	0
1488.3600000000001	-0.09034	0
1488.4	-0.09045	0
1488.44	-0.09056	0
1488.48	-0.09067	0
1488.52	-0.09078	0
1488.56	-0.09090	0
1488.6000000000001	-0.09101	0
1488.64	-0.09112	0
1488.68	-0.09123	0
1488.72	-0.09135	0
1488.76	-0.09146	0
1488.8	-0.09157	0
1488.84	-0.09168	0
1488.88	-0.09050	0
1488.92	-0.09061	0
1488.96	-0.09072	0
1489.0	-0.09084	0
1489.04	-0.09095	0
1489.08	-0.09106	0
1489.1200000000001	-0.08988	0
1489.16	-0.08999	0
1489.2	-0.09010	0
1489.24	-0.09021	0
1489.28	-0.09033	0
1489.32	-0.09044	0
1489.3600000000001	-0.09055	0
1489.4	-0.09066	0
1489.44	-0.09077	0
1489.48	-0.09089	0
1489.52	-0.09100	0
1489.56	-0.09111	0
1489.6000000000001	-0.09122	0
1489.64	-0.09133	0
1489.68	-0.09145	0
1489.72	-0.09156	0
1489.76	-0.09167	0
1489.8	-0.09178	0
1489.84	-0.09189	0
1489.88	-0.09200	0
1489.92	-0.09212	0
1489.96	-0.09223	0
1490.0	-0.09234	0
1490.04	-0.09245	0
1490.08	-0.09256	0
1490.1200000000001	-0.09256	0
1490.16	-0.09256	0
1490.2	-0.09138	0
1490.24	-0.09150	0
1490.28	-0.09161	0
1490.32	-0.09172	0
1490.3600000000001	-0.09183	0
1490.4	-0.09194	0
1490.44	-0.09205	0
1490.48	-0.09216	0
1490.52	-0.09228	0
1490.56	-0.09239	0
1490.6000000000001	-0.09250	0
1490.64	-0.09261	0
1490.68	-0.09261	0
1490.72	-0.09261	0
1490.76	-0.09261	0
1490.8	-0.09261	0
1490.84	-0.09261	0
1490.88	-0.09261	0
1490.92	-0.09261	0
1490.96	-0.09261	0
1491.0	-0.09261	0
1491.04	-0.09261	0
1491.08	-0.09143	0
1491.1200000000001	-0.09026	0
1491.16	-0.09037	0
1491.2	-0.09048	0
1491.24	-0.09059	0
1491.28	-0.09070	0
1491.32	-0.09081	0
1491.3600000000001	-0.09093	0
1491.4	-0.09104	0
1491.44	-0.09115	0
1491.48	-0.09126	0
1491.52	-0.09137	0
1491.56	-0.09148	0
1491.6000000000001	-0.09159	0
1491.64	-0.09171	0
1491.68	-0.09182	0
1491.72	-0.09193	0
1491.76	-0.09204	0
1491.8	-0.09215	0
1491.84	-0.09226	0
1491.88	-0.09238	1
1491.92	-0.09249	1
1491.96	-0.09260	1
1492.0	-0.09260	1
1492.04	-0.09260	1
1492.08	-0.09260	1
1492.1200000000001	-0.09260	1
1492.16	-0.09260	1
1492.2	-0.09260	1
1492.24	-0.09260	1
1492.28	-0.09260	1
1492.32	-0.09260	1
1492.3600000000001	-0.09009	1
1492.4	-0.09020	1
1492.44	-0.09031	1
1492.48	-0.09043	1
1492.52	-0.09054	1
1492.56	-0.09066	1
1492.6000000000001	-0.09077	1
1492.64	-0.09088	1
1492.68	-0.09100	1
1492.72	-0.09111	1
1492.76	-0.09122	1
1492.8	-0.09134	1
1492.84	-0.09145	1
1492.88	-0.09157	1
1492.92	-0.09168	1
1492.96	-0.09179	1
1493.0	-0.09191	1
1493.04	-0.09202	1
1493.08	-0.09213	1
1493.1200000000001	-0.09225	1
1493.16	-0.09236	1
1493.2	-0.09247	1
1493.24	-0.09259	1
1493.28	-0.09259	1
1493.32	-0.09259	1
1493.3600000000001	-0.09259	1
1493.4	-0.09259	1
1493.44	-0.09259	1
1493.48	-0.09259	1
1493.52	-0.09259	1
1493.56	-0.09259	1
1493.6000000000001	-0.09139	1
1493.64	-0.09150	1
1493.68	-0.09162	1
1493.72	-0.09173	1
1493.76	-0.09184	1
1493.8	-0.09196	1
1493.84	-0.09207	1
1493.88	-0.09218	1
1493.92	-0.09230	1
1493.96	-0.09241	1
1494.0	-0.09252	1
1494.04	-0.09252	1
1494.08	-0.09252	1
1494.1200000000001	-0.09252	1
1494.16	-0.09252	1
1494.2	-0.09252	1
1494.24	-0.09133	0
1494.28	-0.09144	0
1494.32	-0.09155	0
1494.3600000000001	-0.09167	0
1494.4	-0.09178	0
1494.44	-0.09189	0
1494.48	-0.09200	0
1494.52	-0.09212	0
1494.56	-0.09223	0
1494.6000000000001	-0.09234	0
1494.64	-0.09246	0
1494.68	-0.09257	0
1494.72	-0.09257	0
1494.76	-0.09257	0
1494.8	-0.09257	0
1494.84	-0.09257	0
1494.88	-0.09257	0
1494.92	-0.09257	0
1494.96	-0.09257	0
1495.0	-0.09257	0
1495.04	-0.09257	0
1495.08	-0.09257	0
1495.1200000000001	-0.09257	0
1495.16	-0.09257	0
1495.2	-0.09257	0
1495.24	-0.09257	0
1495.28	-0.09257	0
1495.32	-0.09257	0
1495.3600000000001	-0.09257	0
1495.4	-0.09257	0
1495.44	-0.09257	0
1495.48	-0.09257	0
1495.52	-0.09257	0
1495.56	-0.09257	0
1495.6000000000001	-0.09138	0
1495.64	-0.09149	0
1495.68	-0.09160	0
1495.72	-0.09172	0
1495.76	-0.09183	0
1495.8	-0.09194	0
1495.84	-0.09205	0
1495.88	-0.09217	0
1495.92	-0.09228	0
1495.96	-0.09239	0
1496.0	-0.09120	0
1496.04	-0.09131	0
1496.08	-0.09143	0
1496.1200000000001	-0.09154	0
1496.16	-0.09165	0
1496.2	-0.09176	0
1496.24	-0.09188	0
1496.28	-0.09199	0
1496.32	-0.09210	0
1496.3600000000001	-0.09222	0
1496.4	-0.09103	0
1496.44	-0.09114	0
1496.48	-0.08995	0
1496.52	-0.09006	0
1496.56	-0.09017	0
1496.6000000000001	-0.09029	0
1496.64	-0.09040	0
1496.68	-0.08921	0
1496.72	-0.08932	0
1496.76	-0.08944	0
1496.8	-0.08955	0
1496.84	-0.08966	0
1496.88	-0.08977	0
1496.92	-0.08989	0
1496.96	-0.09000	0
1497.0	-0.09011	0
1497.04	-0.08892	0
1497.08	-0.08904	0
1497.1200000000001	-0.08915	0
1497.16	-0.08926	0
1497.2	-0.08938	0
1497.24	-0.08949	0
1497.28	-0.08960	0
1497.32	-0.08971	0
1497.3600000000001	-0.08983	0
1497.4	-0.08994	0
1497.44	-0.09005	0
1497.48	-0.09016	0
1497.52	-0.09028	0
1497.56	-0.09039	0
1497.6000000000001	-0.09050	0
1497.64	-0.09061	0
1497.68	-0.09073	0
1497.72	-0.09084	0
1497.76	-0.09095	0
1497.8	-0.09106	0
1497.84	-0.08988	0
1497.88	-0.08999	0
1497.92	-0.09010	0
1497.96	-0.09022	0
1498.0	-0.09033	0
1498.04	-0.09044	0
1498.08	-0.08926	0
1498.1200000000001	-0.08937	0
1498.16	-0.08948	0
1498.2	-0.08959	0
1498.24	-0.08971	0
1498.28	-0.08982	0
1498.32	-0.08993	0
1498.3600000000001	-0.09004	0
1498.4	-0.09016	0
1498.44	-0.09027	0
1498.48	-0.09038	0
1498.52	-0.09049	0
1498.56	-0.09060	0
1498.6000000000001	-0.09072	0
1498.64	-0.09083	0
1498.68	-0.09094	0
1498.72	-0.09105	0
1498.76	-0.09116	0
1498.8	-0.09128	0
1498.84	-0.09139	0
1498.88	-0.09150	0
1498.92	-0.09161	0
1498.96	-0.09172	0
1499.0	-0.09184	0
1499.04	-0.09195	0
1499.08	-0.09206	0
1499.1200000000001	-0.09217	0
1499.16	-0.09228	0
1499.2	-0.09239	0
1499.24	-0.09251	0
1499.28	-0.09251	0
1499.32	-0.09251	0
1499.3600000000001	-0.09251	0
1499.4	-0.09133	0
1499.44	-0.09144	0
1499.48	-0.09155	0
1499.52	-0.09166	0
1499.56	-0.09177	0
1499.6000000000001	-0.09188	0
1499.64	-0.09071	0
1499.68	-0.09082	0
1499.72	-0.08964	0
1499.76	-0.08975	0
1499.8	-0.08986	0
1499.84	-0.08997	0
1499.88	-0.09009	0
1499.92	-0.09020	0
1499.96	-0.09031	0
1500.0	-0.09042	0
1500.04	-0.09053	0
1500.08	-0.08935	0
1500.1200000000001	-0.08947	0
1500.16	-0.08958	0
1500.2	-0.08969	0
1500.24	-0.08980	0
1500.28	-0.08991	0
1500.32	-0.09003	0
1500.3600000000001	-0.09014	0
1500.4	-0.09025	0
1500.44	-0.09036	0
1500.48	-0.09047	0
1500.52	-0.09058	0
1500.56	-0.09069	0
1500.6000000000001	-0.09081	0
1500.64	-0.09092	0
1500.68	-0.09103	0
1500.72	-0.09114	0
1500.76	-0.09125	0
1500.8	-0.09136	0
1500.84	-0.09147	0
1500.88	-0.09159	0
1500.92	-0.09170	0
1500.96	-0.09181	0
1501.0	-0.09192	0
1501.04	-0.09203	0
1501.08	-0.09214	0
1501.1200000000001	-0.09225	0
1501.16	-0.09236	0
1501.2	-0.09248	0
1501.24	-0.09259	0
1501.28	-0.09259	0
1501.32	-0.09259	0
1501.3600000000001	-0.09141	0
1501.4	-0.09152	0
1501.44	-0.09163	0
1501.48	-0.09046	0
1501.52	-0.09057	0
1501.56	-0.09314	0
1501.6000000000001	-0.09314	0
1501.64	-0.09314	0
1501.68	-0.09314	0
1501.72	-0.09314	0
1501.76	-0.09314	0
1501.8	-0.09314	0
1501.84	-0.09314	0
1501.88	-0.09197	0
1501.92	-0.09080	0
1501.96	-0.09091	0
1502.0	-0.09102	0
1502.04	-0.09113	0
1502.08	-0.09124	0
1502.1200000000001	-0.09135	0
1502.16	-0.09392	0
1502.2	-0.09392	0
1502.24	-0.09392	0
1502.28	-0.09392	0
1502.32	-0.09392	0
1502.3600000000001	-0.09392	0
1502.4	-0.09263	0
1502.44	-0.09263	0
1502.48	-0.09263	0
1502.52	-0.09263	0
1502.56	-0.09263	0
1502.6000000000001	-0.09263	0
1502.64	-0.09263	0
1502.68	-0.09263	0
1502.72	-0.09263	0
1502.76	-0.09263	0
1502.8	-0.09263	0
1502.84	-0.09263	0
1502.88	-0.09263	0
1502.92	-0.09263	0
1502.96	-0.09263	0
1503.0	-0.09263	0
1503.04	-0.09146	0
1503.08	-0.09157	0
1503.1200000000001	-0.09168	0
1503.16	-0.09179	0
1503.2	-0.09191	0
1503.24	-0.09202	0
1503.28	-0.09213	0
1503.32	-0.09224	0
1503.3600000000001	-0.09235	0
1503.4	-0.09246	0
1503.44	-0.09257	0
1503.48	-0.09257	0
1503.52	-0.09257	0
1503.56	-0.09257	0
1503.6000000000001	-0.09257	0
1503.64	-0.09257	0
1503.68	-0.09257	0
1503.72	-0.09257	0
1503.76	-0.09257	0
1503.8	-0.09257	0
1503.84	-0.09257	0
1503.88	-0.09257	1
1503.92	-0.09257	1
1503.96	-0.09257	1
1504.0	-0.09257	1
1504.04	-0.09257	1
1504.08	-0.09257	1
1504.1200000000001	-0.09257	1
1504.16	-0.09257	1
1504.2	-0.09257	1
1504.24	-0.09257	1
1504.28	-0.09257	1
1504.32	-0.09257	1
1504.3600000000001	-0.09257	1
1504.4	-0.09257	1
1504.44	-0.09257	1
1504.48	-0.09257	1
1504.52	-0.09257	1
1504.56	-0.09257	1
1504.6000000000001	-0.09257	1
1504.64	-0.09257	1
1504.68	-0.09257	1
1504.72	-0.09257	1
1504.76	-0.09257	1
1504.8	-0.09257	1
1504.84	-0.09257	1
1504.88	-0.09257	1
1504.92	-0.09257	1
1504.96	-0.09257	1
1505.0	-0.09257	1
1505.04	-0.09257	1
1505.08	-0.09257	1
1505.1200000000001	-0.09257	1
1505.16	-0.09257	1
1505.2	-0.09257	1
1505.24	-0.09257	1
1505.28	-0.09257	1
1505.32	-0.09257	1
1505.3600000000001	-0.09257	1
1505.4	-0.09257	1
1505.44	-0.09257	1
1505.48	-0.09257	1
1505.52	-0.09257	1
1505.56	-0.09257	1
1505.6000000000001	-0.09137	1
1505.64	-0.09148	1
1505.68	-0.09160	1
1505.72	-0.09171	1
1505.76	-0.09182	1
1505.8	-0.09194	1
1505.84	-0.09205	1
1505.88	-0.09216	1
1505.92	-0.09228	1
1505.96	-0.09108	1
1506.0	-0.09119	1
1506.04	-0.09131	1
1506.08	-0.09142	1
1506.1200000000001	-0.09153	1
1506.16	-0.09165	1
1506.2	-0.09176	1
1506.24	-0.09187	1
1506.28	-0.09199	1
1506.32	-0.09210	1
1506.3600000000001	-0.09221	1
1506.4	-0.09233	1
1506.44	-0.09244	1
1506.48	-0.09255	1
1506.52	-0.09255	1
1506.56	-0.09255	1
1506.6000000000001	-0.09255	1
1506.64	-0.09255	1
1506.68	-0.09136	1
1506.72	-0.09147	1
1506.76	-0.09158	1
1506.8	-0.09170	1
1506.84	-0.09181	1
1506.88	-0.09192	1
1506.92	-0.09204	1
1506.96	-0.09215	1
1507.0	-0.09226	1
1507.04	-0.09238	1
1507.08	-0.09249	1
1507.1200000000001	-0.09260	1
1507.16	-0.09260	1
1507.2	-0.09260	1
1507.24	-0.09260	1
1507.28	-0.09260	1
1507.32	-0.09260	1
1507.3600000000001	-0.09260	1
1507.4	-0.09141	1
1507.44	-0.09403	1
1507.48	-0.09403	1
1507.52	-0.09272	1
1507.56	-0.09272	1
1507.6000000000001	-0.09152	1
1507.64	-0.09163	1
1507.68	-0.09175	1
1507.72	-0.09186	1
1507.76	-0.09197	1
1507.8	-0.09209	1
1507.84	-0.09220	1
1507.88	-0.09231	1
1507.92	-0.09243	1
1507.96	-0.09254	1
1508.0	-0.09254	1
1508.04	-0.09254	1
1508.08	-0.09254	1
1508.1200000000001	-0.09254	1
1508.16	-0.09254	1
1508.2	-0.09254	1
1508.24	-0.09254	1
1508.28	-0.09254	1
1508.32	-0.09254	1
1508.3600000000001	-0.09254	1
1508.4	-0.09254	1
1508.44	-0.09254	1
1508.48	-0.09254	1
1508.52	-0.09254	1
1508.56	-0.09254	1
1508.6000000000001	-0.09254	1
1508.64	-0.09254	1
1508.68	-0.09254	1
1508.72	-0.09254	1
1508.76	-0.09254	1
1508.8	-0.09254	1
1508.84	-0.09254	1
1508.88	-0.09254	1
1508.92	-0.09254	1
1508.96	-0.09254	1
1509.0	-0.09254	1
1509.04	-0.09254	1
1509.08	-0.09254	1
1509.1200000000001	-0.09254	1
1509.16	-0.09254	1
1509.2	-0.09254	1
1509.24	-0.09254	1
1509.28	-0.09254	1
1509.32	-0.09134	1
1509.3600000000001	-0.09146	1
1509.4	-0.09157	1
1509.44	-0.09168	1
1509.48	-0.09180	1
1509.52	-0.09191	1
1509.56	-0.09202	1
1509.6000000000001	-0.09214	1
1509.64	-0.09475	1
1509.68	-0.09475	1
1509.72	-0.09475	1
1509.76	-0.09475	1
1509.8	-0.09344	1
1509.84	-0.09344	1
1509.88	-0.09344	1
1509.92	-0.09344	1
1509.96	-0.09344	1
1510.0	-0.09344	1
1510.04	-0.09344	1
1510.08	-0.09344	1
1510.1200000000001	-0.09344	1
1510.16	-0.09344	1
1510.2	-0.09344	1
1510.24	-0.09344	1
1510.28	-0.09344	1
1510.32	-0.09344	1
1510.3600000000001	-0.09344	1
1510.4	-0.09344	1
1510.44	-0.09344	1
1510.48	-0.09344	1
1510.52	-0.09344	1
1510.56	-0.09344	1
1510.6000000000001	-0.09344	1
1510.64	-0.09344	1
1510.68	-0.09344	1
1510.72	-0.09344	1
1510.76	-0.09344	1
1510.8	-0.09344	1
1510.84	-0.09344	1
1510.88	-0.09344	1
1510.92	-0.09344	1
1510.96	-0.09344	1
1511.0	-0.09344	1
1511.04	-0.09344	1
1511.08	-0.09344	1
1511.1200000000001	-0.09344	1
1511.16	-0.09344	1
1511.2	-0.09344	1
1511.24	-0.09344	1
1511.28	-0.09344	1
1511.32	-0.09344	1
1511.3600000000001	-0.09344	1
1511.4	-0.09344	1
1511.44	-0.09344	1
1511.48	-0.09344	1
1511.52	-0.09344	1
1511.56	-0.09344	1
1511.6000000000001	-0.09344	1
1511.64	-0.09344	1
1511.68	-0.09344	1
1511.72	-0.09344	1
1511.76	-0.09344	1
1511.8	-0.09344	1
1511.84	-0.09344	1
1511.88	-0.09344	1
1511.92	-0.09344	1
1511.96	-0.09344	1
1512.0	-0.09344	1
1512.04	-0.09344	1
1512.08	-0.09344	1
1512.1200000000001	-0.09344	1
1512.16	-0.09344	1
1512.2	-0.09344	1
1512.24	-0.09225	1
1512.28	-0.09236	1
1512.32	-0.09247	1
1512.3600000000001	-0.09259	1
1512.4	-0.09259	1
1512.44	-0.09259	1
1512.48	-0.09259	1
1512.52	-0.09259	1
1512.56	-0.09259	1
1512.6000000000001	-0.09259	1
1512.64	-0.09259	1
1512.68	-0.09259	1
1512.72	-0.09259	1
1512.76	-0.09259	1
1512.8	-0.09259	1
1512.84	-0.09259	1
1512.88	-0.09259	1
1512.92	-0.09259	1
1512.96	-0.09259	1
1513.0	-0.09259	1
1513.04	-0.09259	1
1513.08	-0.09259	1
1513.1200000000001	-0.09259	1
1513.16	-0.09259	1
1513.2	-0.09139	1
1513.24	-0.09151	1
1513.28	-0.09412	1
1513.32	-0.09412	1
1513.3600000000001	-0.09412	1
1513.4	-0.09412	1
1513.44	-0.09412	1
1513.48	-0.09412	1
1513.52	-0.09412	1
1513.56	-0.09281	1
1513.6000000000001	-0.09281	1
1513.64	-0.09281	1
1513.68	-0.09281	1
1513.72	-0.09281	0
1513.76	-0.09281	0
1513.8	-0.09162	0
1513.84	-0.09173	0
1513.88	-0.09185	0
1513.92	-0.09196	0
1513.96	-0.09207	0
1514.0	-0.09218	0
1514.04	-0.09099	0
1514.08	-0.09111	0
1514.1200000000001	-0.09122	0
1514.16	-0.09133	0
1514.2	-0.09144	0
1514.24	-0.09156	0
1514.28	-0.09167	0
1514.32	-0.09178	0
1514.3600000000001	-0.09190	0
1514.4	-0.09201	0
1514.44	-0.09212	0
1514.48	-0.09342	0
1514.52	-0.09342	1
1514.56	-0.09342	1
1514.6000000000001	-0.09342	1
1514.64	-0.09342	1
1514.68	-0.09342	1
1514.72	-0.09342	1
1514.76	-0.09342	1
1514.8	-0.09342	1
1514.84	-0.09342	1
1514.88	-0.09342	1
1514.92	-0.09342	1
1514.96	-0.09342	1
1515.0	-0.09342	1
1515.04	-0.09342	1
1515.08	-0.09342	1
1515.1200000000001	-0.09342	1
1515.16	-0.09222	1
1515.2	-0.09234	1
1515.24	-0.09245	1
1515.28	-0.09256	1
1515.32	-0.09256	1
1515.3600000000001	-0.09136	1
1515.4	-0.09148	1
1515.44	-0.09159	1
1515.48	-0.09039	1
1515.52	-0.09050	1
1515.56	-0.09062	1
1515.6000000000001	-0.09073	1
1515.64	-0.09084	1
1515.68	-0.09096	1
1515.72	-0.08976	1
1515.76	-0.08987	1
1515.8	-0.08999	1
1515.84	-0.09010	1
1515.88	-0.08890	1
1515.92	-0.09033	1
1515.96	-0.09044	1
1516.0	-0.09055	1
1516.04	-0.09067	1
1516.08	-0.09078	1
1516.1200000000001	-0.09090	1
1516.16	-0.09352	1
1516.2	-0.09352	1
1516.24	-0.09352	1
1516.28	-0.09352	1
1516.32	-0.09352	1
1516.3600000000001	-0.09352	1
1516.4	-0.09352	1
1516.44	-0.09352	1
1516.48	-0.09352	1
1516.52	-0.09352	1
1516.56	-0.09352	1
1516.6000000000001	-0.09352	1
1516.64	-0.09352	1
1516.68	-0.09352	1
1516.72	-0.09352	1
1516.76	-0.09352	1
1516.8	-0.09352	1
1516.84	-0.09352	1
1516.88	-0.09352	1
1516.92	-0.09352	1
1516.96	-0.09352	1
1517.0	-0.09352	1
1517.04	-0.09352	1
1517.08	-0.09352	1
1517.1200000000001	-0.09352	1
1517.16	-0.09352	1
1517.2	-0.09352	1
1517.24	-0.09352	1
1517.28	-0.09352	1
1517.32	-0.09352	1
1517.3600000000001	-0.09352	1
1517.4	-0.09352	1
1517.44	-0.09352	1
1517.48	-0.09352	1
1517.52	-0.09352	1
1517.56	-0.09352	1
1517.6000000000001	-0.09352	1
1517.64	-0.09352	1
1517.68	-0.09352	1
1517.72	-0.09352	1
1517.76	-0.09352	1
1517.8	-0.09352	1
1517.84	-0.09352	1
1517.88	-0.09352	1
1517.92	-0.09352	1
1517.96	-0.09352	1
1518.0	-0.09352	1
1518.04	-0.09352	1
1518.08	-0.09352	1
1518.1200000000001	-0.09352	1
1518.16	-0.09352	1
1518.2	-0.09352	1
1518.24	-0.09352	1
1518.28	-0.09352	1
1518.32	-0.09352	1
1518.3600000000001	-0.09352	1
1518.4	-0.09352	1
1518.44	-0.09352	1
1518.48	-0.09352	1
1518.52	-0.09232	1
1518.56	-0.09243	1
1518.6000000000001	-0.09255	1
1518.64	-0.09255	1
1518.68	-0.09255	1
1518.72	-0.09255	1
1518.76	-0.09255	1
1518.8	-0.09255	1
1518.84	-0.09255	1
1518.88	-0.09255	1
1518.92	-0.09255	1
1518.96	-0.09255	1
1519.0	-0.09255	1
1519.04	-0.09255	1
1519.08	-0.09255	1
1519.1200000000001	-0.09255	1
1519.16	-0.09255	1
1519.2	-0.09255	1
1519.24	-0.09255	1
1519.28	-0.09255	1
1519.32	-0.09255	1
1519.3600000000001	-0.09255	1
1519.4	-0.09255	1
1519.44	-0.09255	1
1519.48	-0.09255	1
1519.52	-0.09255	1
1519.56	-0.09255	1
1519.6000000000001	-0.09255	1
1519.64	-0.09255	1
1519.68	-0.09135	1
1519.72	-0.09146	1
1519.76	-0.09158	1
1519.8	-0.09169	1
1519.84	-0.09180	1
1519.88	-0.09061	1
1519.92	-0.09072	1
1519.96	-0.09083	1
1520.0	-0.08964	1
1520.04	-0.08975	1
1520.08	-0.08986	1
1520.1200000000001	-0.08998	1
1520.16	-0.09009	1
1520.2	-0.09020	1
1520.24	-0.09032	1
1520.28	-0.09043	1
1520.32	-0.09054	1
1520.3600000000001	-0.09066	1
1520.4	-0.09077	1
1520.44	-0.09088	1
1520.48	-0.09100	1
1520.52	-0.09111	1
1520.56	-0.09122	1
1520.6000000000001	-0.09134	1
1520.64	-0.09145	1
1520.68	-0.09406	1
1520.72	-0.09276	1
1520.76	-0.09276	1
1520.8	-0.09276	1
1520.84	-0.09276	1
1520.88	-0.09276	1
1520.92	-0.09276	1
1520.96	-0.09276	1
1521.0	-0.09276	1
1521.04	-0.09276	1
1521.08	-0.09276	1
1521.1200000000001	-0.09276	0
1521.16	-0.09276	0
1521.2	-0.09276	0
1521.24	-0.09276	0
1521.28	-0.09276	0
1521.32	-0.09276	0
1521.3600000000001	-0.09276	0
1521.4	-0.09276	0
1521.44	-0.09276	0
1521.48	-0.09276	0
1521.52	-0.09276	0
1521.56	-0.09276	0
1521.6000000000001	-0.09276	0
1521.64	-0.09276	0
1521.68	-0.09276	0
1521.72	-0.09156	0
1521.76	-0.09168	0
1521.8	-0.09179	0
1521.84	-0.09190	0
1521.88	-0.09201	0
1521.92	-0.09213	0
1521.96	-0.09224	0
1522.0	-0.09235	0
1522.04	-0.09247	0
1522.08	-0.09258	0
1522.1200000000001	-0.09258	0
1522.16	-0.09258	1
1522.2	-0.09258	1
1522.24	-0.09258	1
1522.28	-0.09258	1
1522.32	-0.09258	1
1522.3600000000001	-0.09258	1
1522.4	-0.09258	1
1522.44	-0.09258	1
1522.48	-0.09258	1
1522.52	-0.09258	1
1522.56	-0.09258	1
1522.6000000000001	-0.09258	1
1522.64	-0.09258	1
1522.68	-0.09258	1
1522.72	-0.09258	1
1522.76	-0.09258	1
1522.8	-0.09258	1
1522.84	-0.09258	1
1522.88	-0.09258	1
1522.92	-0.09258	1
1522.96	-0.09258	1
1523.0	-0.09258	1
1523.04	-0.09258	1
1523.08	-0.09258	1
1523.1200000000001	-0.09258	1
1523.16	-0.09258	1
1523.2	-0.09258	1
1523.24	-0.09258	1
1523.28	-0.09258	1
1523.32	-0.09258	1
1523.3600000000001	-0.09258	1
1523.4	-0.09258	1
1523.44	-0.09258	1
1523.48	-0.09258	1
1523.52	-0.09138	1
1523.56	-0.09149	1
1523.6000000000001	-0.09161	1
1523.64	-0.09172	1
1523.68	-0.09183	1
1523.72	-0.09195	1
1523.76	-0.09206	1
1523.8	-0.09217	1
1523.84	-0.09229	1
1523.88	-0.09240	1
1523.92	-0.09251	1
1523.96	-0.09251	1
1524.0	-0.09251	1
1524.04	-0.09251	1
1524.08	-0.09131	1
1524.1200000000001	-0.09143	1
1524.16	-0.09154	1
1524.2	-0.09166	1
1524.24	-0.09177	1
1524.28	-0.09188	1
1524.32	-0.09068	1
1524.3600000000001	-0.09080	1
1524.4	-0.09091	1
1524.44	-0.09102	1
1524.48	-0.09114	1
1524.52	-0.09125	1
1524.56	-0.09136	1
1524.6000000000001	-0.09148	1
1524.64	-0.09159	1
1524.68	-0.09171	1
1524.72	-0.09182	1
1524.76	-0.09193	1
1524.8	-0.09205	1
1524.84	-0.09216	1
1524.88	-0.09227	1
1524.92	-0.09238	1
1524.96	-0.09250	1
1525.0	-0.09261	1
1525.04	-0.09142	1
1525.08	-0.09153	1
1525.1200000000001	-0.09033	1
1525.16	-0.09045	1
1525.2	-0.09056	1
1525.24	-0.09067	1
1525.28	-0.09079	1
1525.32	-0.09090	1
1525.3600000000001	-0.08970	1
1525.4	-0.08851	1
1525.44	-0.08862	1
1525.48	-0.08874	1
1525.52	-0.08885	1
1525.56	-0.08896	1
1525.6000000000001	-0.08908	1
1525.64	-0.08919	1
1525.68	-0.08930	1
1525.72	-0.08942	1
1525.76	-0.08823	1
1525.8	-0.08834	1
1525.84	-0.08845	1
1525.88	-0.08857	1
1525.92	-0.08868	1
1525.96	-0.08879	1
1526.0	-0.08891	1
1526.04	-0.08902	1
1526.08	-0.08783	1
1526.1200000000001	-0.08794	1
1526.16	-0.08805	1
1526.2	-0.08817	1
1526.24	-0.08828	1
1526.28	-0.08839	1
1526.32	-0.08851	1
1526.3600000000001	-0.08732	0
1526.4	-0.08743	0
1526.44	-0.08754	0
1526.48	-0.08766	0
1526.52	-0.08777	0
1526.56	-0.08788	0
1526.6000000000001	-0.08800	0
1526.64	-0.08811	0
1526.68	-0.08692	0
1526.72	-0.08703	0
1526.76	-0.08715	0
1526.8	-0.08726	0
1526.84	-0.08737	0
1526.88	-0.08748	0
1526.92	-0.08630	0
1526.96	-0.08641	0
1527.0	-0.08652	0
1527.04	-0.08664	0
1527.08	-0.08675	0
1527.1200000000001	-0.08686	0
1527.16	-0.08698	0
1527.2	-0.08709	0
1527.24	-0.08720	0
1527.28	-0.08731	0
1527.32	-0.08743	1
1527.3600000000001	-0.08754	1
1527.4	-0.08766	1
1527.44	-0.08777	1
1527.48	-0.08789	1
1527.52	-0.08669	1
1527.56	-0.08680	1
1527.6000000000001	-0.08691	1
1527.64	-0.08703	1
1527.68	-0.08714	1
1527.72	-0.08726	1
1527.76	-0.08737	1
1527.8	-0.08749	1
1527.84	-0.08760	1
1527.88	-0.09034	1
1527.92	-0.09045	1
1527.96	-0.09057	1
1528.0	-0.09068	1
1528.04	-0.09079	1
1528.08	-0.09091	1
1528.1200000000001	-0.09102	1
1528.16	-0.09113	1
1528.2	-0.09125	1
1528.24	-0.09136	1
1528.28	-0.09147	1
1528.32	-0.09028	1
1528.3600000000001	-0.09039	1
1528.4	-0.09050	1
1528.44	-0.09062	1
1528.48	-0.09073	1
1528.52	-0.09215	1
1528.56	-0.09227	1
1528.6000000000001	-0.09238	1
1528.64	-0.09249	1
1528.68	-0.09261	1
1528.72	-0.09261	1
1528.76	-0.09261	1
1528.8	-0.09261	1
1528.84	-0.09261	1
1528.88	-0.09261	1
1528.92	-0.09261	1
1528.96	-0.09261	1
1529.0	-0.09261	1
1529.04	-0.09261	1
1529.08	-0.09261	1
1529.1200000000001	-0.09261	1
1529.16	-0.09261	1
1529.2	-0.09261	1
1529.24	-0.09261	1
1529.28	-0.09261	1
1529.32	-0.09261	1
1529.3600000000001	-0.09261	1
1529.4	-0.09261	1
1529.44	-0.09261	1
1529.48	-0.09261	1
1529.52	-0.09261	1
1529.56	-0.09261	1
1529.6000000000001	-0.09261	1
1529.64	-0.09261	1
1529.68	-0.09261	1
1529.72	-0.09261	1
1529.76	-0.09261	1
1529.8	-0.09261	1
1529.8400000000001	-0.09261	1
1529.88	-0.09261	1
1529.92	-0.09261	1
1529.96	-0.09261	1
1530.0	-0.09261	0
1530.04	-0.09261	0
1530.08	-0.09261	0
1530.1200000000001	-0.09261	0
1530.16	-0.09261	0
1530.2	-0.09261	0
1530.24	-0.09261	1
1530.28	-0.09261	1
1530.32	-0.09261	1
1530.3600000000001	-0.09261	1
1530.4	-0.09261	1
1530.44	-0.09261	1
1530.48	-0.09261	1
1530.52	-0.09261	1
1530.56	-0.09261	1
1530.6000000000001	-0.09261	1
1530.64	-0.09261	1
1530.68	-0.09261	1
1530.72	-0.09261	1
1530.76	-0.09261	1
1530.8	-0.09261	1
1530.8400000000001	-0.09261	1
1530.88	-0.09261	1
1530.92	-0.09261	1
1530.96	-0.09261	1
1531.0	-0.09009	1
1531.04	-0.09020	1
1531.08	-0.09032	1
1531.1200000000001	-0.09043	1
1531.16	-0.08923	1
1531.2	-0.08935	1
1531.24	-0.08946	1
1531.28	-0.08957	1
1531.32	-0.08969	1
1531.3600000000001	-0.08980	1
1531.4	-0.08992	1
1531.44	-0.09003	1
1531.48	-0.09014	1
1531.52	-0.09026	1
1531.56	-0.09037	1
1531.6000000000001	-0.09048	1
1531.64	-0.09060	1
1531.68	-0.09071	1
1531.72	-0.09083	1
1531.76	-0.09094	1
1531.8	-0.09105	1
1531.8400000000001	-0.09117	1
1531.88	-0.09128	1
1531.92	-0.09139	1
1531.96	-0.09151	1
1532.0	-0.09162	1
1532.04	-0.09173	1
1532.08	-0.09185	1
1532.1200000000001	-0.09196	1
1532.16	-0.09207	1
1532.2	-0.09219	1
1532.24	-0.09230	1
1532.28	-0.09241	1
1532.32	-0.09253	1
1532.3600000000001	-0.09253	1
1532.4	-0.09253	1
1532.44	-0.09253	1
1532.48	-0.09133	1
1532.52	-0.09144	1
1532.56	-0.09156	1
1532.6000000000001	-0.09167	1
1532.64	-0.09047	1
1532.68	-0.09059	1
1532.72	-0.08808	1
1532.76	-0.08820	1
1532.8	-0.08831	1
1532.8400000000001	-0.08843	1
1532.88	-0.08854	1
1532.92	-0.08865	1
1532.96	-0.08877	1
1533.0	-0.08888	1
1533.04	-0.08769	1
1533.08	-0.08780	1
1533.1200000000001	-0.08791	1
1533.16	-0.08803	1
1533.2	-0.08814	1
1533.24	-0.08825	1
1533.28	-0.08837	1
1533.32	-0.08717	1
1533.3600000000001	-0.08729	1
1533.4	-0.08740	1
1533.44	-0.08751	1
1533.48	-0.08632	1
1533.52	-0.08644	1
1533.56	-0.08655	1
1533.6000000000001	-0.08666	1
1533.64	-0.08678	1
1533.68	-0.08689	1
1533.72	-0.08700	1
1533.76	-0.08712	1
1533.8	-0.08723	1
1533.8400000000001	-0.08734	1
1533.88	-0.08746	1
1533.92	-0.08757	1
1533.96	-0.08768	1
1534.0	-0.08780	1
1534.04	-0.08661	1
1534.08	-0.08672	1
1534.1200000000001	-0.08683	1
1534.16	-0.08695	1
1534.2	-0.08706	1
1534.24	-0.08717	1
1534.28	-0.08729	1
1534.32	-0.08740	1
1534.3600000000001	-0.08751	1
1534.4	-0.08763	1
1534.44	-0.08774	1
1534.48	-0.08785	1
1534.52	-0.08797	1
1534.56	-0.08678	1
1534.6000000000001	-0.08689	1
1534.64	-0.08700	1
1534.68	-0.08712	1
1534.72	-0.08723	1
1534.76	-0.08734	1
1534.8	-0.08746	1
1534.8400000000001	-0.08627	1
1534.88	-0.08638	1
1534.92	-0.08650	1
1534.96	-0.08661	1
1535.0	-0.08672	1
1535.04	-0.08683	1
1535.08	-0.08695	1
1535.1200000000001	-0.08706	1
1535.16	-0.08717	1
1535.2	-0.08599	1
1535.24	-0.08610	1
1535.28	-0.08621	1
1535.32	-0.08503	1
1535.3600000000001	-0.08514	1
1535.4	-0.08525	1
1535.44	-0.08407	1
1535.48	-0.08418	1
1535.52	-0.08430	1
1535.56	-0.08441	1
1535.6000000000001	-0.08452	0
1535.64	-0.08464	0
1535.68	-0.08475	0
1535.72	-0.08486	0
1535.76	-0.08497	0
1535.8	-0.08509	0
1535.8400000000001	-0.08520	0
1535.88	-0.08531	0
1535.92	-0.08543	0
1535.96	-0.08554	0
1536.0	-0.08565	0
1536.04	-0.08576	0
1536.08	-0.08588	0
1536.1200000000001	-0.08599	0
1536.16	-0.08610	0
1536.2	-0.08492	0
1536.24	-0.08503	0
1536.28	-0.08515	0
1536.32	-0.08526	0
1536.3600000000001	-0.08537	0
1536.4	-0.08548	0
1536.44	-0.08560	0
1536.48	-0.08571	0
1536.52	-0.08582	0
1536.56	-0.08594	0
1536.6000000000001	-0.08605	0
1536.64	-0.08616	0
1536.68	-0.08627	0
1536.72	-0.08639	0
1536.76	-0.08650	0
1536.8	-0.08661	0
1536.8400000000001	-0.08672	0
1536.88	-0.08683	0
1536.92	-0.08695	0
1536.96	-0.08706	0
1537.0	-0.08717	1
1537.04	-0.08729	1
1537.08	-0.08740	1
1537.1200000000001	-0.08752	1
1537.16	-0.08763	1
1537.2	-0.08774	1
1537.24	-0.08786	1
1537.28	-0.08797	1
1537.32	-0.08809	1
1537.3600000000001	-0.08820	1
1537.4	-0.08832	1
1537.44	-0.08843	1
1537.48	-0.08854	1
1537.52	-0.08866	1
1537.56	-0.08877	1
1537.6000000000001	-0.08889	1
1537.64	-0.08900	1
1537.68	-0.08911	1
1537.72	-0.08923	1
1537.76	-0.08934	1
1537.8	-0.08814	1
1537.8400000000001	-0.08826	1
1537.88	-0.08837	1
1537.92	-0.08848	1
1537.96	-0.08860	1
1538.0	-0.08871	1
1538.04	-0.08883	1
1538.08	-0.08894	1
1538.1200000000001	-0.08905	1
1538.16	-0.08917	1
1538.2	-0.08928	1
1538.24	-0.08808	1
1538.28	-0.08820	1
1538.32	-0.08831	1
1538.3600000000001	-0.08843	1
1538.4	-0.08854	1
1538.44	-0.08865	1
1538.48	-0.08877	1
1538.52	-0.08888	1
1538.56	-0.08899	1
1538.6000000000001	-0.08911	1
1538.64	-0.08922	1
1538.68	-0.08933	1
1538.72	-0.08945	1
1538.76	-0.08956	1
1538.8	-0.08967	1
1538.8400000000001	-0.08979	1
1538.88	-0.08990	1
1538.92	-0.09001	1
1538.96	-0.09013	1
1539.0	-0.09024	1
1539.04	-0.09035	1
1539.08	-0.09047	1
1539.1200000000001	-0.09058	1
1539.16	-0.09069	1
1539.2	-0.09081	1
1539.24	-0.09092	1
1539.28	-0.09103	1
1539.32	-0.09114	1
1539.3600000000001	-0.09126	1
1539.4	-0.09137	1
1539.44	-0.09148	1
1539.48	-0.09160	1
1539.52	-0.09171	1
1539.56	-0.09182	1
1539.6000000000001	-0.09194	1
1539.64	-0.09205	1
1539.68	-0.09216	1
1539.72	-0.09227	0
1539.76	-0.09239	0
1539.8	-0.09250	0
1539.8400000000001	-0.09261	0
1539.88	-0.09261	0
1539.92	-0.09261	0
1539.96	-0.09261	0
1540.0	-0.09261	0
1540.04	-0.09261	0
1540.08	-0.09261	0
1540.1200000000001	-0.09261	0
1540.16	-0.09261	0
1540.2	-0.09261	0
1540.24	-0.09261	0
1540.28	-0.09261	0
1540.32	-0.09261	0
1540.3600000000001	-0.09261	0
1540.4	-0.09261	0
1540.44	-0.09261	0
1540.48	-0.09261	0
1540.52	-0.09261	0
1540.56	-0.09261	0
1540.6000000000001	-0.09261	0
1540.64	-0.09261	0
1540.68	-0.09261	0
1540.72	-0.09261	0
1540.76	-0.09261	0
1540.8	-0.09261	0
1540.8400000000001	-0.09261	0
1540.88	-0.09261	0
1540.92	-0.09261	0
1540.96	-0.09261	0
1541.0	-0.09261	0
1541.04	-0.09261	0
1541.08	-0.09261	0
1541.1200000000001	-0.09261	0
1541.16	-0.09261	0
1541.2	-0.09261	0
1541.24	-0.09261	0
1541.28	-0.09261	0
1541.32	-0.09261	0
1541.3600000000001	-0.09261	0
1541.4	-0.09261	0
1541.44	-0.09261	0
1541.48	-0.09261	0
1541.52	-0.09261	0
1541.56	-0.09261	0
1541.6000000000001	-0.09142	0
1541.64	-0.09153	0
1541.68	-0.09165	0
1541.72	-0.09176	0
1541.76	-0.09187	0
1541.8	-0.09198	0
1541.8400000000001	-0.09210	0
1541.88	-0.09221	0
1541.92	-0.09232	0
1541.96	-0.09243	0
1542.0	-0.09255	0
1542.04	-0.09255	0
1542.08	-0.09255	0
1542.1200000000001	-0.09255	0
1542.16	-0.09255	0
1542.2	-0.09255	0
1542.24	-0.09255	0
1542.28	-0.09255	0
1542.32	-0.09255	0
1542.3600000000001	-0.09255	0
1542.4	-0.09255	0
1542.44	-0.09255	0
1542.48	-0.09255	0
1542.52	-0.09255	0
1542.56	-0.09255	0
1542.6000000000001	-0.09255	0
1542.64	-0.09255	0
1542.68	-0.09255	0
1542.72	-0.09136	0
1542.76	-0.09017	0
1542.8	-0.09028	0
1542.8400000000001	-0.09040	0
1542.88	-0.09051	0
1542.92	-0.09062	0
1542.96	-0.09073	0
1543.0	-0.09085	0
1543.04	-0.09096	0
1543.08	-0.09107	0
1543.1200000000001	-0.09118	0
1543.16	-0.09130	0
1543.2	-0.09141	0
1543.24	-0.09152	0
1543.28	-0.09163	0
1543.32	-0.09175	0
1543.3600000000001	-0.09056	0
1543.4	-0.09067	0
1543.44	-0.09078	0
1543.48	-0.09090	0
1543.52	-0.09101	0
1543.56	-0.09360	0
1543.6000000000001	-0.09360	0
1543.64	-0.09242	0
1543.68	-0.09253	0
1543.72	-0.08875	0
1543.76	-0.08886	0
1543.8	-0.08898	0
1543.8400000000001	-0.08909	0
1543.88	-0.08920	0
1543.92	-0.08931	0
1543.96	-0.08943	0
1544.0	-0.08954	0
1544.04	-0.08965	0
1544.08	-0.08847	0
1544.1200000000001	-0.08858	0
1544.16	-0.08869	0
1544.2	-0.08880	0
1544.24	-0.08892	0
1544.28	-0.08903	0
1544.32	-0.08914	0
1544.3600000000001	-0.08796	0
1544.4	-0.08807	0
1544.44	-0.08818	0
1544.48	-0.08830	0
1544.52	-0.08841	0
1544.56	-0.08852	0
1544.6000000000001	-0.08863	0
1544.64	-0.08875	0
1544.68	-0.08886	0
1544.72	-0.08897	0
1544.76	-0.08908	0
1544.8	-0.08790	0
1544.8400000000001	-0.08801	0
1544.88	-0.08813	0
1544.92	-0.08824	0
1544.96	-0.08835	0
1545.0	-0.08846	0
1545.04	-0.08857	0
1545.08	-0.08869	0
1545.1200000000001	-0.08880	0
1545.16	-0.08891	0
1545.2	-0.08902	0
1545.24	-0.08914	0
1545.28	-0.08925	0
1545.32	-0.08936	0
1545.3600000000001	-0.08947	0
1545.4	-0.08958	0
1545.44	-0.08840	0
1545.48	-0.08852	0
1545.52	-0.08863	0
1545.56	-0.08874	0
1545.6000000000001	-0.08885	0
1545.64	-0.08896	0
1545.68	-0.08908	0
1545.72	-0.08919	0
1545.76	-0.08930	0
1545.8	-0.08941	0
1545.8400000000001	-0.08952	0
1545.88	-0.08964	0
1545.92	-0.08975	0
1545.96	-0.08986	0
1546.0	-0.08997	0
1546.04	-0.09008	0
1546.08	-0.09019	0
1546.1200000000001	-0.09031	0
1546.16	-0.09288	0
1546.2	-0.09288	0
1546.24	-0.09288	0
1546.28	-0.09288	0
1546.32	-0.09288	0
1546.3600000000001	-0.09288	0
1546.4	-0.09288	0
1546.44	-0.09288	0
1546.48	-0.09288	0
1546.52	-0.09170	0
1546.56	-0.09182	0
1546.6000000000001	-0.09193	0
1546.64	-0.09204	0
1546.68	-0.09215	0
1546.72	-0.09226	0
1546.76	-0.09237	0
1546.8	-0.09248	0
1546.8400000000001	-0.09260	0
1546.88	-0.09260	0
1546.92	-0.09260	0
1546.96	-0.09260	0
1547.0	-0.09260	0
1547.04	-0.09260	0
1547.08	-0.09260	0
1547.1200000000001	-0.09260	0
1547.16	-0.09260	0
1547.2	-0.09142	0
1547.24	-0.09153	0
1547.28	-0.09164	0
1547.32	-0.09175	0
1547.3600000000001	-0.09186	0
1547.4	-0.09198	0
1547.44	-0.09209	0
1547.48	-0.09220	0
1547.52	-0.09231	0
1547.56	-0.09242	0
1547.6000000000001	-0.09253	1
1547.64	-0.09253	1
1547.68	-0.09253	1
1547.72	-0.09253	1
1547.76	-0.09253	1
1547.8	-0.09253	1
1547.8400000000001	-0.09253	1
1547.88	-0.09253	1
1547.92	-0.09253	1
1547.96	-0.09253	1
1548.0	-0.09253	1
1548.04	-0.09253	1
1548.08	-0.09253	1
1548.1200000000001	-0.09253	1
1548.16	-0.09253	1
1548.2	-0.09253	1
1548.24	-0.09253	1
1548.28	-0.09253	1
1548.32	-0.09253	1
1548.3600000000001	-0.09253	1
1548.4	-0.09253	1
1548.44	-0.09253	1
1548.48	-0.09253	1
1548.52	-0.09253	1
1548.56	-0.09253	1
1548.6000000000001	-0.09253	1
1548.64	-0.09253	1
1548.68	-0.09253	1
1548.72	-0.09253	1
1548.76	-0.09253	1
1548.8	-0.09253	1
1548.8400000000001	-0.09253	1
1548.88	-0.09253	1
1548.92	-0.09253	1
1548.96	-0.09253	1
1549.0	-0.09253	1
1549.04	-0.09253	1
1549.08	-0.09253	1
1549.1200000000001	-0.09253	1
1549.16	-0.09253	1
1549.2	-0.09253	1
1549.24	-0.09253	1
1549.28	-0.09133	1
1549.32	-0.09145	1
1549.3600000000001	-0.09025	1
1549.4	-0.09036	1
1549.44	-0.09047	1
1549.48	-0.08927	1
1549.52	-0.08939	1
1549.56	-0.08819	1
1549.6000000000001	-0.08830	1
1549.64	-0.08842	1
1549.68	-0.08853	1
1549.72	-0.08864	1
1549.76	-0.08876	1
1549.8	-0.08887	1
1549.8400000000001	-0.08899	1
1549.88	-0.08910	1
1549.92	-0.08921	1
1549.96	-0.08933	1
1550.0	-0.08944	1
1550.04	-0.08956	1
1550.08	-0.08967	1
1550.1200000000001	-0.08978	1
1550.16	-0.08990	1
1550.2	-0.09001	1
1550.24	-0.09012	1
1550.28	-0.09024	1
1550.32	-0.09035	1
1550.3600000000001	-0.09046	1
1550.4	-0.09058	1
1550.44	-0.09069	1
1550.48	-0.09080	1
1550.52	-0.09092	1
1550.56	-0.09103	1
1550.6000000000001	-0.09114	1
1550.64	-0.09126	1
1550.68	-0.09137	1
1550.72	-0.09148	1
1550.76	-0.09029	1
1550.8	-0.09040	1
1550.8400000000001	-0.09052	1
1550.88	-0.08932	1
1550.92	-0.08943	1
1550.96	-0.09216	1
1551.0	-0.09228	1
1551.04	-0.09239	1
1551.08	-0.09250	1
1551.1200000000001	-0.09250	1
1551.16	-0.09250	1
1551.2	-0.09131	1
1551.24	-0.09142	1
1551.28	-0.09153	1
1551.32	-0.09165	1
1551.3600000000001	-0.09176	1
1551.4	-0.09187	1
1551.44	-0.09199	1
1551.48	-0.09210	1
1551.52	-0.09221	1
1551.56	-0.09233	1
1551.6000000000001	-0.09244	1
1551.64	-0.09255	1
1551.68	-0.09255	1
1551.72	-0.09255	1
1551.76	-0.09255	1
1551.8	-0.09255	1
1551.8400000000001	-0.09255	1
1551.88	-0.09255	1
1551.92	-0.09255	1
1551.96	-0.09255	1
1552.0	-0.09255	1
1552.04	-0.09255	1
1552.08	-0.09255	1
1552.1200000000001	-0.09255	1
1552.16	-0.09255	1
1552.2	-0.09255	1
1552.24	-0.09255	1
1552.28	-0.09255	1
1552.32	-0.09255	1
1552.3600000000001	-0.09255	1
1552.4	-0.09255	1
1552.44	-0.09255	1
1552.48	-0.09255	1
1552.52	-0.09255	1
1552.56	-0.09255	1
1552.6000000000001	-0.09255	1
1552.64	-0.09255	1
1552.68	-0.09255	1
1552.72	-0.09255	1
1552.76	-0.09255	1
1552.8	-0.09255	1
1552.8400000000001	-0.09255	1
1552.88	-0.09136	1
1552.92	-0.09147	1
1552.96	-0.09158	1
1553.0	-0.09170	1
1553.04	-0.09181	0
1553.08	-0.09192	0
1553.1200000000001	-0.09204	0
1553.16	-0.09084	0
1553.2	-0.09096	0
1553.24	-0.09107	0
1553.28	-0.09118	0
1553.32	-0.09130	0
1553.3600000000001	-0.09011	0
1553.4	-0.09022	0
1553.44	-0.09033	0
1553.48	-0.09044	0
1553.52	-0.09056	0
1553.56	-0.09067	0
1553.6000000000001	-0.09078	0
1553.64	-0.09090	0
1553.68	-0.09101	0
1553.72	-0.09112	0
1553.76	-0.08993	0
1553.8	-0.09004	0
1553.8400000000001	-0.09016	0
1553.88	-0.09027	0
1553.92	-0.09038	0
1553.96	-0.09050	0
1554.0	-0.09061	0
1554.04	-0.09072	0
1554.08	-0.09083	0
1554.1200000000001	-0.09095	0
1554.16	-0.09106	0
1554.2	-0.09117	0
1554.24	-0.09128	0
1554.28	-0.09140	0
1554.32	-0.09151	0
1554.3600000000001	-0.09162	0
1554.4	-0.09173	0
1554.44	-0.09185	0
1554.48	-0.09196	0
1554.52	-0.09207	0
1554.56	-0.09218	0
1554.6000000000001	-0.09229	0
1554.64	-0.09241	0
1554.68	-0.09252	0
1554.72	-0.09133	0
1554.76	-0.09145	0
1554.8	-0.09156	0
1554.8400000000001	-0.09167	0
1554.88	-0.09049	0
1554.92	-0.09060	0
1554.96	-0.09071	0
1555.0	-0.09082	0
1555.04	-0.09093	0
1555.08	-0.09105	0
1555.1200000000001	-0.09116	0
1555.16	-0.09127	0
1555.2	-0.09138	0
1555.24	-0.09150	0
1555.28	-0.09161	0
1555.32	-0.09172	0
1555.3600000000001	-0.09183	0
1555.4	-0.09194	0
1555.44	-0.09206	0
1555.48	-0.09217	0
1555.52	-0.09228	0
1555.56	-0.09357	0
1555.6000000000001	-0.09239	0
1555.64	-0.09250	0
1555.68	-0.09250	0
1555.72	-0.09250	0
1555.76	-0.09250	0
1555.8	-0.09250	0
1555.8400000000001	-0.09250	0
1555.88	-0.09250	0
1555.92	-0.09250	0
1555.96	-0.09250	0
1556.0	-0.09250	0
1556.04	-0.09250	0
1556.08	-0.09250	0
1556.1200000000001	-0.09250	0
1556.16	-0.09250	0
1556.2	-0.09250	0
1556.24	-0.09250	0
1556.28	-0.09250	0
1556.32	-0.09250	0
1556.3600000000001	-0.09250	0
1556.4	-0.09250	0
1556.44	-0.09250	0
1556.48	-0.09250	0
1556.52	-0.09250	0
1556.56	-0.09250	0
1556.6000000000001	-0.09250	0
1556.64	-0.09250	0
1556.68	-0.09250	0
1556.72	-0.09250	0
1556.76	-0.09250	0
1556.8	-0.09250	0
1556.8400000000001	-0.09250	0
1556.88	-0.09250	0
1556.92	-0.09250	0
1556.96	-0.09250	0
1557.0	-0.09250	0
1557.04	-0.09132	0
1557.08	-0.09143	0
1557.1200000000001	-0.09154	0
1557.16	-0.09166	0
1557.2	-0.09177	1
1557.24	-0.09188	1
1557.28	-0.09200	1
1557.32	-0.08948	1
1557.3600000000001	-0.08960	1
1557.4	-0.08971	1
1557.44	-0.08851	1
1557.48	-0.08863	1
1557.52	-0.08874	1
1557.56	-0.08885	1
1557.6000000000001	-0.08897	1
1557.64	-0.08908	1
1557.68	-0.08919	1
1557.72	-0.08931	1
1557.76	-0.08942	1
1557.8	-0.08954	1
1557.8400000000001	-0.08965	1
1557.88	-0.08976	1
1557.92	-0.08988	1
1557.96	-0.08999	1
1558.0	-0.09010	1
1558.04	-0.09022	1
1558.08	-0.09033	1
1558.1200000000001	-0.09045	1
1558.16	-0.09056	1
1558.2	-0.09067	1
1558.24	-0.09079	1
1558.28	-0.09090	1
1558.32	-0.09101	1
1558.3600000000001	-0.09113	1
1558.4	-0.09124	1
1558.44	-0.09135	1
1558.48	-0.09147	1
1558.52	-0.09158	1
1558.56	-0.09169	1
1558.6000000000001	-0.09181	1
1558.64	-0.09192	1
1558.68	-0.09203	1
1558.72	-0.09215	1
1558.76	-0.09226	1
1558.8	-0.09237	1
1558.8400000000001	-0.09249	1
1558.88	-0.09260	1
1558.92	-0.09260	1
1558.96	-0.09260	1
1559.0	-0.09260	1
1559.04	-0.09260	1
1559.08	-0.09260	1
1559.1200000000001	-0.09260	1
1559.16	-0.09260	1
1559.2	-0.09260	1
1559.24	-0.09260	1
1559.28	-0.09260	1
1559.32	-0.09260	1
1559.3600000000001	-0.09260	1
1559.4	-0.09140	1
1559.44	-0.09152	1
1559.48	-0.09163	1
1559.52	-0.09174	1
1559.56	-0.09186	1
1559.6000000000001	-0.09197	1
1559.64	-0.09208	1
1559.68	-0.09220	1
1559.72	-0.09231	1
1559.76	-0.09242	1
1559.8	-0.09123	1
1559.8400000000001	-0.09134	1
1559.88	-0.09145	1
1559.92	-0.09157	1
1559.96	-0.09168	1
1560.0	-0.09179	1
1560.04	-0.09191	1
1560.08	-0.09202	1
1560.1200000000001	-0.09213	1
1560.16	-0.09224	1
1560.2	-0.09236	1
1560.24	-0.09247	1
1560.28	-0.09258	1
1560.32	-0.09258	1
1560.3600000000001	-0.09258	1
1560.4	-0.09258	1
1560.44	-0.09258	0
1560.48	-0.09258	0
1560.52	-0.09258	0
1560.56	-0.09258	0
1560.6000000000001	-0.09139	0
1560.64	-0.09150	0
1560.68	-0.09162	0
1560.72	-0.09173	0
1560.76	-0.09184	0
1560.8	-0.09195	0
1560.8400000000001	-0.09207	0
1560.88	-0.09218	0
1560.92	-0.09348	0
1560.96	-0.09348	0
1561.0	-0.09348	0
1561.04	-0.09348	0
1561.08	-0.09348	0
1561.1200000000001	-0.09348	0
1561.16	-0.09348	0
1561.2	-0.09348	0
1561.24	-0.09348	0
1561.28	-0.09229	0
1561.32	-0.09241	0
1561.3600000000001	-0.09252	0
1561.4	-0.09252	0
1561.44	-0.09252	0
1561.48	-0.09252	0
1561.52	-0.09252	0
1561.56	-0.09252	0
1561.6000000000001	-0.09252	0
1561.64	-0.09252	0
1561.68	-0.09252	0
1561.72	-0.09252	0
1561.76	-0.09252	0
1561.8	-0.09252	0
1561.8400000000001	-0.09252	0
1561.88	-0.09252	0
1561.92	-0.09252	0
1561.96	-0.09252	0
1562.0	-0.09252	0
1562.04	-0.09252	0
1562.08	-0.09133	0
1562.1200000000001	-0.09144	0
1562.16	-0.09155	0
1562.2	-0.09167	0
1562.24	-0.09178	0
1562.28	-0.09189	0
1562.32	-0.09200	0
1562.3600000000001	-0.09212	0
1562.4	-0.09223	0
1562.44	-0.09234	0
1562.48	-0.09245	0
1562.52	-0.09127	0
1562.56	-0.09138	0
1562.6000000000001	-0.09149	0
1562.64	-0.09160	0
1562.68	-0.09172	0
1562.72	-0.09183	0
1562.76	-0.09194	0
1562.8	-0.09205	0
1562.8400000000001	-0.09217	0
1562.88	-0.09228	0
1562.92	-0.09239	0
1562.96	-0.09250	0
1563.0	-0.09250	0
1563.04	-0.09250	0
1563.08	-0.09250	0
1563.1200000000001	-0.09250	0
1563.16	-0.09250	0
1563.2	-0.09250	0
1563.24	-0.09250	0
1563.28	-0.09250	0
1563.32	-0.09250	0
1563.3600000000001	-0.09250	0
1563.4	-0.09250	0
1563.44	-0.09250	0
1563.48	-0.09250	0
1563.52	-0.09250	0
1563.56	-0.09250	0
1563.6000000000001	-0.09250	0
1563.64	-0.09132	0
1563.68	-0.09143	0
1563.72	-0.09154	0
1563.76	-0.09165	0
1563.8	-0.09177	0
1563.8400000000001	-0.09188	0
1563.88	-0.09447	0
1563.92	-0.09447	0
1563.96	-0.09447	0
1564.0	-0.09447	0
1564.04	-0.09447	0
1564.08	-0.09447	0
1564.1200000000001	-0.09318	0
1564.16	-0.09318	0
1564.2	-0.09318	0
1564.24	-0.09318	0
1564.28	-0.09318	0
1564.32	-0.09318	0
1564.3600000000001	-0.09318	0
1564.4	-0.09318	0
1564.44	-0.09318	0
1564.48	-0.09318	0
1564.52	-0.09318	0
1564.56	-0.09318	0
1564.6000000000001	-0.09318	0
1564.64	-0.09318	0
1564.68	-0.09318	0
1564.72	-0.09318	0
1564.76	-0.09318	0
1564.8	-0.09318	0
1564.8400000000001	-0.09318	0
1564.88	-0.09318	0
1564.92	-0.09199	0
1564.96	-0.09210	0
1565.0	-0.09221	0
1565.04	-0.09233	0
1565.08	-0.09492	0
1565.1200000000001	-0.09492	0
1565.16	-0.09492	0
1565.2	-0.09492	0
1565.24	-0.09492	0
1565.28	-0.09492	0
1565.32	-0.09492	0
1565.3600000000001	-0.09362	0
1565.4	-0.09362	0
1565.44	-0.09362	0
1565.48	-0.09362	0
1565.52	-0.09362	0
1565.56	-0.09362	0
1565.6000000000001	-0.09362	0
1565.64	-0.09362	0
1565.68	-0.09362	0
1565.72	-0.09362	0
1565.76	-0.09362	0
1565.8	-0.09244	0
1565.8400000000001	-0.09255	0
1565.88	-0.09255	0
1565.92	-0.09255	0
1565.96	-0.09255	0
1566.0	-0.09255	0
1566.04	-0.09255	0
1566.08	-0.09255	0
1566.1200000000001	-0.09255	0
1566.16	-0.09255	0
1566.2	-0.09255	0
1566.24	-0.09255	0
1566.28	-0.09255	0
1566.32	-0.09255	0
1566.3600000000001	-0.09255	0
1566.4	-0.09255	0
1566.44	-0.09255	0
1566.48	-0.09255	0
1566.52	-0.09255	0
1566.56	-0.09255	0
1566.6000000000001	-0.09255	0
1566.64	-0.09255	0
1566.68	-0.09255	0
1566.72	-0.09255	0
1566.76	-0.09255	0
1566.8	-0.09255	0
1566.8400000000001	-0.09255	0
1566.88	-0.09255	0
1566.92	-0.09255	0
1566.96	-0.09255	0
1567.0	-0.09255	0
1567.04	-0.09255	0
1567.08	-0.09255	0
1567.1200000000001	-0.09137	0
1567.16	-0.09148	0
1567.2	-0.09159	0
1567.24	-0.09170	0
1567.28	-0.09181	0
1567.32	-0.09193	0
1567.3600000000001	-0.09204	0
1567.4	-0.09215	0
1567.44	-0.09226	0
1567.48	-0.09237	0
1567.52	-0.09249	0
1567.56	-0.09260	0
1567.6000000000001	-0.09260	0
1567.64	-0.09260	0
1567.68	-0.09260	0
1567.72	-0.09142	0
1567.76	-0.09153	0
1567.8	-0.09164	0
1567.8400000000001	-0.09175	0
1567.88	-0.09186	0
1567.92	-0.09068	0
1567.96	-0.09079	0
1568.0	-0.09091	0
1568.04	-0.08972	0
1568.08	-0.08984	0
1568.1200000000001	-0.08995	0
1568.16	-0.09006	0
1568.2	-0.09017	0
1568.24	-0.09028	0
1568.28	-0.09040	0
1568.32	-0.09051	0
1568.3600000000001	-0.09062	0
1568.4	-0.09320	0
1568.44	-0.09320	0
1568.48	-0.09320	0
1568.52	-0.09320	0
1568.56	-0.09320	0
1568.6000000000001	-0.09320	0
1568.64	-0.09320	0
1568.68	-0.09320	0
1568.72	-0.09320	0
1568.76	-0.09320	0
1568.8	-0.09320	0
1568.8400000000001	-0.09320	0
1568.88	-0.09320	0
1568.92	-0.09320	0
1568.96	-0.09320	0
1569.0	-0.09320	0
1569.04	-0.09320	0
1569.08	-0.09320	0
1569.1200000000001	-0.09320	0
1569.16	-0.09320	0
1569.2	-0.09320	0
1569.24	-0.09320	0
1569.28	-0.09320	0
1569.32	-0.09202	0
1569.3600000000001	-0.09214	0
1569.4	-0.09225	0
1569.44	-0.09236	0
1569.48	-0.09247	0
1569.52	-0.09258	0
1569.56	-0.09258	0
1569.6000000000001	-0.09258	0
1569.64	-0.09258	0
1569.68	-0.09258	0
1569.72	-0.09258	0
1569.76	-0.09258	0
1569.8	-0.09258	0
1569.8400000000001	-0.09258	0
1569.88	-0.09258	0
1569.92	-0.09258	0
1569.96	-0.09258	0
1570.0	-0.09258	0
1570.04	-0.09258	0
1570.08	-0.09140	0
1570.1200000000001	-0.09151	0
1570.16	-0.09163	0
1570.2	-0.09174	0
1570.24	-0.09185	0
1570.28	-0.09443	0
1570.32	-0.09443	0
1570.3600000000001	-0.09443	0
1570.4	-0.09443	0
1570.44	-0.09443	0
1570.48	-0.09443	0
1570.52	-0.09443	0
1570.56	-0.09443	0
1570.6000000000001	-0.09443	0
1570.64	-0.09443	0
1570.68	-0.09443	0
1570.72	-0.09443	0
1570.76	-0.09443	0
1570.8	-0.09443	0
1570.8400000000001	-0.09443	0
1570.88	-0.09443	0
1570.92	-0.09443	0
1570.96	-0.09443	0
1571.0	-0.09443	0
1571.04	-0.09443	0
1571.08	-0.09314	0
1571.1200000000001	-0.09314	0
1571.16	-0.09314	0
1571.2	-0.09314	0
1571.24	-0.09314	0
1571.28	-0.09314	0
1571.32	-0.09314	0
1571.3600000000001	-0.09314	0
1571.4	-0.09314	0
1571.44	-0.09196	0
1571.48	-0.09207	0
1571.52	-0.09218	0
1571.56	-0.09230	0
1571.6000000000001	-0.09241	0
1571.64	-0.09252	0
1571.68	-0.09252	0
1571.72	-0.09252	0
1571.76	-0.09252	0
1571.8	-0.09252	0
1571.8400000000001	-0.09252	0
1571.88	-0.09252	0
1571.92	-0.09252	0
1571.96	-0.09252	0
1572.0	-0.09252	0
1572.04	-0.09252	0
1572.08	-0.09252	0
1572.1200000000001	-0.09252	0
1572.16	-0.09134	0
1572.2	-0.09145	0
1572.24	-0.09156	0
1572.28	-0.09168	0
1572.32	-0.09179	0
1572.3600000000001	-0.09190	0
1572.4	-0.09072	0
1572.44	-0.09083	0
1572.48	-0.09094	0
1572.52	-0.09106	0
1572.56	-0.09117	0
1572.6000000000001	-0.09128	0
1572.64	-0.09139	0
1572.68	-0.09150	0
1572.72	-0.09161	0
1572.76	-0.09172	0
1572.8	-0.09184	1
1572.8400000000001	-0.09195	1
1572.88	-0.09207	1
1572.92	-0.09218	1
1572.96	-0.09229	1
1573.0	-0.09241	1
1573.04	-0.09252	1
1573.08	-0.09252	1
1573.1200000000001	-0.09252	1
1573.16	-0.09252	1
1573.2	-0.09132	1
1573.24	-0.09143	1
1573.28	-0.09155	1
1573.32	-0.09035	1
1573.3600000000001	-0.09046	1
1573.4	-0.08926	1
1573.44	-0.08938	1
1573.48	-0.08949	1
1573.52	-0.08960	1
1573.56	-0.08972	1
1573.6000000000001	-0.08983	1
1573.64	-0.08995	1
1573.68	-0.09006	1
1573.72	-0.09017	1
1573.76	-0.09029	1
1573.8	-0.09040	1
1573.8400000000001	-0.09051	1
1573.88	-0.09063	1
1573.92	-0.09074	1
1573.96	-0.09085	1
1574.0	-0.09097	1
1574.04	-0.09108	1
1574.08	-0.09119	1
1574.1200000000001	-0.09131	1
1574.16	-0.09142	1
1574.2	-0.09153	1
1574.24	-0.08772	1
1574.28	-0.08783	1
1574.32	-0.08795	1
1574.3600000000001	-0.08806	1
1574.4	-0.08817	1
1574.44	-0.08829	1
1574.48	-0.08840	1
1574.52	-0.08851	1
1574.56	-0.08863	1
1574.6000000000001	-0.08874	1
1574.64	-0.08886	1
1574.68	-0.08897	1
1574.72	-0.08908	1
1574.76	-0.08920	1
1574.8	-0.08931	1
1574.8400000000001	-0.08942	1
1574.88	-0.08954	1
1574.92	-0.08965	1
1574.96	-0.08976	1
1575.0	-0.08988	1
1575.04	-0.08999	1
1575.08	-0.09010	1
1575.1200000000001	-0.09022	1
1575.16	-0.09033	1
1575.2	-0.09044	1
1575.24	-0.09055	1
1575.28	-0.09067	1
1575.32	-0.09078	1
1575.3600000000001	-0.09089	1
1575.4	-0.09101	1
1575.44	-0.09112	1
1575.48	-0.09123	1
1575.52	-0.09135	1
1575.56	-0.09146	1
1575.6000000000001	-0.09157	1
1575.64	-0.09168	1
1575.68	-0.09180	1
1575.72	-0.09191	1
1575.76	-0.09202	1
1575.8	-0.09213	1
1575.8400000000001	-0.09225	1
1575.88	-0.09236	1
1575.92	-0.09497	1
1575.96	-0.09497	1
1576.0	-0.09497	1
1576.04	-0.09497	1
1576.08	-0.09497	1
1576.1200000000001	-0.09497	1
1576.16	-0.09497	1
1576.2	-0.09497	1
1576.24	-0.09497	1
1576.28	-0.09497	1
1576.32	-0.09497	1
1576.3600000000001	-0.09497	1
1576.4	-0.09497	1
1576.44	-0.09497	1
1576.48	-0.09497	1
1576.52	-0.09497	1
1576.56	-0.09497	1
1576.6000000000001	-0.09497	1
1576.64	-0.09497	1
1576.68	-0.09497	1
1576.72	-0.09497	1
1576.76	-0.09497	1
1576.8	-0.09497	1
1576.8400000000001	-0.09497	1
1576.88	-0.09497	1
1576.92	-0.09497	1
1576.96	-0.09497	1
1577.0	-0.09497	1
1577.04	-0.09497	1
1577.08	-0.09497	1
1577.1200000000001	-0.09497	1
1577.16	-0.09497	1
1577.2	-0.09497	1
1577.24	-0.09497	1
1577.28	-0.09497	1
1577.32	-0.09497	1
1577.3600000000001	-0.09497	1
1577.4	-0.09497	1
1577.44	-0.09497	1
1577.48	-0.09366	1
1577.52	-0.09366	1
1577.56	-0.09366	1
1577.6000000000001	-0.09366	1
1577.64	-0.09366	1
1577.68	-0.09366	1
1577.72	-0.09366	1
1577.76	-0.09366	1
1577.8	-0.09366	1
1577.8400000000001	-0.09366	1
1577.88	-0.09366	1
1577.92	-0.09366	1
1577.96	-0.09366	1
1578.0	-0.09366	1
1578.04	-0.09366	1
1578.08	-0.09366	1
1578.1200000000001	-0.09366	1
1578.16	-0.09366	1
1578.2	-0.09366	1
1578.24	-0.09247	1
1578.28	-0.09258	1
1578.32	-0.09258	1
1578.3600000000001	-0.09258	1
1578.4	-0.09258	1
1578.44	-0.09258	1
1578.48	-0.09258	1
1578.52	-0.09258	1
1578.56	-0.09258	1
1578.6000000000001	-0.09258	1
1578.64	-0.09258	1
1578.68	-0.09258	1
1578.72	-0.09258	1
1578.76	-0.09258	1
1578.8	-0.09258	1
1578.8400000000001	-0.09258	1
1578.88	-0.09258	1
1578.92	-0.09258	1
1578.96	-0.09258	1
1579.0	-0.09258	1
1579.04	-0.09258	1
1579.08	-0.09258	1
1579.1200000000001	-0.09258	1
1579.16	-0.09258	1
1579.2	-0.09258	1
1579.24	-0.09140	1
1579.28	-0.09151	1
1579.32	-0.09162	1
1579.3600000000001	-0.09173	1
1579.4	-0.09185	1
1579.44	-0.09196	1
1579.48	-0.09456	1
1579.52	-0.09456	1
1579.56	-0.09456	1
1579.6000000000001	-0.09456	1
1579.64	-0.09456	1
1579.68	-0.09456	1
1579.72	-0.09326	1
1579.76	-0.09326	1
1579.8	-0.09326	1
1579.8400000000001	-0.09326	1
1579.88	-0.09326	1
1579.92	-0.09207	1
1579.96	-0.09218	1
1580.0	-0.09230	1
1580.04	-0.09241	1
1580.08	-0.09252	1
1580.1200000000001	-0.09252	1
1580.16	-0.09252	1
1580.2	-0.09252	0
1580.24	-0.09252	0
1580.28	-0.09252	0
1580.32	-0.09252	0
1580.3600000000001	-0.09252	0
1580.4	-0.09252	0
1580.44	-0.09133	0
1580.48	-0.09145	0
1580.52	-0.09156	0
1580.56	-0.09167	0
1580.6000000000001	-0.09178	0
1580.64	-0.09190	0
1580.68	-0.09201	0
1580.72	-0.09212	0
1580.76	-0.09223	0
1580.8	-0.09234	0
1580.8400000000001	-0.09246	0
1580.88	-0.09257	0
1580.92	-0.09257	0
1580.96	-0.09257	0
1581.0	-0.09257	0
1581.04	-0.09257	0
1581.08	-0.09257	0
1581.1200000000001	-0.09257	0
1581.16	-0.09257	0
1581.2	-0.09257	0
1581.24	-0.09257	0
1581.28	-0.09257	0
1581.32	-0.09257	0
1581.3600000000001	-0.09257	0
1581.4	-0.09257	0
1581.44	-0.09257	0
1581.48	-0.09257	0
1581.52	-0.09257	0
1581.56	-0.09257	0
1581.6000000000001	-0.09257	0
1581.64	-0.09257	0
1581.68	-0.09257	0
1581.72	-0.09257	0
1581.76	-0.09257	0
1581.8	-0.09257	0
1581.8400000000001	-0.09257	0
1581.88	-0.09257	0
1581.92	-0.09257	0
1581.96	-0.09257	0
1582.0	-0.09138	0
1582.04	-0.09150	0
1582.08	-0.09161	0
1582.1200000000001	-0.09172	0
1582.16	-0.09183	0
1582.2	-0.09194	0
1582.24	-0.09206	0
1582.28	-0.09217	0
1582.32	-0.09228	0
1582.3600000000001	-0.09239	0
1582.4	-0.09250	0
1582.44	-0.09250	0
1582.48	-0.09250	0
1582.52	-0.09250	0
1582.56	-0.09250	0
1582.6000000000001	-0.09250	0
1582.64	-0.09250	0
1582.68	-0.09132	0
1582.72	-0.09143	0
1582.76	-0.09154	0
1582.8	-0.09166	0
1582.8400000000001	-0.09177	0
1582.88	-0.09188	0
1582.92	-0.09199	0
1582.96	-0.09211	0
1583.0	-0.09092	0
1583.04	-0.09103	0
1583.08	-0.09115	0
1583.1200000000001	-0.09126	0
1583.16	-0.09137	0
1583.2	-0.09148	0
1583.24	-0.09159	0
1583.28	-0.09171	0
1583.32	-0.09429	0
1583.3600000000001	-0.09429	0
1583.4	-0.09429	0
1583.44	-0.09429	0
1583.48	-0.09429	0
1583.52	-0.09300	0
1583.56	-0.09300	0
1583.6000000000001	-0.09300	0
1583.64	-0.09300	0
1583.68	-0.09300	0
1583.72	-0.09182	0
1583.76	-0.09441	0
1583.8	-0.09311	0
1583.8400000000001	-0.09311	0
1583.88	-0.09311	0
1583.92	-0.09311	0
1583.96	-0.09311	0
1584.0	-0.09311	0
1584.04	-0.09311	0
1584.08	-0.09311	0
1584.1200000000001	-0.09311	0
1584.16	-0.09311	0
1584.2	-0.09311	0
1584.24	-0.09311	0
1584.28	-0.09311	0
1584.32	-0.09311	0
1584.3600000000001	-0.09311	0
1584.4	-0.09311	0
1584.44	-0.09311	0
1584.48	-0.09311	0
1584.52	-0.09311	0
1584.56	-0.09311	0
1584.6000000000001	-0.09311	0
1584.64	-0.09311	0
1584.68	-0.09193	0
1584.72	-0.09204	0
1584.76	-0.09086	0
1584.8	-0.09097	0
1584.8400000000001	-0.09108	0
1584.88	-0.09120	0
1584.92	-0.09131	1
1584.96	-0.09142	1
1585.0	-0.09154	1
1585.04	-0.09165	1
1585.08	-0.09176	1
1585.1200000000001	-0.09188	1
1585.16	-0.09199	1
1585.2	-0.09211	1
1585.24	-0.09222	1
1585.28	-0.09233	1
1585.32	-0.09113	1
1585.3600000000001	-0.08993	1
1585.4	-0.09005	1
1585.44	-0.09016	1
1585.48	-0.09027	1
1585.52	-0.09039	1
1585.56	-0.09050	1
1585.6000000000001	-0.09062	1
1585.64	-0.09073	1
1585.68	-0.09084	1
1585.72	-0.09096	1
1585.76	-0.09107	1
1585.8	-0.09118	1
1585.8400000000001	-0.09130	1
1585.88	-0.09141	1
1585.92	-0.09152	1
1585.96	-0.09164	1
1586.0	-0.09175	1
1586.04	-0.09186	1
1586.08	-0.09198	1
1586.1200000000001	-0.09209	1
1586.16	-0.09220	1
1586.2	-0.09232	1
1586.24	-0.09243	1
1586.28	-0.09254	1
1586.32	-0.09254	1
1586.3600000000001	-0.09254	1
1586.4	-0.09254	1
1586.44	-0.09254	1
1586.48	-0.09135	1
1586.52	-0.09146	1
1586.56	-0.09157	1
1586.6000000000001	-0.09169	1
1586.64	-0.09180	1
1586.68	-0.09191	1
1586.72	-0.09203	1
1586.76	-0.09214	1
1586.8	-0.09225	1
1586.8400000000001	-0.09237	1
1586.88	-0.09248	1
1586.92	-0.09259	1
1586.96	-0.09259	1
1587.0	-0.09259	1
1587.04	-0.09259	1
1587.08	-0.09259	1
1587.1200000000001	-0.09259	1
1587.16	-0.09259	1
1587.2	-0.09259	1
1587.24	-0.09259	1
1587.28	-0.09259	1
1587.32	-0.09259	1
1587.3600000000001	-0.09259	1
1587.4	-0.09259	1
1587.44	-0.09259	1
1587.48	-0.09259	1
1587.52	-0.09259	1
1587.56	-0.09259	1
1587.6000000000001	-0.09259	1
1587.64	-0.09259	1
1587.68	-0.09259	1
1587.72	-0.09259	1
1587.76	-0.09259	1
1587.8	-0.09259	1
1587.8400000000001	-0.09259	1
1587.88	-0.09259	1
1587.92	-0.09259	1
1587.96	-0.09140	1
1588.0	-0.09151	1
1588.04	-0.09162	1
1588.08	-0.09174	1
1588.1200000000001	-0.09185	1
1588.16	-0.09196	1
1588.2	-0.09208	1
1588.24	-0.09219	1
1588.28	-0.09230	1
1588.32	-0.09241	1
1588.3600000000001	-0.09253	1
1588.4	-0.09253	1
1588.44	-0.09253	1
1588.48	-0.09253	1
1588.52	-0.09253	1
1588.56	-0.09134	1
1588.6000000000001	-0.09395	1
1588.64	-0.09395	1
1588.68	-0.09395	1
1588.72	-0.09395	1
1588.76	-0.09395	1
1588.8	-0.09395	1
1588.8400000000001	-0.09264	1
1588.88	-0.09264	1
1588.92	-0.09264	1
1588.96	-0.09264	1
1589.0	-0.09264	1
1589.04	-0.09264	1
1589.08	-0.09264	1
1589.1200000000001	-0.09264	1
1589.16	-0.09264	1
1589.2	-0.09264	1
1589.24	-0.09264	1
1589.28	-0.09264	1
1589.32	-0.09264	0
1589.3600000000001	-0.09145	0
1589.4	-0.09156	1
1589.44	-0.09168	1
1589.48	-0.09430	1
1589.52	-0.09430	1
1589.56	-0.09430	1
1589.6000000000001	-0.09430	1
1589.64	-0.09430	1
1589.68	-0.09430	1
1589.72	-0.09430	1
1589.76	-0.09430	1
1589.8	-0.09430	1
1589.8400000000001	-0.09299	1
1589.88	-0.09299	1
1589.92	-0.09299	1
1589.96	-0.09299	1
1590.0	-0.09299	1
1590.04	-0.09299	1
1590.08	-0.09299	1
1590.1200000000001	-0.09299	1
1590.16	-0.09299	1
1590.2	-0.09299	1
1590.24	-0.09299	1
1590.28	-0.09299	1
1590.32	-0.09299	1
1590.3600000000001	-0.09299	1
1590.4	-0.09299	1
1590.44	-0.09299	1
1590.48	-0.09299	1
1590.52	-0.09299	1
1590.56	-0.09299	1
1590.6000000000001	-0.09299	1
1590.64	-0.09299	1
1590.68	-0.09299	1
1590.72	-0.09299	1
1590.76	-0.09299	1
1590.8	-0.09299	1
1590.8400000000001	-0.09299	1
1590.88	-0.09299	1
1590.92	-0.09299	1
1590.96	-0.09299	1
1591.0	-0.09299	1
1591.04	-0.09179	1
1591.08	-0.09190	1
1591.1200000000001	-0.09202	1
1591.16	-0.09213	1
1591.2	-0.09224	1
1591.24	-0.09236	1
1591.28	-0.09247	1
1591.32	-0.09258	1
1591.3600000000001	-0.09258	1
1591.4	-0.09258	1
1591.44	-0.09258	1
1591.48	-0.09258	1
1591.52	-0.09258	1
1591.56	-0.09258	1
1591.6000000000001	-0.09258	1
1591.64	-0.09258	1
1591.68	-0.09258	1
1591.72	-0.09258	1
1591.76	-0.09258	1
1591.8	-0.09258	1
1591.8400000000001	-0.09258	1
1591.88	-0.09258	1
1591.92	-0.09138	1
1591.96	-0.09150	1
1592.0	-0.09161	1
1592.04	-0.09173	1
1592.08	-0.09184	1
1592.1200000000001	-0.09195	1
1592.16	-0.09207	1
1592.2	-0.09218	1
1592.24	-0.09229	1
1592.28	-0.09241	1
1592.32	-0.09252	1
1592.3600000000001	-0.09252	1
1592.4	-0.09252	1
1592.44	-0.09252	1
1592.48	-0.09252	1
1592.52	-0.09252	1
1592.56	-0.09252	1
1592.6000000000001	-0.09252	1
1592.64	-0.09252	1
1592.68	-0.09252	1
1592.72	-0.09252	1
1592.76	-0.09252	1
1592.8	-0.09252	1
1592.8400000000001	-0.09132	1
1592.88	-0.09144	1
1592.92	-0.09155	1
1592.96	-0.09166	1
1593.0	-0.09178	1
1593.04	-0.09189	1
1593.08	-0.09200	1
1593.1200000000001	-0.09212	1
1593.16	-0.09223	1
1593.2	-0.09234	1
1593.24	-0.09246	1
1593.28	-0.09257	1
1593.32	-0.09257	1
1593.3600000000001	-0.09257	1
1593.4	-0.09257	1
1593.44	-0.09257	1
1593.48	-0.09257	1
1593.52	-0.09257	1
1593.56	-0.09257	1
1593.6000000000001	-0.09257	1
1593.64	-0.09257	1
1593.68	-0.09257	1
1593.72	-0.09257	1
1593.76	-0.09257	1
1593.8	-0.09257	1
1593.8400000000001	-0.09257	1
1593.88	-0.09257	1
1593.92	-0.09257	1
1593.96	-0.09257	1
1594.0	-0.09257	1
1594.04	-0.09257	1
1594.08	-0.09257	1
1594.1200000000001	-0.09257	1
1594.16	-0.09257	1
1594.2	-0.09257	1
1594.24	-0.09257	1
1594.28	-0.09257	1
1594.32	-0.09257	1
1594.3600000000001	-0.09257	1
1594.4	-0.09257	1
1594.44	-0.09257	1
1594.48	-0.09257	1
1594.52	-0.09257	1
1594.56	-0.09257	1
1594.6000000000001	-0.09257	1
1594.64	-0.09257	1
1594.68	-0.09257	1
1594.72	-0.09257	1
1594.76	-0.09257	1
1594.8	-0.09257	1
1594.8400000000001	-0.09257	1
1594.88	-0.09257	1
1594.92	-0.09257	1
1594.96	-0.09257	1
1595.0	-0.09257	1
1595.04	-0.09257	1
1595.08	-0.09257	1
1595.1200000000001	-0.09257	1
1595.16	-0.09257	1
1595.2	-0.09257	1
1595.24	-0.09137	1
1595.28	-0.09149	1
1595.32	-0.09160	1
1595.3600000000001	-0.09171	1
1595.4	-0.09183	1
1595.44	-0.09194	1
1595.48	-0.09205	1
1595.52	-0.09216	1
1595.56	-0.09228	1
1595.6000000000001	-0.09239	1
1595.64	-0.09250	1
1595.68	-0.09250	1
1595.72	-0.09250	1
1595.76	-0.09250	1
1595.8	-0.09250	1
1595.8400000000001	-0.09250	1
1595.88	-0.09250	1
1595.92	-0.09250	1
1595.96	-0.09250	1
1596.0	-0.09250	1
1596.04	-0.09250	1
1596.08	-0.09250	1
1596.1200000000001	-0.09250	1
1596.16	-0.09250	1
1596.2	-0.09250	1
1596.24	-0.09250	1
1596.28	-0.09131	1
1596.32	-0.09142	1
1596.3600000000001	-0.09154	1
1596.4	-0.09165	1
1596.44	-0.09176	1
1596.48	-0.09187	1
1596.52	-0.09199	1
1596.56	-0.09210	1
1596.6000000000001	-0.09221	1
1596.64	-0.09102	1
1596.68	-0.09113	1
1596.72	-0.09125	1
1596.76	-0.09136	1
1596.8	-0.09147	1
1596.8400000000001	-0.09159	1
1596.88	-0.09170	1
1596.92	-0.09431	1
1596.96	-0.09431	0
1597.0	-0.09431	0
1597.04	-0.09431	0
1597.08	-0.09300	0
1597.1200000000001	-0.09300	0
1597.16	-0.09300	0
1597.2	-0.09300	0
1597.24	-0.09300	0
1597.28	-0.09181	0
1597.32	-0.09192	0
1597.3600000000001	-0.09204	0
1597.4	-0.09215	0
1597.44	-0.09226	0
1597.48	-0.09238	0
1597.52	-0.09249	0
1597.56	-0.09260	0
1597.6000000000001	-0.09260	0
1597.64	-0.09260	0
1597.68	-0.09260	0
1597.72	-0.09260	0
1597.76	-0.09260	0
1597.8	-0.09260	0
1597.8400000000001	-0.09260	0
1597.88	-0.09260	0
1597.92	-0.09260	0
1597.96	-0.09260	0
1598.0	-0.09260	0
1598.04	-0.09260	0
1598.08	-0.09260	0
1598.1200000000001	-0.09260	0
1598.16	-0.09260	0
1598.2	-0.09260	0
1598.24	-0.09260	0
1598.28	-0.09260	0
1598.32	-0.09260	0
1598.3600000000001	-0.09260	0
1598.4	-0.09260	0
1598.44	-0.09260	0
1598.48	-0.09141	0
1598.52	-0.09152	0
1598.56	-0.08903	0
1598.6000000000001	-0.08914	0
1598.64	-0.08925	0
1598.68	-0.08937	0
1598.72	-0.08948	0
1598.76	-0.08959	0
1598.8	-0.08971	0
1598.8400000000001	-0.08982	0
1598.88	-0.08993	0
1598.92	-0.09005	0
1598.96	-0.09016	0
1599.0	-0.09276	0
1599.04	-0.09276	0
1599.08	-0.09276	0
1599.1200000000001	-0.09276	0
1599.16	-0.09276	0
1599.2	-0.09276	0
1599.24	-0.09276	0
1599.28	-0.09276	0
1599.32	-0.09157	0
1599.3600000000001	-0.09168	0
1599.4	-0.09180	0
1599.44	-0.09191	0
1599.48	-0.09202	0
1599.52	-0.09213	0
1599.56	-0.09225	0
1599.6000000000001	-0.09236	0
1599.64	-0.09247	0
1599.68	-0.09258	0
1599.72	-0.09258	0
1599.76	-0.09258	0
1599.8	-0.09258	0
1599.8400000000001	-0.09258	0
1599.88	-0.09258	0
1599.92	-0.09258	0
1599.96	-0.09258	0
1600.0	-0.09140	0
1600.04	-0.09151	0
1600.08	-0.09162	0
1600.1200000000001	-0.09173	0
1600.16	-0.09185	0
1600.2	-0.09196	0
1600.24	-0.09207	0
1600.28	-0.09218	0
1600.32	-0.09230	0
1600.3600000000001	-0.09241	0
1600.4	-0.09252	0
1600.44	-0.09252	0
1600.48	-0.09252	0
1600.52	-0.09252	0
1600.56	-0.09252	0
1600.6000000000001	-0.09133	0
1600.64	-0.09015	0
1600.68	-0.09026	0
1600.72	-0.09037	0
1600.76	-0.09049	0
1600.8	-0.09060	0
1600.8400000000001	-0.09071	0
1600.88	-0.09082	0
1600.92	-0.09094	0
1600.96	-0.09105	0
1601.0	-0.09116	0
1601.04	-0.09127	0
1601.08	-0.09138	0
1601.1200000000001	-0.09150	0
1601.16	-0.09161	0
1601.2	-0.09172	0
1601.24	-0.09183	0
1601.28	-0.09194	0
1601.32	-0.09206	0
1601.3600000000001	-0.09217	0
1601.4	-0.09228	0
1601.44	-0.09239	0
1601.48	-0.09250	0
1601.52	-0.09250	0
1601.56	-0.09003	0
1601.6000000000001	-0.09014	0
1601.64	-0.09025	0
1601.68	-0.09036	0
1601.72	-0.09048	0
1601.76	-0.09059	0
1601.8	-0.09070	0
1601.8400000000001	-0.09081	0
1601.88	-0.09092	0
1601.92	-0.09104	0
1601.96	-0.09115	0
1602.0	-0.09126	0
1602.04	-0.09137	0
1602.08	-0.09148	0
1602.1200000000001	-0.09160	0
1602.16	-0.09171	0
1602.2	-0.09182	0
1602.24	-0.09193	0
1602.28	-0.09204	0
1602.32	-0.09215	0
1602.3600000000001	-0.09227	0
1602.4	-0.09238	0
1602.44	-0.09249	0
1602.48	-0.09260	0
1602.52	-0.09260	0
1602.56	-0.09142	0
1602.6000000000001	-0.09153	0
1602.64	-0.09164	0
1602.68	-0.09047	0
1602.72	-0.08929	0
1602.76	-0.08940	0
1602.8	-0.08951	0
1602.8400000000001	-0.08962	0
1602.88	-0.08974	0
1602.92	-0.08985	0
1602.96	-0.08996	0
1603.0	-0.09007	0
1603.04	-0.09018	0
1603.08	-0.09276	0
1603.1200000000001	-0.09276	0
1603.16	-0.09276	0
1603.2	-0.09276	0
1603.24	-0.09276	0
1603.28	-0.09276	0
1603.32	-0.09276	0
1603.3600000000001	-0.09276	0
1603.4	-0.09276	0
1603.44	-0.09276	0
1603.48	-0.09276	0
1603.52	-0.09276	0
1603.56	-0.09276	0
1603.6000000000001	-0.09276	0
1603.64	-0.09276	0
1603.68	-0.09276	0
1603.72	-0.09158	0
1603.76	-0.09169	0
1603.8	-0.09181	0
1603.8400000000001	-0.09192	0
1603.88	-0.09074	0
1603.92	-0.09085	0
1603.96	-0.09096	0
1604.0	-0.09107	0
1604.04	-0.09119	0
1604.08	-0.09130	0
1604.1200000000001	-0.09141	0
1604.16	-0.09152	0
1604.2	-0.09163	0
1604.24	-0.09174	0
1604.28	-0.09185	0
1604.32	-0.09197	0
1604.3600000000001	-0.09208	0
1604.4	-0.09219	0
1604.44	-0.09230	0
1604.48	-0.09241	0
1604.52	-0.09252	0
1604.56	-0.09252	0
1604.6000000000001	-0.09252	0
1604.64	-0.09252	0
1604.68	-0.09252	0
1604.72	-0.09252	0
1604.76	-0.09252	0
1604.8	-0.09252	0
1604.8400000000001	-0.09252	0
1604.88	-0.09135	0
1604.92	-0.09146	0
1604.96	-0.09157	0
1605.0	-0.09168	0
1605.04	-0.09179	0
1605.08	-0.09062	0
1605.1200000000001	-0.09073	0
1605.16	-0.08956	0
1605.2	-0.08838	0
1605.24	-0.08850	0
1605.28	-0.08861	0
1605.32	-0.08872	0
1605.3600000000001	-0.08883	0
1605.4	-0.08894	0
1605.44	-0.08905	0
1605.48	-0.08916	0
1605.52	-0.08927	0
1605.56	-0.08939	0
1605.6000000000001	-0.08950	0
1605.64	-0.08961	0
1605.68	-0.08972	0
1605.72	-0.08983	0
1605.76	-0.08994	0
1605.8	-0.08877	0
1605.8400000000001	-0.08888	0
1605.88	-0.08899	0
1605.92	-0.08782	0
1605.96	-0.08793	0
1606.0	-0.08805	0
1606.04	-0.08688	0
1606.08	-0.08699	0
1606.1200000000001	-0.08710	0
1606.16	-0.08721	0
1606.2	-0.08732	0
1606.24	-0.08743	0
1606.28	-0.08754	0
1606.32	-0.08766	0
1606.3600000000001	-0.08777	0
1606.4	-0.08788	0
1606.44	-0.08799	0
1606.48	-0.08810	0
1606.52	-0.08821	0
1606.56	-0.08832	0
1606.6000000000001	-0.08843	0
1606.64	-0.09110	0
1606.68	-0.09121	0
1606.72	-0.09132	0
1606.76	-0.09143	0
1606.8	-0.09154	0
1606.8400000000001	-0.09165	0
1606.88	-0.09176	0
1606.92	-0.09188	0
1606.96	-0.09071	0
1607.0	-0.09082	0
1607.04	-0.09093	0
1607.08	-0.09104	0
1607.1200000000001	-0.08987	0
1607.16	-0.08998	0
1607.2	-0.09010	0
1607.24	-0.09021	0
1607.28	-0.09032	0
1607.32	-0.09043	0
1607.3600000000001	-0.09054	0
1607.4	-0.09065	0
1607.44	-0.09076	0
1607.48	-0.09087	0
1607.52	-0.09098	0
1607.56	-0.09109	0
1607.6000000000001	-0.09120	0
1607.64	-0.09131	0
1607.68	-0.09142	0
1607.72	-0.09153	0
1607.76	-0.09164	0
1607.8	-0.09175	0
1607.8400000000001	-0.09186	0
1607.88	-0.09197	0
1607.92	-0.09208	0
1607.96	-0.09219	0
1608.0	-0.09230	0
1608.04	-0.09241	0
1608.08	-0.09252	0
1608.1200000000001	-0.09252	0
1608.16	-0.09136	0
1608.2	-0.09147	0
1608.24	-0.09158	0
1608.28	-0.09169	0
1608.32	-0.09180	0
1608.3600000000001	-0.09191	0
1608.4	-0.09075	0
1608.44	-0.09086	0
1608.48	-0.09097	0
1608.52	-0.09108	0
1608.56	-0.09119	0
1608.6000000000001	-0.09130	0
1608.64	-0.09141	0
1608.68	-0.09152	0
1608.72	-0.09163	0
1608.76	-0.09174	0
1608.8	-0.09185	0
1608.8400000000001	-0.09196	0
1608.88	-0.09207	0
1608.92	-0.09218	0
1608.96	-0.09229	0
1609.0	-0.09240	0
1609.04	-0.09251	0
1609.08	-0.09251	0
1609.1200000000001	-0.09251	0
1609.16	-0.09135	0
1609.2	-0.09146	0
1609.24	-0.09157	0
1609.28	-0.09168	0
1609.32	-0.09052	0
1609.3600000000001	-0.08936	0
1609.4	-0.08820	0
1609.44	-0.08831	0
1609.48	-0.08842	0
1609.52	-0.08853	0
1609.56	-0.08737	0
1609.6000000000001	-0.08748	0
1609.64	-0.08759	0
1609.68	-0.08770	0
1609.72	-0.08781	0
1609.76	-0.08792	0
1609.8	-0.09057	0
1609.8400000000001	-0.09068	0
1609.88	-0.09321	0
1609.92	-0.09321	0
1609.96	-0.09321	0
1610.0	-0.09321	0
1610.04	-0.09321	0
1610.08	-0.09321	0
1610.1200000000001	-0.09321	0
1610.16	-0.09321	0
1610.2	-0.09321	1
1610.24	-0.09321	1
1610.28	-0.09321	1
1610.32	-0.09321	1
1610.3600000000001	-0.09321	1
1610.4	-0.09321	1
1610.44	-0.09321	1
1610.48	-0.09321	1
1610.52	-0.09321	1
1610.56	-0.09321	1
1610.6000000000001	-0.09321	1
1610.64	-0.09321	1
1610.68	-0.09321	1
1610.72	-0.09321	1
1610.76	-0.09321	1
1610.8	-0.09321	1
1610.8400000000001	-0.09321	1
1610.88	-0.09321	1
1610.92	-0.09321	1
1610.96	-0.09321	1
1611.0	-0.09321	1
1611.04	-0.09321	1
1611.08	-0.09321	1
1611.1200000000001	-0.09321	1
1611.16	-0.09201	1
1611.2	-0.09212	1
1611.24	-0.09224	1
1611.28	-0.09235	1
1611.32	-0.09246	1
1611.3600000000001	-0.09258	1
1611.4	-0.09258	1
1611.44	-0.09258	1
1611.48	-0.09258	1
1611.52	-0.09258	1
1611.56	-0.09258	1
1611.6000000000001	-0.09258	1
1611.64	-0.09258	1
1611.68	-0.09258	1
1611.72	-0.09258	1
1611.76	-0.09258	1
1611.8	-0.09258	1
1611.8400000000001	-0.09258	1
1611.88	-0.09258	1
1611.92	-0.09258	1
1611.96	-0.09258	1
1612.0	-0.09138	1
1612.04	-0.09149	1
1612.08	-0.09160	1
1612.1200000000001	-0.09172	1
1612.16	-0.09183	1
1612.2	-0.09063	1
1612.24	-0.08943	1
1612.28	-0.08955	1
1612.32	-0.08966	1
1612.3600000000001	-0.08977	1
1612.4	-0.08989	1
1612.44	-0.09000	1
1612.48	-0.09012	1
1612.52	-0.09023	1
1612.56	-0.09034	1
1612.6000000000001	-0.09046	1
1612.64	-0.09057	1
1612.68	-0.09068	1
1612.72	-0.09080	1
1612.76	-0.09091	1
1612.8	-0.09102	1
1612.8400000000001	-0.09114	1
1612.88	-0.08994	1
1612.92	-0.09005	1
1612.96	-0.09017	1
1613.0	-0.09028	1
1613.04	-0.09039	1
1613.08	-0.09051	1
1613.1200000000001	-0.09062	1
1613.16	-0.09073	1
1613.2	-0.09085	1
1613.24	-0.09096	1
1613.28	-0.09107	1
1613.32	-0.09119	1
1613.3600000000001	-0.09130	1
1613.4	-0.09141	1
1613.44	-0.09153	1
1613.48	-0.09033	1
1613.52	-0.09045	1
1613.56	-0.09056	1
1613.6000000000001	-0.09067	1
1613.64	-0.09079	1
1613.68	-0.09090	1
1613.72	-0.09101	1
1613.76	-0.09113	1
1613.8	-0.09124	1
1613.8400000000001	-0.09135	1
1613.88	-0.09146	1
1613.92	-0.09158	1
1613.96	-0.09169	1
1614.0	-0.09180	1
1614.04	-0.09192	1
1614.08	-0.09203	1
1614.1200000000001	-0.09214	1
1614.16	-0.09226	1
1614.2	-0.09106	1
1614.24	-0.09118	1
1614.28	-0.08998	0
1614.32	-0.09010	0
1614.3600000000001	-0.09021	0
1614.4	-0.08902	0
1614.44	-0.08913	0
1614.48	-0.08925	0
1614.52	-0.08936	0
1614.56	-0.08947	0
1614.6000000000001	-0.08958	0
1614.64	-0.08970	0
1614.68	-0.08981	0
1614.72	-0.08992	0
1614.76	-0.09004	0
1614.8	-0.09015	0
1614.8400000000001	-0.09026	0
1614.88	-0.09037	0
1614.92	-0.09049	0
1614.96	-0.09060	0
1615.0	-0.09071	0
1615.04	-0.09083	0
1615.08	-0.09094	0
1615.1200000000001	-0.09105	0
1615.16	-0.09116	0
1615.2	-0.09128	0
1615.24	-0.09009	0
1615.28	-0.09020	0
1615.32	-0.09031	0
1615.3600000000001	-0.09043	0
1615.4	-0.09054	0
1615.44	-0.09065	0
1615.48	-0.09076	0
1615.52	-0.09088	0
1615.56	-0.09099	0
1615.6000000000001	-0.09110	0
1615.64	-0.09121	0
1615.68	-0.09133	0
1615.72	-0.09144	0
1615.76	-0.09155	0
1615.8	-0.09166	0
1615.8400000000001	-0.09178	0
1615.88	-0.09189	0
1615.92	-0.09200	0
1615.96	-0.09211	0
1616.0	-0.09222	0
1616.04	-0.09234	0
1616.08	-0.09245	0
1616.1200000000001	-0.09256	0
1616.16	-0.09256	0
1616.2	-0.09256	0
1616.24	-0.09256	0
1616.28	-0.09256	0
1616.32	-0.09256	0
1616.3600000000001	-0.09256	0
1616.4	-0.09256	0
1616.44	-0.09256	0
1616.48	-0.09256	0
1616.52	-0.09256	0
1616.56	-0.09256	0
1616.6000000000001	-0.09256	0
1616.64	-0.09256	0
1616.68	-0.09256	0
1616.72	-0.09256	0
1616.76	-0.09256	0
1616.8	-0.09256	0
1616.8400000000001	-0.09256	0
1616.88	-0.09138	0
1616.92	-0.09149	0
1616.96	-0.09160	0
1617.0	-0.09171	0
1617.04	-0.09183	0
1617.08	-0.09194	0
1617.1200000000001	-0.09205	0
1617.16	-0.09087	0
1617.2	-0.09098	0
1617.24	-0.09109	0
1617.28	-0.09120	0
1617.32	-0.09002	0
1617.3600000000001	-0.09013	0
1617.4	-0.09024	0
1617.44	-0.09036	0
1617.48	-0.09047	0
1617.52	-0.09058	0
1617.56	-0.09069	0
1617.6000000000001	-0.09080	0
1617.64	-0.09092	0
1617.68	-0.09103	0
1617.72	-0.09114	0
1617.76	-0.09125	0
1617.8	-0.09136	0
1617.8400000000001	-0.09148	0
1617.88	-0.09159	0
1617.92	-0.09170	0
1617.96	-0.09181	0
1618.0	-0.09192	0
1618.04	-0.09203	0
1618.08	-0.09085	0
1618.1200000000001	-0.09097	0
1618.16	-0.09108	0
1618.2	-0.09119	0
1618.24	-0.09130	0
1618.28	-0.09012	0
1618.32	-0.09023	0
1618.3600000000001	-0.09035	0
1618.4	-0.09046	0
1618.44	-0.09057	0
1618.48	-0.09068	0
1618.52	-0.09079	0
1618.56	-0.09090	0
1618.6000000000001	-0.09102	0
1618.64	-0.09113	0
1618.68	-0.09124	0
1618.72	-0.09135	0
1618.76	-0.09146	0
1618.8	-0.09157	0
1618.8400000000001	-0.09169	0
1618.88	-0.09051	0
1618.92	-0.09062	0
1618.96	-0.09073	0
1619.0	-0.09084	0
1619.04	-0.09096	0
1619.08	-0.09107	0
1619.1200000000001	-0.09364	0
1619.16	-0.09247	0
1619.2	-0.09258	0
1619.24	-0.09258	0
1619.28	-0.09258	0
1619.32	-0.09258	0
1619.3600000000001	-0.09258	0
1619.4	-0.09258	0
1619.44	-0.09258	0
1619.48	-0.09258	0
1619.52	-0.09258	0
1619.56	-0.09258	0
1619.6000000000001	-0.09258	0
1619.64	-0.09258	0
1619.68	-0.09258	0
1619.72	-0.09258	0
1619.76	-0.09258	0
1619.8	-0.09258	0
1619.8400000000001	-0.09258	0
1619.88	-0.09258	0
1619.92	-0.09258	0
1619.96	-0.09258	0
1620.0	-0.09258	0
1620.04	-0.09258	0
1620.08	-0.09258	0
1620.1200000000001	-0.09258	0
1620.16	-0.09258	0
1620.2	-0.09258	0
1620.24	-0.09258	0
1620.28	-0.09258	0
1620.32	-0.09258	0
1620.3600000000001	-0.09258	0
1620.4	-0.09258	0
1620.44	-0.09258	0
1620.48	-0.09258	0
1620.52	-0.09258	0
1620.56	-0.09258	0
1620.6000000000001	-0.09258	0
1620.64	-0.09258	0
1620.68	-0.09258	0
1620.72	-0.09258	0
1620.76	-0.09258	0
1620.8	-0.09258	0
1620.8400000000001	-0.09258	0
1620.88	-0.09258	0
1620.92	-0.09258	0
1620.96	-0.09258	0
1621.0	-0.09258	0
1621.04	-0.09140	0
1621.08	-0.09151	0
1621.1200000000001	-0.09162	0
1621.16	-0.09174	0
1621.2	-0.09185	0
1621.24	-0.09067	0
1621.28	-0.09078	0
1621.32	-0.09089	0
1621.3600000000001	-0.09101	0
1621.4	-0.09112	0
1621.44	-0.09123	0
1621.48	-0.09134	0
1621.52	-0.09145	0
1621.56	-0.09156	0
1621.6000000000001	-0.08910	0
1621.64	-0.08921	0
1621.68	-0.08932	0
1621.72	-0.08944	0
1621.76	-0.08955	0
1621.8	-0.08966	0
1621.8400000000001	-0.08977	0
1621.88	-0.08988	0
1621.92	-0.08999	0
1621.96	-0.09010	0
1622.0	-0.09022	0
1622.04	-0.09033	0
1622.08	-0.09044	0
1622.1200000000001	-0.09055	0
1622.16	-0.09066	0
1622.2	-0.09077	0
1622.24	-0.09088	0
1622.28	-0.08971	0
1622.32	-0.08982	0
1622.3600000000001	-0.08993	0
1622.4	-0.09004	0
1622.44	-0.09016	0
1622.48	-0.09027	0
1622.52	-0.09038	0
1622.56	-0.09049	0
1622.6000000000001	-0.09060	0
1622.64	-0.09071	0
1622.68	-0.09082	0
1622.72	-0.09093	0
1622.76	-0.09104	0
1622.8	-0.09115	0
1622.8400000000001	-0.09127	0
1622.88	-0.09138	0
1622.92	-0.09021	0
1622.96	-0.09032	0
1623.0	-0.09043	0
1623.04	-0.09054	0
1623.08	-0.09065	0
1623.1200000000001	-0.09076	0
1623.16	-0.09087	0
1623.2	-0.09098	0
1623.24	-0.09109	0
1623.28	-0.09120	0
1623.32	-0.09131	0
1623.3600000000001	-0.09143	0
1623.4	-0.09154	0
1623.44	-0.09165	0
1623.48	-0.09176	0
1623.52	-0.09187	0
1623.56	-0.09198	0
1623.6000000000001	-0.09209	0
1623.64	-0.09220	0
1623.68	-0.09231	0
1623.72	-0.09242	0
1623.76	-0.09253	0
1623.8	-0.09253	0
1623.8400000000001	-0.09253	0
1623.88	-0.09136	0
1623.92	-0.09147	0
1623.96	-0.09158	0
1624.0	-0.09170	0
1624.04	-0.09181	0
1624.08	-0.09064	0
1624.1200000000001	-0.09075	0
1624.16	-0.09086	0
1624.2	-0.09097	0
1624.24	-0.09108	0
1624.28	-0.09119	0
1624.32	-0.09130	0
1624.3600000000001	-0.09141	0
1624.4	-0.09152	0
1624.44	-0.09163	0
1624.48	-0.09174	0
1624.52	-0.09185	0
1624.56	-0.09196	0
1624.6000000000001	-0.09207	0
1624.64	-0.09218	0
1624.68	-0.09229	0
1624.72	-0.09240	0
1624.76	-0.09251	0
1624.8	-0.09135	0
1624.8400000000001	-0.09146	0
1624.88	-0.09157	0
1624.92	-0.09168	0
1624.96	-0.09179	0
1625.0	-0.09190	0
1625.04	-0.09201	0
1625.08	-0.09212	0
1625.1200000000001	-0.09096	0
1625.16	-0.09107	0
1625.2	-0.09118	0
1625.24	-0.09129	0
1625.28	-0.09140	0
1625.32	-0.09151	0
1625.3600000000001	-0.09162	0
1625.4	-0.09173	0
1625.44	-0.09184	0
1625.48	-0.09068	0
1625.52	-0.09079	0
1625.56	-0.09090	0
1625.6000000000001	-0.09101	0
1625.64	-0.09112	0
1625.68	-0.09123	0
1625.72	-0.09134	0
1625.76	-0.09145	0
1625.8	-0.09156	0
1625.8400000000001	-0.09167	0
1625.88	-0.09178	0
1625.92	-0.09189	0
1625.96	-0.09200	0
1626.0	-0.09211	0
1626.04	-0.09222	0
1626.08	-0.09233	0
1626.1200000000001	-0.09244	0
1626.16	-0.09255	0
1626.2	-0.09255	0
1626.24	-0.09255	0
1626.28	-0.09255	0
1626.32	-0.09255	0
1626.3600000000001	-0.09255	0
1626.4	-0.09255	0
1626.44	-0.09255	0
1626.48	-0.09255	0
1626.52	-0.09255	0
1626.56	-0.09255	0
1626.6000000000001	-0.09255	0
1626.64	-0.09255	0
1626.68	-0.09255	0
1626.72	-0.09255	0
1626.76	-0.09255	0
1626.8	-0.09255	0
1626.8400000000001	-0.09139	0
1626.88	-0.09150	0
1626.92	-0.09161	0
1626.96	-0.09172	0
1627.0	-0.09183	0
1627.04	-0.09194	0
1627.08	-0.09205	0
1627.1200000000001	-0.09216	0
1627.16	-0.09226	0
1627.2	-0.09237	0
1627.24	-0.09248	0
1627.28	-0.09259	0
1627.32	-0.09259	0
1627.3600000000001	-0.09259	0
1627.4	-0.09259	0
1627.44	-0.09259	0
1627.48	-0.09259	0
1627.52	-0.09259	0
1627.56	-0.09259	0
1627.6000000000001	-0.09259	0
1627.64	-0.09259	0
1627.68	-0.09259	0
1627.72	-0.09144	0
1627.76	-0.09155	0
1627.8	-0.09166	0
1627.8400000000001	-0.09177	0
1627.88	-0.09187	0
1627.92	-0.09198	0
1627.96	-0.09209	0
1628.0	-0.09220	0
1628.04	-0.09231	0
1628.08	-0.09242	0
1628.1200000000001	-0.09253	0
1628.16	-0.09253	0
1628.2	-0.09253	0
1628.24	-0.09253	0
1628.28	-0.09253	0
1628.32	-0.09253	0
1628.3600000000001	-0.09253	0
1628.4	-0.09253	0
1628.44	-0.09253	0
1628.48	-0.09138	0
1628.52	-0.09149	0
1628.56	-0.09159	0
1628.6000000000001	-0.09170	0
1628.64	-0.09181	0
1628.68	-0.09192	0
1628.72	-0.09204	1
1628.76	-0.09215	1
1628.8	-0.09226	1
1628.8400000000001	-0.09238	1
1628.88	-0.09249	1
1628.92	-0.09260	1
1628.96	-0.09260	1
1629.0	-0.09260	1
1629.04	-0.09260	1
1629.08	-0.09260	1
1629.1200000000001	-0.09260	1
1629.16	-0.09260	1
1629.2	-0.09260	1
1629.24	-0.09260	1
1629.28	-0.09260	1
1629.32	-0.09260	1
1629.3600000000001	-0.09260	1
1629.4	-0.09260	1
1629.44	-0.09260	1
1629.48	-0.09260	1
1629.52	-0.09260	1
1629.56	-0.09140	1
1629.6000000000001	-0.09152	1
1629.64	-0.09163	1
1629.68	-0.09043	1
1629.72	-0.09055	1
1629.76	-0.09066	1
1629.8	-0.09077	1
1629.8400000000001	-0.09089	1
1629.88	-0.09100	1
1629.92	-0.09111	1
1629.96	-0.09123	1
1630.0	-0.09134	1
1630.04	-0.09145	1
1630.08	-0.09157	1
1630.1200000000001	-0.09168	1
1630.16	-0.09179	1
1630.2	-0.09060	1
1630.24	-0.09071	1
1630.28	-0.09082	1
1630.32	-0.09094	1
1630.3600000000001	-0.09105	1
1630.4	-0.09116	1
1630.44	-0.09128	1
1630.48	-0.09139	1
1630.52	-0.09150	1
1630.56	-0.09162	1
1630.6000000000001	-0.09042	1
1630.64	-0.09054	1
1630.68	-0.09065	1
1630.72	-0.09076	1
1630.76	-0.09088	1
1630.8	-0.09099	1
1630.8400000000001	-0.09110	1
1630.88	-0.09122	1
1630.92	-0.09133	1
1630.96	-0.09144	0
1631.0	-0.09155	0
1631.04	-0.09167	0
1631.08	-0.09047	0
1631.1200000000001	-0.09059	0
1631.16	-0.09070	0
1631.2	-0.09081	0
1631.24	-0.09093	0
1631.28	-0.09104	0
1631.32	-0.09115	0
1631.3600000000001	-0.08996	0
1631.4	-0.09007	0
1631.44	-0.09019	0
1631.48	-0.09030	0
1631.52	-0.09041	0
1631.56	-0.09052	0
1631.6000000000001	-0.09064	0
1631.64	-0.09075	0
1631.68	-0.09086	0
1631.72	-0.09098	0
1631.76	-0.09109	0
1631.8	-0.09120	0
1631.8400000000001	-0.09001	0
1631.88	-0.09012	0
1631.92	-0.09024	0
1631.96	-0.09035	0
1632.0	-0.09046	0
1632.04	-0.09058	0
1632.08	-0.09069	0
1632.1200000000001	-0.09080	0
1632.16	-0.09091	0
1632.2	-0.09103	0
1632.24	-0.09114	0
1632.28	-0.09125	0
1632.32	-0.09137	0
1632.3600000000001	-0.09018	0
1632.4	-0.09029	0
1632.44	-0.09040	0
1632.48	-0.08921	0
1632.52	-0.08933	0
1632.56	-0.08944	0
1632.6000000000001	-0.08955	1
1632.64	-0.08967	1
1632.68	-0.09241	1
1632.72	-0.09252	1
1632.76	-0.09252	1
1632.8	-0.09252	1
1632.8400000000001	-0.09252	1
1632.88	-0.09252	1
1632.92	-0.09252	1
1632.96	-0.09252	1
1633.0	-0.09252	1
1633.04	-0.09252	1
1633.08	-0.09252	1
1633.1200000000001	-0.09132	1
1633.16	-0.09144	1
1633.2	-0.09155	1
1633.24	-0.09166	1
1633.28	-0.09178	1
1633.32	-0.09189	1
1633.3600000000001	-0.09200	1
1633.4	-0.09212	1
1633.44	-0.09223	1
1633.48	-0.09234	1
1633.52	-0.09246	1
1633.56	-0.09126	1
1633.6000000000001	-0.09137	1
1633.64	-0.09149	1
1633.68	-0.09160	1
1633.72	-0.09171	1
1633.76	-0.09183	1
1633.8	-0.09194	1
1633.8400000000001	-0.09074	1
1633.88	-0.09086	1
1633.92	-0.09097	1
1633.96	-0.08977	1
1634.0	-0.08989	1
1634.04	-0.09000	1
1634.08	-0.09011	1
1634.1200000000001	-0.09023	1
1634.16	-0.09034	1
1634.2	-0.09045	1
1634.24	-0.09057	1
1634.28	-0.09068	1
1634.32	-0.09079	1
1634.3600000000001	-0.09091	1
1634.4	-0.09102	1
1634.44	-0.09113	1
1634.48	-0.09125	1
1634.52	-0.09136	1
1634.56	-0.09147	1
1634.6000000000001	-0.09159	1
1634.64	-0.09170	1
1634.68	-0.09181	1
1634.72	-0.09193	1
1634.76	-0.09204	1
1634.8	-0.09215	1
1634.8400000000001	-0.09227	1
1634.88	-0.09107	1
1634.92	-0.08988	1
1634.96	-0.08999	1
1635.0	-0.09010	1
1635.04	-0.09022	1
1635.08	-0.09033	1
1635.1200000000001	-0.09044	1
1635.16	-0.09056	1
1635.2	-0.09067	1
1635.24	-0.09078	1
1635.28	-0.09090	1
1635.32	-0.09101	1
1635.3600000000001	-0.09112	1
1635.4	-0.09123	1
1635.44	-0.09135	1
1635.48	-0.09146	1
1635.52	-0.09157	1
1635.56	-0.09169	1
1635.6000000000001	-0.09180	1
1635.64	-0.09191	1
1635.68	-0.09202	1
1635.72	-0.09083	1
1635.76	-0.09095	1
1635.8	-0.09106	1
1635.8400000000001	-0.09117	1
1635.88	-0.09129	1
1635.92	-0.09140	1
1635.96	-0.09151	1
1636.0	-0.09162	1
1636.04	-0.09174	1
1636.08	-0.09185	1
1636.1200000000001	-0.09196	1
1636.16	-0.09207	1
1636.2	-0.09088	1
1636.24	-0.09100	0
1636.28	-0.09111	0
1636.32	-0.09122	0
1636.3600000000001	-0.09134	0
1636.4	-0.09145	0
1636.44	-0.09156	0
1636.48	-0.09167	0
1636.52	-0.09427	0
1636.56	-0.09427	0
1636.6000000000001	-0.09427	0
1636.64	-0.09427	0
1636.68	-0.09427	0
1636.72	-0.09427	0
1636.76	-0.09427	0
1636.8	-0.09427	0
1636.8400000000001	-0.09427	0
1636.88	-0.09297	0
1636.92	-0.09297	0
1636.96	-0.09297	0
1637.0	-0.09297	0
1637.04	-0.09179	0
1637.08	-0.09190	0
1637.1200000000001	-0.09201	0
1637.16	-0.09212	0
1637.2	-0.09224	0
1637.24	-0.09105	0
1637.28	-0.09116	0
1637.32	-0.09127	0
1637.3600000000001	-0.09139	0
1637.4	-0.09150	0
1637.44	-0.09161	0
1637.48	-0.09172	0
1637.52	-0.09183	0
1637.56	-0.09195	0
1637.6000000000001	-0.09206	0
1637.64	-0.09217	0
1637.68	-0.09228	0
1637.72	-0.09240	0
1637.76	-0.09251	0
1637.8	-0.09251	0
1637.8400000000001	-0.09251	0
1637.88	-0.09251	0
1637.92	-0.09251	0
1637.96	-0.09251	0
1638.0	-0.09251	0
1638.04	-0.09251	0
1638.08	-0.09251	0
1638.1200000000001	-0.09251	0
1638.16	-0.09251	0
1638.2	-0.09251	0
1638.24	-0.09251	0
1638.28	-0.09251	0
1638.32	-0.09251	0
1638.3600000000001	-0.09251	0
1638.4	-0.09251	0
1638.44	-0.09251	0
1638.48	-0.09251	0
1638.52	-0.09251	0
1638.56	-0.09251	0
1638.6000000000001	-0.09132	0
1638.64	-0.09144	0
1638.68	-0.09155	0
1638.72	-0.09166	0
1638.76	-0.09177	0
1638.8	-0.09188	0
1638.8400000000001	-0.09070	0
1638.88	-0.09081	0
1638.92	-0.09092	0
1638.96	-0.09104	0
1639.0	-0.09115	0
1639.04	-0.09126	0
1639.08	-0.09137	0
1639.1200000000001	-0.09148	0
1639.16	-0.09030	0
1639.2	-0.09041	0
1639.24	-0.09053	0
1639.28	-0.09064	0
1639.32	-0.09075	0
1639.3600000000001	-0.09086	0
1639.4	-0.09097	0
1639.44	-0.09109	0
1639.48	-0.09120	0
1639.52	-0.09002	0
1639.56	-0.09013	0
1639.6000000000001	-0.09024	0
1639.64	-0.08906	0
1639.68	-0.08917	0
1639.72	-0.08928	0
1639.76	-0.08940	0
1639.8	-0.08951	0
1639.8400000000001	-0.08833	0
1639.88	-0.08844	0
1639.92	-0.08855	0
1639.96	-0.08866	0
1640.0	-0.08878	0
1640.04	-0.08889	0
1640.08	-0.08900	0
1640.1200000000001	-0.08911	0
1640.16	-0.08923	0
1640.2	-0.08934	0
1640.24	-0.08945	0
1640.28	-0.08956	0
1640.32	-0.08967	0
1640.3600000000001	-0.08978	0
1640.4	-0.08990	0
1640.44	-0.09001	0
1640.48	-0.09012	0
1640.52	-0.09023	0
1640.56	-0.09034	0
1640.6000000000001	-0.09046	0
1640.64	-0.09057	0
1640.68	-0.09068	0
1640.72	-0.09079	0
1640.76	-0.09090	0
1640.8	-0.09101	0
1640.8400000000001	-0.09112	0
1640.88	-0.09124	0
1640.92	-0.09135	0
1640.96	-0.09017	0
1641.0	-0.09028	0
1641.04	-0.09039	0
1641.08	-0.09051	0
1641.1200000000001	-0.09062	0
1641.16	-0.09073	0
1641.2	-0.09084	1
1641.24	-0.09096	1
1641.28	-0.08976	1
1641.32	-0.08856	1
1641.3600000000001	-0.08867	1
1641.4	-0.08878	1
1641.44	-0.08758	1
1641.48	-0.08770	1
1641.52	-0.08781	1
1641.56	-0.08793	1
1641.6000000000001	-0.08804	1
1641.64	-0.08815	1
1641.68	-0.08827	1
1641.72	-0.08838	1
1641.76	-0.08850	1
1641.8	-0.08861	1
1641.8400000000001	-0.08872	1
1641.88	-0.08884	1
1641.92	-0.08895	1
1641.96	-0.08775	1
1642.0	-0.08787	1
1642.04	-0.08798	1
1642.08	-0.08810	1
1642.1200000000001	-0.08821	1
1642.16	-0.08832	1
1642.2	-0.08844	1
1642.24	-0.08855	1
1642.28	-0.08866	1
1642.32	-0.08747	1
1642.3600000000001	-0.08758	1
1642.4	-0.08639	1
1642.44	-0.08519	1
1642.48	-0.08530	1
1642.52	-0.08542	1
1642.56	-0.08553	1
1642.6000000000001	-0.08565	1
1642.64	-0.08576	1
1642.68	-0.08587	1
1642.72	-0.08599	1
1642.76	-0.08610	1
1642.8	-0.08622	1
1642.8400000000001	-0.08633	1
1642.88	-0.08644	1
1642.92	-0.08656	1
1642.96	-0.08667	1
1643.0	-0.08679	1
1643.04	-0.08690	1
1643.08	-0.08701	1
1643.1200000000001	-0.08713	1
1643.16	-0.08724	1
1643.2	-0.08735	1
1643.24	-0.08747	1
1643.28	-0.08758	1
1643.32	-0.08769	1
1643.3600000000001	-0.08781	1
1643.4	-0.08792	1
1643.44	-0.08803	1
1643.48	-0.08815	1
1643.52	-0.08696	1
1643.56	-0.08707	1
1643.6000000000001	-0.08718	1
1643.64	-0.08730	1
1643.68	-0.08741	1
1643.72	-0.08622	1
1643.76	-0.08633	1
1643.8	-0.08645	1
1643.8400000000001	-0.08656	1
1643.88	-0.08667	1
1643.92	-0.08679	1
1643.96	-0.08690	1
1644.0	-0.08701	1
1644.04	-0.08713	1
1644.08	-0.08724	1
1644.1200000000001	-0.08735	1
1644.16	-0.08747	1
1644.2	-0.08758	1
1644.24	-0.08769	1
1644.28	-0.08780	1
1644.32	-0.08792	1
1644.3600000000001	-0.08673	1
1644.4	-0.08684	1
1644.44	-0.08696	1
1644.48	-0.08577	1
1644.52	-0.08588	1
1644.56	-0.08599	1
1644.6000000000001	-0.08611	1
1644.64	-0.08622	1
1644.68	-0.08633	1
1644.72	-0.08645	1
1644.76	-0.08656	1
1644.8	-0.08667	1
1644.8400000000001	-0.08679	1
1644.88	-0.08690	1
1644.92	-0.08701	1
1644.96	-0.08713	1
1645.0	-0.08724	1
1645.04	-0.08735	1
1645.08	-0.08746	1
1645.1200000000001	-0.08758	1
1645.16	-0.08769	1
1645.2	-0.08780	1
1645.24	-0.08792	1
1645.28	-0.08673	1
1645.32	-0.08684	1
1645.3600000000001	-0.08696	1
1645.4	-0.08707	1
1645.44	-0.08718	1
1645.48	-0.08729	1
1645.52	-0.08741	1
1645.56	-0.09011	1
1645.6000000000001	-0.09023	1
1645.64	-0.09034	1
1645.68	-0.09045	0
1645.72	-0.09056	0
1645.76	-0.09068	0
1645.8	-0.09079	0
1645.8400000000001	-0.09090	0
1645.88	-0.09101	0
1645.92	-0.09112	0
1645.96	-0.09124	0
1646.0	-0.09135	0
1646.04	-0.09146	0
1646.08	-0.09405	0
1646.1200000000001	-0.09405	0
1646.16	-0.09405	0
1646.2	-0.09405	0
1646.24	-0.09405	0
1646.28	-0.09405	0
1646.32	-0.09405	0
1646.3600000000001	-0.09405	0
1646.4	-0.09405	0
1646.44	-0.09405	0
1646.48	-0.09405	0
1646.52	-0.09405	0
1646.56	-0.09405	0
1646.6000000000001	-0.09405	0
1646.64	-0.09405	0
1646.68	-0.09405	0
1646.72	-0.09405	0
1646.76	-0.09405	0
1646.8	-0.09405	0
1646.8400000000001	-0.09405	0
1646.88	-0.09405	0
1646.92	-0.09405	0
1646.96	-0.09276	0
1647.0	-0.09276	0
1647.04	-0.09276	0
1647.08	-0.09276	0
1647.1200000000001	-0.09276	0
1647.16	-0.09276	0
1647.2	-0.09276	0
1647.24	-0.09276	0
1647.28	-0.09276	0
1647.32	-0.09276	0
1647.3600000000001	-0.09276	0
1647.4	-0.09276	0
1647.44	-0.09276	0
1647.48	-0.09276	0
1647.52	-0.09157	0
1647.56	-0.09168	0
1647.6000000000001	-0.09180	0
1647.64	-0.09191	0
1647.68	-0.09073	0
1647.72	-0.09084	0
1647.76	-0.09095	0
1647.8	-0.09106	0
1647.8400000000001	-0.09117	0
1647.88	-0.09129	0
1647.92	-0.09140	0
1647.96	-0.09151	0
1648.0	-0.09162	0
1648.04	-0.09173	0
1648.08	-0.09185	0
1648.1200000000001	-0.09066	0
1648.16	-0.09078	0
1648.2	-0.09089	0
1648.24	-0.09100	0
1648.28	-0.09111	0
1648.32	-0.09122	0
1648.3600000000001	-0.09134	0
1648.4	-0.09145	0
1648.44	-0.09156	0
1648.48	-0.09167	0
1648.52	-0.09178	0
1648.56	-0.09189	0
1648.6000000000001	-0.09201	0
1648.64	-0.09212	0
1648.68	-0.09223	0
1648.72	-0.09234	0
1648.76	-0.09116	0
1648.8	-0.09127	0
1648.8400000000001	-0.09139	0
1648.88	-0.09150	0
1648.92	-0.09161	0
1648.96	-0.09172	0
1649.0	-0.09183	0
1649.04	-0.09194	0
1649.08	-0.09077	0
1649.1200000000001	-0.09088	0
1649.16	-0.09099	0
1649.2	-0.09110	0
1649.24	-0.09121	0
1649.28	-0.09132	0
1649.32	-0.09144	0
1649.3600000000001	-0.09155	0
1649.4	-0.09412	0
1649.44	-0.09412	0
1649.48	-0.09412	0
1649.52	-0.09412	0
1649.56	-0.09412	0
1649.6000000000001	-0.09412	0
1649.64	-0.09412	0
1649.68	-0.09412	0
1649.72	-0.09412	0
1649.76	-0.09412	0
1649.8	-0.09412	0
1649.8400000000001	-0.09412	0
1649.88	-0.09412	0
1649.92	-0.09412	0
1649.96	-0.09412	0
1650.0	-0.09412	0
1650.04	-0.09412	0
1650.08	-0.09412	0
1650.1200000000001	-0.09412	0
1650.16	-0.09412	0
1650.2	-0.09412	0
1650.24	-0.09412	0
1650.28	-0.09412	0
1650.32	-0.09283	0
1650.3600000000001	-0.09283	0
1650.4	-0.09283	0
1650.44	-0.09166	0
1650.48	-0.09177	0
1650.52	-0.09188	0
1650.56	-0.09199	0
1650.6000000000001	-0.09210	0
1650.64	-0.09221	0
1650.68	-0.09233	0
1650.72	-0.09244	0
1650.76	-0.09255	0
1650.8	-0.09255	0
1650.8400000000001	-0.09255	0
1650.88	-0.09137	0
1650.92	-0.09148	0
1650.96	-0.09160	0
1651.0	-0.09171	0
1651.04	-0.09182	0
1651.08	-0.09193	0
1651.1200000000001	-0.09204	1
1651.16	-0.09216	1
1651.2	-0.09227	1
1651.24	-0.09238	1
1651.28	-0.09250	1
1651.32	-0.09261	1
1651.3600000000001	-0.09141	1
1651.4	-0.09152	1
1651.44	-0.09164	1
1651.48	-0.09175	1
1651.52	-0.09187	1
1651.56	-0.09198	1
1651.6000000000001	-0.09209	1
1651.64	-0.09221	1
1651.68	-0.09232	1
1651.72	-0.09243	1
1651.76	-0.09255	1
1651.8	-0.09255	1
1651.8400000000001	-0.09255	1
1651.88	-0.09255	1
1651.92	-0.09255	1
1651.96	-0.09255	1
1652.0	-0.09255	1
1652.04	-0.09255	1
1652.08	-0.09255	1
1652.1200000000001	-0.09255	1
1652.16	-0.09135	1
1652.2	-0.09146	1
1652.24	-0.09157	1
1652.28	-0.09169	1
1652.32	-0.09180	1
1652.3600000000001	-0.09192	1
1652.4	-0.09203	1
1652.44	-0.09214	1
1652.48	-0.09226	1
1652.52	-0.09237	1
1652.56	-0.09248	1
1652.6000000000001	-0.09259	1
1652.64	-0.09259	1
1652.68	-0.09259	1
1652.72	-0.09259	1
1652.76	-0.09259	1
1652.8	-0.09259	1
1652.8400000000001	-0.09259	1
1652.88	-0.09259	1
1652.92	-0.09259	1
1652.96	-0.09259	1
1653.0	-0.09259	1
1653.04	-0.09259	1
1653.08	-0.09259	1
1653.1200000000001	-0.09259	1
1653.16	-0.09259	1
1653.2	-0.09259	1
1653.24	-0.09259	1
1653.28	-0.09259	1
1653.32	-0.09259	1
1653.3600000000001	-0.09259	1
1653.4	-0.09259	1
1653.44	-0.09259	1
1653.48	-0.09259	1
1653.52	-0.09259	1
1653.56	-0.09259	1
1653.6000000000001	-0.09259	1
1653.64	-0.09259	1
1653.68	-0.09259	1
1653.72	-0.09140	1
1653.76	-0.09151	1
1653.8	-0.09162	1
1653.8400000000001	-0.09174	1
1653.88	-0.09185	1
1653.92	-0.09066	1
1653.96	-0.09077	1
1654.0	-0.09088	1
1654.04	-0.09100	1
1654.08	-0.09111	1
1654.1200000000001	-0.09122	1
1654.16	-0.09134	1
1654.2	-0.09145	1
1654.24	-0.09156	1
1654.28	-0.09418	1
1654.32	-0.09418	1
1654.3600000000001	-0.09418	1
1654.4	-0.09418	1
1654.44	-0.09418	1
1654.48	-0.09418	1
1654.52	-0.09418	1
1654.56	-0.09418	1
1654.6000000000001	-0.09418	1
1654.64	-0.09418	1
1654.68	-0.09418	1
1654.72	-0.09418	1
1654.76	-0.09418	1
1654.8	-0.09287	1
1654.8400000000001	-0.09287	1
1654.88	-0.09287	1
1654.92	-0.09287	1
1654.96	-0.09287	1
1655.0	-0.09287	1
1655.04	-0.09287	1
1655.08	-0.09287	1
1655.1200000000001	-0.09287	1
1655.16	-0.09287	1
1655.2	-0.09287	1
1655.24	-0.09167	1
1655.28	-0.09179	1
1655.32	-0.09190	1
1655.3600000000001	-0.09201	1
1655.4	-0.09213	1
1655.44	-0.09224	1
1655.48	-0.09235	1
1655.52	-0.09247	1
1655.56	-0.09258	1
1655.6000000000001	-0.09258	1
1655.64	-0.09258	1
1655.68	-0.09258	1
1655.72	-0.09258	1
1655.76	-0.09258	1
1655.8	-0.09258	1
1655.8400000000001	-0.09258	1
1655.88	-0.09258	1
1655.92	-0.09258	1
1655.96	-0.09258	1
1656.0	-0.09258	1
1656.04	-0.09258	1
1656.08	-0.09258	1
1656.1200000000001	-0.09258	1
1656.16	-0.09258	1
1656.2	-0.09258	1
1656.24	-0.09258	1
1656.28	-0.09258	1
1656.32	-0.09258	1
1656.3600000000001	-0.09258	1
1656.4	-0.09258	1
1656.44	-0.09258	1
1656.48	-0.09258	1
1656.52	-0.09258	1
1656.56	-0.09258	1
1656.6000000000001	-0.09258	1
1656.64	-0.09258	1
1656.68	-0.09258	1
1656.72	-0.09258	1
1656.76	-0.09258	1
1656.8	-0.09258	1
1656.8400000000001	-0.09258	1
1656.88	-0.09258	1
1656.92	-0.09258	1
1656.96	-0.09258	1
1657.0	-0.09258	1
1657.04	-0.09258	1
1657.08	-0.09258	1
1657.1200000000001	-0.09258	1
1657.16	-0.09258	1
1657.2	-0.09139	1
1657.24	-0.09150	1
1657.28	-0.09031	1
1657.32	-0.09042	1
1657.3600000000001	-0.09053	1
1657.4	-0.09064	1
1657.44	-0.09076	1
1657.48	-0.09087	1
1657.52	-0.09098	1
1657.56	-0.09110	1
1657.6000000000001	-0.09121	1
1657.64	-0.09132	1
1657.68	-0.09144	1
1657.72	-0.08894	1
1657.76	-0.08905	1
1657.8	-0.08917	1
1657.8400000000001	-0.08928	1
1657.88	-0.08939	1
1657.92	-0.08951	1
1657.96	-0.08962	1
1658.0	-0.08973	0
1658.04	-0.08984	0
1658.08	-0.08996	0
1658.1200000000001	-0.09007	0
1658.16	-0.09018	0
1658.2	-0.09030	0
1658.24	-0.09041	0
1658.28	-0.09052	0
1658.32	-0.09063	0
1658.3600000000001	-0.08814	0
1658.4	-0.08826	0
1658.44	-0.08837	0
1658.48	-0.08718	0
1658.52	-0.08729	0
1658.56	-0.08741	0
1658.6000000000001	-0.08752	0
1658.64	-0.08763	0
1658.68	-0.08775	0
1658.72	-0.08786	0
1658.76	-0.08797	0
1658.8	-0.08679	0
1658.8400000000001	-0.08690	0
1658.88	-0.08701	0
1658.92	-0.08581	1
1658.96	-0.08593	1
1659.0	-0.08604	1
1659.04	-0.08615	1
1659.08	-0.08495	1
1659.1200000000001	-0.08507	1
1659.16	-0.08518	1
1659.2	-0.08530	1
1659.24	-0.08541	1
1659.28	-0.08553	1
1659.32	-0.08564	1
1659.3600000000001	-0.08576	1
1659.4	-0.08587	1
1659.44	-0.08598	1
1659.48	-0.08610	1
1659.52	-0.08621	1
1659.56	-0.08633	1
1659.6000000000001	-0.08644	1
1659.64	-0.08656	1
1659.68	-0.08667	1
1659.72	-0.08678	1
1659.76	-0.08690	1
1659.8	-0.08570	1
1659.8400000000001	-0.08581	1
1659.88	-0.08593	1
1659.92	-0.08604	1
1659.96	-0.08616	1
1660.0	-0.08627	1
1660.04	-0.08639	1
1660.08	-0.08650	1
1660.1200000000001	-0.08661	1
1660.16	-0.08673	1
1660.2	-0.08684	1
1660.24	-0.08565	1
1660.28	-0.08576	1
1660.32	-0.08587	1
1660.3600000000001	-0.08599	1
1660.4	-0.08610	1
1660.44	-0.08622	1
1660.48	-0.08633	1
1660.52	-0.08644	1
1660.56	-0.08656	1
1660.6000000000001	-0.08667	1
1660.64	-0.08678	1
1660.68	-0.08690	1
1660.72	-0.08701	1
1660.76	-0.08713	1
1660.8	-0.08724	1
1660.8400000000001	-0.08735	1
1660.88	-0.08747	0
1660.92	-0.08758	0
1660.96	-0.08769	0
1661.0	-0.08781	0
1661.04	-0.08792	1
1661.08	-0.08804	1
1661.1200000000001	-0.08815	1
1661.16	-0.09089	1
1661.2	-0.08969	1
1661.24	-0.08981	1
1661.28	-0.08992	1
1661.32	-0.08872	1
1661.3600000000001	-0.08883	1
1661.4	-0.08895	1
1661.44	-0.08906	1
1661.48	-0.08918	1
1661.52	-0.08929	1
1661.56	-0.08940	1
1661.6000000000001	-0.08952	1
1661.64	-0.08963	1
1661.68	-0.08974	1
1661.72	-0.08986	1
1661.76	-0.08997	1
1661.8	-0.09009	1
1661.8400000000001	-0.09020	1
1661.88	-0.09031	1
1661.92	-0.09043	1
1661.96	-0.09054	1
1662.0	-0.09065	1
1662.04	-0.09077	1
1662.08	-0.09088	1
1662.1200000000001	-0.09099	1
1662.16	-0.09111	1
1662.2	-0.09253	1
1662.24	-0.09253	1
1662.28	-0.09253	1
1662.32	-0.09253	1
1662.3600000000001	-0.09253	1
1662.4	-0.09253	1
1662.44	-0.09253	1
1662.48	-0.09253	1
1662.52	-0.09253	1
1662.56	-0.09253	1
1662.6000000000001	-0.09253	1
1662.64	-0.09253	1
1662.68	-0.09253	1
1662.72	-0.09253	1
1662.76	-0.09253	1
1662.8	-0.09253	1
1662.8400000000001	-0.09133	1
1662.88	-0.09145	1
1662.92	-0.09156	1
1662.96	-0.09167	1
1663.0	-0.09179	1
1663.04	-0.09190	1
1663.08	-0.09201	1
1663.1200000000001	-0.09213	1
1663.16	-0.09224	1
1663.2	-0.09486	1
1663.24	-0.09355	1
1663.28	-0.09235	1
1663.32	-0.09247	1
1663.3600000000001	-0.09258	1
1663.4	-0.09258	1
1663.44	-0.09258	1
1663.48	-0.09258	1
1663.52	-0.09138	1
1663.56	-0.09150	1
1663.6000000000001	-0.09161	1
1663.64	-0.09172	1
1663.68	-0.09184	1
1663.72	-0.09195	1
1663.76	-0.09206	1
1663.8	-0.09218	1
1663.8400000000001	-0.09229	1
1663.88	-0.09240	1
1663.92	-0.09252	1
1663.96	-0.09252	1
1664.0	-0.09252	1
1664.04	-0.09252	1
1664.08	-0.09252	1
1664.1200000000001	-0.09252	1
1664.16	-0.09252	1
1664.2	-0.09252	1
1664.24	-0.09252	1
1664.28	-0.09252	1
1664.32	-0.09252	1
1664.3600000000001	-0.09252	1
1664.4	-0.09252	1
1664.44	-0.09252	1
1664.48	-0.09252	1
1664.52	-0.09252	1
1664.56	-0.09252	1
1664.6000000000001	-0.09252	1
1664.64	-0.09252	1
1664.68	-0.09252	1
1664.72	-0.09252	1
1664.76	-0.09252	1
1664.8	-0.09252	1
1664.8400000000001	-0.09252	1
1664.88	-0.09252	1
1664.92	-0.09132	1
1664.96	-0.09143	1
1665.0	-0.09024	1
1665.04	-0.09036	1
1665.08	-0.09047	0
1665.1200000000001	-0.09058	0
1665.16	-0.09069	0
1665.2	-0.08950	0
1665.24	-0.08962	0
1665.28	-0.08973	0
1665.32	-0.08984	0
1665.3600000000001	-0.08995	0
1665.4	-0.09007	0
1665.44	-0.09018	0
1665.48	-0.09029	0
1665.52	-0.09041	0
1665.56	-0.09052	0
1665.6000000000001	-0.09063	0
1665.64	-0.09075	0
1665.68	-0.09086	0
1665.72	-0.09097	0
1665.76	-0.09108	0
1665.8	-0.09120	0
1665.8400000000001	-0.09131	0
1665.88	-0.09142	0
1665.92	-0.09153	0
1665.96	-0.09165	0
1666.0	-0.09176	0
1666.04	-0.09187	0
1666.08	-0.09199	0
1666.1200000000001	-0.09210	0
1666.16	-0.09221	0
1666.2	-0.09102	0
1666.24	-0.09113	0
1666.28	-0.09125	1
1666.32	-0.09136	1
1666.3600000000001	-0.09148	1
1666.4	-0.09159	1
1666.44	-0.09170	1
1666.48	-0.09182	1
1666.52	-0.09193	1
1666.56	-0.09204	1
1666.6000000000001	-0.09216	1
1666.64	-0.09227	1
1666.68	-0.09238	1
1666.72	-0.09250	1
1666.76	-0.09261	1
1666.8	-0.09261	1
1666.8400000000001	-0.09141	1
1666.88	-0.09153	1
1666.92	-0.09164	1
1666.96	-0.09175	1
1667.0	-0.09187	1
1667.04	-0.09198	1
1667.08	-0.09209	1
1667.1200000000001	-0.09221	1
1667.16	-0.09232	1
1667.2	-0.09243	1
1667.24	-0.09255	1
1667.28	-0.09255	1
1667.32	-0.09255	1
1667.3600000000001	-0.09255	1
1667.4	-0.09255	1
1667.44	-0.09255	1
1667.48	-0.09255	1
1667.52	-0.09255	1
1667.56	-0.09255	1
1667.6000000000001	-0.09255	1
1667.64	-0.09255	1
1667.68	-0.09255	1
1667.72	-0.09255	1
1667.76	-0.09255	1
1667.8	-0.09255	1
1667.8400000000001	-0.09255	1
1667.88	-0.09255	1
1667.92	-0.09255	1
1667.96	-0.09135	1
1668.0	-0.09146	1
1668.04	-0.09158	1
1668.08	-0.09169	1
1668.1200000000001	-0.09180	1
1668.16	-0.09192	1
1668.2	-0.09203	1
1668.24	-0.09214	1
1668.28	-0.09226	1
1668.32	-0.09237	1
1668.3600000000001	-0.09248	1
1668.4	-0.09260	1
1668.44	-0.09260	1
1668.48	-0.09260	1
1668.52	-0.09260	1
1668.56	-0.09260	1
1668.6000000000001	-0.09260	1
1668.64	-0.09260	1
1668.68	-0.09260	1
1668.72	-0.09260	1
1668.76	-0.09260	1
1668.8	-0.09140	1
1668.8400000000001	-0.09151	1
1668.88	-0.09163	0
1668.92	-0.09174	0
1668.96	-0.09185	1
1669.0	-0.09197	1
1669.04	-0.09077	1
1669.08	-0.09088	1
1669.1200000000001	-0.09099	1
1669.16	-0.09111	1
1669.2	-0.09122	1
1669.24	-0.09133	1
1669.28	-0.09145	1
1669.32	-0.09156	1
1669.3600000000001	-0.09168	1
1669.4	-0.09179	1
1669.44	-0.09190	1
1669.48	-0.09202	1
1669.52	-0.09213	1
1669.56	-0.09093	1
1669.6000000000001	-0.09104	1
1669.64	-0.08985	1
1669.68	-0.08996	1
1669.72	-0.09007	1
1669.76	-0.09019	1
1669.8	-0.09030	1
1669.8400000000001	-0.09041	1
1669.88	-0.09053	1
1669.92	-0.09064	1
1669.96	-0.09326	1
1670.0	-0.09326	1
1670.04	-0.09326	1
1670.08	-0.09326	1
1670.1200000000001	-0.09326	1
1670.16	-0.09326	1
1670.2	-0.09326	1
1670.24	-0.09326	1
1670.28	-0.09326	1
1670.32	-0.09326	1
1670.3600000000001	-0.09326	1
1670.4	-0.09326	1
1670.44	-0.09326	1
1670.48	-0.09326	1
1670.52	-0.09326	1
1670.56	-0.09326	1
1670.6000000000001	-0.09326	1
1670.64	-0.09326	1
1670.68	-0.09326	1
1670.72	-0.09326	1
1670.76	-0.09326	1
1670.8	-0.09326	1
1670.8400000000001	-0.09326	1
1670.88	-0.09326	1
1670.92	-0.09326	1
1670.96	-0.09326	1
1671.0	-0.09326	1
1671.04	-0.09326	1
1671.08	-0.09326	1
1671.1200000000001	-0.09326	1
1671.16	-0.09326	1
1671.2	-0.09326	1
1671.24	-0.09326	1
1671.28	-0.09326	1
1671.32	-0.09326	1
1671.3600000000001	-0.09326	1
1671.4	-0.09326	1
1671.44	-0.09207	1
1671.48	-0.09218	1
1671.52	-0.09229	1
1671.56	-0.09110	1
1671.6000000000001	-0.09121	1
1671.64	-0.09132	1
1671.68	-0.09144	1
1671.72	-0.09155	1
1671.76	-0.09166	1
1671.8	-0.09178	1
1671.8400000000001	-0.09189	1
1671.88	-0.09200	1
1671.92	-0.09211	1
1671.96	-0.09223	1
1672.0	-0.09234	1
1672.04	-0.09245	1
1672.08	-0.09257	1
1672.1200000000001	-0.09257	1
1672.16	-0.09257	1
1672.2	-0.09257	1
1672.24	-0.09137	1
1672.28	-0.09149	1
1672.32	-0.09029	1
1672.3600000000001	-0.09040	1
1672.4	-0.09052	1
1672.44	-0.09063	1
1672.48	-0.09074	1
1672.52	-0.09086	1
1672.56	-0.09097	1
1672.6000000000001	-0.09108	1
1672.64	-0.09120	1
1672.68	-0.09131	1
1672.72	-0.09142	1
1672.76	-0.09154	1
1672.8	-0.09165	1
1672.8400000000001	-0.09176	1
1672.88	-0.09187	1
1672.92	-0.09199	1
1672.96	-0.09210	1
1673.0	-0.09221	1
1673.04	-0.09233	1
1673.08	-0.09244	1
1673.1200000000001	-0.09255	1
1673.16	-0.09255	1
1673.2	-0.09255	1
1673.24	-0.09255	1
1673.28	-0.09255	1
1673.32	-0.09255	1
1673.3600000000001	-0.09255	1
1673.4	-0.09255	1
1673.44	-0.09255	1
1673.48	-0.09255	1
1673.52	-0.09255	1
1673.56	-0.09255	1
1673.6000000000001	-0.09255	1
1673.64	-0.09255	1
1673.68	-0.09255	1
1673.72	-0.09255	1
1673.76	-0.09136	1
1673.8	-0.09147	1
1673.8400000000001	-0.09159	1
1673.88	-0.09170	1
1673.92	-0.09181	1
1673.96	-0.09192	1
1674.0	-0.09204	1
1674.04	-0.09215	1
1674.08	-0.09226	1
1674.1200000000001	-0.09237	1
1674.16	-0.09249	1
1674.2	-0.09260	1
1674.24	-0.09260	1
1674.28	-0.09260	1
1674.32	-0.09260	1
1674.3600000000001	-0.09260	1
1674.4	-0.09260	1
1674.44	-0.09260	1
1674.48	-0.09260	1
1674.52	-0.09260	1
1674.56	-0.09260	1
1674.6000000000001	-0.09260	1
1674.64	-0.09260	1
1674.68	-0.09260	1
1674.72	-0.09260	1
1674.76	-0.09260	1
1674.8	-0.09141	1
1674.8400000000001	-0.09152	1
1674.88	-0.09164	1
1674.92	-0.09175	1
1674.96	-0.09186	1
1675.0	-0.09197	1
1675.04	-0.09209	1
1675.08	-0.09220	1
1675.1200000000001	-0.09231	1
1675.16	-0.09242	1
1675.2	-0.09254	1
1675.24	-0.09254	1
1675.28	-0.09135	1
1675.32	-0.09146	1
1675.3600000000001	-0.09157	1
1675.4	-0.09168	1
1675.44	-0.09180	1
1675.48	-0.09191	1
1675.52	-0.09202	1
1675.56	-0.09213	1
1675.6000000000001	-0.09095	0
1675.64	-0.09106	0
1675.68	-0.09117	0
1675.72	-0.09128	0
1675.76	-0.09010	0
1675.8	-0.09021	0
1675.8400000000001	-0.09032	0
1675.88	-0.09044	0
1675.92	-0.09055	0
1675.96	-0.09066	0
1676.0	-0.09077	0
1676.04	-0.09089	0
1676.08	-0.09100	0
1676.1200000000001	-0.09111	0
1676.16	-0.09122	0
1676.2	-0.09133	0
1676.24	-0.09145	0
1676.28	-0.09156	0
1676.32	-0.09167	0
1676.3600000000001	-0.09178	0
1676.4	-0.09190	0
1676.44	-0.09201	0
1676.48	-0.09212	0
1676.52	-0.09223	0
1676.56	-0.09234	0
1676.6000000000001	-0.09246	0
1676.64	-0.09505	0
1676.68	-0.09505	0
1676.72	-0.09505	0
1676.76	-0.09505	0
1676.8	-0.09505	0
1676.8400000000001	-0.09505	0
1676.88	-0.09505	0
1676.92	-0.09505	0
1676.96	-0.09505	0
1677.0	-0.09505	0
1677.04	-0.09505	0
1677.08	-0.09505	0
1677.1200000000001	-0.09505	0
1677.16	-0.09505	0
1677.2	-0.09505	0
1677.24	-0.09505	0
1677.28	-0.09505	0
1677.32	-0.09505	0
1677.3600000000001	-0.09505	0
1677.4	-0.09505	0
1677.44	-0.09505	0
1677.48	-0.09505	0
1677.52	-0.09505	0
1677.56	-0.09505	0
1677.6000000000001	-0.09505	0
1677.64	-0.09505	0
1677.68	-0.09505	0
1677.72	-0.09505	0
1677.76	-0.09505	0
1677.8	-0.09505	0
1677.8400000000001	-0.09375	0
1677.88	-0.09375	0
1677.92	-0.09375	0
1677.96	-0.09375	0
1678.0	-0.09375	0
1678.04	-0.09375	0
1678.08	-0.09375	0
1678.1200000000001	-0.09375	0
1678.16	-0.09375	0
1678.2	-0.09375	0
1678.24	-0.09375	0
1678.28	-0.09375	0
1678.32	-0.09375	0
1678.3600000000001	-0.09375	0
1678.4	-0.09375	0
1678.44	-0.09375	0
1678.48	-0.09375	0
1678.52	-0.09375	0
1678.56	-0.09375	0
1678.6000000000001	-0.09257	0
1678.64	-0.09138	0
1678.68	-0.09150	0
1678.72	-0.09161	0
1678.76	-0.09172	0
1678.8	-0.09183	0
1678.8400000000001	-0.09194	0
1678.88	-0.09206	0
1678.92	-0.09217	0
1678.96	-0.09228	0
1679.0	-0.09239	0
1679.04	-0.09250	0
1679.08	-0.09250	0
1679.1200000000001	-0.09250	0
1679.16	-0.09250	0
1679.2	-0.09250	0
1679.24	-0.09250	1
1679.28	-0.09250	1
1679.32	-0.09130	1
1679.3600000000001	-0.09142	1
1679.4	-0.09153	1
1679.44	-0.09164	1
1679.48	-0.09044	1
1679.52	-0.09056	1
1679.56	-0.09067	1
1679.6000000000001	-0.09078	1
1679.64	-0.09090	1
1679.68	-0.09101	1
1679.72	-0.09113	1
1679.76	-0.09124	1
1679.8	-0.09135	1
1679.8400000000001	-0.09147	1
1679.88	-0.09158	1
1679.92	-0.09169	1
1679.96	-0.09181	1
1680.0	-0.09192	1
1680.04	-0.09454	1
1680.08	-0.09454	1
1680.1200000000001	-0.09454	1
1680.16	-0.09454	1
1680.2	-0.09454	1
1680.24	-0.09454	1
1680.28	-0.09454	1
1680.32	-0.09454	1
1680.3600000000001	-0.09323	1
1680.4	-0.09323	1
1680.44	-0.09323	1
1680.48	-0.09203	1
1680.52	-0.09215	1
1680.56	-0.09226	1
1680.6000000000001	-0.09237	1
1680.64	-0.09249	1
1680.68	-0.09260	1
1680.72	-0.09260	1
1680.76	-0.09260	1
1680.8	-0.09260	1
1680.8400000000001	-0.09260	1
1680.88	-0.09260	1
1680.92	-0.09260	1
1680.96	-0.09260	1
1681.0	-0.09260	1
1681.04	-0.09260	1
1681.08	-0.09260	1
1681.1200000000001	-0.09260	1
1681.16	-0.09260	1
1681.2	-0.09260	1
1681.24	-0.09260	1
1681.28	-0.09260	1
1681.32	-0.09260	1
1681.3600000000001	-0.09260	1
1681.4	-0.09260	1
1681.44	-0.09260	1
1681.48	-0.09260	1
1681.52	-0.09260	1
1681.56	-0.09260	1
1681.6000000000001	-0.09260	1
1681.64	-0.09260	1
1681.68	-0.09260	1
1681.72	-0.09140	1
1681.76	-0.09021	1
1681.8	-0.09032	1
1681.8400000000001	-0.09043	1
1681.88	-0.09055	1
1681.92	-0.09066	1
1681.96	-0.09077	1
1682.0	-0.09089	1
1682.04	-0.09100	1
1682.08	-0.09111	1
1682.1200000000001	-0.08992	1
1682.16	-0.09254	1
1682.2	-0.09254	1
1682.24	-0.09254	1
1682.28	-0.09254	1
1682.32	-0.09254	1
1682.3600000000001	-0.09254	1
1682.4	-0.09254	1
1682.44	-0.09254	1
1682.48	-0.09254	1
1682.52	-0.09254	1
1682.56	-0.09254	1
1682.6000000000001	-0.09254	1
1682.64	-0.09254	1
1682.68	-0.09254	1
1682.72	-0.09254	1
1682.76	-0.09254	1
1682.8	-0.09254	1
1682.8400000000001	-0.09254	1
1682.88	-0.09254	1
1682.92	-0.09254	1
1682.96	-0.09254	1
1683.0	-0.09254	0
1683.04	-0.09254	0
1683.08	-0.09254	0
1683.1200000000001	-0.09254	0
1683.16	-0.09254	0
1683.2	-0.09254	0
1683.24	-0.09254	0
1683.28	-0.09254	0
1683.32	-0.09254	0
1683.3600000000001	-0.09254	0
1683.4	-0.09254	0
1683.44	-0.09254	0
1683.48	-0.09254	0
1683.52	-0.09254	0
1683.56	-0.09254	0
1683.6000000000001	-0.09254	0
1683.64	-0.09254	0
1683.68	-0.09254	0
1683.72	-0.09254	0
1683.76	-0.09134	0
1683.8	-0.09145	0
1683.8400000000001	-0.09157	0
1683.88	-0.09168	0
1683.92	-0.09179	0
1683.96	-0.09191	0
1684.0	-0.09202	0
1684.04	-0.09213	0
1684.08	-0.09225	0
1684.1200000000001	-0.09236	0
1684.16	-0.09116	0
1684.2	-0.09128	0
1684.24	-0.09139	0
1684.28	-0.09150	0
1684.32	-0.09162	0
1684.3600000000001	-0.09173	0
1684.4	-0.09184	0
1684.44	-0.09196	0
1684.48	-0.09207	0
1684.52	-0.09218	0
1684.56	-0.09229	0
1684.6000000000001	-0.09241	0
1684.64	-0.09252	0
1684.68	-0.09252	0
1684.72	-0.09252	0
1684.76	-0.09252	0
1684.8	-0.09252	0
1684.8400000000001	-0.09252	0
1684.88	-0.09252	0
1684.92	-0.09252	0
1684.96	-0.09252	0
1685.0	-0.09133	0
1685.04	-0.09144	0
1685.08	-0.09155	0
1685.1200000000001	-0.09167	0
1685.16	-0.09178	0
1685.2	-0.09189	0
1685.24	-0.09201	0
1685.28	-0.09212	0
1685.32	-0.09473	0
1685.3600000000001	-0.09473	0
1685.4	-0.09473	0
1685.44	-0.09473	0
1685.48	-0.09473	0
1685.52	-0.09473	0
1685.56	-0.09473	0
1685.6000000000001	-0.09473	0
1685.64	-0.09473	0
1685.68	-0.09473	0
1685.72	-0.09473	0
1685.76	-0.09473	0
1685.8	-0.09473	0
1685.8400000000001	-0.09473	0
1685.88	-0.09473	0
1685.92	-0.09473	0
1685.96	-0.09473	0
1686.0	-0.09473	0
1686.04	-0.09473	0
1686.08	-0.09473	0
1686.1200000000001	-0.09473	0
1686.16	-0.09473	0
1686.2	-0.09473	0
1686.24	-0.09473	0
1686.28	-0.09473	0
1686.32	-0.09473	1
1686.3600000000001	-0.09473	1
1686.4	-0.09473	1
1686.44	-0.09473	1
1686.48	-0.09473	1
1686.52	-0.09473	1
1686.56	-0.09473	1
1686.6000000000001	-0.09473	1
1686.64	-0.09473	1
1686.68	-0.09473	1
1686.72	-0.09473	1
1686.76	-0.09473	1
1686.8	-0.09473	1
1686.8400000000001	-0.09473	1
1686.88	-0.09473	1
1686.92	-0.09473	1
1686.96	-0.09473	1
1687.0	-0.09473	1
1687.04	-0.09473	1
1687.08	-0.09473	1
1687.1200000000001	-0.09473	1
1687.16	-0.09473	1
1687.2	-0.09473	1
1687.24	-0.09473	1
1687.28	-0.09473	1
1687.32	-0.09473	1
1687.3600000000001	-0.09473	1
1687.4	-0.09473	1
1687.44	-0.09473	1
1687.48	-0.09473	1
1687.52	-0.09473	1
1687.56	-0.09473	1
1687.6000000000001	-0.09473	1
1687.64	-0.09473	1
1687.68	-0.09473	1
1687.72	-0.09473	1
1687.76	-0.09341	1
1687.8	-0.09341	1
1687.8400000000001	-0.09341	1
1687.88	-0.09341	1
1687.92	-0.09341	1
1687.96	-0.09221	1
1688.0	-0.09232	1
1688.04	-0.09244	1
1688.08	-0.09255	1
1688.1200000000001	-0.09255	1
1688.16	-0.09255	1
1688.2	-0.09255	1
1688.24	-0.09255	1
1688.28	-0.09255	1
1688.32	-0.09255	1
1688.3600000000001	-0.09255	1
1688.4	-0.09255	1
1688.44	-0.09255	1
1688.48	-0.09255	1
1688.52	-0.09135	1
1688.56	-0.09146	1
1688.6000000000001	-0.09158	1
1688.64	-0.09421	1
1688.68	-0.09421	1
1688.72	-0.09421	1
1688.76	-0.09421	1
1688.8	-0.09421	1
1688.8400000000001	-0.09421	1
1688.88	-0.09421	1
1688.92	-0.09289	1
1688.96	-0.09289	1
1689.0	-0.09289	1
1689.04	-0.09289	1
1689.08	-0.09289	1
1689.1200000000001	-0.09289	1
1689.16	-0.09289	1
1689.2	-0.09289	1
1689.24	-0.09289	1
1689.28	-0.09289	1
1689.32	-0.09289	1
1689.3600000000001	-0.09289	1
1689.4	-0.09289	1
1689.44	-0.09289	1
1689.48	-0.09289	1
1689.52	-0.09289	1
1689.56	-0.09289	1
1689.6000000000001	-0.09289	1
1689.64	-0.09289	1
1689.68	-0.09289	1
1689.72	-0.09169	1
1689.76	-0.09181	1
1689.8	-0.09192	1
1689.8400000000001	-0.09455	1
1689.88	-0.09455	1
1689.92	-0.09455	1
1689.96	-0.09455	1
1690.0	-0.09455	1
1690.04	-0.09455	1
1690.08	-0.09455	1
1690.1200000000001	-0.09455	1
1690.16	-0.09455	1
1690.2	-0.09455	1
1690.24	-0.09323	1
1690.28	-0.09323	1
1690.32	-0.09323	1
1690.3600000000001	-0.09323	1
1690.4	-0.09323	1
1690.44	-0.09203	1
1690.48	-0.09215	1
1690.52	-0.09226	1
1690.56	-0.09237	1
1690.6000000000001	-0.09500	1
1690.64	-0.09500	1
1690.68	-0.09500	1
1690.72	-0.09500	1
1690.76	-0.09500	1
1690.8	-0.09500	1
1690.8400000000001	-0.09500	1
1690.88	-0.09500	1
1690.92	-0.09500	1
1690.96	-0.09500	1
1691.0	-0.09369	1
1691.04	-0.09369	1
1691.08	-0.09369	1
1691.1200000000001	-0.09369	1
1691.16	-0.09369	1
1691.2	-0.09369	1
1691.24	-0.09369	1
1691.28	-0.09369	1
1691.32	-0.09249	1
1691.3600000000001	-0.09129	1
1691.4	-0.09391	1
1691.44	-0.09391	1
1691.48	-0.09391	1
1691.52	-0.09260	1
1691.56	-0.09260	1
1691.6000000000001	-0.09260	1
1691.64	-0.09260	1
1691.68	-0.09260	1
1691.72	-0.09260	1
1691.76	-0.09260	1
1691.8	-0.09260	1
1691.8400000000001	-0.09260	1
1691.88	-0.09260	1
1691.92	-0.09260	1
1691.96	-0.09260	1
1692.0	-0.09260	1
1692.04	-0.09260	1
1692.08	-0.09260	1
1692.1200000000001	-0.09260	1
1692.16	-0.09260	1
1692.2	-0.09260	1
1692.24	-0.09260	1
1692.28	-0.09260	1
1692.32	-0.09260	1
1692.3600000000001	-0.09260	1
1692.4	-0.09260	1
1692.44	-0.09260	1
1692.48	-0.09260	1
1692.52	-0.09260	1
1692.56	-0.09260	1
1692.6000000000001	-0.09260	1
1692.64	-0.09260	1
1692.68	-0.09260	1
1692.72	-0.09260	1
1692.76	-0.09260	1
1692.8	-0.09260	1
1692.8400000000001	-0.09260	1
1692.88	-0.09260	1
1692.92	-0.09260	1
1692.96	-0.09260	1
1693.0	-0.09260	1
1693.04	-0.09260	1
1693.08	-0.09260	1
1693.1200000000001	-0.09260	1
1693.16	-0.09260	1
1693.2	-0.09140	1
1693.24	-0.09151	1
1693.28	-0.09163	1
1693.32	-0.09174	1
1693.3600000000001	-0.09185	1
1693.4	-0.09197	1
1693.44	-0.09208	1
1693.48	-0.09220	1
1693.52	-0.09231	1
1693.56	-0.09242	1
1693.6000000000001	-0.09254	1
1693.64	-0.09254	1
1693.68	-0.09254	1
1693.72	-0.09254	1
1693.76	-0.09254	1
1693.8	-0.09254	1
1693.8400000000001	-0.09254	1
1693.88	-0.09254	1
1693.92	-0.09254	1
1693.96	-0.09254	1
1694.0	-0.09254	1
1694.04	-0.09254	1
1694.08	-0.09254	1
1694.1200000000001	-0.09254	1
1694.16	-0.09254	1
1694.2	-0.09254	1
1694.24	-0.09254	1
1694.28	-0.09254	1
1694.32	-0.09254	1
1694.3600000000001	-0.09254	1
1694.4	-0.09254	1
1694.44	-0.09254	1
1694.48	-0.09254	1
1694.52	-0.09254	1
1694.56	-0.09254	1
1694.6000000000001	-0.09254	1
1694.64	-0.09254	1
1694.68	-0.09254	1
1694.72	-0.09254	1
1694.76	-0.09254	1
1694.8	-0.09254	1
1694.8400000000001	-0.09134	1
1694.88	-0.09145	1
1694.92	-0.09025	1
1694.96	-0.09037	1
1695.0	-0.09048	1
1695.04	-0.09059	1
1695.08	-0.08940	1
1695.1200000000001	-0.08951	1
1695.16	-0.08963	1
1695.2	-0.08974	1
1695.24	-0.08985	1
1695.28	-0.08997	1
1695.32	-0.09008	1
1695.3600000000001	-0.09019	1
1695.4	-0.09031	1
1695.44	-0.09042	1
1695.48	-0.09053	1
1695.52	-0.09065	0
1695.56	-0.09076	0
1695.6000000000001	-0.09087	0
1695.64	-0.08968	0
1695.68	-0.08979	0
1695.72	-0.08991	0
1695.76	-0.09002	0
1695.8	-0.09013	0
1695.8400000000001	-0.09025	0
1695.88	-0.09036	0
1695.92	-0.09047	0
1695.96	-0.09058	0
1696.0	-0.09070	0
1696.04	-0.09081	0
1696.08	-0.09092	0
1696.1200000000001	-0.09104	0
1696.16	-0.09115	0
1696.2	-0.09126	0
1696.24	-0.09138	0
1696.28	-0.09149	0
1696.32	-0.09160	0
1696.3600000000001	-0.09041	0
1696.4	-0.09052	0
1696.44	-0.09064	0
1696.48	-0.09075	0
1696.52	-0.09086	0
1696.56	-0.09097	0
1696.6000000000001	-0.09109	0
1696.64	-0.09120	0
1696.68	-0.09131	0
1696.72	-0.09143	0
1696.76	-0.09154	0
1696.8	-0.09165	0
1696.8400000000001	-0.09176	0
1696.88	-0.09188	0
1696.92	-0.09199	0
1696.96	-0.09210	0
1697.0	-0.09221	0
1697.04	-0.09233	0
1697.08	-0.09244	0
1697.1200000000001	-0.09255	0
1697.16	-0.09255	0
1697.2	-0.09255	0
1697.24	-0.09136	0
1697.28	-0.09148	0
1697.32	-0.09159	0
1697.3600000000001	-0.09170	0
1697.4	-0.09181	0
1697.44	-0.09193	0
1697.48	-0.09204	0
1697.52	-0.09215	0
1697.56	-0.09226	0
1697.6000000000001	-0.09238	0
1697.64	-0.09249	0
1697.68	-0.09130	0
1697.72	-0.09141	0
1697.76	-0.09153	0
1697.8	-0.09412	0
1697.8400000000001	-0.09412	0
1697.88	-0.09412	0
1697.92	-0.09412	0
1697.96	-0.09412	0
1698.0	-0.09412	0
1698.04	-0.09412	0
1698.08	-0.09412	0
1698.1200000000001	-0.09412	0
1698.16	-0.09282	0
1698.2	-0.09282	0
1698.24	-0.09282	0
1698.28	-0.09282	0
1698.32	-0.09282	0
1698.3600000000001	-0.09282	0
1698.4	-0.09282	0
1698.44	-0.09282	0
1698.48	-0.09164	0
1698.52	-0.09175	0
1698.56	-0.09186	0
1698.6000000000001	-0.09197	0
1698.64	-0.09209	0
1698.68	-0.09220	0
1698.72	-0.09231	0
1698.76	-0.09242	0
1698.8	-0.09254	0
1698.8400000000001	-0.09254	0
1698.88	-0.09254	0
1698.92	-0.09254	0
1698.96	-0.09254	0
1699.0	-0.09254	0
1699.04	-0.09135	0
1699.08	-0.09146	0
1699.1200000000001	-0.09157	0
1699.16	-0.09169	0
1699.2	-0.09180	0
1699.24	-0.09191	0
1699.28	-0.09202	0
1699.32	-0.09214	0
1699.3600000000001	-0.09225	0
1699.4	-0.09106	0
1699.44	-0.09118	0
1699.48	-0.09129	0
1699.52	-0.09140	0
1699.56	-0.09151	0
1699.6000000000001	-0.09162	0
1699.64	-0.09174	0
1699.68	-0.09185	0
1699.72	-0.09196	0
1699.76	-0.09207	0
1699.8	-0.09218	0
1699.8400000000001	-0.09230	0
1699.88	-0.09241	0
1699.92	-0.09252	0
1699.96	-0.09252	0
1700.0	-0.09252	0
1700.04	-0.09252	0
1700.08	-0.09252	1
1700.1200000000001	-0.09252	1
1700.16	-0.09252	1
1700.2	-0.09252	1
1700.24	-0.09252	1
1700.28	-0.09252	1
1700.32	-0.09252	1
1700.3600000000001	-0.09252	1
1700.4	-0.09252	1
1700.44	-0.09132	1
1700.48	-0.09143	1
1700.52	-0.09155	1
1700.56	-0.09166	1
1700.6000000000001	-0.09177	1
1700.64	-0.09189	1
1700.68	-0.09200	1
1700.72	-0.09211	1
1700.76	-0.09223	1
1700.8	-0.09234	1
1700.8400000000001	-0.09246	1
1700.88	-0.09257	1
1700.92	-0.09257	1
1700.96	-0.09257	1
1701.0	-0.09257	1
1701.04	-0.09257	1
1701.08	-0.09257	1
1701.1200000000001	-0.09257	1
1701.16	-0.09257	1
1701.2	-0.09257	1
1701.24	-0.09257	1
1701.28	-0.09257	1
1701.32	-0.09257	1
1701.3600000000001	-0.09257	1
1701.4	-0.09257	1
1701.44	-0.09257	1
1701.48	-0.09257	1
1701.52	-0.09257	1
1701.56	-0.09257	1
1701.6000000000001	-0.09257	1
1701.64	-0.09257	1
1701.68	-0.09257	1
1701.72	-0.09257	1
1701.76	-0.09257	1
1701.8	-0.09257	1
1701.8400000000001	-0.09257	1
1701.88	-0.09257	1
1701.92	-0.09257	1
1701.96	-0.09257	1
1702.0	-0.09257	1
1702.04	-0.09257	1
1702.08	-0.09257	1
1702.1200000000001	-0.09257	1
1702.16	-0.09137	1
1702.2	-0.09148	1
1702.24	-0.09160	1
1702.28	-0.09171	1
1702.32	-0.09182	1
1702.3600000000001	-0.09194	1
1702.4	-0.09205	1
1702.44	-0.09216	1
1702.48	-0.09228	1
1702.52	-0.09239	1
1702.56	-0.09250	1
1702.6000000000001	-0.09250	1
1702.64	-0.09250	1
1702.68	-0.09250	1
1702.72	-0.09250	1
1702.76	-0.09250	1
1702.8	-0.09250	1
1702.8400000000001	-0.09250	1
1702.88	-0.09131	1
1702.92	-0.09142	1
1702.96	-0.09153	1
1703.0	-0.09165	1
1703.04	-0.09176	1
1703.08	-0.09187	1
1703.1200000000001	-0.09199	1
1703.16	-0.09210	1
1703.2	-0.09221	1
1703.24	-0.09233	1
1703.28	-0.09244	1
1703.32	-0.09255	1
1703.3600000000001	-0.09255	1
1703.4	-0.09255	1
1703.44	-0.09255	1
1703.48	-0.09255	1
1703.52	-0.09255	1
1703.56	-0.09255	1
1703.6000000000001	-0.09136	1
1703.64	-0.09147	1
1703.68	-0.09158	1
1703.72	-0.09170	1
1703.76	-0.09181	1
1703.8	-0.09192	1
1703.8400000000001	-0.09204	1
1703.88	-0.09215	1
1703.92	-0.09226	1
1703.96	-0.09237	1
1704.0	-0.09249	1
1704.04	-0.09260	1
1704.08	-0.09260	1
1704.1200000000001	-0.09260	1
1704.16	-0.09260	1
1704.2	-0.09260	1
1704.24	-0.09260	1
1704.28	-0.09260	1
1704.32	-0.09260	1
1704.3600000000001	-0.09260	0
1704.4	-0.09260	0
1704.44	-0.09260	0
1704.48	-0.09260	0
1704.52	-0.09260	0
1704.56	-0.09260	0
1704.6000000000001	-0.09260	0
1704.64	-0.09141	0
1704.68	-0.09152	0
1704.72	-0.09163	0
1704.76	-0.09175	0
1704.8	-0.09186	0
1704.8400000000001	-0.09067	0
1704.88	-0.09078	0
1704.92	-0.09089	0
1704.96	-0.09100	0
1705.0	-0.09112	0
1705.04	-0.09123	0
1705.08	-0.09134	0
1705.1200000000001	-0.09146	0
1705.16	-0.09157	0
1705.2	-0.09168	0
1705.24	-0.09180	0
1705.28	-0.09191	0
1705.32	-0.09202	0
1705.3600000000001	-0.09213	0
1705.4	-0.09225	0
1705.44	-0.09236	0
1705.48	-0.09247	0
1705.52	-0.09258	0
1705.56	-0.09139	0
1705.6000000000001	-0.09151	0
1705.64	-0.09162	0
1705.68	-0.09173	0
1705.72	-0.09184	0
1705.76	-0.09196	0
1705.8	-0.09207	1
1705.8400000000001	-0.09218	1
1705.88	-0.09230	1
1705.92	-0.09241	1
1705.96	-0.09253	1
1706.0	-0.09253	1
1706.04	-0.09133	1
1706.08	-0.09144	1
1706.1200000000001	-0.09155	1
1706.16	-0.09167	1
1706.2	-0.09178	1
1706.24	-0.09189	1
1706.28	-0.09201	1
1706.32	-0.09212	1
1706.3600000000001	-0.09223	1
1706.4	-0.09235	1
1706.44	-0.09246	1
1706.48	-0.09257	1
1706.52	-0.09138	1
1706.56	-0.09149	1
1706.6000000000001	-0.09160	1
1706.64	-0.09040	1
1706.68	-0.09052	1
1706.72	-0.09063	1
1706.76	-0.09075	1
1706.8	-0.09086	1
1706.8400000000001	-0.08966	1
1706.88	-0.08978	1
1706.92	-0.08989	1
1706.96	-0.09000	1
1707.0	-0.09012	1
1707.04	-0.09023	1
1707.08	-0.09034	1
1707.1200000000001	-0.09046	1
1707.16	-0.09057	1
1707.2	-0.09068	1
1707.24	-0.09080	1
1707.28	-0.08960	1
1707.32	-0.08971	1
1707.3600000000001	-0.08983	1
1707.4	-0.08863	1
1707.44	-0.08875	1
1707.48	-0.08886	1
1707.52	-0.08897	1
1707.56	-0.08909	1
1707.6000000000001	-0.08920	1
1707.64	-0.08931	1
1707.68	-0.08943	1
1707.72	-0.08954	1
1707.76	-0.08965	1
1707.8	-0.08977	1
1707.8400000000001	-0.08988	0
1707.88	-0.08999	0
1707.92	-0.09011	1
1707.96	-0.09022	1
1708.0	-0.09034	1
1708.04	-0.09045	1
1708.08	-0.09056	1
1708.1200000000001	-0.08936	1
1708.16	-0.08948	1
1708.2	-0.08959	1
1708.24	-0.08971	1
1708.28	-0.08982	1
1708.32	-0.08993	1
1708.3600000000001	-0.09005	1
1708.4	-0.09016	1
1708.44	-0.09027	1
1708.48	-0.09039	1
1708.52	-0.09050	1
1708.56	-0.09062	1
1708.6000000000001	-0.09073	1
1708.64	-0.09084	1
1708.68	-0.09096	1
1708.72	-0.09107	1
1708.76	-0.09118	1
1708.8	-0.09130	1
1708.8400000000001	-0.09141	1
1708.88	-0.09021	1
1708.92	-0.09033	1
1708.96	-0.09044	1
1709.0	-0.09055	1
1709.04	-0.09067	1
1709.08	-0.09078	1
1709.1200000000001	-0.09089	1
1709.16	-0.09101	1
1709.2	-0.09112	1
1709.24	-0.09123	1
1709.28	-0.09135	1
1709.32	-0.09146	1
1709.3600000000001	-0.09157	1
1709.4	-0.09169	1
1709.44	-0.09180	1
1709.48	-0.09191	1
1709.52	-0.09203	1
1709.56	-0.09214	1
1709.6000000000001	-0.09225	1
1709.64	-0.09237	1
1709.68	-0.09248	1
1709.72	-0.09259	1
1709.76	-0.09259	1
1709.8	-0.09259	1
1709.8400000000001	-0.09140	1
1709.88	-0.09151	1
1709.92	-0.09032	1
1709.96	-0.09043	1
1710.0	-0.09054	1
1710.04	-0.09066	1
1710.08	-0.09077	1
1710.1200000000001	-0.09088	1
1710.16	-0.09100	1
1710.2	-0.09111	1
1710.24	-0.09122	1
1710.28	-0.09133	1
1710.32	-0.09145	1
1710.3600000000001	-0.09156	1
1710.4	-0.09167	1
1710.44	-0.09179	1
1710.48	-0.09190	1
1710.52	-0.09201	1
1710.56	-0.09212	1
1710.6000000000001	-0.09224	1
1710.64	-0.09235	1
1710.68	-0.09246	1
1710.72	-0.09258	1
1710.76	-0.09258	1
1710.8	-0.09258	1
1710.8400000000001	-0.09258	1
1710.88	-0.09258	1
1710.92	-0.09258	1
1710.96	-0.09258	1
1711.0	-0.09258	1
1711.04	-0.09258	1
1711.08	-0.09258	1
1711.1200000000001	-0.09258	1
1711.16	-0.09258	1
1711.2	-0.09258	1
1711.24	-0.09258	1
1711.28	-0.09258	1
1711.32	-0.09258	1
1711.3600000000001	-0.09258	1
1711.4	-0.09258	1
1711.44	-0.09258	1
1711.48	-0.09258	1
1711.52	-0.09258	1
1711.56	-0.09258	1
1711.6000000000001	-0.09258	1
1711.64	-0.09258	1
1711.68	-0.09258	1
1711.72	-0.09258	1
1711.76	-0.09258	1
1711.8	-0.09138	1
1711.8400000000001	-0.09150	1
1711.88	-0.09161	1
1711.92	-0.09172	1
1711.96	-0.09184	1
1712.0	-0.09195	1
1712.04	-0.09206	0
1712.08	-0.09217	0
1712.1200000000001	-0.09229	0
1712.16	-0.09240	0
1712.2	-0.09121	0
1712.24	-0.09132	0
1712.28	-0.09143	0
1712.32	-0.09155	0
1712.3600000000001	-0.09036	0
1712.4	-0.09047	0
1712.44	-0.09058	0
1712.48	-0.09070	0
1712.52	-0.09081	0
1712.56	-0.09092	0
1712.6000000000001	-0.09103	0
1712.64	-0.09115	0
1712.68	-0.09126	0
1712.72	-0.09137	1
1712.76	-0.09149	1
1712.8	-0.09160	1
1712.8400000000001	-0.09171	1
1712.88	-0.09183	1
1712.92	-0.09194	1
1712.96	-0.09206	1
1713.0	-0.09086	1
1713.04	-0.09097	1
1713.08	-0.09108	1
1713.1200000000001	-0.09120	1
1713.16	-0.09131	1
1713.2	-0.09142	1
1713.24	-0.09154	1
1713.28	-0.09165	1
1713.32	-0.09176	1
1713.3600000000001	-0.09188	1
1713.4	-0.09199	1
1713.44	-0.09210	1
1713.48	-0.09222	1
1713.52	-0.09233	1
1713.56	-0.09244	1
1713.6000000000001	-0.09256	1
1713.64	-0.09256	1
1713.68	-0.09256	1
1713.72	-0.09256	1
1713.76	-0.09256	1
1713.8	-0.09256	1
1713.8400000000001	-0.09256	1
1713.88	-0.09256	1
1713.92	-0.09256	1
1713.96	-0.09256	1
1714.0	-0.09256	1
1714.04	-0.09256	1
1714.08	-0.09256	1
1714.1200000000001	-0.09256	1
1714.16	-0.09136	1
1714.2	-0.09147	1
1714.24	-0.09159	1
1714.28	-0.09170	1
1714.32	-0.09181	1
1714.3600000000001	-0.09193	1
1714.4	-0.09204	1
1714.44	-0.09215	1
1714.48	-0.09227	1
1714.52	-0.09238	1
1714.56	-0.09249	1
1714.6000000000001	-0.09261	1
1714.64	-0.09261	1
1714.68	-0.09261	1
1714.72	-0.09261	1
1714.76	-0.09261	1
1714.8	-0.09261	1
1714.8400000000001	-0.09261	1
1714.88	-0.09261	1
1714.92	-0.09261	1
1714.96	-0.09261	1
1715.0	-0.09261	1
1715.04	-0.09261	1
1715.08	-0.09261	1
1715.1200000000001	-0.09141	1
1715.16	-0.09152	1
1715.2	-0.09164	1
1715.24	-0.09175	1
1715.28	-0.09186	1
1715.32	-0.09198	1
1715.3600000000001	-0.09209	1
1715.4	-0.09220	1
1715.44	-0.09232	1
1715.48	-0.09243	1
1715.52	-0.09254	1
1715.56	-0.09254	0
1715.6000000000001	-0.09254	0
1715.64	-0.09254	0
1715.68	-0.09254	0
1715.72	-0.09254	0
1715.76	-0.09254	0
1715.8	-0.09254	0
1715.8400000000001	-0.09254	0
1715.88	-0.09254	0
1715.92	-0.09254	0
1715.96	-0.09135	0
1716.0	-0.09146	0
1716.04	-0.09157	0
1716.08	-0.09169	0
1716.1200000000001	-0.09180	0
1716.16	-0.09191	0
1716.2	-0.09203	0
1716.24	-0.09214	0
1716.28	-0.09225	0
1716.32	-0.09236	0
1716.3600000000001	-0.09248	0
1716.4	-0.09259	0
1716.44	-0.09259	0
1716.48	-0.09259	0
1716.52	-0.09259	0
1716.56	-0.09259	0
1716.6000000000001	-0.09259	0
1716.64	-0.09259	0
1716.68	-0.09259	0
1716.72	-0.09259	0
1716.76	-0.09259	0
1716.8	-0.09259	0
1716.8400000000001	-0.09259	0
1716.88	-0.09259	0
1716.92	-0.09259	0
1716.96	-0.09259	0
1717.0	-0.09259	0
1717.04	-0.09259	0
1717.08	-0.09259	0
1717.1200000000001	-0.09259	0
1717.16	-0.09259	0
1717.2	-0.09259	0
1717.24	-0.09259	0
1717.28	-0.09259	0
1717.32	-0.09259	0
1717.3600000000001	-0.09259	0
1717.4	-0.09259	0
1717.44	-0.09259	0
1717.48	-0.09009	0
1717.52	-0.09021	1
1717.56	-0.09032	1
1717.6000000000001	-0.09043	1
1717.64	-0.09055	1
1717.68	-0.09066	1
1717.72	-0.09078	1
1717.76	-0.09089	1
1717.8	-0.09100	1
1717.8400000000001	-0.09112	1
1717.88	-0.08992	1
1717.92	-0.09003	1
1717.96	-0.09015	1
1718.0	-0.09026	1
1718.04	-0.09037	1
1718.08	-0.09049	1
1718.1200000000001	-0.09060	1
1718.16	-0.09071	1
1718.2	-0.08952	1
1718.24	-0.08963	1
1718.28	-0.08974	1
1718.32	-0.08854	1
1718.3600000000001	-0.08735	1
1718.4	-0.08746	1
1718.44	-0.08758	1
1718.48	-0.08769	1
1718.52	-0.08780	1
1718.56	-0.08792	1
1718.6000000000001	-0.08803	1
1718.64	-0.08814	1
1718.68	-0.08826	1
1718.72	-0.08837	1
1718.76	-0.08849	1
1718.8	-0.08860	1
1718.8400000000001	-0.08871	1
1718.88	-0.08883	1
1718.92	-0.08894	1
1718.96	-0.08905	1
1719.0	-0.08917	1
1719.04	-0.08928	1
1719.08	-0.08939	1
1719.1200000000001	-0.08951	1
1719.16	-0.08962	1
1719.2	-0.08973	1
1719.24	-0.08985	1
1719.28	-0.08996	1
1719.32	-0.09007	1
1719.3600000000001	-0.09019	1
1719.4	-0.09030	1
1719.44	-0.09041	1
1719.48	-0.09053	1
1719.52	-0.09064	1
1719.56	-0.09075	1
1719.6000000000001	-0.09087	1
1719.64	-0.09098	1
1719.68	-0.09109	1
1719.72	-0.09121	1
1719.76	-0.09132	1
1719.8	-0.09143	1
1719.8400000000001	-0.09155	1
1719.88	-0.09166	0
1719.92	-0.09177	0
1719.96	-0.09188	0
1720.0	-0.09200	0
1720.04	-0.09211	0
1720.08	-0.09222	0
1720.1200000000001	-0.09234	0
1720.16	-0.09245	0
1720.2	-0.09256	0
1720.24	-0.09256	0
1720.28	-0.09256	0
1720.32	-0.09256	0
1720.3600000000001	-0.09256	0
1720.4	-0.09256	0
1720.44	-0.09256	0
1720.48	-0.09256	0
1720.52	-0.09256	0
1720.56	-0.09256	0
1720.6000000000001	-0.09256	0
1720.64	-0.09256	0
1720.68	-0.09256	0
1720.72	-0.09256	0
1720.76	-0.09137	0
1720.8	-0.09148	0
1720.8400000000001	-0.09160	0
1720.88	-0.09171	0
1720.92	-0.09182	0
1720.96	-0.09193	0
1721.0	-0.09205	0
1721.04	-0.09216	0
1721.08	-0.09227	0
1721.1200000000001	-0.09238	0
1721.16	-0.09250	0
1721.2	-0.09261	0
1721.24	-0.09261	0
1721.28	-0.09261	0
1721.32	-0.09261	0
1721.3600000000001	-0.09261	0
1721.4	-0.09261	0
1721.44	-0.09261	0
1721.48	-0.09261	0
1721.52	-0.09261	0
1721.56	-0.09261	0
1721.6000000000001	-0.09261	0
1721.64	-0.09261	0
1721.68	-0.09261	0
1721.72	-0.09142	0
1721.76	-0.09153	0
1721.8	-0.09164	0
1721.8400000000001	-0.09176	0
1721.88	-0.09187	0
1721.92	-0.09198	0
1721.96	-0.09209	0
1722.0	-0.09221	0
1722.04	-0.09232	0
1722.08	-0.09243	0
1722.1200000000001	-0.09254	0
1722.16	-0.09254	0
1722.2	-0.09254	0
1722.24	-0.09254	0
1722.28	-0.09254	0
1722.32	-0.09254	0
1722.3600000000001	-0.09254	0
1722.4	-0.09254	0
1722.44	-0.09254	0
1722.48	-0.09254	0
1722.52	-0.09254	0
1722.56	-0.09254	0
1722.6000000000001	-0.09254	0
1722.64	-0.09254	0
1722.68	-0.09254	0
1722.72	-0.09254	0
1722.76	-0.09254	0
1722.8	-0.09254	0
1722.8400000000001	-0.09254	0
1722.88	-0.09254	0
1722.92	-0.09254	0
1722.96	-0.09254	0
1723.0	-0.09254	0
1723.04	-0.09254	0
1723.08	-0.09254	0
1723.1200000000001	-0.09254	0
1723.16	-0.09254	0
1723.2	-0.09254	0
1723.24	-0.09254	0
1723.28	-0.09254	0
1723.32	-0.09136	0
1723.3600000000001	-0.09147	0
1723.4	-0.09028	0
1723.44	-0.09039	0
1723.48	-0.09051	0
1723.52	-0.09062	0
1723.56	-0.09073	0
1723.6000000000001	-0.09084	0
1723.64	-0.09096	0
1723.68	-0.09107	0
1723.72	-0.09118	0
1723.76	-0.09129	0
1723.8	-0.09141	0
1723.8400000000001	-0.09152	0
1723.88	-0.09163	0
1723.92	-0.09174	0
1723.96	-0.09186	0
1724.0	-0.09197	0
1724.04	-0.09078	0
1724.08	-0.09090	0
1724.1200000000001	-0.09349	0
1724.16	-0.09230	0
1724.2	-0.09242	0
1724.24	-0.09253	0
1724.28	-0.09253	0
1724.32	-0.09253	0
1724.3600000000001	-0.09253	0
1724.4	-0.09134	0
1724.44	-0.09146	0
1724.48	-0.09157	0
1724.52	-0.09168	0
1724.56	-0.09179	0
1724.6000000000001	-0.09191	0
1724.64	-0.09202	0
1724.68	-0.09213	0
1724.72	-0.09224	0
1724.76	-0.09235	0
1724.8	-0.09246	0
1724.8400000000001	-0.09258	0
1724.88	-0.09258	0
1724.92	-0.09258	0
1724.96	-0.09258	0
1725.0	-0.09258	0
1725.04	-0.09258	0
1725.08	-0.09258	0
1725.1200000000001	-0.09258	0
1725.16	-0.09258	0
1725.2	-0.09258	0
1725.24	-0.09258	0
1725.28	-0.09258	0
1725.32	-0.09258	0
1725.3600000000001	-0.09258	0
1725.4	-0.09258	1
1725.44	-0.09258	1
1725.48	-0.09258	1
1725.52	-0.09258	1
1725.56	-0.09138	1
1725.6000000000001	-0.09149	1
1725.64	-0.09160	1
1725.68	-0.09172	1
1725.72	-0.09183	1
1725.76	-0.09194	1
1725.8	-0.09206	1
1725.8400000000001	-0.09217	1
1725.88	-0.09228	1
1725.92	-0.09240	1
1725.96	-0.09251	1
1726.0	-0.09251	1
1726.04	-0.09251	1
1726.08	-0.09251	1
1726.1200000000001	-0.09131	1
1726.16	-0.09143	1
1726.2	-0.09154	1
1726.24	-0.09165	1
1726.28	-0.09177	1
1726.32	-0.09188	1
1726.3600000000001	-0.09199	1
1726.4	-0.09080	1
1726.44	-0.09091	1
1726.48	-0.09102	1
1726.52	-0.09114	1
1726.56	-0.09125	1
1726.6000000000001	-0.09136	1
1726.64	-0.09148	1
1726.68	-0.09159	1
1726.72	-0.09170	1
1726.76	-0.09182	1
1726.8	-0.09193	1
1726.8400000000001	-0.09204	1
1726.88	-0.09216	1
1726.92	-0.09227	1
1726.96	-0.09238	1
1727.0	-0.09250	1
1727.04	-0.09130	1
1727.08	-0.09141	1
1727.1200000000001	-0.09153	1
1727.16	-0.09164	1
1727.2	-0.09175	1
1727.24	-0.09187	1
1727.28	-0.09198	0
1727.32	-0.09209	0
1727.3600000000001	-0.09221	0
1727.4	-0.09232	0
1727.44	-0.09243	0
1727.48	-0.09254	0
1727.52	-0.09254	0
1727.56	-0.09254	0
1727.6000000000001	-0.09254	0
1727.64	-0.09254	1
1727.68	-0.09254	1
1727.72	-0.09254	1
1727.76	-0.09254	1
1727.8	-0.09254	1
1727.8400000000001	-0.09254	1
1727.88	-0.09134	1
1727.92	-0.09146	1
1727.96	-0.09157	1
1728.0	-0.09168	1
1728.04	-0.09180	1
1728.08	-0.09191	1
1728.1200000000001	-0.09203	1
1728.16	-0.09214	1
1728.2	-0.09225	1
1728.24	-0.09237	1
1728.28	-0.09248	1
1728.32	-0.09259	1
1728.3600000000001	-0.09259	1
1728.4	-0.09259	1
1728.44	-0.09259	1
1728.48	-0.09259	1
1728.52	-0.09259	1
1728.56	-0.09259	1
1728.6000000000001	-0.09259	1
1728.64	-0.09259	1
1728.68	-0.09259	1
1728.72	-0.09259	1
1728.76	-0.09259	1
1728.8	-0.09259	1
1728.8400000000001	-0.09259	1
1728.88	-0.09139	1
1728.92	-0.09151	1
1728.96	-0.09162	1
1729.0	-0.09042	1
1729.04	-0.09054	1
1729.08	-0.09065	1
1729.1200000000001	-0.09076	1
1729.16	-0.09088	1
1729.2	-0.09099	1
1729.24	-0.09110	1
1729.28	-0.09122	1
1729.32	-0.09133	1
1729.3600000000001	-0.09013	1
1729.4	-0.09025	1
1729.44	-0.08905	1
1729.48	-0.08916	1
1729.52	-0.08928	1
1729.56	-0.08939	1
1729.6000000000001	-0.08950	1
1729.64	-0.08962	1
1729.68	-0.08973	1
1729.72	-0.08985	1
1729.76	-0.08996	1
1729.8	-0.09007	1
1729.8400000000001	-0.08888	1
1729.88	-0.08899	1
1729.92	-0.08910	1
1729.96	-0.08922	1
1730.0	-0.08933	1
1730.04	-0.08944	1
1730.08	-0.08956	1
1730.1200000000001	-0.08967	1
1730.16	-0.08978	1
1730.2	-0.08990	1
1730.24	-0.09001	1
1730.28	-0.09012	1
1730.32	-0.09024	1
1730.3600000000001	-0.09035	1
1730.4	-0.09046	1
1730.44	-0.09058	1
1730.48	-0.09069	1
1730.52	-0.09080	1
1730.56	-0.09092	0
1730.6000000000001	-0.09103	0
1730.64	-0.09364	0
1730.68	-0.09364	0
1730.72	-0.09364	0
1730.76	-0.09364	0
1730.8	-0.09364	0
1730.8400000000001	-0.09364	0
1730.88	-0.09364	0
1730.92	-0.09364	0
1730.96	-0.09364	0
1731.0	-0.09364	0
1731.04	-0.09364	0
1731.08	-0.09364	0
1731.1200000000001	-0.09364	0
1731.16	-0.09364	0
1731.2	-0.09364	0
1731.24	-0.09364	0
1731.28	-0.09364	0
1731.32	-0.09364	0
1731.3600000000001	-0.09245	0
1731.4	-0.09126	0
1731.44	-0.09137	0
1731.48	-0.09148	0
1731.52	-0.09159	0
1731.56	-0.09171	0
1731.6000000000001	-0.09052	0
1731.64	-0.09063	0
1731.68	-0.08944	0
1731.72	-0.08825	0
1731.76	-0.08706	0
1731.8	-0.08717	0
1731.8400000000001	-0.08728	0
1731.88	-0.08740	0
1731.92	-0.08751	0
1731.96	-0.08762	0
1732.0	-0.08774	0
1732.04	-0.08785	0
1732.08	-0.08796	0
1732.1200000000001	-0.08807	0
1732.16	-0.08819	0
1732.2	-0.08830	0
1732.24	-0.08841	0
1732.28	-0.08853	0
1732.32	-0.08864	0
1732.3600000000001	-0.08875	0
1732.4	-0.08887	0
1732.44	-0.08898	0
1732.48	-0.08909	0
1732.52	-0.08920	0
1732.56	-0.08932	0
1732.6000000000001	-0.08943	0
1732.64	-0.08954	0
1732.68	-0.08966	0
1732.72	-0.08977	1
1732.76	-0.08988	1
1732.8	-0.08868	1
1732.8400000000001	-0.08880	1
1732.88	-0.08891	1
1732.92	-0.08903	1
1732.96	-0.08914	1
1733.0	-0.08794	1
1733.04	-0.08805	1
1733.08	-0.08817	1
1733.1200000000001	-0.08828	1
1733.16	-0.08840	1
1733.2	-0.08851	1
1733.24	-0.08862	1
1733.28	-0.08874	1
1733.32	-0.08754	1
1733.3600000000001	-0.08765	1
1733.4	-0.08777	1
1733.44	-0.08788	1
1733.48	-0.08799	1
1733.52	-0.08811	1
1733.56	-0.08822	1
1733.6000000000001	-0.08834	1
1733.64	-0.08845	1
1733.68	-0.08856	1
1733.72	-0.08868	1
1733.76	-0.08748	1
1733.8	-0.08760	1
1733.8400000000001	-0.08771	1
1733.88	-0.08782	1
1733.92	-0.08794	1
1733.96	-0.08805	1
1734.0	-0.08816	1
1734.04	-0.08828	1
1734.08	-0.08839	1
1734.1200000000001	-0.08851	1
1734.16	-0.08862	1
1734.2	-0.08873	1
1734.24	-0.08885	1
1734.28	-0.08896	1
1734.32	-0.08907	1
1734.3600000000001	-0.08919	1
1734.4	-0.08930	1
1734.44	-0.08941	1
1734.48	-0.08953	1
1734.52	-0.08964	1
1734.56	-0.08845	1
1734.6000000000001	-0.08856	1
1734.64	-0.08867	1
1734.68	-0.08879	1
1734.72	-0.08890	1
1734.76	-0.08771	1
1734.8	-0.08782	1
1734.8400000000001	-0.08663	1
1734.88	-0.08674	1
1734.92	-0.08685	1
1734.96	-0.08566	1
1735.0	-0.08447	1
1735.04	-0.08458	1
1735.08	-0.08470	1
1735.1200000000001	-0.08481	1
1735.16	-0.08493	1
1735.2	-0.08504	1
1735.24	-0.08515	1
1735.28	-0.08527	1
1735.32	-0.08538	1
1735.3600000000001	-0.08549	1
1735.4	-0.08561	1
1735.44	-0.08572	1
1735.48	-0.08583	1
1735.52	-0.08464	1
1735.56	-0.08476	1
1735.6000000000001	-0.08487	1
1735.64	-0.08499	1
1735.68	-0.08510	1
1735.72	-0.08521	1
1735.76	-0.08533	1
1735.8	-0.08544	0
1735.8400000000001	-0.08555	0
1735.88	-0.08567	0
1735.92	-0.08578	0
1735.96	-0.08589	0
1736.0	-0.08601	0
1736.04	-0.08612	0
1736.08	-0.08623	0
1736.1200000000001	-0.08635	0
1736.16	-0.08646	0
1736.2	-0.08657	0
1736.24	-0.08669	0
1736.28	-0.08680	0
1736.32	-0.08691	0
1736.3600000000001	-0.08702	0
1736.4	-0.08714	0
1736.44	-0.08725	1
1736.48	-0.08737	1
1736.52	-0.08748	1
1736.56	-0.08759	1
1736.6000000000001	-0.09034	1
1736.64	-0.09045	1
1736.68	-0.09057	1
1736.72	-0.09068	1
1736.76	-0.09079	1
1736.8	-0.09091	1
1736.8400000000001	-0.09102	1
1736.88	-0.09113	1
1736.92	-0.09125	1
1736.96	-0.09136	1
1737.0	-0.09147	1
1737.04	-0.09159	1
1737.08	-0.09170	1
1737.1200000000001	-0.09182	1
1737.16	-0.09193	1
1737.2	-0.09204	1
1737.24	-0.09216	1
1737.28	-0.09227	1
1737.32	-0.09238	1
1737.3600000000001	-0.09250	1
1737.4	-0.09261	1
1737.44	-0.09261	1
1737.48	-0.09261	1
1737.52	-0.09261	1
1737.56	-0.09261	1
1737.6000000000001	-0.09261	1
1737.64	-0.09261	1
1737.68	-0.09261	1
1737.72	-0.09261	1
1737.76	-0.09261	1
1737.8	-0.09261	1
1737.8400000000001	-0.09261	1
1737.88	-0.09261	1
1737.92	-0.09261	1
1737.96	-0.09261	1
1738.0	-0.09261	1
1738.04	-0.09261	1
1738.08	-0.09261	1
1738.1200000000001	-0.09261	1
1738.16	-0.09261	1
1738.2	-0.09261	1
1738.24	-0.09261	1
1738.28	-0.09261	1
1738.32	-0.09261	1
1738.3600000000001	-0.09261	1
1738.4	-0.09261	1
1738.44	-0.09141	1
1738.48	-0.09152	1
1738.52	-0.09164	1
1738.56	-0.09175	1
1738.6000000000001	-0.09186	1
1738.64	-0.09198	1
1738.68	-0.09460	1
1738.72	-0.09460	1
1738.76	-0.09460	1
1738.8	-0.09460	1
1738.8400000000001	-0.09460	1
1738.88	-0.09460	1
1738.92	-0.09460	1
1738.96	-0.09460	1
1739.0	-0.09329	1
1739.04	-0.09329	1
1739.08	-0.09329	1
1739.1200000000001	-0.09329	1
1739.16	-0.09329	0
1739.2	-0.09329	0
1739.24	-0.09329	0
1739.28	-0.09329	0
1739.32	-0.09329	0
1739.3600000000001	-0.09329	0
1739.4	-0.09329	0
1739.44	-0.09329	0
1739.48	-0.09329	0
1739.52	-0.09329	0
1739.56	-0.09329	0
1739.6000000000001	-0.09329	0
1739.64	-0.09329	1
1739.68	-0.09329	1
1739.72	-0.09329	1
1739.76	-0.09209	1
1739.8	-0.09220	1
1739.8400000000001	-0.09231	1
1739.88	-0.09243	1
1739.92	-0.09123	1
1739.96	-0.09134	1
1740.0	-0.09145	1
1740.04	-0.09157	1
1740.08	-0.09168	1
1740.1200000000001	-0.09180	1
1740.16	-0.09191	1
1740.2	-0.09202	1
1740.24	-0.09214	1
1740.28	-0.09094	1
1740.32	-0.09105	1
1740.3600000000001	-0.09116	1
1740.4	-0.09128	1
1740.44	-0.09139	1
1740.48	-0.09150	1
1740.52	-0.09162	1
1740.56	-0.09173	1
1740.6000000000001	-0.09185	1
1740.64	-0.09196	1
1740.68	-0.09207	1
1740.72	-0.09219	1
1740.76	-0.09230	1
1740.8	-0.09110	1
1740.8400000000001	-0.09121	1
1740.88	-0.09133	1
1740.92	-0.09144	1
1740.96	-0.09155	1
1741.0	-0.09167	1
1741.04	-0.09178	1
1741.08	-0.09059	1
1741.1200000000001	-0.09070	1
1741.16	-0.09081	1
1741.2	-0.09093	1
1741.24	-0.08973	1
1741.28	-0.08984	1
1741.32	-0.08996	1
1741.3600000000001	-0.09007	1
1741.4	-0.09018	1
1741.44	-0.09030	1
1741.48	-0.09041	1
1741.52	-0.09052	1
1741.56	-0.09064	1
1741.6000000000001	-0.09075	1
1741.64	-0.08956	1
1741.68	-0.08967	1
1741.72	-0.08978	1
1741.76	-0.08990	1
1741.8	-0.09001	1
1741.8400000000001	-0.09012	1
1741.88	-0.09024	1
1741.92	-0.09035	1
1741.96	-0.08916	1
1742.0	-0.08796	1
1742.04	-0.08808	1
1742.08	-0.08819	1
1742.1200000000001	-0.08830	1
1742.16	-0.08842	1
1742.2	-0.08853	1
1742.24	-0.08864	1
1742.28	-0.08876	1
1742.32	-0.08887	1
1742.3600000000001	-0.08898	1
1742.4	-0.08910	1
1742.44	-0.08921	1
1742.48	-0.08932	1
1742.52	-0.08944	1
1742.56	-0.08955	1
1742.6000000000001	-0.08966	1
1742.64	-0.08977	1
1742.68	-0.08989	1
1742.72	-0.08870	1
1742.76	-0.08881	1
1742.8	-0.08892	1
1742.8400000000001	-0.08904	1
1742.88	-0.08915	1
1742.92	-0.08926	1
1742.96	-0.08938	1
1743.0	-0.08949	1
1743.04	-0.08960	1
1743.08	-0.08971	1
1743.1200000000001	-0.08983	1
1743.16	-0.08994	1
1743.2	-0.08875	1
1743.24	-0.08886	1
1743.28	-0.08898	1
1743.32	-0.08909	1
1743.3600000000001	-0.08920	1
1743.4	-0.08932	1
1743.44	-0.08943	1
1743.48	-0.08954	1
1743.52	-0.08835	1
1743.56	-0.08847	1
1743.6000000000001	-0.08858	1
1743.64	-0.08869	1
1743.68	-0.08881	1
1743.72	-0.08892	1
1743.76	-0.08903	1
1743.8	-0.08914	1
1743.8400000000001	-0.08926	1
1743.88	-0.08937	1
1743.92	-0.08948	1
1743.96	-0.08959	1
1744.0	-0.08971	1
1744.04	-0.08982	1
1744.08	-0.08993	1
1744.1200000000001	-0.09004	1
1744.16	-0.09016	1
1744.2	-0.08897	1
1744.24	-0.08908	1
1744.28	-0.08920	1
1744.32	-0.08931	1
1744.3600000000001	-0.08942	1
1744.4	-0.08953	1
1744.44	-0.08965	1
1744.48	-0.08976	1
1744.52	-0.08858	1
1744.56	-0.08869	1
1744.6000000000001	-0.08880	1
1744.64	-0.08891	1
1744.68	-0.08903	1
1744.72	-0.08914	1
1744.76	-0.08796	1
1744.8	-0.08807	1
1744.8400000000001	-0.08818	1
1744.88	-0.08829	1
1744.92	-0.08840	1
1744.96	-0.09110	1
1745.0	-0.09122	0
1745.04	-0.09133	0
1745.08	-0.09144	0
1745.1200000000001	-0.09155	0
1745.16	-0.09166	0
1745.2	-0.09178	1
1745.24	-0.09189	1
1745.28	-0.09201	1
1745.32	-0.08949	1
1745.3600000000001	-0.08960	1
1745.4	-0.08972	1
1745.44	-0.08983	1
1745.48	-0.08995	1
1745.52	-0.09006	1
1745.56	-0.09017	1
1745.6000000000001	-0.09029	1
1745.64	-0.09040	1
1745.68	-0.09051	1
1745.72	-0.09063	1
1745.76	-0.09074	1
1745.8	-0.09086	1
1745.8400000000001	-0.09097	1
1745.88	-0.09108	1
1745.92	-0.09120	1
1745.96	-0.09131	1
1746.0	-0.09011	1
1746.04	-0.09023	1
1746.08	-0.09034	1
1746.1200000000001	-0.09045	1
1746.16	-0.09057	1
1746.2	-0.09068	1
1746.24	-0.08948	1
1746.28	-0.08960	1
1746.32	-0.08971	1
1746.3600000000001	-0.08982	1
1746.4	-0.08994	1
1746.44	-0.09005	1
1746.48	-0.09016	1
1746.52	-0.09028	1
1746.56	-0.09039	1
1746.6000000000001	-0.09050	1
1746.64	-0.09062	1
1746.68	-0.09073	1
1746.72	-0.09084	1
1746.76	-0.09096	1
1746.8	-0.09107	1
1746.8400000000001	-0.09118	1
1746.88	-0.09130	1
1746.92	-0.09141	1
1746.96	-0.09022	1
1747.0	-0.09033	1
1747.04	-0.09044	1
1747.08	-0.09056	1
1747.1200000000001	-0.09067	1
1747.16	-0.09078	1
1747.2	-0.09090	1
1747.24	-0.08970	1
1747.28	-0.08851	1
1747.32	-0.08862	1
1747.3600000000001	-0.08874	1
1747.4	-0.08885	1
1747.44	-0.08896	1
1747.48	-0.08777	1
1747.52	-0.08788	1
1747.56	-0.08800	1
1747.6000000000001	-0.08811	1
1747.64	-0.08822	1
1747.68	-0.08834	1
1747.72	-0.08845	1
1747.76	-0.08856	1
1747.8	-0.08868	1
1747.8400000000001	-0.08879	1
1747.88	-0.08890	1
1747.92	-0.08902	1
1747.96	-0.08783	1
1748.0	-0.08794	1
1748.04	-0.08805	1
1748.08	-0.08817	1
1748.1200000000001	-0.08828	1
1748.16	-0.08839	1
1748.2	-0.08720	1
1748.24	-0.08732	1
1748.28	-0.08743	0
1748.32	-0.08754	0
1748.3600000000001	-0.08766	0
1748.4	-0.08647	0
1748.44	-0.08528	0
1748.48	-0.08539	0
1748.52	-0.08550	0
1748.56	-0.08562	0
1748.6000000000001	-0.08443	0
1748.64	-0.08454	0
1748.68	-0.08466	0
1748.72	-0.08477	0
1748.76	-0.08488	0
1748.8	-0.08500	0
1748.8400000000001	-0.08511	0
1748.88	-0.08522	0
1748.92	-0.08404	0
1748.96	-0.08285	0
1749.0	-0.08296	0
1749.04	-0.08308	0
1749.08	-0.08319	0
1749.1200000000001	-0.08331	1
1749.16	-0.08342	1
1749.2	-0.08354	1
1749.24	-0.08365	1
1749.28	-0.08377	1
1749.32	-0.08388	1
1749.3600000000001	-0.08399	1
1749.4	-0.08411	1
1749.44	-0.08422	1
1749.48	-0.08434	1
1749.52	-0.08445	1
1749.56	-0.08457	1
1749.6000000000001	-0.08468	1
1749.64	-0.08348	1
1749.68	-0.08360	1
1749.72	-0.08371	1
1749.76	-0.08383	1
1749.8	-0.08394	1
1749.8400000000001	-0.08406	1
1749.88	-0.08417	1
1749.92	-0.08428	1
1749.96	-0.08440	1
1750.0	-0.08320	1
1750.04	-0.08332	1
1750.08	-0.08343	1
1750.1200000000001	-0.08355	1
1750.16	-0.08235	1
1750.2	-0.08246	1
1750.24	-0.08258	1
1750.28	-0.08269	1
1750.32	-0.08281	1
1750.3600000000001	-0.08292	1
1750.4	-0.08304	0
1750.44	-0.08315	0
1750.48	-0.08326	0
1750.52	-0.08338	0
1750.56	-0.08349	0
1750.6000000000001	-0.08361	0
1750.64	-0.08372	0
1750.68	-0.08384	0
1750.72	-0.08264	0
1750.76	-0.08276	0
1750.8	-0.08287	0
1750.8400000000001	-0.08298	0
1750.88	-0.08310	0
1750.92	-0.08321	0
1750.96	-0.08202	0
1751.0	-0.08213	0
1751.04	-0.08225	0
1751.08	-0.08236	0
1751.1200000000001	-0.08248	0
1751.16	-0.08259	0
1751.2	-0.08271	0
1751.24	-0.08282	0
1751.28	-0.08293	0
1751.32	-0.08305	0
1751.3600000000001	-0.08316	0
1751.4	-0.08197	0
1751.44	-0.08208	0
1751.48	-0.08220	0
1751.52	-0.08231	0
1751.56	-0.08243	0
1751.6000000000001	-0.08254	0
1751.64	-0.08265	0
1751.68	-0.08277	0
1751.72	-0.08288	0
1751.76	-0.08300	0
1751.8	-0.08311	0
1751.8400000000001	-0.08322	0
1751.88	-0.08334	0
1751.92	-0.08345	0
1751.96	-0.08357	0
1752.0	-0.08368	0
1752.04	-0.08379	0
1752.08	-0.08391	0
1752.1200000000001	-0.08402	0
1752.16	-0.08413	0
1752.2	-0.08425	0
1752.24	-0.08436	0
1752.28	-0.08447	0
1752.32	-0.08459	0
1752.3600000000001	-0.08730	0
1752.4	-0.08742	0
1752.44	-0.08753	0
1752.48	-0.08764	0
1752.52	-0.08776	0
1752.56	-0.08787	0
1752.6000000000001	-0.08798	0
1752.64	-0.08810	0
1752.68	-0.08821	0
1752.72	-0.08832	0
1752.76	-0.08843	0
1752.8	-0.08855	0
1752.8400000000001	-0.08866	0
1752.88	-0.08877	0
1752.92	-0.08889	0
1752.96	-0.09160	0
1753.0	-0.09171	0
1753.04	-0.09182	0
1753.08	-0.09193	0
1753.1200000000001	-0.09205	0
1753.16	-0.09216	0
1753.2	-0.09227	0
1753.24	-0.09238	0
1753.28	-0.09250	0
1753.32	-0.09261	0
1753.3600000000001	-0.09261	0
1753.4	-0.09261	0
1753.44	-0.09261	0
1753.48	-0.09142	0
1753.52	-0.09153	0
1753.56	-0.09165	0
1753.6000000000001	-0.09176	0
1753.64	-0.09187	0
1753.68	-0.09198	0
1753.72	-0.09209	0
1753.76	-0.09221	0
1753.8	-0.09232	0
1753.8400000000001	-0.09243	0
1753.88	-0.09254	0
1753.92	-0.09254	0
1753.96	-0.09254	0
1754.0	-0.09254	0
1754.04	-0.09254	0
1754.08	-0.09254	0
1754.1200000000001	-0.09254	0
1754.16	-0.09254	0
1754.2	-0.09254	0
1754.24	-0.09254	0
1754.28	-0.09254	0
1754.32	-0.09254	0
1754.3600000000001	-0.09254	0
1754.4	-0.09136	0
1754.44	-0.09147	0
1754.48	-0.09158	0
1754.52	-0.09170	0
1754.56	-0.09181	0
1754.6000000000001	-0.09192	0
1754.64	-0.09203	0
1754.68	-0.09214	0
1754.72	-0.08967	0
1754.76	-0.08978	0
1754.8	-0.08989	0
1754.8400000000001	-0.09000	0
1754.88	-0.09012	0
1754.92	-0.09023	0
1754.96	-0.09034	0
1755.0	-0.09045	0
1755.04	-0.09056	0
1755.08	-0.08938	0
1755.1200000000001	-0.08949	0
1755.16	-0.08961	0
1755.2	-0.08972	0
1755.24	-0.08983	0
1755.28	-0.08994	0
1755.32	-0.09005	0
1755.3600000000001	-0.09017	0
1755.4	-0.09028	0
1755.44	-0.09039	0
1755.48	-0.08921	0
1755.52	-0.08932	0
1755.56	-0.08943	0
1755.6000000000001	-0.08826	0
1755.64	-0.08837	0
1755.68	-0.08848	0
1755.72	-0.08859	0
1755.76	-0.08741	0
1755.8	-0.08753	0
1755.8400000000001	-0.08764	0
1755.88	-0.08775	0
1755.92	-0.08786	0
1755.96	-0.08797	0
1756.0	-0.08809	0
1756.04	-0.08820	0
1756.08	-0.08831	0
1756.1200000000001	-0.08842	0
1756.16	-0.08853	0
1756.2	-0.08736	0
1756.24	-0.08747	0
1756.28	-0.08758	0
1756.32	-0.08769	0
1756.3600000000001	-0.08780	0
1756.4	-0.08663	0
1756.44	-0.08545	0
1756.48	-0.08557	0
1756.52	-0.08568	0
1756.56	-0.08579	0
1756.6000000000001	-0.08590	0
1756.64	-0.08601	0
1756.68	-0.08613	0
1756.72	-0.08624	0
1756.76	-0.08635	0
1756.8	-0.08646	0
1756.8400000000001	-0.08526	1
1756.88	-0.08538	1
1756.92	-0.08549	1
1756.96	-0.08560	1
1757.0	-0.08572	1
1757.04	-0.08583	1
1757.08	-0.08595	1
1757.1200000000001	-0.08606	1
1757.16	-0.08618	1
1757.2	-0.08629	1
1757.24	-0.08641	1
1757.28	-0.08652	1
1757.32	-0.08663	1
1757.3600000000001	-0.08675	1
1757.4	-0.08686	1
1757.44	-0.08566	1
1757.48	-0.08578	1
1757.52	-0.08458	1
1757.56	-0.08469	1
1757.6000000000001	-0.08481	1
1757.64	-0.08492	1
1757.68	-0.08504	1
1757.72	-0.08515	1
1757.76	-0.08527	1
1757.8	-0.08538	1
1757.8400000000001	-0.08549	1
1757.88	-0.08561	1
1757.92	-0.08572	1
1757.96	-0.08453	1
1758.0	-0.08464	1
1758.04	-0.08475	1
1758.08	-0.08487	1
1758.1200000000001	-0.08498	1
1758.16	-0.08510	1
1758.2	-0.08521	1
1758.24	-0.08533	1
1758.28	-0.08544	0
1758.32	-0.08555	0
1758.3600000000001	-0.08567	0
1758.4	-0.08578	0
1758.44	-0.08459	0
1758.48	-0.08470	0
1758.52	-0.08482	0
1758.56	-0.08493	0
1758.6000000000001	-0.08504	0
1758.64	-0.08385	0
1758.68	-0.08396	0
1758.72	-0.08408	0
1758.76	-0.08419	0
1758.8	-0.08431	0
1758.8400000000001	-0.08311	0
1758.88	-0.08323	0
1758.92	-0.08334	0
1758.96	-0.08346	0
1759.0	-0.08357	0
1759.04	-0.08368	0
1759.08	-0.08380	0
1759.1200000000001	-0.08391	0
1759.16	-0.08402	0
1759.2	-0.08414	0
1759.24	-0.08425	0
1759.28	-0.08437	0
1759.32	-0.08448	0
1759.3600000000001	-0.08459	0
1759.4	-0.08471	1
1759.44	-0.08482	1
1759.48	-0.08494	1
1759.52	-0.08505	1
1759.56	-0.08517	1
1759.6000000000001	-0.08528	1
1759.64	-0.08540	1
1759.68	-0.08551	1
1759.72	-0.08562	1
1759.76	-0.08574	1
1759.8	-0.08454	1
1759.8400000000001	-0.08465	1
1759.88	-0.08477	1
1759.92	-0.08488	1
1759.96	-0.08500	1
1760.0	-0.08511	1
1760.04	-0.08523	1
1760.08	-0.08534	1
1760.1200000000001	-0.08545	1
1760.16	-0.08557	1
1760.2	-0.08568	1
1760.24	-0.08580	1
1760.28	-0.08591	1
1760.32	-0.08603	1
1760.3600000000001	-0.08614	1
1760.4	-0.08625	1
1760.44	-0.08637	1
1760.48	-0.08648	1
1760.52	-0.08660	1
1760.56	-0.08540	1
1760.6000000000001	-0.08551	1
1760.64	-0.08563	1
1760.68	-0.08574	1
1760.72	-0.08586	1
1760.76	-0.08597	1
1760.8	-0.08608	1
1760.8400000000001	-0.08620	1
1760.88	-0.08631	1
1760.92	-0.08643	1
1760.96	-0.08654	1
1761.0	-0.08665	1
1761.04	-0.08677	1
1761.08	-0.08688	0
1761.1200000000001	-0.08699	0
1761.16	-0.08711	0
1761.2	-0.08722	0
1761.24	-0.08734	0
1761.28	-0.08745	0
1761.32	-0.08756	0
1761.3600000000001	-0.08768	0
1761.4	-0.08779	0
1761.44	-0.08790	0
1761.48	-0.08802	0
1761.52	-0.08813	0
1761.56	-0.08824	0
1761.6000000000001	-0.08836	1
1761.64	-0.08847	1
1761.68	-0.08859	1
1761.72	-0.08870	1
1761.76	-0.08881	1
1761.8	-0.08761	1
1761.8400000000001	-0.08773	1
1761.88	-0.08784	1
1761.92	-0.08796	1
1761.96	-0.08807	1
1762.0	-0.08819	1
1762.04	-0.08830	1
1762.08	-0.08841	1
1762.1200000000001	-0.08853	1
1762.16	-0.08864	1
1762.2	-0.08875	1
1762.24	-0.08887	1
1762.28	-0.08898	1
1762.32	-0.08910	1
1762.3600000000001	-0.08921	1
1762.4	-0.08932	1
1762.44	-0.09206	1
1762.48	-0.09217	1
1762.52	-0.09229	1
1762.56	-0.09240	1
1762.6000000000001	-0.09251	1
1762.64	-0.09251	1
1762.68	-0.09251	1
1762.72	-0.09251	1
1762.76	-0.09251	1
1762.8	-0.09251	1
1762.8400000000001	-0.09251	1
1762.88	-0.09251	1
1762.92	-0.09251	1
1762.96	-0.09251	1
1763.0	-0.09251	1
1763.04	-0.09251	1
1763.08	-0.09251	1
1763.1200000000001	-0.09251	1
1763.16	-0.09251	1
1763.2	-0.09251	1
1763.24	-0.09251	1
1763.28	-0.09251	1
1763.32	-0.09251	1
1763.3600000000001	-0.09251	1
1763.4	-0.09251	1
1763.44	-0.09251	1
1763.48	-0.09251	1
1763.52	-0.09251	1
1763.56	-0.09251	1
1763.6000000000001	-0.09251	1
1763.64	-0.09251	1
1763.68	-0.09251	1
1763.72	-0.09132	1
1763.76	-0.09143	1
1763.8	-0.09154	1
1763.8400000000001	-0.09166	1
1763.88	-0.09177	1
1763.92	-0.09188	1
1763.96	-0.09200	1
1764.0	-0.09211	1
1764.04	-0.09222	1
1764.08	-0.09234	1
1764.1200000000001	-0.09245	1
1764.16	-0.09256	1
1764.2	-0.09256	1
1764.24	-0.09256	1
1764.28	-0.09256	1
1764.32	-0.09256	1
1764.3600000000001	-0.09256	1
1764.4	-0.09256	1
1764.44	-0.09137	1
1764.48	-0.09148	1
1764.52	-0.09159	1
1764.56	-0.09171	1
1764.6000000000001	-0.09182	1
1764.64	-0.09193	1
1764.68	-0.09205	1
1764.72	-0.09216	1
1764.76	-0.09227	1
1764.8	-0.09238	1
1764.8400000000001	-0.09250	1
1764.88	-0.09261	1
1764.92	-0.09261	1
1764.96	-0.09142	1
1765.0	-0.09153	0
1765.04	-0.09164	0
1765.08	-0.09176	1
1765.1200000000001	-0.09187	1
1765.16	-0.09198	1
1765.2	-0.09210	1
1765.24	-0.09090	1
1765.28	-0.09101	1
1765.32	-0.09112	1
1765.3600000000001	-0.09124	1
1765.4	-0.09004	1
1765.44	-0.08884	1
1765.48	-0.08895	1
1765.52	-0.08907	1
1765.56	-0.08918	1
1765.6000000000001	-0.08929	1
1765.64	-0.08941	1
1765.68	-0.08952	1
1765.72	-0.08964	1
1765.76	-0.08975	1
1765.8	-0.08986	1
1765.8400000000001	-0.08998	1
1765.88	-0.09009	1
1765.92	-0.09020	1
1765.96	-0.08901	1
1766.0	-0.08912	1
1766.04	-0.08923	1
1766.08	-0.08935	1
1766.1200000000001	-0.08946	1
1766.16	-0.08958	1
1766.2	-0.08969	1
1766.24	-0.08980	1
1766.28	-0.08992	1
1766.32	-0.09003	1
1766.3600000000001	-0.09014	1
1766.4	-0.09026	1
1766.44	-0.09037	1
1766.48	-0.09048	1
1766.52	-0.09060	1
1766.56	-0.09071	1
1766.6000000000001	-0.09082	1
1766.64	-0.09094	1
1766.68	-0.09105	1
1766.72	-0.09116	1
1766.76	-0.09128	1
1766.8	-0.09139	1
1766.8400000000001	-0.09150	1
1766.88	-0.09162	1
1766.92	-0.09042	1
1766.96	-0.08923	1
1767.0	-0.08934	1
1767.04	-0.08945	1
1767.08	-0.08957	1
1767.1200000000001	-0.08968	1
1767.16	-0.08979	1
1767.2	-0.08991	1
1767.24	-0.08872	1
1767.28	-0.08883	1
1767.32	-0.08894	1
1767.3600000000001	-0.08906	1
1767.4	-0.08917	1
1767.44	-0.08928	1
1767.48	-0.08939	1
1767.52	-0.08951	1
1767.56	-0.08962	1
1767.6000000000001	-0.08973	1
1767.64	-0.08985	1
1767.68	-0.08996	1
1767.72	-0.09007	1
1767.76	-0.09019	0
1767.8	-0.09030	0
1767.8400000000001	-0.09041	0
1767.88	-0.09053	0
1767.92	-0.09064	0
1767.96	-0.09075	0
1768.0	-0.09086	0
1768.04	-0.09098	0
1768.08	-0.09109	0
1768.1200000000001	-0.09120	0
1768.16	-0.09131	0
1768.2	-0.09143	0
1768.24	-0.09154	0
1768.28	-0.09035	0
1768.32	-0.09046	0
1768.3600000000001	-0.09058	0
1768.4	-0.09069	0
1768.44	-0.09080	0
1768.48	-0.09091	0
1768.52	-0.09103	0
1768.56	-0.09114	0
1768.6000000000001	-0.08995	0
1768.64	-0.09006	0
1768.68	-0.09018	0
1768.72	-0.09029	0
1768.76	-0.09040	0
1768.8	-0.09051	0
1768.8400000000001	-0.09063	0
1768.88	-0.09074	0
1768.92	-0.08955	0
1768.96	-0.08837	0
1769.0	-0.08848	0
1769.04	-0.08859	0
1769.08	-0.08871	0
1769.1200000000001	-0.08882	0
1769.16	-0.08893	0
1769.2	-0.08904	0
1769.24	-0.08916	0
1769.28	-0.08927	0
1769.32	-0.08938	0
1769.3600000000001	-0.08949	0
1769.4	-0.08961	0
1769.44	-0.08972	0
1769.48	-0.08983	0
1769.52	-0.08994	0
1769.56	-0.09006	0
1769.6000000000001	-0.09017	0
1769.64	-0.09028	0
1769.68	-0.09039	0
1769.72	-0.09050	0
1769.76	-0.09062	0
1769.8	-0.09073	0
1769.8400000000001	-0.09084	0
1769.88	-0.09095	0
1769.92	-0.09107	0
1769.96	-0.09118	0
1770.0	-0.09129	0
1770.04	-0.09140	0
1770.08	-0.09151	0
1770.1200000000001	-0.09163	0
1770.16	-0.09174	0
1770.2	-0.09185	0
1770.24	-0.09196	0
1770.28	-0.09207	0
1770.32	-0.09219	0
1770.3600000000001	-0.09230	0
1770.4	-0.09112	0
1770.44	-0.09123	0
1770.48	-0.09134	0
1770.52	-0.09145	0
1770.56	-0.09156	0
1770.6000000000001	-0.09168	0
1770.64	-0.09179	0
1770.68	-0.09190	0
1770.72	-0.09201	0
1770.76	-0.09212	0
1770.8	-0.09223	0
1770.8400000000001	-0.09235	0
1770.88	-0.09246	0
1770.92	-0.09257	0
1770.96	-0.09257	0
1771.0	-0.09257	0
1771.04	-0.09257	0
1771.08	-0.09257	0
1771.1200000000001	-0.09257	0
1771.16	-0.09257	0
1771.2	-0.09257	0
1771.24	-0.09257	0
1771.28	-0.09257	0
1771.32	-0.09257	0
1771.3600000000001	-0.09257	0
1771.4	-0.09257	0
1771.44	-0.09257	0
1771.48	-0.09257	0
1771.52	-0.09257	0
1771.56	-0.09257	0
1771.6000000000001	-0.09257	0
1771.64	-0.09257	0
1771.68	-0.09257	0
1771.72	-0.09257	0
1771.76	-0.09257	0
1771.8	-0.09257	0
1771.8400000000001	-0.09257	0
1771.88	-0.09257	0
1771.92	-0.09257	1
1771.96	-0.09137	1
1772.0	-0.09148	1
1772.04	-0.09160	1
1772.08	-0.09171	1
1772.1200000000001	-0.09182	1
1772.16	-0.09194	1
1772.2	-0.09205	1
1772.24	-0.09216	1
1772.28	-0.09228	1
1772.32	-0.09239	1
1772.3600000000001	-0.09250	1
1772.4	-0.09250	1
1772.44	-0.09250	1
1772.48	-0.09250	1
1772.52	-0.09250	1
1772.56	-0.09250	1
1772.6000000000001	-0.09250	1
1772.64	-0.09250	1
1772.68	-0.09250	1
1772.72	-0.09130	1
1772.76	-0.09142	1
1772.8	-0.09153	1
1772.8400000000001	-0.09165	1
1772.88	-0.09176	1
1772.92	-0.09187	1
1772.96	-0.09199	1
1773.0	-0.09210	1
1773.04	-0.09221	1
1773.08	-0.09233	1
1773.1200000000001	-0.09244	1
1773.16	-0.09255	1
1773.2	-0.09136	1
1773.24	-0.09147	1
1773.28	-0.09158	1
1773.32	-0.09170	1
1773.3600000000001	-0.09181	1
1773.4	-0.09192	1
1773.44	-0.09204	1
1773.48	-0.09215	1
1773.52	-0.09226	1
1773.56	-0.09237	1
1773.6000000000001	-0.09249	1
1773.64	-0.09260	1
1773.68	-0.09260	1
1773.72	-0.09260	1
1773.76	-0.09260	1
1773.8	-0.09260	1
1773.8400000000001	-0.09260	1
1773.88	-0.09260	1
1773.92	-0.09260	1
1773.96	-0.09260	1
1774.0	-0.09260	1
1774.04	-0.09141	1
1774.08	-0.09152	1
1774.1200000000001	-0.09163	1
1774.16	-0.09175	1
1774.2	-0.09186	1
1774.24	-0.09197	1
1774.28	-0.09208	1
1774.32	-0.09220	1
1774.3600000000001	-0.09231	1
1774.4	-0.09242	1
1774.44	-0.09254	1
1774.48	-0.09254	1
1774.52	-0.09134	1
1774.56	-0.09146	0
1774.6000000000001	-0.09157	0
1774.64	-0.09168	0
1774.68	-0.09179	0
1774.72	-0.09191	0
1774.76	-0.09202	0
1774.8	-0.09213	0
1774.8400000000001	-0.09094	0
1774.88	-0.09105	0
1774.92	-0.09117	0
1774.96	-0.09128	0
1775.0	-0.09139	0
1775.04	-0.09151	0
1775.08	-0.09162	0
1775.1200000000001	-0.09173	0
1775.16	-0.09184	0
1775.2	-0.09196	0
1775.24	-0.09207	0
1775.28	-0.09218	0
1775.32	-0.09099	0
1775.3600000000001	-0.09110	0
1775.4	-0.09122	0
1775.44	-0.09133	0
1775.48	-0.09144	0
1775.52	-0.09156	0
1775.56	-0.09167	0
1775.6000000000001	-0.09178	0
1775.64	-0.09189	0
1775.68	-0.09201	0
1775.72	-0.09212	0
1775.76	-0.09223	0
1775.8	-0.09104	0
1775.8400000000001	-0.09115	0
1775.88	-0.09127	0
1775.92	-0.09138	0
1775.96	-0.09149	0
1776.0	-0.09161	0
1776.04	-0.09172	0
1776.08	-0.09183	0
1776.1200000000001	-0.09194	0
1776.16	-0.09206	0
1776.2	-0.09217	0
1776.24	-0.09228	0
1776.28	-0.09239	0
1776.32	-0.09250	0
1776.3600000000001	-0.09250	0
1776.4	-0.09250	0
1776.44	-0.09132	0
1776.48	-0.09143	0
1776.52	-0.09154	0
1776.56	-0.09165	0
1776.6000000000001	-0.09425	0
1776.64	-0.09425	0
1776.68	-0.09425	0
1776.72	-0.09295	0
1776.76	-0.09295	0
1776.8	-0.09295	0
1776.8400000000001	-0.09295	0
1776.88	-0.09295	0
1776.92	-0.09295	0
1776.96	-0.09295	0
1777.0	-0.09295	0
1777.04	-0.09177	0
1777.08	-0.09188	0
1777.1200000000001	-0.09199	0
1777.16	-0.09210	0
1777.2	-0.09222	0
1777.24	-0.09233	0
1777.28	-0.09244	0
1777.32	-0.09255	0
1777.3600000000001	-0.09255	0
1777.4	-0.09255	0
1777.44	-0.09137	0
1777.48	-0.09148	0
1777.52	-0.09159	0
1777.56	-0.09170	0
1777.6000000000001	-0.09182	0
1777.64	-0.09193	0
1777.68	-0.09204	0
1777.72	-0.09215	0
1777.76	-0.09227	0
1777.8	-0.09238	0
1777.8400000000001	-0.09249	0
1777.88	-0.09260	0
1777.92	-0.09260	0
1777.96	-0.09260	0
1778.0	-0.09260	0
1778.04	-0.09260	0
1778.08	-0.09260	0
1778.1200000000001	-0.09142	0
1778.16	-0.09153	0
1778.2	-0.09164	0
1778.24	-0.09175	0
1778.28	-0.09187	1
1778.32	-0.09198	1
1778.3600000000001	-0.09209	1
1778.4	-0.09221	1
1778.44	-0.09232	1
1778.48	-0.09244	1
1778.52	-0.09255	1
1778.56	-0.09255	1
1778.6000000000001	-0.09255	1
1778.64	-0.09255	1
1778.68	-0.09255	1
1778.72	-0.09255	1
1778.76	-0.09255	1
1778.8	-0.09255	1
1778.8400000000001	-0.09135	1
1778.88	-0.09146	1
1778.92	-0.09158	1
1778.96	-0.09169	1
1779.0	-0.09180	1
1779.04	-0.09192	1
1779.08	-0.09203	1
1779.1200000000001	-0.09214	1
1779.16	-0.09226	1
1779.2	-0.09106	1
1779.24	-0.09117	1
1779.28	-0.08997	1
1779.32	-0.09009	1
1779.3600000000001	-0.09020	1
1779.4	-0.09032	1
1779.44	-0.09043	1
1779.48	-0.09054	1
1779.52	-0.09066	1
1779.56	-0.09328	1
1779.6000000000001	-0.09328	1
1779.64	-0.09328	1
1779.68	-0.09208	1
1779.72	-0.09219	1
1779.76	-0.09231	1
1779.8	-0.09242	1
1779.8400000000001	-0.09253	1
1779.88	-0.09253	1
1779.92	-0.09134	1
1779.96	-0.09145	1
1780.0	-0.09156	1
1780.04	-0.09168	1
1780.08	-0.09179	1
1780.1200000000001	-0.09190	1
1780.16	-0.09202	1
1780.2	-0.09213	1
1780.24	-0.09093	1
1780.28	-0.09105	1
1780.32	-0.09116	1
1780.3600000000001	-0.09127	1
1780.4	-0.09139	1
1780.44	-0.09150	1
1780.48	-0.09161	1
1780.52	-0.09173	1
1780.56	-0.09184	1
1780.6000000000001	-0.09195	1
1780.64	-0.09457	1
1780.68	-0.09457	1
1780.72	-0.09457	1
1780.76	-0.09326	1
1780.8	-0.09326	1
1780.8400000000001	-0.09326	1
1780.88	-0.09326	1
1780.92	-0.09326	1
1780.96	-0.09326	1
1781.0	-0.09326	1
1781.04	-0.09326	1
1781.08	-0.09326	1
1781.1200000000001	-0.09326	1
1781.16	-0.09326	1
1781.2	-0.09326	1
1781.24	-0.09326	1
1781.28	-0.09326	1
1781.32	-0.09207	1
1781.3600000000001	-0.09218	1
1781.4	-0.09229	1
1781.44	-0.09240	1
1781.48	-0.09121	1
1781.52	-0.09002	1
1781.56	-0.09013	1
1781.6000000000001	-0.09024	1
1781.64	-0.08905	1
1781.68	-0.08916	1
1781.72	-0.08928	1
1781.76	-0.08939	1
1781.8	-0.08950	1
1781.8400000000001	-0.08962	1
1781.88	-0.08973	1
1781.92	-0.08854	1
1781.96	-0.08865	1
1782.0	-0.08877	1
1782.04	-0.08888	1
1782.08	-0.08899	1
1782.1200000000001	-0.08911	1
1782.16	-0.08922	1
1782.2	-0.08933	1
1782.24	-0.08944	1
1782.28	-0.08825	1
1782.32	-0.08837	1
1782.3600000000001	-0.08848	1
1782.4	-0.08859	1
1782.44	-0.08871	1
1782.48	-0.08882	1
1782.52	-0.08893	1
1782.56	-0.08905	1
1782.6000000000001	-0.08916	1
1782.64	-0.08927	1
1782.68	-0.08938	1
1782.72	-0.08950	1
1782.76	-0.08961	1
1782.8	-0.08972	1
1782.8400000000001	-0.08984	1
1782.88	-0.08995	1
1782.92	-0.09006	1
1782.96	-0.09017	1
1783.0	-0.09029	1
1783.04	-0.09040	1
1783.08	-0.09051	1
1783.1200000000001	-0.09062	1
1783.16	-0.09074	1
1783.2	-0.09085	1
1783.24	-0.09096	1
1783.28	-0.08978	1
1783.32	-0.08989	1
1783.3600000000001	-0.09000	1
1783.4	-0.08881	1
1783.44	-0.08893	1
1783.48	-0.08904	1
1783.52	-0.08915	1
1783.56	-0.08926	1
1783.6000000000001	-0.08938	0
1783.64	-0.08949	0
1783.68	-0.08960	0
1783.72	-0.08971	0
1783.76	-0.08983	0
1783.8	-0.08994	0
1783.8400000000001	-0.09005	0
1783.88	-0.09016	0
1783.92	-0.09028	0
1783.96	-0.09039	0
1784.0	-0.09050	0
1784.04	-0.08932	0
1784.08	-0.08943	0
1784.1200000000001	-0.08954	0
1784.16	-0.08965	0
1784.2	-0.08977	0
1784.24	-0.08988	0
1784.28	-0.08870	0
1784.32	-0.08881	0
1784.3600000000001	-0.08892	0
1784.4	-0.08774	0
1784.44	-0.08785	0
1784.48	-0.08796	0
1784.52	-0.08808	0
1784.56	-0.08819	0
1784.6000000000001	-0.08830	0
1784.64	-0.08841	0
1784.68	-0.08853	0
1784.72	-0.08864	0
1784.76	-0.08875	0
1784.8	-0.08886	0
1784.8400000000001	-0.08897	0
1784.88	-0.08909	0
1784.92	-0.08920	0
1784.96	-0.08802	0
1785.0	-0.08813	0
1785.04	-0.08824	0
1785.08	-0.08836	0
1785.1200000000001	-0.08847	0
1785.16	-0.08858	0
1785.2	-0.08869	0
1785.24	-0.08880	0
1785.28	-0.08892	0
1785.32	-0.08903	0
1785.3600000000001	-0.08914	0
1785.4	-0.08925	0
1785.44	-0.08807	0
1785.48	-0.08819	0
1785.52	-0.08830	0
1785.56	-0.08841	0
1785.6000000000001	-0.08852	0
1785.64	-0.08863	0
1785.68	-0.08875	0
1785.72	-0.08886	0
1785.76	-0.08897	0
1785.8	-0.08908	0
1785.8400000000001	-0.08919	0
1785.88	-0.08930	0
1785.92	-0.08942	0
1785.96	-0.08824	0
1786.0	-0.08706	0
1786.04	-0.08718	0
1786.08	-0.08600	0
1786.1200000000001	-0.08611	0
1786.16	-0.08622	0
1786.2	-0.08505	0
1786.24	-0.08516	0
1786.28	-0.08399	0
1786.32	-0.08410	0
1786.3600000000001	-0.08292	0
1786.4	-0.08304	0
1786.44	-0.08315	0
1786.48	-0.08326	0
1786.52	-0.08337	0
1786.56	-0.08348	0
1786.6000000000001	-0.08360	0
1786.64	-0.08371	0
1786.68	-0.08382	0
1786.72	-0.08393	0
1786.76	-0.08405	0
1786.8	-0.08416	0
1786.8400000000001	-0.08427	0
1786.88	-0.08438	0
1786.92	-0.08321	0
1786.96	-0.08332	0
1787.0	-0.08343	0
1787.04	-0.08355	0
1787.08	-0.08366	1
1787.1200000000001	-0.08378	1
1787.16	-0.08389	1
1787.2	-0.08400	1
1787.24	-0.08412	1
1787.28	-0.08423	1
1787.32	-0.08435	1
1787.3600000000001	-0.08446	1
1787.4	-0.08458	1
1787.44	-0.08469	1
1787.48	-0.08481	1
1787.52	-0.08492	1
1787.56	-0.08504	1
1787.6000000000001	-0.08515	1
1787.64	-0.08526	1
1787.68	-0.08538	1
1787.72	-0.08549	1
1787.76	-0.08561	1
1787.8	-0.08572	1
1787.8400000000001	-0.08584	1
1787.88	-0.08595	1
1787.92	-0.08606	1
1787.96	-0.08618	1
1788.0	-0.08629	1
1788.04	-0.08510	1
1788.08	-0.08521	1
1788.1200000000001	-0.08532	1
1788.16	-0.08544	1
1788.2	-0.08555	1
1788.24	-0.08567	1
1788.28	-0.08578	1
1788.32	-0.08458	1
1788.3600000000001	-0.08470	1
1788.4	-0.08481	1
1788.44	-0.08493	1
1788.48	-0.08504	1
1788.52	-0.08385	1
1788.56	-0.08396	1
1788.6000000000001	-0.08407	1
1788.64	-0.08419	1
1788.68	-0.08430	1
1788.72	-0.08442	1
1788.76	-0.08453	1
1788.8	-0.08464	1
1788.8400000000001	-0.08476	1
1788.88	-0.08487	1
1788.92	-0.08499	1
1788.96	-0.08510	1
1789.0	-0.08521	1
1789.04	-0.08533	1
1789.08	-0.08544	1
1789.1200000000001	-0.08425	1
1789.16	-0.08436	1
1789.2	-0.08709	1
1789.24	-0.08720	1
1789.28	-0.08732	1
1789.32	-0.08743	1
1789.3600000000001	-0.08754	1
1789.4	-0.08766	1
1789.44	-0.08777	1
1789.48	-0.08788	1
1789.52	-0.08800	1
1789.56	-0.08811	1
1789.6000000000001	-0.08822	1
1789.64	-0.08834	1
1789.68	-0.08845	1
1789.72	-0.08856	1
1789.76	-0.08607	1
1789.8	-0.08618	1
1789.8400000000001	-0.08630	1
1789.88	-0.08641	1
1789.92	-0.08652	1
1789.96	-0.08664	1
1790.0	-0.08675	1
1790.04	-0.08686	1
1790.08	-0.08698	1
1790.1200000000001	-0.08709	1
1790.16	-0.08720	1
1790.2	-0.08732	1
1790.24	-0.08743	1
1790.28	-0.08624	1
1790.32	-0.08635	1
1790.3600000000001	-0.08647	1
1790.4	-0.08658	1
1790.44	-0.08669	1
1790.48	-0.08681	1
1790.52	-0.08692	1
1790.56	-0.08703	1
1790.6000000000001	-0.08715	1
1790.64	-0.08726	1
1790.68	-0.08737	1
1790.72	-0.08748	1
1790.76	-0.08630	1
1790.8	-0.08641	1
1790.8400000000001	-0.08652	1
1790.88	-0.08664	1
1790.92	-0.08545	1
1790.96	-0.08556	1
1791.0	-0.08568	1
1791.04	-0.08579	1
1791.08	-0.08590	1
1791.1200000000001	-0.08602	1
1791.16	-0.08613	1
1791.2	-0.08624	1
1791.24	-0.08635	1
1791.28	-0.08647	1
1791.32	-0.08658	1
1791.3600000000001	-0.08669	1
1791.4	-0.08681	1
1791.44	-0.08692	1
1791.48	-0.08703	1
1791.52	-0.08714	1
1791.56	-0.08726	1
1791.6000000000001	-0.08607	1
1791.64	-0.08619	1
1791.68	-0.08630	1
1791.72	-0.08641	1
1791.76	-0.08652	1
1791.8	-0.08664	1
1791.8400000000001	-0.08675	0
1791.88	-0.08686	0
1791.92	-0.08698	0
1791.96	-0.08709	0
1792.0	-0.08720	0
1792.04	-0.08731	0
1792.08	-0.08743	0
1792.1200000000001	-0.08624	0
1792.16	-0.08636	0
1792.2	-0.08647	0
1792.24	-0.08658	0
1792.28	-0.08540	0
1792.32	-0.08551	0
1792.3600000000001	-0.08563	0
1792.4	-0.08574	0
1792.44	-0.08585	0
1792.48	-0.08596	0
1792.52	-0.08608	0
1792.56	-0.08619	0
1792.6000000000001	-0.08630	0
1792.64	-0.08641	0
1792.68	-0.08653	0
1792.72	-0.08664	0
1792.76	-0.08675	0
1792.8	-0.08686	0
1792.8400000000001	-0.08698	0
1792.88	-0.08709	0
1792.92	-0.08978	0
1792.96	-0.08989	0
1793.0	-0.09001	0
1793.04	-0.08883	0
1793.08	-0.08894	0
1793.1200000000001	-0.08905	0
1793.16	-0.08787	0
1793.2	-0.08799	0
1793.24	-0.08810	0
1793.28	-0.08821	0
1793.32	-0.08832	0
1793.3600000000001	-0.08843	0
1793.4	-0.08855	0
1793.44	-0.08737	0
1793.48	-0.08748	0
1793.52	-0.08630	0
1793.56	-0.08642	0
1793.6000000000001	-0.08653	0
1793.64	-0.08664	0
1793.68	-0.08675	0
1793.72	-0.08558	0
1793.76	-0.08440	0
1793.8	-0.08451	0
1793.8400000000001	-0.08462	0
1793.88	-0.08474	0
1793.92	-0.08485	0
1793.96	-0.08496	0
1794.0	-0.08507	0
1794.04	-0.08519	0
1794.08	-0.08530	0
1794.1200000000001	-0.08541	0
1794.16	-0.08552	0
1794.2	-0.08563	0
1794.24	-0.08575	1
1794.28	-0.08586	1
1794.32	-0.08598	1
1794.3600000000001	-0.08609	1
1794.4	-0.08621	1
1794.44	-0.08632	1
1794.48	-0.08643	1
1794.52	-0.08655	1
1794.56	-0.08666	1
1794.6000000000001	-0.08678	1
1794.64	-0.08689	1
1794.68	-0.08701	1
1794.72	-0.08712	1
1794.76	-0.08723	1
1794.8	-0.08735	1
1794.8400000000001	-0.08746	1
1794.88	-0.08758	1
1794.92	-0.08769	1
1794.96	-0.08649	1
1795.0	-0.08661	1
1795.04	-0.08672	1
1795.08	-0.08946	1
1795.1200000000001	-0.08957	1
1795.16	-0.08968	1
1795.2	-0.08980	1
1795.24	-0.08991	1
1795.28	-0.09003	1
1795.32	-0.09014	1
1795.3600000000001	-0.08894	1
1795.4	-0.08906	1
1795.44	-0.08917	1
1795.48	-0.08797	1
1795.52	-0.08809	1
1795.56	-0.08820	1
1795.6000000000001	-0.08831	1
1795.64	-0.08712	1
1795.68	-0.08723	1
1795.72	-0.08735	1
1795.76	-0.08746	1
1795.8	-0.08757	1
1795.8400000000001	-0.08769	1
1795.88	-0.08780	1
1795.92	-0.08792	1
1795.96	-0.08803	1
1796.0	-0.08814	1
1796.04	-0.08826	1
1796.08	-0.08837	1
1796.1200000000001	-0.08848	1
1796.16	-0.08860	1
1796.2	-0.08740	1
1796.24	-0.08752	1
1796.28	-0.08763	1
1796.32	-0.08774	1
1796.3600000000001	-0.08786	1
1796.4	-0.08797	1
1796.44	-0.08808	1
1796.48	-0.08820	1
1796.52	-0.08831	1
1796.56	-0.08842	1
1796.6000000000001	-0.08854	1
1796.64	-0.08865	1
1796.68	-0.08876	1
1796.72	-0.08888	1
1796.76	-0.08899	1
1796.8	-0.08910	1
1796.8400000000001	-0.08922	1
1796.88	-0.08933	1
1796.92	-0.08944	1
1796.96	-0.08956	1
1797.0	-0.08967	1
1797.04	-0.08978	1
1797.08	-0.08989	1
1797.1200000000001	-0.09001	1
1797.16	-0.09012	1
1797.2	-0.09023	1
1797.24	-0.09035	1
1797.28	-0.09046	1
1797.32	-0.09057	1
1797.3600000000001	-0.09068	1
1797.4	-0.09080	1
1797.44	-0.09091	1
1797.48	-0.09102	1
1797.52	-0.09114	1
1797.56	-0.09125	1
1797.6000000000001	-0.09136	1
1797.64	-0.09147	1
1797.68	-0.09159	1
1797.72	-0.09170	1
1797.76	-0.09181	1
1797.8	-0.09192	1
1797.8400000000001	-0.09204	1
1797.88	-0.09215	1
1797.92	-0.09226	1
1797.96	-0.09237	1
1798.0	-0.09249	1
1798.04	-0.09508	0
1798.08	-0.09508	0
1798.1200000000001	-0.09260	0
1798.16	-0.09141	0
1798.2	-0.09022	0
1798.24	-0.09034	0
1798.28	-0.09045	0
1798.32	-0.09056	0
1798.3600000000001	-0.09067	0
1798.4	-0.09079	0
1798.44	-0.09090	0
1798.48	-0.09101	0
1798.52	-0.09112	0
1798.56	-0.09124	0
1798.6000000000001	-0.09135	0
1798.64	-0.09016	0
1798.68	-0.09028	0
1798.72	-0.09039	0
1798.76	-0.09050	0
1798.8	-0.09061	0
1798.8400000000001	-0.09073	0
1798.88	-0.09084	0
1798.92	-0.09095	0
1798.96	-0.09106	0
1799.0	-0.09117	0
1799.04	-0.09129	0
1799.08	-0.09140	0
1799.1200000000001	-0.09151	0
1799.16	-0.09162	0
1799.2	-0.09173	0
1799.24	-0.09185	0
1799.28	-0.09196	0
1799.32	-0.09207	0
1799.3600000000001	-0.09218	0
1799.4	-0.09229	0
1799.44	-0.09241	0
1799.48	-0.09252	0
1799.52	-0.09252	0
1799.56	-0.09252	0
1799.6000000000001	-0.09252	0
1799.64	-0.09252	0
1799.68	-0.09252	0
1799.72	-0.09252	0
1799.76	-0.09252	0
1799.8	-0.09134	0
1799.8400000000001	-0.09145	0
1799.88	-0.09156	0
1799.92	-0.09167	0
1799.96	-0.09178	0
1800.0	-0.09190	0
1800.04	-0.09201	0
1800.08	-0.09212	0
1800.1200000000001	-0.09223	0
1800.16	-0.09234	0
1800.2	-0.09245	0
1800.24	-0.09257	0
1800.28	-0.09257	0
1800.32	-0.09257	0
1800.3600000000001	-0.09257	0
1800.4	-0.09257	0
1800.44	-0.09257	0
1800.48	-0.09257	0
1800.52	-0.09257	0
1800.56	-0.09257	0
1800.6000000000001	-0.09257	0
1800.64	-0.09257	0
1800.68	-0.09257	0
1800.72	-0.09257	0
1800.76	-0.09257	0
1800.8	-0.09257	0
1800.8400000000001	-0.09257	0
1800.88	-0.09257	0
1800.92	-0.09257	0
1800.96	-0.09257	0
1801.0	-0.09257	0
1801.04	-0.09257	0
1801.08	-0.09257	0
1801.1200000000001	-0.09257	0
1801.16	-0.09257	0
1801.2	-0.09257	0
1801.24	-0.09257	0
1801.28	-0.09257	0
1801.32	-0.09139	0
1801.3600000000001	-0.09150	0
1801.4	-0.09161	0
1801.44	-0.09172	0
1801.48	-0.09183	0
1801.52	-0.09065	0
1801.56	-0.08818	0
1801.6000000000001	-0.08830	0
1801.64	-0.08841	0
1801.68	-0.08723	0
1801.72	-0.08734	0
1801.76	-0.08745	0
1801.8	-0.08757	0
1801.8400000000001	-0.08768	0
1801.88	-0.08779	0
1801.92	-0.08790	0
1801.96	-0.08801	0
1802.0	-0.08813	0
1802.04	-0.08824	0
1802.08	-0.08835	0
1802.1200000000001	-0.08846	0
1802.16	-0.08857	0
1802.2	-0.08869	0
1802.24	-0.08880	0
1802.28	-0.08891	0
1802.32	-0.08902	0
1802.3600000000001	-0.08913	0
1802.4	-0.08924	0
1802.44	-0.08936	0
1802.48	-0.08947	0
1802.52	-0.08958	0
1802.56	-0.08969	0
1802.6000000000001	-0.08852	0
1802.64	-0.08863	0
1802.68	-0.08874	0
1802.72	-0.08885	0
1802.76	-0.08896	0
1802.8	-0.08907	0
1802.8400000000001	-0.08918	0
1802.88	-0.08930	0
1802.92	-0.08941	0
1802.96	-0.08821	1
1803.0	-0.08832	1
1803.04	-0.08712	1
1803.08	-0.08724	1
1803.1200000000001	-0.08604	1
1803.16	-0.08615	1
1803.2	-0.08626	1
1803.24	-0.08638	1
1803.28	-0.08649	1
1803.32	-0.08661	1
1803.3600000000001	-0.08672	1
1803.4	-0.08684	1
1803.44	-0.08695	1
1803.48	-0.08706	1
1803.52	-0.08718	1
1803.56	-0.08729	1
1803.6000000000001	-0.08741	1
1803.64	-0.08752	1
1803.68	-0.08763	1
1803.72	-0.08644	1
1803.76	-0.08655	1
1803.8	-0.08666	1
1803.8400000000001	-0.08678	1
1803.88	-0.08689	1
1803.92	-0.08701	1
1803.96	-0.08581	1
1804.0	-0.08592	1
1804.04	-0.08604	1
1804.08	-0.08615	1
1804.1200000000001	-0.08627	1
1804.16	-0.08638	1
1804.2	-0.08649	1
1804.24	-0.08661	1
1804.28	-0.08672	1
1804.32	-0.08684	1
1804.3600000000001	-0.08695	1
1804.4	-0.08706	1
1804.44	-0.08718	1
1804.48	-0.08729	1
1804.52	-0.08740	1
1804.56	-0.08752	1
1804.6000000000001	-0.08763	1
1804.64	-0.08775	1
1804.68	-0.08786	1
1804.72	-0.08797	1
1804.76	-0.08809	1
1804.8	-0.08820	1
1804.8400000000001	-0.08831	1
1804.88	-0.08843	1
1804.92	-0.08854	1
1804.96	-0.08865	1
1805.0	-0.08877	1
1805.04	-0.08888	1
1805.08	-0.08899	1
1805.1200000000001	-0.08911	1
1805.16	-0.08922	1
1805.2	-0.08933	1
1805.24	-0.08945	1
1805.28	-0.08956	1
1805.32	-0.08967	1
1805.3600000000001	-0.08848	1
1805.4	-0.08859	1
1805.44	-0.08871	1
1805.48	-0.08882	1
1805.52	-0.08893	1
1805.56	-0.08774	1
1805.6000000000001	-0.08786	1
1805.64	-0.08797	1
1805.68	-0.08808	1
1805.72	-0.08820	1
1805.76	-0.08831	1
1805.8	-0.08582	1
1805.8400000000001	-0.08593	1
1805.88	-0.08604	1
1805.92	-0.08485	1
1805.96	-0.08497	1
1806.0	-0.08508	1
1806.04	-0.08519	1
1806.08	-0.08531	1
1806.1200000000001	-0.08542	1
1806.16	-0.08553	0
1806.2	-0.08565	0
1806.24	-0.08576	0
1806.28	-0.08457	0
1806.32	-0.08469	0
1806.3600000000001	-0.08480	0
1806.4	-0.08491	0
1806.44	-0.08503	0
1806.48	-0.08514	0
1806.52	-0.08525	0
1806.56	-0.08537	0
1806.6000000000001	-0.08548	0
1806.64	-0.08559	0
1806.68	-0.08441	0
1806.72	-0.08452	0
1806.76	-0.08463	0
1806.8	-0.08475	0
1806.8400000000001	-0.08486	0
1806.88	-0.08497	0
1806.92	-0.08509	0
1806.96	-0.08520	0
1807.0	-0.08531	0
1807.04	-0.08543	0
1807.08	-0.08554	0
1807.1200000000001	-0.08565	0
1807.16	-0.08576	0
1807.2	-0.08588	0
1807.24	-0.08599	0
1807.28	-0.08610	0
1807.32	-0.08622	0
1807.3600000000001	-0.08633	0
1807.4	-0.08515	0
1807.44	-0.08526	0
1807.48	-0.08537	0
1807.52	-0.08548	0
1807.56	-0.08560	0
1807.6000000000001	-0.08571	0
1807.64	-0.08582	0
1807.68	-0.08594	0
1807.72	-0.08605	0
1807.76	-0.08616	0
1807.8	-0.08627	0
1807.8400000000001	-0.08639	0
1807.88	-0.08779	0
1807.92	-0.08791	0
1807.96	-0.08802	0
1808.0	-0.08813	0
1808.04	-0.08695	0
1808.08	-0.08706	0
1808.1200000000001	-0.08717	0
1808.16	-0.08729	0
1808.2	-0.08740	0
1808.24	-0.08751	0
1808.28	-0.08762	0
1808.32	-0.08774	0
1808.3600000000001	-0.08785	1
1808.4	-0.08797	1
1808.44	-0.08676	1
1808.48	-0.08688	1
1808.52	-0.08699	1
1808.56	-0.08711	1
1808.6000000000001	-0.08722	1
1808.64	-0.08734	1
1808.68	-0.08745	1
1808.72	-0.08756	1
1808.76	-0.08768	1
1808.8	-0.08779	1
1808.8400000000001	-0.08791	1
1808.88	-0.08802	1
1808.92	-0.08813	1
1808.96	-0.08694	1
1809.0	-0.08705	1
1809.04	-0.08716	1
1809.08	-0.08728	1
1809.1200000000001	-0.08739	1
1809.16	-0.08619	1
1809.2	-0.08500	1
1809.24	-0.08511	1
1809.28	-0.08523	1
1809.32	-0.08534	1
1809.3600000000001	-0.08545	1
1809.4	-0.08557	1
1809.44	-0.08568	1
1809.48	-0.08580	1
1809.52	-0.08460	1
1809.56	-0.08472	1
1809.6000000000001	-0.08483	1
1809.64	-0.08494	1
1809.68	-0.08506	1
1809.72	-0.08517	1
1809.76	-0.08529	1
1809.8	-0.08540	1
1809.8400000000001	-0.08551	1
1809.88	-0.08563	1
1809.92	-0.08574	1
1809.96	-0.08455	1
1810.0	-0.08466	1
1810.04	-0.08478	1
1810.08	-0.08489	1
1810.1200000000001	-0.08500	1
1810.16	-0.08381	1
1810.2	-0.08392	1
1810.24	-0.08404	1
1810.28	-0.08415	1
1810.32	-0.08296	1
1810.3600000000001	-0.08307	1
1810.4	-0.08319	1
1810.44	-0.08330	1
1810.48	-0.08342	1
1810.52	-0.08353	1
1810.56	-0.08364	1
1810.6000000000001	-0.08376	1
1810.64	-0.08387	1
1810.68	-0.08399	0
1810.72	-0.08410	0
1810.76	-0.08421	0
1810.8	-0.08433	0
1810.8400000000001	-0.08444	0
1810.88	-0.08455	0
1810.92	-0.08467	0
1810.96	-0.08478	0
1811.0	-0.08490	0
1811.04	-0.08501	0
1811.08	-0.08512	0
1811.1200000000001	-0.08524	0
1811.16	-0.08796	0
1811.2	-0.08807	0
1811.24	-0.08818	0
1811.28	-0.08830	0
1811.32	-0.08841	0
1811.3600000000001	-0.08852	0
1811.4	-0.08733	0
1811.44	-0.08745	0
1811.48	-0.08756	0
1811.52	-0.08767	0
1811.56	-0.08779	0
1811.6000000000001	-0.08790	0
1811.64	-0.08801	0
1811.68	-0.08812	0
1811.72	-0.08824	0
1811.76	-0.08835	0
1811.8	-0.08846	0
1811.8400000000001	-0.08858	0
1811.88	-0.08869	0
1811.92	-0.08880	0
1811.96	-0.08891	0
1812.0	-0.08903	0
1812.04	-0.08914	0
1812.08	-0.08925	0
1812.1200000000001	-0.08937	0
1812.16	-0.08948	0
1812.2	-0.08959	0
1812.24	-0.08970	0
1812.28	-0.08982	0
1812.32	-0.08863	0
1812.3600000000001	-0.08874	0
1812.4	-0.08886	0
1812.44	-0.08897	0
1812.48	-0.08908	0
1812.52	-0.08919	0
1812.56	-0.08931	0
1812.6000000000001	-0.08942	0
1812.64	-0.08953	0
1812.68	-0.08964	0
1812.72	-0.08976	0
1812.76	-0.08987	0
1812.8	-0.08998	0
1812.8400000000001	-0.09009	0
1812.88	-0.09021	0
1812.92	-0.09032	0
1812.96	-0.09043	0
1813.0	-0.08925	0
1813.04	-0.08936	0
1813.08	-0.08818	0
1813.1200000000001	-0.08829	0
1813.16	-0.08840	0
1813.2	-0.08851	0
1813.24	-0.08863	0
1813.28	-0.08874	1
1813.32	-0.09148	1
1813.3600000000001	-0.09160	1
1813.4	-0.09171	1
1813.44	-0.09182	1
1813.48	-0.09194	1
1813.52	-0.09205	1
1813.56	-0.09217	1
1813.6000000000001	-0.09228	1
1813.64	-0.09239	1
1813.68	-0.09251	1
1813.72	-0.09251	1
1813.76	-0.09251	1
1813.8	-0.09131	1
1813.8400000000001	-0.09142	1
1813.88	-0.09153	1
1813.92	-0.09165	1
1813.96	-0.09176	1
1814.0	-0.09187	1
1814.04	-0.09068	1
1814.08	-0.09079	1
1814.1200000000001	-0.09090	1
1814.16	-0.09102	1
1814.2	-0.09113	1
1814.24	-0.09124	1
1814.28	-0.09136	1
1814.32	-0.09147	1
1814.3600000000001	-0.09158	1
1814.4	-0.09170	1
1814.44	-0.09181	1
1814.48	-0.09192	1
1814.52	-0.09204	1
1814.56	-0.09215	1
1814.6000000000001	-0.09226	1
1814.64	-0.09238	1
1814.68	-0.09249	1
1814.72	-0.09260	1
1814.76	-0.09260	1
1814.8	-0.09260	1
1814.8400000000001	-0.09260	1
1814.88	-0.09260	1
1814.92	-0.09260	1
1814.96	-0.09260	1
1815.0	-0.09260	1
1815.04	-0.09260	1
1815.08	-0.09260	1
1815.1200000000001	-0.09260	1
1815.16	-0.09260	1
1815.2	-0.09260	1
1815.24	-0.09141	1
1815.28	-0.09152	1
1815.32	-0.09163	1
1815.3600000000001	-0.09175	1
1815.4	-0.09186	1
1815.44	-0.09197	1
1815.48	-0.09209	1
1815.52	-0.09220	1
1815.56	-0.09231	1
1815.6000000000001	-0.09243	1
1815.64	-0.09254	1
1815.68	-0.09254	1
1815.72	-0.09254	1
1815.76	-0.09254	1
1815.8	-0.09254	1
1815.8400000000001	-0.09254	1
1815.88	-0.09254	1
1815.92	-0.09254	1
1815.96	-0.09254	1
1816.0	-0.09254	1
1816.04	-0.09254	1
1816.08	-0.09254	1
1816.1200000000001	-0.09254	1
1816.16	-0.09254	1
1816.2	-0.09254	1
1816.24	-0.09254	1
1816.28	-0.09254	1
1816.32	-0.09254	1
1816.3600000000001	-0.09254	1
1816.4	-0.09254	1
1816.44	-0.09254	1
1816.48	-0.09254	1
1816.52	-0.09254	1
1816.56	-0.09254	1
1816.6000000000001	-0.09254	1
1816.64	-0.09254	1
1816.68	-0.09254	1
1816.72	-0.09254	1
1816.76	-0.09254	1
1816.8	-0.09254	1
1816.8400000000001	-0.09254	1
1816.88	-0.09254	1
1816.92	-0.09254	1
1816.96	-0.09254	1
1817.0	-0.09134	1
1817.04	-0.09146	1
1817.08	-0.09157	0
1817.1200000000001	-0.09168	0
1817.16	-0.09180	0
1817.2	-0.09191	0
1817.24	-0.09202	0
1817.28	-0.09214	0
1817.32	-0.09225	0
1817.3600000000001	-0.09236	0
1817.4	-0.09247	0
1817.44	-0.09259	0
1817.48	-0.09259	0
1817.52	-0.09259	0
1817.56	-0.09259	0
1817.6000000000001	-0.09259	0
1817.64	-0.09259	0
1817.68	-0.09259	0
1817.72	-0.09259	0
1817.76	-0.09259	0
1817.8	-0.09259	0
1817.8400000000001	-0.09259	0
1817.88	-0.09259	0
1817.92	-0.09259	0
1817.96	-0.09259	0
1818.0	-0.09259	0
1818.04	-0.09259	0
1818.08	-0.09259	0
1818.1200000000001	-0.09259	0
1818.16	-0.09259	0
1818.2	-0.09259	0
1818.24	-0.09259	0
1818.28	-0.09259	0
1818.32	-0.09259	0
1818.3600000000001	-0.09259	0
1818.4	-0.09259	0
1818.44	-0.09259	0
1818.48	-0.09259	0
1818.52	-0.09259	0
1818.56	-0.09259	0
1818.6000000000001	-0.09259	0
1818.64	-0.09259	0
1818.68	-0.09259	0
1818.72	-0.09259	0
1818.76	-0.09259	0
1818.8	-0.09259	0
1818.8400000000001	-0.09259	0
1818.88	-0.09259	0
1818.92	-0.09139	0
1818.96	-0.09151	0
1819.0	-0.09162	0
1819.04	-0.09173	0
1819.08	-0.09185	0
1819.1200000000001	-0.09196	0
1819.16	-0.09207	0
1819.2	-0.09218	0
1819.24	-0.09099	0
1819.28	-0.09111	0
1819.32	-0.09122	0
1819.3600000000001	-0.09133	0
1819.4	-0.09144	0
1819.44	-0.09156	0
1819.48	-0.09167	0
1819.52	-0.09178	0
1819.56	-0.09190	0
1819.6000000000001	-0.09201	0
1819.64	-0.09212	0
1819.68	-0.09223	0
1819.72	-0.09235	0
1819.76	-0.09246	0
1819.8	-0.09257	0
1819.8400000000001	-0.09257	0
1819.88	-0.09257	0
1819.92	-0.09257	0
1819.96	-0.09257	0
1820.0	-0.09257	0
1820.04	-0.09257	0
1820.08	-0.09138	0
1820.1200000000001	-0.09149	0
1820.16	-0.09161	0
1820.2	-0.09172	0
1820.24	-0.09183	0
1820.28	-0.09194	0
1820.32	-0.09206	0
1820.3600000000001	-0.09217	0
1820.4	-0.09228	0
1820.44	-0.09239	0
1820.48	-0.09121	0
1820.52	-0.09132	0
1820.56	-0.09143	0
1820.6000000000001	-0.09154	0
1820.64	-0.09166	0
1820.68	-0.09177	0
1820.72	-0.09188	0
1820.76	-0.09199	0
1820.8	-0.09211	0
1820.8400000000001	-0.09222	0
1820.88	-0.09233	0
1820.92	-0.09244	0
1820.96	-0.09255	0
1821.0	-0.09255	0
1821.04	-0.09255	0
1821.08	-0.09255	0
1821.1200000000001	-0.09255	0
1821.16	-0.09255	0
1821.2	-0.09255	0
1821.24	-0.09255	0
1821.28	-0.09255	0
1821.32	-0.09255	0
1821.3600000000001	-0.09255	0
1821.4	-0.09255	0
1821.44	-0.09255	0
1821.48	-0.09255	0
1821.52	-0.09255	0
1821.56	-0.09255	0
1821.6000000000001	-0.09255	0
1821.64	-0.09255	0
1821.68	-0.09255	0
1821.72	-0.09255	0
1821.76	-0.09255	0
1821.8	-0.09255	0
1821.8400000000001	-0.09255	0
1821.88	-0.09255	0
1821.92	-0.09255	0
1821.96	-0.09255	0
1822.0	-0.09255	0
1822.04	-0.09255	0
1822.08	-0.09255	0
1822.1200000000001	-0.09255	0
1822.16	-0.09255	0
1822.2	-0.09255	0
1822.24	-0.09255	0
1822.28	-0.09255	0
1822.32	-0.09255	0
1822.3600000000001	-0.09255	0
1822.4	-0.09255	0
1822.44	-0.09255	0
1822.48	-0.09255	0
1822.52	-0.09255	0
1822.56	-0.09255	0
1822.6000000000001	-0.09255	0
1822.64	-0.09255	0
1822.68	-0.09255	0
1822.72	-0.09255	0
1822.76	-0.09255	0
1822.8	-0.09255	0
1822.8400000000001	-0.09255	0
1822.88	-0.09255	0
1822.92	-0.09255	0
1822.96	-0.09255	0
1823.0	-0.09255	1
1823.04	-0.09255	1
1823.08	-0.09255	1
1823.1200000000001	-0.09255	1
1823.16	-0.09255	1
1823.2	-0.09255	1
1823.24	-0.09255	1
1823.28	-0.09255	1
1823.32	-0.09255	1
1823.3600000000001	-0.09255	1
1823.4	-0.09255	1
1823.44	-0.09255	1
1823.48	-0.09255	1
1823.52	-0.09255	1
1823.56	-0.09255	1
1823.6000000000001	-0.09255	1
1823.64	-0.09255	1
1823.68	-0.09255	1
1823.72	-0.09255	1
1823.76	-0.09255	1
1823.8	-0.09255	1
1823.8400000000001	-0.09255	1
1823.88	-0.09255	1
1823.92	-0.09255	1
1823.96	-0.09255	1
1824.0	-0.09255	1
1824.04	-0.09255	1
1824.08	-0.09255	1
1824.1200000000001	-0.09255	1
1824.16	-0.09255	1
1824.2	-0.09255	1
1824.24	-0.09255	1
1824.28	-0.09255	1
1824.32	-0.09255	1
1824.3600000000001	-0.09255	1
1824.4	-0.09255	1
1824.44	-0.09255	1
1824.48	-0.09255	1
1824.52	-0.09255	1
1824.56	-0.09255	1
1824.6000000000001	-0.09255	1
1824.64	-0.09255	1
1824.68	-0.09255	1
1824.72	-0.09255	1
1824.76	-0.09255	1
1824.8	-0.09255	1
1824.8400000000001	-0.09255	1
1824.88	-0.09255	1
1824.92	-0.09255	1
1824.96	-0.09255	1
1825.0	-0.09255	1
1825.04	-0.09255	1
1825.08	-0.09255	1
1825.1200000000001	-0.09255	1
1825.16	-0.09255	1
1825.2	-0.09255	1
1825.24	-0.09255	1
1825.28	-0.09255	1
1825.32	-0.09255	1
1825.3600000000001	-0.09255	1
1825.4	-0.09255	1
1825.44	-0.09255	1
1825.48	-0.09255	1
1825.52	-0.09255	1
1825.56	-0.09255	1
1825.6000000000001	-0.09255	1
1825.64	-0.09255	1
1825.68	-0.09255	1
1825.72	-0.09255	1
1825.76	-0.09255	1
1825.8	-0.09135	1
1825.8400000000001	-0.09015	1
1825.88	-0.09027	1
1825.92	-0.09038	1
1825.96	-0.09049	1
1826.0	-0.09061	1
1826.04	-0.09072	1
1826.08	-0.09084	1
1826.1200000000001	-0.09095	1
1826.16	-0.09106	1
1826.2	-0.09118	1
1826.24	-0.09129	1
1826.28	-0.09140	1
1826.32	-0.09152	1
1826.3600000000001	-0.09163	1
1826.4	-0.09174	1
1826.44	-0.09186	1
1826.48	-0.09197	1
1826.52	-0.09209	1
1826.56	-0.09220	1
1826.6000000000001	-0.09231	1
1826.64	-0.09243	1
1826.68	-0.09254	1
1826.72	-0.09254	1
1826.76	-0.09254	1
1826.8	-0.09254	1
1826.8400000000001	-0.09134	1
1826.88	-0.09145	1
1826.92	-0.09157	1
1826.96	-0.09168	1
1827.0	-0.09048	1
1827.04	-0.09060	1
1827.08	-0.09071	1
1827.1200000000001	-0.09082	1
1827.16	-0.09094	1
1827.2	-0.09105	1
1827.24	-0.09116	1
1827.28	-0.09128	1
1827.32	-0.09139	1
1827.3600000000001	-0.09150	1
1827.4	-0.09412	1
1827.44	-0.09412	1
1827.48	-0.09412	1
1827.52	-0.09412	1
1827.56	-0.09412	1
1827.6000000000001	-0.09412	1
1827.64	-0.09281	1
1827.68	-0.09281	1
1827.72	-0.09281	1
1827.76	-0.09281	1
1827.8	-0.09281	1
1827.8400000000001	-0.09281	1
1827.88	-0.09281	1
1827.92	-0.09281	1
1827.96	-0.09281	1
1828.0	-0.09281	1
1828.04	-0.09281	1
1828.08	-0.09281	1
1828.1200000000001	-0.09281	1
1828.16	-0.09281	1
1828.2	-0.09281	1
1828.24	-0.09281	1
1828.28	-0.09281	0
1828.32	-0.09281	0
1828.3600000000001	-0.09281	0
1828.4	-0.09281	0
1828.44	-0.09281	0
1828.48	-0.09281	0
1828.52	-0.09161	1
1828.56	-0.09173	1
1828.6000000000001	-0.09184	1
1828.64	-0.09195	1
1828.68	-0.09207	1
1828.72	-0.09218	1
1828.76	-0.09229	1
1828.8	-0.09241	1
1828.8400000000001	-0.09252	1
1828.88	-0.09252	1
1828.92	-0.09252	1
1828.96	-0.09252	1
1829.0	-0.09252	1
1829.04	-0.09252	1
1829.08	-0.09252	1
1829.1200000000001	-0.09252	1
1829.16	-0.09252	1
1829.2	-0.09252	1
1829.24	-0.09252	1
1829.28	-0.09252	1
1829.32	-0.09252	1
1829.3600000000001	-0.09252	1
1829.4	-0.09252	1
1829.44	-0.09252	1
1829.48	-0.09252	1
1829.52	-0.09252	1
1829.56	-0.09252	1
1829.6000000000001	-0.09252	1
1829.64	-0.09252	1
1829.68	-0.09252	1
1829.72	-0.09252	1
1829.76	-0.09252	1
1829.8	-0.09252	1
1829.8400000000001	-0.09252	1
1829.88	-0.09252	1
1829.92	-0.09252	1
1829.96	-0.09252	1
1830.0	-0.09252	1
1830.04	-0.09252	1
1830.08	-0.09252	1
1830.1200000000001	-0.09252	1
1830.16	-0.09252	1
1830.2	-0.09252	1
1830.24	-0.09252	1
1830.28	-0.09252	1
1830.32	-0.09252	1
1830.3600000000001	-0.09252	1
1830.4	-0.09252	1
1830.44	-0.09252	1
1830.48	-0.09252	1
1830.52	-0.09252	1
1830.56	-0.09132	1
1830.6000000000001	-0.09144	1
1830.64	-0.09155	1
1830.68	-0.09166	1
1830.72	-0.09178	1
1830.76	-0.09189	1
1830.8	-0.09200	1
1830.8400000000001	-0.09212	1
1830.88	-0.09223	1
1830.92	-0.09234	1
1830.96	-0.09115	1
1831.0	-0.09126	1
1831.04	-0.09137	1
1831.08	-0.09149	1
1831.1200000000001	-0.09160	1
1831.16	-0.09171	1
1831.2	-0.09183	1
1831.24	-0.09194	1
1831.28	-0.09074	1
1831.32	-0.09086	1
1831.3600000000001	-0.09097	1
1831.4	-0.09108	1
1831.44	-0.09120	1
1831.48	-0.09131	1
1831.52	-0.09142	1
1831.56	-0.09154	1
1831.6000000000001	-0.09165	1
1831.64	-0.09176	1
1831.68	-0.09188	1
1831.72	-0.09199	1
1831.76	-0.09210	1
1831.8	-0.09221	1
1831.8400000000001	-0.09233	1
1831.88	-0.09244	1
1831.92	-0.09125	1
1831.96	-0.09136	1
1832.0	-0.09147	1
1832.04	-0.09159	1
1832.08	-0.09170	1
1832.1200000000001	-0.09050	1
1832.16	-0.09062	1
1832.2	-0.09073	1
1832.24	-0.08954	1
1832.28	-0.08965	1
1832.32	-0.08976	1
1832.3600000000001	-0.08857	1
1832.4	-0.08869	1
1832.44	-0.08880	1
1832.48	-0.08891	1
1832.52	-0.08902	1
1832.56	-0.08914	1
1832.6000000000001	-0.08925	1
1832.64	-0.08936	1
1832.68	-0.08948	1
1832.72	-0.08959	1
1832.76	-0.08970	1
1832.8	-0.08982	1
1832.8400000000001	-0.08993	1
1832.88	-0.09004	1
1832.92	-0.08885	1
1832.96	-0.08897	1
1833.0	-0.08908	1
1833.04	-0.08919	1
1833.08	-0.08930	1
1833.1200000000001	-0.08942	1
1833.16	-0.08953	1
1833.2	-0.08964	1
1833.24	-0.08845	1
1833.28	-0.08857	1
1833.32	-0.08868	1
1833.3600000000001	-0.08879	1
1833.4	-0.08760	1
1833.44	-0.08772	1
1833.48	-0.08783	1
1833.52	-0.08794	1
1833.56	-0.08806	1
1833.6000000000001	-0.08817	1
1833.64	-0.08828	1
1833.68	-0.08840	1
1833.72	-0.08851	1
1833.76	-0.08862	1
1833.8	-0.08873	1
1833.8400000000001	-0.08885	1
1833.88	-0.08896	1
1833.92	-0.08907	1
1833.96	-0.08919	1
1834.0	-0.08800	1
1834.04	-0.08811	1
1834.08	-0.08822	1
1834.1200000000001	-0.08834	1
1834.16	-0.08845	1
1834.2	-0.08856	1
1834.24	-0.08868	1
1834.28	-0.08879	1
1834.32	-0.08890	1
1834.3600000000001	-0.08901	1
1834.4	-0.09172	1
1834.44	-0.09183	1
1834.48	-0.09065	1
1834.52	-0.09076	1
1834.56	-0.09087	1
1834.6000000000001	-0.09099	1
1834.64	-0.09110	1
1834.68	-0.09121	1
1834.72	-0.09132	1
1834.76	-0.09143	1
1834.8	-0.09155	1
1834.8400000000001	-0.09166	1
1834.88	-0.09047	1
1834.92	-0.09059	1
1834.96	-0.09070	1
1835.0	-0.09081	1
1835.04	-0.09340	1
1835.08	-0.09340	1
1835.1200000000001	-0.09340	1
1835.16	-0.09340	1
1835.2	-0.09340	1
1835.24	-0.09340	1
1835.28	-0.09340	0
1835.32	-0.09340	0
1835.3600000000001	-0.09340	0
1835.4	-0.09340	0
1835.44	-0.09340	0
1835.48	-0.09340	0
1835.52	-0.09340	0
1835.56	-0.09340	0
1835.6000000000001	-0.09340	0
1835.64	-0.09340	0
1835.68	-0.09340	0
1835.72	-0.09340	0
1835.76	-0.09222	0
1835.8	-0.09233	0
1835.8400000000001	-0.09244	0
1835.88	-0.09255	0
1835.92	-0.09255	0
1835.96	-0.09255	0
1836.0	-0.09255	0
1836.04	-0.09137	0
1836.08	-0.09148	0
1836.1200000000001	-0.09160	0
1836.16	-0.09171	0
1836.2	-0.09182	0
1836.24	-0.09064	0
1836.28	-0.09075	0
1836.32	-0.09086	0
1836.3600000000001	-0.09097	0
1836.4	-0.09109	0
1836.44	-0.09120	0
1836.48	-0.09131	0
1836.52	-0.09142	0
1836.56	-0.09153	0
1836.6000000000001	-0.09165	0
1836.64	-0.09176	0
1836.68	-0.09187	0
1836.72	-0.09445	0
1836.76	-0.09445	0
1836.8	-0.09445	0
1836.8400000000001	-0.09445	0
1836.88	-0.09445	0
1836.92	-0.09445	0
1836.96	-0.09445	0
1837.0	-0.09445	0
1837.04	-0.09445	0
1837.08	-0.09316	0
1837.1200000000001	-0.09316	0
1837.16	-0.09316	0
1837.2	-0.09316	0
1837.24	-0.09316	0
1837.28	-0.09316	0
1837.32	-0.09316	0
1837.3600000000001	-0.09316	0
1837.4	-0.09316	0
1837.44	-0.09316	0
1837.48	-0.09316	0
1837.52	-0.09316	0
1837.56	-0.09316	0
1837.6000000000001	-0.09316	0
1837.64	-0.09198	0
1837.68	-0.09209	0
1837.72	-0.09220	0
1837.76	-0.09232	0
1837.8	-0.09243	0
1837.8400000000001	-0.09254	0
1837.88	-0.09254	0
1837.92	-0.09254	0
1837.96	-0.09254	0
1838.0	-0.09254	0
1838.04	-0.09254	0
1838.08	-0.09254	0
1838.1200000000001	-0.09254	0
1838.16	-0.09254	0
1838.2	-0.09254	0
1838.24	-0.09254	0
1838.28	-0.09254	0
1838.32	-0.09254	0
1838.3600000000001	-0.09254	0
1838.4	-0.09254	0
1838.44	-0.09254	0
1838.48	-0.09254	0
1838.52	-0.09254	0
1838.56	-0.09254	0
1838.6000000000001	-0.09254	0
1838.64	-0.09254	0
1838.68	-0.09254	0
1838.72	-0.09254	0
1838.76	-0.09254	0
1838.8	-0.09254	0
1838.8400000000001	-0.09254	0
1838.88	-0.09254	0
1838.92	-0.09254	0
1838.96	-0.09254	0
1839.0	-0.09136	0
1839.04	-0.09147	0
1839.08	-0.09158	0
1839.1200000000001	-0.09169	0
1839.16	-0.09181	0
1839.2	-0.09192	0
1839.24	-0.09203	0
1839.28	-0.09214	0
1839.32	-0.09225	0
1839.3600000000001	-0.09236	0
1839.4	-0.09247	0
1839.44	-0.09259	0
1839.48	-0.09259	0
1839.52	-0.09259	0
1839.56	-0.09259	0
1839.6000000000001	-0.09259	0
1839.64	-0.09259	0
1839.68	-0.09259	0
1839.72	-0.09259	0
1839.76	-0.09259	0
1839.8	-0.09259	0
1839.8400000000001	-0.09259	0
1839.88	-0.09259	0
1839.92	-0.09141	0
1839.96	-0.09152	0
1840.0	-0.09034	0
1840.04	-0.09045	0
1840.08	-0.09057	0
1840.1200000000001	-0.09068	0
1840.16	-0.09079	0
1840.2	-0.09090	0
1840.24	-0.09101	0
1840.28	-0.09112	0
1840.32	-0.09124	0
1840.3600000000001	-0.09135	0
1840.4	-0.09146	0
1840.44	-0.09157	0
1840.48	-0.09039	0
1840.52	-0.09051	0
1840.56	-0.09062	0
1840.6000000000001	-0.09073	0
1840.64	-0.09084	0
1840.68	-0.09095	0
1840.72	-0.08978	0
1840.76	-0.08989	0
1840.8	-0.09000	0
1840.8400000000001	-0.09011	0
1840.88	-0.09274	1
1840.92	-0.09274	1
1840.96	-0.09274	1
1841.0	-0.09154	1
1841.04	-0.09165	1
1841.08	-0.09177	1
1841.1200000000001	-0.09188	1
1841.16	-0.09199	1
1841.2	-0.09211	1
1841.24	-0.09222	1
1841.28	-0.09234	1
1841.32	-0.09245	1
1841.3600000000001	-0.09256	1
1841.4	-0.09256	1
1841.44	-0.09256	1
1841.48	-0.09256	1
1841.52	-0.09256	1
1841.56	-0.09256	1
1841.6000000000001	-0.09256	1
1841.64	-0.09256	1
1841.68	-0.09256	1
1841.72	-0.09256	1
1841.76	-0.09256	1
1841.8	-0.09256	1
1841.8400000000001	-0.09256	1
1841.88	-0.09256	1
1841.92	-0.09256	1
1841.96	-0.09256	1
1842.0	-0.09256	1
1842.04	-0.09256	1
1842.08	-0.09256	1
1842.1200000000001	-0.09256	1
1842.16	-0.09256	1
1842.2	-0.09256	1
1842.24	-0.09136	1
1842.28	-0.09148	1
1842.32	-0.09159	1
1842.3600000000001	-0.09170	1
1842.4	-0.09182	1
1842.44	-0.09193	1
1842.48	-0.09204	1
1842.52	-0.09216	1
1842.56	-0.09227	1
1842.6000000000001	-0.09238	1
1842.64	-0.09250	1
1842.68	-0.09261	1
1842.72	-0.09261	1
1842.76	-0.09261	1
1842.8	-0.09261	1
1842.8400000000001	-0.09261	1
1842.88	-0.09261	1
1842.92	-0.09261	1
1842.96	-0.09261	1
1843.0	-0.09261	1
1843.04	-0.09141	1
1843.08	-0.09153	1
1843.1200000000001	-0.09164	1
1843.16	-0.09175	1
1843.2	-0.09187	1
1843.24	-0.09198	1
1843.28	-0.09209	1
1843.32	-0.09221	1
1843.3600000000001	-0.09101	1
1843.4	-0.09112	1
1843.44	-0.09124	1
1843.48	-0.09135	1
1843.52	-0.09397	1
1843.56	-0.09397	1
1843.6000000000001	-0.09397	1
1843.64	-0.09397	1
1843.68	-0.09397	1
1843.72	-0.09397	1
1843.76	-0.09397	1
1843.8	-0.09397	1
1843.8400000000001	-0.09397	1
1843.88	-0.09397	1
1843.92	-0.09397	1
1843.96	-0.09397	1
1844.0	-0.09397	1
1844.04	-0.09397	1
1844.08	-0.09397	1
1844.1200000000001	-0.09397	1
1844.16	-0.09397	1
1844.2	-0.09397	1
1844.24	-0.09397	1
1844.28	-0.09397	1
1844.32	-0.09397	1
1844.3600000000001	-0.09397	1
1844.4	-0.09397	1
1844.44	-0.09397	1
1844.48	-0.09397	1
1844.52	-0.09397	1
1844.56	-0.09397	1
1844.6000000000001	-0.09397	1
1844.64	-0.09397	1
1844.68	-0.09397	1
1844.72	-0.09397	1
1844.76	-0.09397	1
1844.8	-0.09397	1
1844.8400000000001	-0.09397	1
1844.88	-0.09397	1
1844.92	-0.09397	1
1844.96	-0.09397	1
1845.0	-0.09397	1
1845.04	-0.09397	1
1845.08	-0.09397	1
1845.1200000000001	-0.09397	1
1845.16	-0.09397	1
1845.2	-0.09397	1
1845.24	-0.09397	1
1845.28	-0.09397	1
1845.32	-0.09397	1
1845.3600000000001	-0.09397	1
1845.4	-0.09397	1
1845.44	-0.09397	1
1845.48	-0.09397	1
1845.52	-0.09397	1
1845.56	-0.09397	1
1845.6000000000001	-0.09397	1
1845.64	-0.09397	1
1845.68	-0.09397	1
1845.72	-0.09397	1
1845.76	-0.09397	1
1845.8	-0.09397	1
1845.8400000000001	-0.09397	1
1845.88	-0.09397	1
1845.92	-0.09397	1
1845.96	-0.09397	1
1846.0	-0.09397	1
1846.04	-0.09266	1
1846.08	-0.09266	1
1846.1200000000001	-0.09266	1
1846.16	-0.09266	1
1846.2	-0.09266	1
1846.24	-0.09266	1
1846.28	-0.09266	1
1846.32	-0.09266	1
1846.3600000000001	-0.09266	1
1846.4	-0.09266	1
1846.44	-0.09266	1
1846.48	-0.09266	1
1846.52	-0.09266	1
1846.56	-0.09266	1
1846.6000000000001	-0.09266	1
1846.64	-0.09266	1
1846.68	-0.09266	1
1846.72	-0.09266	1
1846.76	-0.09266	1
1846.8	-0.09266	1
1846.8400000000001	-0.09266	1
1846.88	-0.09266	1
1846.92	-0.09266	1
1846.96	-0.09266	1
1847.0	-0.09266	0
1847.04	-0.09266	0
1847.08	-0.09266	0
1847.1200000000001	-0.09266	0
1847.16	-0.09266	1
1847.2	-0.09266	1
1847.24	-0.09266	1
1847.28	-0.09266	1
1847.32	-0.09146	1
1847.3600000000001	-0.09157	1
1847.4	-0.09169	1
1847.44	-0.09180	1
1847.48	-0.09191	1
1847.52	-0.09203	1
1847.56	-0.09214	1
1847.6000000000001	-0.09225	1
1847.64	-0.09237	1
1847.68	-0.09248	1
1847.72	-0.09259	1
1847.76	-0.09259	1
1847.8	-0.09259	1
1847.8400000000001	-0.09259	1
1847.88	-0.09259	1
1847.92	-0.09259	1
1847.96	-0.09259	1
1848.0	-0.09259	1
1848.04	-0.09259	1
1848.08	-0.09259	1
1848.1200000000001	-0.09259	1
1848.16	-0.09259	1
1848.2	-0.09139	1
1848.24	-0.09020	1
1848.28	-0.09031	1
1848.32	-0.09042	1
1848.3600000000001	-0.08922	1
1848.4	-0.08934	1
1848.44	-0.08945	1
1848.48	-0.08957	1
1848.52	-0.08968	1
1848.56	-0.09242	1
1848.6000000000001	-0.09253	1
1848.64	-0.09253	1
1848.68	-0.09253	1
1848.72	-0.09253	1
1848.76	-0.09253	1
1848.8	-0.09253	1
1848.8400000000001	-0.09133	1
1848.88	-0.09145	1
1848.92	-0.09025	1
1848.96	-0.09036	1
1849.0	-0.09047	1
1849.04	-0.09059	1
1849.08	-0.09070	1
1849.1200000000001	-0.09082	1
1849.16	-0.09093	1
1849.2	-0.09104	1
1849.24	-0.09116	1
1849.28	-0.09127	1
1849.32	-0.09389	1
1849.3600000000001	-0.09389	1
1849.4	-0.09389	1
1849.44	-0.09389	1
1849.48	-0.09389	1
1849.52	-0.09389	1
1849.56	-0.09389	1
1849.6000000000001	-0.09389	1
1849.64	-0.09389	1
1849.68	-0.09389	1
1849.72	-0.09389	1
1849.76	-0.09389	1
1849.8	-0.09258	1
1849.8400000000001	-0.09138	1
1849.88	-0.09150	1
1849.92	-0.09161	1
1849.96	-0.09041	1
1850.0	-0.09053	1
1850.04	-0.09064	1
1850.08	-0.09075	1
1850.1200000000001	-0.09087	1
1850.16	-0.09098	1
1850.2	-0.09109	1
1850.24	-0.09121	1
1850.28	-0.09132	1
1850.32	-0.09143	1
1850.3600000000001	-0.09155	1
1850.4	-0.09166	1
1850.44	-0.09177	1
1850.48	-0.09188	1
1850.52	-0.09200	1
1850.56	-0.09211	1
1850.6000000000001	-0.09222	1
1850.64	-0.09234	1
1850.68	-0.09245	1
1850.72	-0.09256	1
1850.76	-0.09256	1
1850.8	-0.09256	1
1850.8400000000001	-0.09256	1
1850.88	-0.09256	1
1850.92	-0.09256	1
1850.96	-0.09256	1
1851.0	-0.09137	1
1851.04	-0.09148	1
1851.08	-0.09029	1
1851.1200000000001	-0.09040	1
1851.16	-0.09052	1
1851.2	-0.09063	1
1851.24	-0.09074	1
1851.28	-0.09086	1
1851.32	-0.09097	1
1851.3600000000001	-0.09108	1
1851.4	-0.09119	1
1851.44	-0.09131	1
1851.48	-0.09142	1
1851.52	-0.09153	1
1851.56	-0.09165	1
1851.6000000000001	-0.09176	1
1851.64	-0.09187	1
1851.68	-0.09198	1
1851.72	-0.09210	1
1851.76	-0.09221	1
1851.8	-0.09232	1
1851.8400000000001	-0.09243	1
1851.88	-0.09255	1
1851.92	-0.09255	1
1851.96	-0.09255	1
1852.0	-0.09255	1
1852.04	-0.09255	1
1852.08	-0.09255	1
1852.1200000000001	-0.09255	1
1852.16	-0.09255	1
1852.2	-0.09255	1
1852.24	-0.09255	1
1852.28	-0.09255	1
1852.32	-0.09255	1
1852.3600000000001	-0.09136	1
1852.4	-0.09147	1
1852.44	-0.09158	1
1852.48	-0.09169	1
1852.52	-0.09181	1
1852.56	-0.09192	1
1852.6000000000001	-0.09203	1
1852.64	-0.09084	1
1852.68	-0.08966	1
1852.72	-0.09237	1
1852.76	-0.09248	1
1852.8	-0.09259	1
1852.8400000000001	-0.09259	1
1852.88	-0.09259	1
1852.92	-0.09259	1
1852.96	-0.09259	1
1853.0	-0.09259	1
1853.04	-0.09259	1
1853.08	-0.09259	1
1853.1200000000001	-0.09259	1
1853.16	-0.09259	1
1853.2	-0.09259	1
1853.24	-0.09141	0
1853.28	-0.09152	0
1853.32	-0.09163	0
1853.3600000000001	-0.09174	0
1853.4	-0.09186	0
1853.44	-0.09197	0
1853.48	-0.09208	0
1853.52	-0.09219	0
1853.56	-0.09231	0
1853.6000000000001	-0.09242	0
1853.64	-0.09253	0
1853.68	-0.09253	0
1853.72	-0.09253	0
1853.76	-0.09253	0
1853.8	-0.09253	0
1853.8400000000001	-0.09253	0
1853.88	-0.09253	0
1853.92	-0.09134	0
1853.96	-0.09146	0
1854.0	-0.09157	0
1854.04	-0.09168	0
1854.08	-0.09179	0
1854.1200000000001	-0.09191	0
1854.16	-0.09202	0
1854.2	-0.09083	0
1854.24	-0.09095	0
1854.28	-0.09106	0
1854.32	-0.09117	0
1854.3600000000001	-0.09128	0
1854.4	-0.09139	0
1854.44	-0.09151	0
1854.48	-0.09162	0
1854.52	-0.09173	0
1854.56	-0.09184	0
1854.6000000000001	-0.09195	0
1854.64	-0.09207	0
1854.68	-0.09218	0
1854.72	-0.09229	0
1854.76	-0.09240	0
1854.8	-0.09251	0
1854.8400000000001	-0.09251	0
1854.88	-0.09251	0
1854.92	-0.09251	0
1854.96	-0.09251	0
1855.0	-0.09251	1
1855.04	-0.09251	1
1855.08	-0.09251	1
1855.1200000000001	-0.09000	1
1855.16	-0.09011	1
1855.2	-0.08891	1
1855.24	-0.08903	1
1855.28	-0.08914	1
1855.32	-0.08925	1
1855.3600000000001	-0.08937	1
1855.4	-0.08948	1
1855.44	-0.08960	1
1855.48	-0.08971	1
1855.52	-0.08982	1
1855.56	-0.08994	1
1855.6000000000001	-0.09005	1
1855.64	-0.08885	1
1855.68	-0.08897	1
1855.72	-0.08908	1
1855.76	-0.08919	1
1855.8	-0.08800	1
1855.8400000000001	-0.08680	1
1855.88	-0.08691	1
1855.92	-0.08703	1
1855.96	-0.08714	1
1856.0	-0.08725	1
1856.04	-0.08737	1
1856.08	-0.08617	1
1856.1200000000001	-0.08628	1
1856.16	-0.08640	1
1856.2	-0.08520	1
1856.24	-0.08532	1
1856.28	-0.08543	1
1856.32	-0.08424	1
1856.3600000000001	-0.08435	1
1856.4	-0.08446	1
1856.44	-0.08458	1
1856.48	-0.08469	1
1856.52	-0.08481	1
1856.56	-0.08492	1
1856.6000000000001	-0.08503	1
1856.64	-0.08515	1
1856.68	-0.08526	1
1856.72	-0.08538	1
1856.76	-0.08549	1
1856.8	-0.08560	1
1856.8400000000001	-0.08441	1
1856.88	-0.08452	1
1856.92	-0.08464	1
1856.96	-0.08475	1
1857.0	-0.08487	1
1857.04	-0.08498	1
1857.08	-0.08509	1
1857.1200000000001	-0.08390	1
1857.16	-0.08402	1
1857.2	-0.08413	1
1857.24	-0.08424	1
1857.28	-0.08436	1
1857.32	-0.08316	1
1857.3600000000001	-0.08328	1
1857.4	-0.08339	1
1857.44	-0.08351	1
1857.48	-0.08362	1
1857.52	-0.08373	1
1857.56	-0.08385	1
1857.6000000000001	-0.08396	1
1857.64	-0.08408	1
1857.68	-0.08419	1
1857.72	-0.08430	1
1857.76	-0.08442	1
1857.8	-0.08453	1
1857.8400000000001	-0.08464	1
1857.88	-0.08476	1
1857.92	-0.08487	1
1857.96	-0.08499	1
1858.0	-0.08380	1
1858.04	-0.08391	1
1858.08	-0.08402	1
1858.1200000000001	-0.08414	1
1858.16	-0.08425	1
1858.2	-0.08306	0
1858.24	-0.08318	0
1858.28	-0.08329	0
1858.32	-0.08340	0
1858.3600000000001	-0.08352	0
1858.4	-0.08363	0
1858.44	-0.08374	0
1858.48	-0.08386	0
1858.52	-0.08397	0
1858.56	-0.08408	0
1858.6000000000001	-0.08420	0
1858.64	-0.08431	0
1858.68	-0.08442	0
1858.72	-0.08454	0
1858.76	-0.08465	0
1858.8	-0.08476	0
1858.8400000000001	-0.08488	0
1858.88	-0.08499	0
1858.92	-0.08510	0
1858.96	-0.08522	0
1859.0	-0.08533	0
1859.04	-0.08544	0
1859.08	-0.08556	0
1859.1200000000001	-0.08437	0
1859.16	-0.08449	1
1859.2	-0.08460	1
1859.24	-0.08734	1
1859.28	-0.08746	1
1859.32	-0.08757	1
1859.3600000000001	-0.08769	1
1859.4	-0.08780	1
1859.44	-0.08792	1
1859.48	-0.08803	1
1859.52	-0.08814	1
1859.56	-0.08826	1
1859.6000000000001	-0.08837	1
1859.64	-0.08849	1
1859.68	-0.08860	1
1859.72	-0.08871	1
1859.76	-0.09145	1
1859.8	-0.09157	1
1859.8400000000001	-0.09168	1
1859.88	-0.09179	1
1859.92	-0.09191	1
1859.96	-0.09202	1
1860.0	-0.09213	1
1860.04	-0.09225	1
1860.08	-0.09236	1
1860.1200000000001	-0.09247	1
1860.16	-0.09259	1
1860.2	-0.09259	1
1860.24	-0.09259	1
1860.28	-0.09259	1
1860.32	-0.09259	1
1860.3600000000001	-0.09259	1
1860.4	-0.09259	1
1860.44	-0.09259	1
1860.48	-0.09259	1
1860.52	-0.09259	1
1860.56	-0.09259	1
1860.6000000000001	-0.09259	1
1860.64	-0.09259	1
1860.68	-0.09259	1
1860.72	-0.09259	1
1860.76	-0.09259	1
1860.8	-0.09259	1
1860.8400000000001	-0.09139	1
1860.88	-0.09150	1
1860.92	-0.09162	1
1860.96	-0.09173	1
1861.0	-0.09184	1
1861.04	-0.09196	1
1861.08	-0.09207	1
1861.1200000000001	-0.09087	1
1861.16	-0.09099	1
1861.2	-0.09110	1
1861.24	-0.09121	1
1861.28	-0.09002	1
1861.32	-0.09013	1
1861.3600000000001	-0.08894	1
1861.4	-0.08905	1
1861.44	-0.08916	1
1861.48	-0.08928	1
1861.52	-0.08939	1
1861.56	-0.08950	1
1861.6000000000001	-0.08962	1
1861.64	-0.08973	1
1861.68	-0.08984	0
1861.72	-0.08996	0
1861.76	-0.09007	0
1861.8	-0.09018	0
1861.8400000000001	-0.09030	0
1861.88	-0.09041	0
1861.92	-0.09052	0
1861.96	-0.09064	1
1862.0	-0.09075	1
1862.04	-0.09086	1
1862.08	-0.09098	1
1862.1200000000001	-0.09109	1
1862.16	-0.09120	1
1862.2	-0.09132	1
1862.24	-0.09143	1
1862.28	-0.09155	1
1862.32	-0.09166	1
1862.3600000000001	-0.09177	1
1862.4	-0.09189	1
1862.44	-0.09200	1
1862.48	-0.09211	1
1862.52	-0.09223	1
1862.56	-0.09234	1
1862.6000000000001	-0.09245	1
1862.64	-0.09257	1
1862.68	-0.09257	1
1862.72	-0.09257	1
1862.76	-0.09257	1
1862.8	-0.09257	1
1862.8400000000001	-0.09257	1
1862.88	-0.09257	1
1862.92	-0.09257	1
1862.96	-0.09257	1
1863.0	-0.09257	1
1863.04	-0.09257	1
1863.08	-0.09257	1
1863.1200000000001	-0.09257	1
1863.16	-0.09257	1
1863.2	-0.09137	1
1863.24	-0.09148	1
1863.28	-0.09160	1
1863.32	-0.09171	1
1863.3600000000001	-0.09051	1
1863.4	-0.09063	1
1863.44	-0.09074	1
1863.48	-0.09085	1
1863.52	-0.09097	1
1863.56	-0.09108	1
1863.6000000000001	-0.09119	1
1863.64	-0.09131	1
1863.68	-0.09142	1
1863.72	-0.09153	1
1863.76	-0.09165	1
1863.8	-0.09176	1
1863.8400000000001	-0.09187	1
1863.88	-0.09199	1
1863.92	-0.09210	1
1863.96	-0.09221	1
1864.0	-0.09233	1
1864.04	-0.09244	1
1864.08	-0.09255	1
1864.1200000000001	-0.09255	1
1864.16	-0.09255	1
1864.2	-0.09255	1
1864.24	-0.09255	1
1864.28	-0.09255	1
1864.32	-0.09255	1
1864.3600000000001	-0.09255	1
1864.4	-0.09136	1
1864.44	-0.09147	1
1864.48	-0.09158	1
1864.52	-0.09170	1
1864.56	-0.09431	1
1864.6000000000001	-0.09431	1
1864.64	-0.09431	1
1864.68	-0.09431	1
1864.72	-0.09431	1
1864.76	-0.09431	1
1864.8	-0.09431	1
1864.8400000000001	-0.09431	1
1864.88	-0.09431	1
1864.92	-0.09431	1
1864.96	-0.09431	1
1865.0	-0.09431	1
1865.04	-0.09300	1
1865.08	-0.09300	1
1865.1200000000001	-0.09300	1
1865.16	-0.09300	1
1865.2	-0.09300	1
1865.24	-0.09300	1
1865.28	-0.09300	1
1865.32	-0.09300	1
1865.3600000000001	-0.09300	1
1865.4	-0.09300	1
1865.44	-0.09300	1
1865.48	-0.09300	1
1865.52	-0.09300	1
1865.56	-0.09300	1
1865.6000000000001	-0.09181	1
1865.64	-0.09192	1
1865.68	-0.09204	1
1865.72	-0.09215	1
1865.76	-0.09226	1
1865.8	-0.09237	1
1865.8400000000001	-0.09249	1
1865.88	-0.09260	1
1865.92	-0.09260	1
1865.96	-0.09260	1
1866.0	-0.09260	1
1866.04	-0.09260	1
1866.08	-0.09260	1
1866.1200000000001	-0.09260	1
1866.16	-0.09260	1
1866.2	-0.09260	1
1866.24	-0.09260	0
1866.28	-0.09260	0
1866.32	-0.09260	0
1866.3600000000001	-0.09260	0
1866.4	-0.09260	0
1866.44	-0.09260	0
1866.48	-0.09260	0
1866.52	-0.09260	0
1866.56	-0.09260	0
1866.6000000000001	-0.09260	0
1866.64	-0.09260	0
1866.68	-0.09260	0
1866.72	-0.09260	0
1866.76	-0.09260	0
1866.8	-0.09260	0
1866.8400000000001	-0.09260	0
1866.88	-0.09260	0
1866.92	-0.09260	0
1866.96	-0.09260	0
1867.0	-0.09260	0
1867.04	-0.09260	0
1867.08	-0.09260	0
1867.1200000000001	-0.09260	0
1867.16	-0.09260	0
1867.2	-0.09260	0
1867.24	-0.09260	0
1867.28	-0.09260	0
1867.32	-0.09260	0
1867.3600000000001	-0.09141	0
1867.4	-0.09152	0
1867.44	-0.09163	0
1867.48	-0.09175	0
1867.52	-0.09186	0
1867.56	-0.09197	0
1867.6000000000001	-0.09208	0
1867.64	-0.09220	0
1867.68	-0.09231	0
1867.72	-0.09242	0
1867.76	-0.09254	0
1867.8	-0.09254	0
1867.8400000000001	-0.09254	0
1867.88	-0.09254	0
1867.92	-0.09254	0
1867.96	-0.09254	0
1868.0	-0.09254	0
1868.04	-0.09254	0
1868.08	-0.09254	0
1868.1200000000001	-0.09134	0
1868.16	-0.09146	0
1868.2	-0.09157	0
1868.24	-0.09168	0
1868.28	-0.09180	0
1868.32	-0.09191	0
1868.3600000000001	-0.09202	0
1868.4	-0.09213	0
1868.44	-0.09225	0
1868.48	-0.09236	0
1868.52	-0.09117	0
1868.56	-0.09128	0
1868.6000000000001	-0.09139	0
1868.64	-0.09151	0
1868.68	-0.09162	0
1868.72	-0.09173	0
1868.76	-0.09184	0
1868.8	-0.09196	0
1868.8400000000001	-0.09207	0
1868.88	-0.09218	0
1868.92	-0.09229	0
1868.96	-0.09241	0
1869.0	-0.09252	0
1869.04	-0.09252	0
1869.08	-0.09252	0
1869.1200000000001	-0.09252	0
1869.16	-0.09252	0
1869.2	-0.09252	0
1869.24	-0.09252	0
1869.28	-0.09252	0
1869.32	-0.09252	0
1869.3600000000001	-0.09252	0
1869.4	-0.09252	0
1869.44	-0.09252	0
1869.48	-0.09252	0
1869.52	-0.09252	0
1869.56	-0.09252	0
1869.6000000000001	-0.09252	0
1869.64	-0.09252	0
1869.68	-0.09252	0
1869.72	-0.09252	0
1869.76	-0.09252	0
1869.8	-0.09252	0
1869.8400000000001	-0.09252	0
1869.88	-0.09252	0
1869.92	-0.09252	0
1869.96	-0.09252	0
1870.0	-0.09252	0
1870.04	-0.09252	0
1870.08	-0.09252	0
1870.1200000000001	-0.09252	0
1870.16	-0.09133	0
1870.2	-0.09144	0
1870.24	-0.09156	0
1870.28	-0.09167	0
1870.32	-0.09178	0
1870.3600000000001	-0.09189	0
1870.4	-0.09201	0
1870.44	-0.09212	0
1870.48	-0.09223	0
1870.52	-0.09234	0
1870.56	-0.09246	0
1870.6000000000001	-0.09257	0
1870.64	-0.09257	0
1870.68	-0.09257	0
1870.72	-0.09257	0
1870.76	-0.09257	0
1870.8	-0.09257	0
1870.8400000000001	-0.09257	0
1870.88	-0.09257	0
1870.92	-0.09257	0
1870.96	-0.09257	0
1871.0	-0.09257	0
1871.04	-0.09257	0
1871.08	-0.09257	0
1871.1200000000001	-0.09257	0
1871.16	-0.09257	0
1871.2	-0.09257	0
1871.24	-0.09257	0
1871.28	-0.09257	0
1871.32	-0.09257	0
1871.3600000000001	-0.09257	0
1871.4	-0.09257	0
1871.44	-0.09257	0
1871.48	-0.09138	0
1871.52	-0.09149	0
1871.56	-0.09161	0
1871.6000000000001	-0.09172	0
1871.64	-0.09183	0
1871.68	-0.09194	0
1871.72	-0.09076	0
1871.76	-0.09087	1
1871.8	-0.09099	1
1871.8400000000001	-0.09110	1
1871.88	-0.09121	1
1871.92	-0.09133	1
1871.96	-0.09144	1
1872.0	-0.09155	1
1872.04	-0.09167	1
1872.08	-0.09047	1
1872.1200000000001	-0.09058	1
1872.16	-0.08938	1
1872.2	-0.08950	1
1872.24	-0.08961	1
1872.28	-0.08972	1
1872.32	-0.08984	1
1872.3600000000001	-0.08995	1
1872.4	-0.09006	1
1872.44	-0.09018	1
1872.48	-0.09029	1
1872.52	-0.09041	1
1872.56	-0.08921	1
1872.6000000000001	-0.08801	1
1872.64	-0.08812	1
1872.68	-0.08693	1
1872.72	-0.08704	1
1872.76	-0.08715	1
1872.8	-0.08727	1
1872.8400000000001	-0.08738	1
1872.88	-0.08488	1
1872.92	-0.08368	1
1872.96	-0.08379	1
1873.0	-0.08391	1
1873.04	-0.08402	1
1873.08	-0.08414	1
1873.1200000000001	-0.08425	1
1873.16	-0.08306	1
1873.2	-0.08317	1
1873.24	-0.08329	1
1873.28	-0.08340	1
1873.32	-0.08351	1
1873.3600000000001	-0.08624	1
1873.4	-0.08636	1
1873.44	-0.08647	1
1873.48	-0.08659	1
1873.52	-0.08670	1
1873.56	-0.08681	1
1873.6000000000001	-0.08693	1
1873.64	-0.08704	1
1873.68	-0.08715	1
1873.72	-0.08727	1
1873.76	-0.08738	1
1873.8	-0.08619	1
1873.8400000000001	-0.08630	1
1873.88	-0.08642	1
1873.92	-0.08653	1
1873.96	-0.08664	1
1874.0	-0.08676	1
1874.04	-0.08687	1
1874.08	-0.08698	1
1874.1200000000001	-0.08710	1
1874.16	-0.08721	1
1874.2	-0.08732	1
1874.24	-0.08744	1
1874.28	-0.08755	1
1874.32	-0.08766	1
1874.3600000000001	-0.08778	1
1874.4	-0.08789	1
1874.44	-0.08800	1
1874.48	-0.08812	1
1874.52	-0.08823	1
1874.56	-0.08834	1
1874.6000000000001	-0.08846	1
1874.64	-0.08857	1
1874.68	-0.08868	1
1874.72	-0.08880	1
1874.76	-0.08891	1
1874.8	-0.08902	1
1874.8400000000001	-0.08914	1
1874.88	-0.08925	1
1874.92	-0.08936	1
1874.96	-0.08947	1
1875.0	-0.08959	1
1875.04	-0.08970	1
1875.08	-0.08851	1
1875.1200000000001	-0.08862	1
1875.16	-0.08874	1
1875.2	-0.08885	1
1875.24	-0.08896	1
1875.28	-0.08908	1
1875.32	-0.08919	1
1875.3600000000001	-0.08930	1
1875.4	-0.08941	1
1875.44	-0.08953	1
1875.48	-0.08964	1
1875.52	-0.08975	1
1875.56	-0.08986	1
1875.6000000000001	-0.08998	1
1875.64	-0.09258	1
1875.68	-0.09258	1
1875.72	-0.09258	0
1875.76	-0.09258	0
1875.8	-0.09258	0
1875.8400000000001	-0.09258	0
1875.88	-0.09258	0
1875.92	-0.09258	0
1875.96	-0.09258	0
1876.0	-0.09258	0
1876.04	-0.09258	0
1876.08	-0.09258	0
1876.1200000000001	-0.09258	0
1876.16	-0.09258	0
1876.2	-0.09258	0
1876.24	-0.09258	0
1876.28	-0.09258	0
1876.32	-0.09258	0
1876.3600000000001	-0.09258	0
1876.4	-0.09258	0
1876.44	-0.09258	0
1876.48	-0.09258	0
1876.52	-0.09258	0
1876.56	-0.09258	0
1876.6000000000001	-0.09258	0
1876.64	-0.09258	0
1876.68	-0.09258	0
1876.72	-0.09258	0
1876.76	-0.09258	0
1876.8	-0.09258	0
1876.8400000000001	-0.09258	0
1876.88	-0.09258	0
1876.92	-0.09258	0
1876.96	-0.09258	0
1877.0	-0.09139	0
1877.04	-0.09150	0
1877.08	-0.09161	0
1877.1200000000001	-0.09173	0
1877.16	-0.09184	0
1877.2	-0.09195	0
1877.24	-0.09206	0
1877.28	-0.09218	0
1877.32	-0.09229	0
1877.3600000000001	-0.09240	0
1877.4	-0.09251	0
1877.44	-0.09251	0
1877.48	-0.09251	0
1877.52	-0.09251	0
1877.56	-0.09251	0
1877.6000000000001	-0.09251	0
1877.64	-0.09133	0
1877.68	-0.09144	0
1877.72	-0.09155	0
1877.76	-0.09166	0
1877.8	-0.09178	0
1877.8400000000001	-0.09189	0
1877.88	-0.09200	0
1877.92	-0.09459	0
1877.96	-0.09459	0
1878.0	-0.09459	0
1878.04	-0.09330	0
1878.08	-0.09330	0
1878.1200000000001	-0.09330	0
1878.16	-0.09330	0
1878.2	-0.09330	0
1878.24	-0.09330	0
1878.28	-0.09330	0
1878.32	-0.09330	1
1878.3600000000001	-0.09330	1
1878.4	-0.09330	1
1878.44	-0.09330	1
1878.48	-0.09330	1
1878.52	-0.09330	1
1878.56	-0.09330	1
1878.6000000000001	-0.09330	1
1878.64	-0.09330	1
1878.68	-0.09330	1
1878.72	-0.09330	1
1878.76	-0.09330	1
1878.8	-0.09330	1
1878.8400000000001	-0.09209	1
1878.88	-0.09221	1
1878.92	-0.09232	1
1878.96	-0.09244	1
1879.0	-0.09255	1
1879.04	-0.09255	1
1879.08	-0.09255	1
1879.1200000000001	-0.09255	1
1879.16	-0.09255	1
1879.2	-0.09255	1
1879.24	-0.09255	1
1879.28	-0.09255	1
1879.32	-0.09255	1
1879.3600000000001	-0.09255	1
1879.4	-0.09255	1
1879.44	-0.09255	1
1879.48	-0.09255	1
1879.52	-0.09255	1
1879.56	-0.09255	1
1879.6000000000001	-0.09255	1
1879.64	-0.09255	1
1879.68	-0.09255	1
1879.72	-0.09255	1
1879.76	-0.09255	1
1879.8	-0.09255	1
1879.8400000000001	-0.09255	1
1879.88	-0.09255	1
1879.92	-0.09255	1
1879.96	-0.09255	1
1880.0	-0.09255	1
1880.04	-0.09255	1
1880.08	-0.09255	1
1880.1200000000001	-0.09255	1
1880.16	-0.09135	1
1880.2	-0.09146	1
1880.24	-0.09158	1
1880.28	-0.09169	1
1880.32	-0.09180	1
1880.3600000000001	-0.09192	1
1880.4	-0.09203	1
1880.44	-0.09214	1
1880.48	-0.09477	1
1880.52	-0.09477	1
1880.56	-0.09477	1
1880.6000000000001	-0.09477	1
1880.64	-0.09346	1
1880.68	-0.09346	1
1880.72	-0.09346	1
1880.76	-0.09346	1
1880.8	-0.09346	1
1880.8400000000001	-0.09346	1
1880.88	-0.09346	1
1880.92	-0.09346	1
1880.96	-0.09346	1
1881.0	-0.09346	1
1881.04	-0.09346	1
1881.08	-0.09346	1
1881.1200000000001	-0.09346	1
1881.16	-0.09346	1
1881.2	-0.09346	1
1881.24	-0.09346	1
1881.28	-0.09346	1
1881.32	-0.09346	1
1881.3600000000001	-0.09226	1
1881.4	-0.09237	1
1881.44	-0.09248	1
1881.48	-0.09260	1
1881.52	-0.09260	1
1881.56	-0.09260	1
1881.6000000000001	-0.09260	1
1881.64	-0.09140	1
1881.68	-0.09151	1
1881.72	-0.09163	1
1881.76	-0.09174	1
1881.8	-0.09185	1
1881.8400000000001	-0.09197	1
1881.88	-0.09208	1
1881.92	-0.09219	1
1881.96	-0.09231	1
1882.0	-0.09242	1
1882.04	-0.09253	1
1882.08	-0.09253	1
1882.1200000000001	-0.09253	1
1882.16	-0.09253	1
1882.2	-0.09253	1
1882.24	-0.09253	1
1882.28	-0.09253	1
1882.32	-0.09253	1
1882.3600000000001	-0.09253	1
1882.4	-0.09253	1
1882.44	-0.09134	1
1882.48	-0.09145	1
1882.52	-0.09156	1
1882.56	-0.09168	1
1882.6000000000001	-0.09179	1
1882.64	-0.09190	1
1882.68	-0.09202	1
1882.72	-0.09082	1
1882.76	-0.09093	1
1882.8	-0.09105	1
1882.8400000000001	-0.09116	1
1882.88	-0.09127	1
1882.92	-0.09139	1
1882.96	-0.09150	1
1883.0	-0.09161	1
1883.04	-0.09173	1
1883.08	-0.09184	0
1883.1200000000001	-0.09064	0
1883.16	-0.09076	0
1883.2	-0.09087	0
1883.24	-0.09098	0
1883.28	-0.09110	0
1883.32	-0.09121	0
1883.3600000000001	-0.09132	0
1883.4	-0.09144	0
1883.44	-0.09155	0
1883.48	-0.09166	0
1883.52	-0.09178	0
1883.56	-0.09189	0
1883.6000000000001	-0.09200	0
1883.64	-0.09081	0
1883.68	-0.09092	0
1883.72	-0.09104	0
1883.76	-0.09115	0
1883.8	-0.09126	0
1883.8400000000001	-0.09137	0
1883.88	-0.09149	0
1883.92	-0.09160	0
1883.96	-0.09171	0
1884.0	-0.09183	0
1884.04	-0.09194	0
1884.08	-0.09205	0
1884.1200000000001	-0.09216	0
1884.16	-0.09228	0
1884.2	-0.09239	0
1884.24	-0.09250	0
1884.28	-0.09250	0
1884.32	-0.09250	0
1884.3600000000001	-0.09250	0
1884.4	-0.09250	0
1884.44	-0.09250	0
1884.48	-0.09250	0
1884.52	-0.09250	0
1884.56	-0.09250	0
1884.6000000000001	-0.09250	0
1884.64	-0.09250	0
1884.68	-0.09250	0
1884.72	-0.09250	0
1884.76	-0.09250	0
1884.8	-0.09250	0
1884.8400000000001	-0.09250	0
1884.88	-0.09250	0
1884.92	-0.09250	0
1884.96	-0.09250	0
1885.0	-0.09250	0
1885.04	-0.09250	0
1885.08	-0.09250	0
1885.1200000000001	-0.09250	0
1885.16	-0.09250	0
1885.2	-0.09250	0
1885.24	-0.09250	0
1885.28	-0.09250	0
1885.32	-0.09250	0
1885.3600000000001	-0.09250	0
1885.4	-0.09250	0
1885.44	-0.09250	0
1885.48	-0.09250	0
1885.52	-0.09250	0
1885.56	-0.09250	0
1885.6000000000001	-0.09250	0
1885.64	-0.09250	0
1885.68	-0.09250	0
1885.72	-0.09250	0
1885.76	-0.09250	0
1885.8	-0.09250	0
1885.8400000000001	-0.09250	0
1885.88	-0.09250	0
1885.92	-0.09250	0
1885.96	-0.09250	0
1886.0	-0.09250	0
1886.04	-0.09250	0
1886.08	-0.09250	0
1886.1200000000001	-0.09250	0
1886.16	-0.09250	0
1886.2	-0.09250	0
1886.24	-0.09131	0
1886.28	-0.09142	0
1886.32	-0.09154	0
1886.3600000000001	-0.09035	0
1886.4	-0.09046	0
1886.44	-0.09057	0
1886.48	-0.09069	0
1886.52	-0.09080	0
1886.56	-0.09091	0
1886.6000000000001	-0.09102	0
1886.64	-0.09114	0
1886.68	-0.09125	0
1886.72	-0.09136	0
1886.76	-0.09147	0
1886.8	-0.09159	0
1886.8400000000001	-0.09170	0
1886.88	-0.09051	0
1886.92	-0.08932	0
1886.96	-0.08944	1
1887.0	-0.08955	1
1887.04	-0.08967	1
1887.08	-0.08978	1
1887.1200000000001	-0.08989	1
1887.16	-0.09252	1
1887.2	-0.09252	1
1887.24	-0.09252	1
1887.28	-0.09252	1
1887.32	-0.09252	1
1887.3600000000001	-0.09252	1
1887.4	-0.09252	1
1887.44	-0.09252	1
1887.48	-0.09252	1
1887.52	-0.09252	1
1887.56	-0.09252	1
1887.6000000000001	-0.09252	1
1887.64	-0.09252	1
1887.68	-0.09252	1
1887.72	-0.09252	1
1887.76	-0.09252	1
1887.8	-0.09252	1
1887.8400000000001	-0.09252	1
1887.88	-0.09132	1
1887.92	-0.09144	1
1887.96	-0.09155	1
1888.0	-0.09166	1
1888.04	-0.09178	1
1888.08	-0.09189	1
1888.1200000000001	-0.09200	1
1888.16	-0.09463	1
1888.2	-0.09463	1
1888.24	-0.09463	1
1888.28	-0.09463	1
1888.32	-0.09463	1
1888.3600000000001	-0.09463	1
1888.4	-0.09463	1
1888.44	-0.09463	1
1888.48	-0.09463	1
1888.52	-0.09463	1
1888.56	-0.09463	1
1888.6000000000001	-0.09463	1
1888.64	-0.09463	1
1888.68	-0.09463	1
1888.72	-0.09463	1
1888.76	-0.09463	1
1888.8	-0.09463	1
1888.8400000000001	-0.09463	1
1888.88	-0.09463	1
1888.92	-0.09463	1
1888.96	-0.09463	1
1889.0	-0.09463	1
1889.04	-0.09463	1
1889.08	-0.09463	1
1889.1200000000001	-0.09463	1
1889.16	-0.09463	1
1889.2	-0.09463	1
1889.24	-0.09463	1
1889.28	-0.09463	1
1889.32	-0.09463	1
1889.3600000000001	-0.09463	1
1889.4	-0.09463	1
1889.44	-0.09463	1
1889.48	-0.09463	1
1889.52	-0.09463	1
1889.56	-0.09463	1
1889.6000000000001	-0.09463	1
1889.64	-0.09463	1
1889.68	-0.09463	1
1889.72	-0.09463	1
1889.76	-0.09463	1
1889.8	-0.09463	1
1889.8400000000001	-0.09463	1
1889.88	-0.09463	1
1889.92	-0.09463	1
1889.96	-0.09463	1
1890.0	-0.09463	1
1890.04	-0.09463	1
1890.08	-0.09463	1
1890.1200000000001	-0.09463	1
1890.16	-0.09463	1
1890.2	-0.09463	1
1890.24	-0.09332	1
1890.28	-0.09332	1
1890.32	-0.09332	1
1890.3600000000001	-0.09332	1
1890.4	-0.09332	1
1890.44	-0.09332	1
1890.48	-0.09332	1
1890.52	-0.09332	1
1890.56	-0.09332	1
1890.6000000000001	-0.09332	1
1890.64	-0.09332	1
1890.68	-0.09332	1
1890.72	-0.09332	1
1890.76	-0.09332	1
1890.8	-0.09332	1
1890.8400000000001	-0.09332	1
1890.88	-0.09332	1
1890.92	-0.09332	1
1890.96	-0.09332	1
1891.0	-0.09332	1
1891.04	-0.09332	1
1891.08	-0.09332	1
1891.1200000000001	-0.09332	1
1891.16	-0.09332	1
1891.2	-0.09332	1
1891.24	-0.09332	1
1891.28	-0.09332	1
1891.32	-0.09332	1
1891.3600000000001	-0.09332	1
1891.4	-0.09212	1
1891.44	-0.09223	1
1891.48	-0.09486	1
1891.52	-0.09486	1
1891.56	-0.09486	1
1891.6000000000001	-0.09486	1
1891.64	-0.09486	1
1891.68	-0.09354	1
1891.72	-0.09354	1
1891.76	-0.09354	1
1891.8	-0.09354	1
1891.8400000000001	-0.09354	1
1891.88	-0.09354	1
1891.92	-0.09354	1
1891.96	-0.09354	1
1892.0	-0.09354	1
1892.04	-0.09354	1
1892.08	-0.09354	1
1892.1200000000001	-0.09354	1
1892.16	-0.09354	1
1892.2	-0.09354	1
1892.24	-0.09354	1
1892.28	-0.09354	1
1892.32	-0.09354	1
1892.3600000000001	-0.09354	1
1892.4	-0.09354	1
1892.44	-0.09354	1
1892.48	-0.09354	1
1892.52	-0.09354	1
1892.56	-0.09354	1
1892.6000000000001	-0.09234	1
1892.64	-0.09246	1
1892.68	-0.09257	1
1892.72	-0.09257	1
1892.76	-0.09257	1
1892.8	-0.09257	1
1892.8400000000001	-0.09257	1
1892.88	-0.09257	1
1892.92	-0.09257	1
1892.96	-0.09257	1
1893.0	-0.09257	1
1893.04	-0.09257	1
1893.08	-0.09257	1
1893.1200000000001	-0.09257	1
1893.16	-0.09257	1
1893.2	-0.09257	1
1893.24	-0.09257	1
1893.28	-0.09257	1
1893.32	-0.09257	1
1893.3600000000001	-0.09257	1
1893.4	-0.09257	1
1893.44	-0.09257	1
1893.48	-0.09257	1
1893.52	-0.09257	1
1893.56	-0.09257	1
1893.6000000000001	-0.09257	1
1893.64	-0.09257	1
1893.68	-0.09257	1
1893.72	-0.09257	1
1893.76	-0.09257	1
1893.8	-0.09257	1
1893.8400000000001	-0.09257	1
1893.88	-0.09257	1
1893.92	-0.09257	1
1893.96	-0.09257	1
1894.0	-0.09257	1
1894.04	-0.09257	1
1894.08	-0.09257	1
1894.1200000000001	-0.09257	1
1894.16	-0.09257	1
1894.2	-0.09257	1
1894.24	-0.09257	1
1894.28	-0.09257	1
1894.32	-0.09257	1
1894.3600000000001	-0.09257	1
1894.4	-0.09257	1
1894.44	-0.09257	1
1894.48	-0.09257	1
1894.52	-0.09257	1
1894.56	-0.09257	1
1894.6000000000001	-0.09257	1
1894.64	-0.09257	1
1894.68	-0.09257	1
1894.72	-0.09257	1
1894.76	-0.09257	1
1894.8	-0.09257	1
1894.8400000000001	-0.09257	1
1894.88	-0.09257	1
1894.92	-0.09257	1
1894.96	-0.09257	1
1895.0	-0.09257	1
1895.04	-0.09257	1
1895.08	-0.09257	1
1895.1200000000001	-0.09257	1
1895.16	-0.09257	1
1895.2	-0.09257	1
1895.24	-0.09257	1
1895.28	-0.09257	1
1895.32	-0.09257	1
1895.3600000000001	-0.09257	1
1895.4	-0.09257	1
1895.44	-0.09257	1
1895.48	-0.09137	1
1895.52	-0.09149	1
1895.56	-0.09160	1
1895.6000000000001	-0.09171	1
1895.64	-0.09183	1
1895.68	-0.09194	1
1895.72	-0.09205	1
1895.76	-0.09217	1
1895.8	-0.09228	1
1895.8400000000001	-0.09239	1
1895.88	-0.09251	1
1895.92	-0.09251	1
1895.96	-0.09251	1
1896.0	-0.09251	1
1896.04	-0.09251	1
1896.08	-0.09251	1
1896.1200000000001	-0.09251	1
1896.16	-0.09251	1
1896.2	-0.09251	1
1896.24	-0.09251	1
1896.28	-0.09251	1
1896.32	-0.09251	1
1896.3600000000001	-0.09251	1
1896.4	-0.09131	1
1896.44	-0.09011	1
1896.48	-0.09023	1
1896.52	-0.09034	1
1896.56	-0.09045	1
1896.6000000000001	-0.09057	1
1896.64	-0.09068	1
1896.68	-0.09079	1
1896.72	-0.09091	1
1896.76	-0.09102	1
1896.8	-0.09113	1
1896.8400000000001	-0.09125	1
1896.88	-0.09136	1
1896.92	-0.09147	1
1896.96	-0.09159	1
1897.0	-0.09170	1
1897.04	-0.09181	1
1897.08	-0.09193	1
1897.1200000000001	-0.09204	1
1897.16	-0.09215	1
1897.2	-0.09226	1
1897.24	-0.09238	1
1897.28	-0.09249	0
1897.32	-0.09260	0
1897.3600000000001	-0.09260	0
1897.4	-0.09260	0
1897.44	-0.09260	0
1897.48	-0.09260	0
1897.52	-0.09260	0
1897.56	-0.09141	0
1897.6000000000001	-0.09152	0
1897.64	-0.09164	0
1897.68	-0.09175	0
1897.72	-0.09056	0
1897.76	-0.09067	0
1897.8	-0.09078	0
1897.8400000000001	-0.09090	0
1897.88	-0.09101	0
1897.92	-0.09112	0
1897.96	-0.09123	0
1898.0	-0.09135	0
1898.04	-0.09146	0
1898.08	-0.09157	0
1898.1200000000001	-0.09169	0
1898.16	-0.09180	0
1898.2	-0.09191	0
1898.24	-0.09072	0
1898.28	-0.09083	0
1898.32	-0.09095	0
1898.3600000000001	-0.09106	0
1898.4	-0.09117	0
1898.44	-0.09128	0
1898.48	-0.09140	0
1898.52	-0.09151	0
1898.56	-0.09162	0
1898.6000000000001	-0.09174	0
1898.64	-0.09185	0
1898.68	-0.09196	0
1898.72	-0.09207	0
1898.76	-0.09219	0
1898.8	-0.09230	0
1898.8400000000001	-0.09241	0
1898.88	-0.09252	0
1898.92	-0.09252	0
1898.96	-0.09252	0
1899.0	-0.09252	0
1899.04	-0.09252	0
1899.08	-0.09252	0
1899.1200000000001	-0.09252	0
1899.16	-0.09252	0
1899.2	-0.09252	0
1899.24	-0.09252	0
1899.28	-0.09252	0
1899.32	-0.09252	0
1899.3600000000001	-0.09252	0
1899.4	-0.09252	0
1899.44	-0.09252	0
1899.48	-0.09252	0
1899.52	-0.09252	0
1899.56	-0.09252	0
1899.6000000000001	-0.09252	0
1899.64	-0.09252	0
1899.68	-0.09133	0
1899.72	-0.09145	0
1899.76	-0.09026	0
1899.8	-0.09037	0
1899.8400000000001	-0.09048	0
1899.88	-0.09060	0
1899.92	-0.09071	0
1899.96	-0.09082	0
1900.0	-0.09093	0
1900.04	-0.09105	0
1900.08	-0.09116	0
1900.1200000000001	-0.09127	0
1900.16	-0.09138	0
1900.2	-0.09150	0
1900.24	-0.09161	0
1900.28	-0.09172	0
1900.32	-0.09183	0
1900.3600000000001	-0.09195	1
1900.4	-0.09075	1
1900.44	-0.09086	1
1900.48	-0.09349	1
1900.52	-0.09349	1
1900.56	-0.09349	1
1900.6000000000001	-0.09349	1
1900.64	-0.09349	1
1900.68	-0.09349	1
1900.72	-0.09349	1
1900.76	-0.09349	1
1900.8	-0.09349	1
1900.8400000000001	-0.09349	1
1900.88	-0.09349	1
1900.92	-0.09349	1
1900.96	-0.09349	1
1901.0	-0.09349	1
1901.04	-0.09349	1
1901.08	-0.09349	1
1901.1200000000001	-0.09349	1
1901.16	-0.09349	1
1901.2	-0.09349	1
1901.24	-0.09349	1
1901.28	-0.09349	1
1901.32	-0.09349	1
1901.3600000000001	-0.09349	1
1901.4	-0.09349	1
1901.44	-0.09349	1
1901.48	-0.09349	1
1901.52	-0.09349	1
1901.56	-0.09349	1
1901.6000000000001	-0.09349	1
1901.64	-0.09349	1
1901.68	-0.09349	1
1901.72	-0.09349	1
1901.76	-0.09349	1
1901.8	-0.09349	1
1901.8400000000001	-0.09349	1
1901.88	-0.09349	1
1901.92	-0.09349	1
1901.96	-0.09349	1
1902.0	-0.09349	1
1902.04	-0.09349	1
1902.08	-0.09349	1
1902.1200000000001	-0.09349	1
1902.16	-0.09229	1
1902.2	-0.09240	1
1902.24	-0.09252	1
1902.28	-0.09252	1
1902.32	-0.09252	1
1902.3600000000001	-0.09252	1
1902.4	-0.09252	1
1902.44	-0.09252	1
1902.48	-0.09252	1
1902.52	-0.09252	1
1902.56	-0.09252	1
1902.6000000000001	-0.09252	1
1902.64	-0.09252	1
1902.68	-0.09132	1
1902.72	-0.09143	1
1902.76	-0.09023	1
1902.8	-0.09034	1
1902.8400000000001	-0.09046	1
1902.88	-0.09057	1
1902.92	-0.09068	1
1902.96	-0.09080	1
1903.0	-0.09091	1
1903.04	-0.09103	1
1903.08	-0.09114	1
1903.1200000000001	-0.09125	1
1903.16	-0.09388	1
1903.2	-0.09256	1
1903.24	-0.09256	1
1903.28	-0.09256	1
1903.32	-0.09256	1
1903.3600000000001	-0.09256	1
1903.4	-0.09256	1
1903.44	-0.09256	1
1903.48	-0.09256	1
1903.52	-0.09256	1
1903.56	-0.09256	1
1903.6000000000001	-0.09256	1
1903.64	-0.09256	1
1903.68	-0.09256	1
1903.72	-0.09256	1
1903.76	-0.09256	1
1903.8	-0.09256	1
1903.8400000000001	-0.09256	1
1903.88	-0.09256	1
1903.92	-0.09256	1
1903.96	-0.09256	1
1904.0	-0.09256	1
1904.04	-0.09256	1
1904.08	-0.09256	1
1904.1200000000001	-0.09256	1
1904.16	-0.09256	1
1904.2	-0.09256	1
1904.24	-0.09256	1
1904.28	-0.09256	1
1904.32	-0.09256	1
1904.3600000000001	-0.09256	1
1904.4	-0.09256	1
1904.44	-0.09256	1
1904.48	-0.09256	1
1904.52	-0.09256	1
1904.56	-0.09256	1
1904.6000000000001	-0.09256	1
1904.64	-0.09256	1
1904.68	-0.09256	1
1904.72	-0.09256	1
1904.76	-0.09256	1
1904.8	-0.09256	1
1904.8400000000001	-0.09256	1
1904.88	-0.09256	1
1904.92	-0.09256	1
1904.96	-0.09256	1
1905.0	-0.09256	1
1905.04	-0.09256	1
1905.08	-0.09256	1
1905.1200000000001	-0.09256	1
1905.16	-0.09256	1
1905.2	-0.09256	1
1905.24	-0.09256	1
1905.28	-0.09256	1
1905.32	-0.09256	1
1905.3600000000001	-0.09256	1
1905.4	-0.09137	1
1905.44	-0.09148	1
1905.48	-0.09159	1
1905.52	-0.09171	1
1905.56	-0.09182	1
1905.6000000000001	-0.09193	1
1905.64	-0.09205	1
1905.68	-0.09216	1
1905.72	-0.09227	1
1905.76	-0.09239	1
1905.8	-0.09250	1
1905.8400000000001	-0.09261	1
1905.88	-0.09261	1
1905.92	-0.09261	1
1905.96	-0.09261	1
1906.0	-0.09261	1
1906.04	-0.09261	1
1906.08	-0.09261	1
1906.1200000000001	-0.09142	1
1906.16	-0.09153	1
1906.2	-0.09164	1
1906.24	-0.09176	1
1906.28	-0.09187	1
1906.32	-0.09198	1
1906.3600000000001	-0.09210	0
1906.4	-0.09221	0
1906.44	-0.09232	0
1906.48	-0.09244	0
1906.52	-0.09255	0
1906.56	-0.09255	0
1906.6000000000001	-0.09255	0
1906.64	-0.09255	0
1906.68	-0.09255	0
1906.72	-0.09255	0
1906.76	-0.09255	0
1906.8	-0.09255	0
1906.8400000000001	-0.09255	0
1906.88	-0.09255	0
1906.92	-0.09255	0
1906.96	-0.09255	0
1907.0	-0.09255	0
1907.04	-0.09255	0
1907.08	-0.09255	0
1907.1200000000001	-0.09255	0
1907.16	-0.09255	0
1907.2	-0.09255	0
1907.24	-0.09135	0
1907.28	-0.09147	0
1907.32	-0.09158	0
1907.3600000000001	-0.09169	0
1907.4	-0.09181	0
1907.44	-0.09192	0
1907.48	-0.09203	0
1907.52	-0.09214	0
1907.56	-0.09226	0
1907.6000000000001	-0.09237	0
1907.64	-0.09248	0
1907.68	-0.09260	0
1907.72	-0.09260	0
1907.76	-0.09260	0
1907.8	-0.09260	0
1907.8400000000001	-0.09260	0
1907.88	-0.09260	0
1907.92	-0.09260	0
1907.96	-0.09260	0
1908.0	-0.09260	0
1908.04	-0.09260	0
1908.08	-0.09260	0
1908.1200000000001	-0.09260	0
1908.16	-0.09260	0
1908.2	-0.09260	0
1908.24	-0.09260	0
1908.28	-0.09260	0
1908.32	-0.09260	0
1908.3600000000001	-0.09260	0
1908.4	-0.09260	0
1908.44	-0.09260	0
1908.48	-0.09260	0
1908.52	-0.09260	0
1908.56	-0.09260	0
1908.6000000000001	-0.09260	0
1908.64	-0.09260	0
1908.68	-0.09140	0
1908.72	-0.09152	0
1908.76	-0.09163	0
1908.8	-0.09174	0
1908.8400000000001	-0.09186	0
1908.88	-0.09197	0
1908.92	-0.09208	0
1908.96	-0.09219	0
1909.0	-0.09100	0
1909.04	-0.09111	0
1909.08	-0.09123	0
1909.1200000000001	-0.09134	0
1909.16	-0.09145	0
1909.2	-0.09157	0
1909.24	-0.09168	0
1909.28	-0.09179	0
1909.32	-0.09190	0
1909.3600000000001	-0.09202	0
1909.4	-0.09213	0
1909.44	-0.09224	0
1909.48	-0.09236	0
1909.52	-0.09247	0
1909.56	-0.09258	0
1909.6000000000001	-0.09258	0
1909.64	-0.09138	1
1909.68	-0.09149	1
1909.72	-0.09161	1
1909.76	-0.09172	1
1909.8	-0.09183	1
1909.8400000000001	-0.09195	1
1909.88	-0.09206	1
1909.92	-0.09218	1
1909.96	-0.09229	1
1910.0	-0.09240	1
1910.04	-0.09252	1
1910.08	-0.09252	1
1910.1200000000001	-0.09252	1
1910.16	-0.09252	1
1910.2	-0.09252	1
1910.24	-0.09132	1
1910.28	-0.09143	1
1910.32	-0.09023	1
1910.3600000000001	-0.09034	1
1910.4	-0.09046	1
1910.44	-0.09057	1
1910.48	-0.08937	1
1910.52	-0.08949	1
1910.56	-0.08960	1
1910.6000000000001	-0.08971	1
1910.64	-0.08983	1
1910.68	-0.09256	1
1910.72	-0.09256	1
1910.76	-0.09256	1
1910.8	-0.09256	1
1910.8400000000001	-0.09256	1
1910.88	-0.09256	1
1910.92	-0.09256	1
1910.96	-0.09256	1
1911.0	-0.09256	1
1911.04	-0.09256	1
1911.08	-0.09256	1
1911.1200000000001	-0.09137	1
1911.16	-0.09148	1
1911.2	-0.09159	1
1911.24	-0.09171	1
1911.28	-0.09182	1
1911.32	-0.09193	1
1911.3600000000001	-0.09205	1
1911.4	-0.09216	1
1911.44	-0.09227	1
1911.48	-0.09239	1
1911.52	-0.09250	1
1911.56	-0.09261	1
1911.6000000000001	-0.09261	1
1911.64	-0.09261	1
1911.68	-0.09261	1
1911.72	-0.09261	1
1911.76	-0.09261	1
1911.8	-0.09261	1
1911.8400000000001	-0.09261	1
1911.88	-0.09261	1
1911.92	-0.09261	1
1911.96	-0.09261	1
1912.0	-0.09261	1
1912.04	-0.09261	1
1912.08	-0.09261	1
1912.1200000000001	-0.09261	1
1912.16	-0.09261	1
1912.2	-0.09261	1
1912.24	-0.09261	1
1912.28	-0.09261	1
1912.32	-0.09261	1
1912.3600000000001	-0.09261	1
1912.4	-0.09142	1
1912.44	-0.09153	1
1912.48	-0.09164	1
1912.52	-0.09045	1
1912.56	-0.09056	1
1912.6000000000001	-0.09067	1
1912.64	-0.09079	1
1912.68	-0.09090	1
1912.72	-0.09101	1
1912.76	-0.09113	1
1912.8	-0.09124	1
1912.8400000000001	-0.09135	1
1912.88	-0.09147	1
1912.92	-0.09158	1
1912.96	-0.09169	1
1913.0	-0.09181	1
1913.04	-0.09192	1
1913.08	-0.09203	1
1913.1200000000001	-0.09215	1
1913.16	-0.09226	1
1913.2	-0.09237	1
1913.24	-0.09248	1
1913.28	-0.09260	1
1913.32	-0.09260	1
1913.3600000000001	-0.09260	1
1913.4	-0.09260	1
1913.44	-0.09260	1
1913.48	-0.09260	1
1913.52	-0.09260	1
1913.56	-0.09260	1
1913.6000000000001	-0.09260	1
1913.64	-0.09260	1
1913.68	-0.09260	1
1913.72	-0.09260	1
1913.76	-0.09260	1
1913.8	-0.09260	1
1913.8400000000001	-0.09260	1
1913.88	-0.09260	1
1913.92	-0.09260	1
1913.96	-0.09140	1
1914.0	-0.09152	1
1914.04	-0.09163	1
1914.08	-0.09174	1
1914.1200000000001	-0.09186	1
1914.16	-0.09197	1
1914.2	-0.09208	1
1914.24	-0.09219	1
1914.28	-0.09480	1
1914.32	-0.09480	1
1914.3600000000001	-0.09350	1
1914.4	-0.09350	1
1914.44	-0.09350	1
1914.48	-0.09350	1
1914.52	-0.09350	1
1914.56	-0.09350	1
1914.6000000000001	-0.09350	1
1914.64	-0.09350	1
1914.68	-0.09231	1
1914.72	-0.09242	1
1914.76	-0.09253	1
1914.8	-0.09253	1
1914.8400000000001	-0.09253	1
1914.88	-0.09253	1
1914.92	-0.09253	1
1914.96	-0.09253	1
1915.0	-0.09253	1
1915.04	-0.09134	1
1915.08	-0.09145	1
1915.1200000000001	-0.09026	1
1915.16	-0.09038	1
1915.2	-0.09049	1
1915.24	-0.09060	1
1915.28	-0.09072	1
1915.32	-0.09083	1
1915.3600000000001	-0.09094	1
1915.4	-0.09105	1
1915.44	-0.09117	1
1915.48	-0.09128	1
1915.52	-0.09139	1
1915.56	-0.09150	1
1915.6000000000001	-0.09162	1
1915.64	-0.09173	1
1915.68	-0.09184	1
1915.72	-0.09195	1
1915.76	-0.09207	1
1915.8	-0.09218	1
1915.8400000000001	-0.09229	1
1915.88	-0.09240	1
1915.92	-0.09252	1
1915.96	-0.09252	1
1916.0	-0.09252	1
1916.04	-0.09252	1
1916.08	-0.09133	1
1916.1200000000001	-0.09144	1
1916.16	-0.09155	1
1916.2	-0.09167	1
1916.24	-0.09178	1
1916.28	-0.09189	1
1916.32	-0.09449	1
1916.3600000000001	-0.09449	1
1916.4	-0.09449	1
1916.44	-0.09449	1
1916.48	-0.09319	1
1916.52	-0.09319	1
1916.56	-0.09319	1
1916.6000000000001	-0.09319	1
1916.64	-0.09319	1
1916.68	-0.09319	1
1916.72	-0.09319	1
1916.76	-0.09319	1
1916.8	-0.09319	1
1916.8400000000001	-0.09319	1
1916.88	-0.09319	1
1916.92	-0.09319	1
1916.96	-0.09319	1
1917.0	-0.09319	1
1917.04	-0.09319	1
1917.08	-0.09319	1
1917.1200000000001	-0.09319	1
1917.16	-0.09319	1
1917.2	-0.09319	1
1917.24	-0.09319	0
1917.28	-0.09319	0
1917.32	-0.09319	0
1917.3600000000001	-0.09319	0
1917.4	-0.09319	0
1917.44	-0.09200	0
1917.48	-0.09212	0
1917.52	-0.09223	0
1917.56	-0.09234	0
1917.6000000000001	-0.09245	0
1917.64	-0.09256	0
1917.68	-0.09256	0
1917.72	-0.09256	0
1917.76	-0.09256	0
1917.8	-0.09256	0
1917.8400000000001	-0.09256	0
1917.88	-0.09256	0
1917.92	-0.09256	0
1917.96	-0.09256	0
1918.0	-0.09256	0
1918.04	-0.09256	0
1918.08	-0.09256	0
1918.1200000000001	-0.09256	0
1918.16	-0.09256	0
1918.2	-0.09256	0
1918.24	-0.09256	0
1918.28	-0.09256	0
1918.32	-0.09256	0
1918.3600000000001	-0.09256	0
1918.4	-0.09138	0
1918.44	-0.09149	0
1918.48	-0.09160	0
1918.52	-0.09172	0
1918.56	-0.09183	0
1918.6000000000001	-0.09194	0
1918.64	-0.09205	0
1918.68	-0.09216	0
1918.72	-0.09228	0
1918.76	-0.09239	0
1918.8	-0.09250	0
1918.8400000000001	-0.09250	0
1918.88	-0.09250	0
1918.92	-0.09250	0
1918.96	-0.09250	0
1919.0	-0.09250	0
1919.04	-0.09250	0
1919.08	-0.09250	0
1919.1200000000001	-0.09250	0
1919.16	-0.09250	0
1919.2	-0.09250	0
1919.24	-0.09250	0
1919.28	-0.09250	0
1919.32	-0.09250	0
1919.3600000000001	-0.09250	0
1919.4	-0.09250	0
1919.44	-0.09250	0
1919.48	-0.09250	0
1919.52	-0.09250	0
1919.56	-0.09250	0
1919.6000000000001	-0.09132	0
1919.64	-0.09143	0
1919.68	-0.09154	0
1919.72	-0.09165	0
1919.76	-0.09177	0
1919.8	-0.09188	0
1919.8400000000001	-0.09199	0
1919.88	-0.09210	0
1919.92	-0.09221	0
1919.96	-0.09233	0
1920.0	-0.09244	0
1920.04	-0.09255	0
1920.08	-0.09255	0
1920.1200000000001	-0.09255	0
1920.16	-0.09255	0
1920.2	-0.09255	0
1920.24	-0.09255	0
1920.28	-0.09255	0
1920.32	-0.09255	0
1920.3600000000001	-0.09255	0
1920.4	-0.09255	0
1920.44	-0.09255	0
1920.48	-0.09255	0
1920.52	-0.09255	0
1920.56	-0.09255	0
1920.6000000000001	-0.09255	0
1920.64	-0.09255	0
1920.68	-0.09255	0
1920.72	-0.09255	0
1920.76	-0.09255	0
1920.8	-0.09255	0
1920.8400000000001	-0.09255	0
1920.88	-0.09255	0
1920.92	-0.09255	0
1920.96	-0.09255	0
1921.0	-0.09255	0
1921.04	-0.09255	0
1921.08	-0.09255	0
1921.1200000000001	-0.09255	0
1921.16	-0.09255	0
1921.2	-0.09255	0
1921.24	-0.09255	0
1921.28	-0.09255	0
1921.32	-0.09255	0
1921.3600000000001	-0.09255	0
1921.4	-0.09255	0
1921.44	-0.09255	0
1921.48	-0.09255	0
1921.52	-0.09255	0
1921.56	-0.09255	0
1921.6000000000001	-0.09255	0
1921.64	-0.09255	0
1921.68	-0.09137	0
1921.72	-0.09148	0
1921.76	-0.09159	0
1921.8	-0.09170	0
1921.8400000000001	-0.09300	0
1921.88	-0.09300	0
1921.92	-0.09300	0
1921.96	-0.09300	0
1922.0	-0.09300	0
1922.04	-0.09300	0
1922.08	-0.09300	0
1922.1200000000001	-0.09300	0
1922.16	-0.09300	0
1922.2	-0.09300	0
1922.24	-0.09300	0
1922.28	-0.09300	0
1922.32	-0.09300	0
1922.3600000000001	-0.09300	0
1922.4	-0.09300	0
1922.44	-0.09300	0
1922.48	-0.09300	0
1922.52	-0.09300	0
1922.56	-0.09300	0
1922.6000000000001	-0.09300	0
1922.64	-0.09300	0
1922.68	-0.09300	0
1922.72	-0.09300	0
1922.76	-0.09300	0
1922.8	-0.09300	0
1922.8400000000001	-0.09300	0
1922.88	-0.09300	0
1922.92	-0.09181	0
1922.96	-0.09193	0
1923.0	-0.09204	0
1923.04	-0.09086	0
1923.08	-0.09097	0
1923.1200000000001	-0.09108	1
1923.16	-0.09371	1
1923.2	-0.09371	1
1923.24	-0.09371	1
1923.28	-0.09371	1
1923.32	-0.09371	1
1923.3600000000001	-0.09371	1
1923.4	-0.09371	1
1923.44	-0.09371	1
1923.48	-0.09371	1
1923.52	-0.09371	1
1923.56	-0.09371	1
1923.6000000000001	-0.09371	1
1923.64	-0.09371	1
1923.68	-0.09371	1
1923.72	-0.09371	1
1923.76	-0.09371	1
1923.8	-0.09371	1
1923.8400000000001	-0.09371	1
1923.88	-0.09371	1
1923.92	-0.09371	1
1923.96	-0.09371	1
1924.0	-0.09251	1
1924.04	-0.09251	1
1924.08	-0.09251	1
1924.1200000000001	-0.09131	1
1924.16	-0.09011	1
1924.2	-0.09022	1
1924.24	-0.09034	1
1924.28	-0.09045	1
1924.32	-0.09056	1
1924.3600000000001	-0.09068	1
1924.4	-0.09079	1
1924.44	-0.09091	1
1924.48	-0.09102	1
1924.52	-0.09113	1
1924.56	-0.09125	1
1924.6000000000001	-0.09136	1
1924.64	-0.09147	1
1924.68	-0.09159	1
1924.72	-0.09170	1
1924.76	-0.09181	1
1924.8	-0.09193	1
1924.8400000000001	-0.09204	1
1924.88	-0.09215	1
1924.92	-0.09096	1
1924.96	-0.09107	1
1925.0	-0.09118	1
1925.04	-0.09130	1
1925.08	-0.09141	1
1925.1200000000001	-0.09152	1
1925.16	-0.09164	1
1925.2	-0.09426	1
1925.24	-0.09426	1
1925.28	-0.09426	1
1925.32	-0.09426	1
1925.3600000000001	-0.09426	1
1925.4	-0.09426	1
1925.44	-0.09426	1
1925.48	-0.09426	1
1925.52	-0.09426	1
1925.56	-0.09426	1
1925.6000000000001	-0.09426	1
1925.64	-0.09426	1
1925.68	-0.09426	1
1925.72	-0.09426	1
1925.76	-0.09426	1
1925.8	-0.09426	1
1925.8400000000001	-0.09426	1
1925.88	-0.09426	1
1925.92	-0.09426	1
1925.96	-0.09426	1
1926.0	-0.09426	1
1926.04	-0.09426	1
1926.08	-0.09426	1
1926.1200000000001	-0.09426	1
1926.16	-0.09426	1
1926.2	-0.09426	1
1926.24	-0.09426	1
1926.28	-0.09295	1
1926.32	-0.09295	1
1926.3600000000001	-0.09295	1
1926.4	-0.09175	1
1926.44	-0.09186	1
1926.48	-0.09198	1
1926.52	-0.09078	1
1926.56	-0.09089	1
1926.6000000000001	-0.09101	1
1926.64	-0.09112	1
1926.68	-0.09123	1
1926.72	-0.09135	1
1926.76	-0.09146	1
1926.8	-0.09157	1
1926.8400000000001	-0.09169	1
1926.88	-0.09049	1
1926.92	-0.09061	1
1926.96	-0.09072	1
1927.0	-0.09083	1
1927.04	-0.09095	1
1927.08	-0.09106	1
1927.1200000000001	-0.09117	1
1927.16	-0.09129	0
1927.2	-0.09140	0
1927.24	-0.09151	0
1927.28	-0.09162	0
1927.32	-0.09174	0
1927.3600000000001	-0.09185	0
1927.4	-0.09196	0
1927.44	-0.09208	0
1927.48	-0.09219	0
1927.52	-0.09100	0
1927.56	-0.09111	0
1927.6000000000001	-0.09122	0
1927.64	-0.09134	1
1927.68	-0.09145	1
1927.72	-0.09156	1
1927.76	-0.09168	1
1927.8	-0.09048	1
1927.8400000000001	-0.09059	1
1927.88	-0.09070	1
1927.92	-0.09082	1
1927.96	-0.08962	1
1928.0	-0.08973	1
1928.04	-0.08985	1
1928.08	-0.08996	1
1928.1200000000001	-0.09007	1
1928.16	-0.09019	1
1928.2	-0.09030	1
1928.24	-0.09042	1
1928.28	-0.08922	1
1928.32	-0.08933	1
1928.3600000000001	-0.08944	1
1928.4	-0.08956	1
1928.44	-0.08967	1
1928.48	-0.08979	1
1928.52	-0.08990	1
1928.56	-0.09001	1
1928.6000000000001	-0.09013	1
1928.64	-0.09024	1
1928.68	-0.09035	1
1928.72	-0.09047	1
1928.76	-0.09058	1
1928.8	-0.09069	1
1928.8400000000001	-0.09081	1
1928.88	-0.09343	1
1928.92	-0.09223	1
1928.96	-0.09234	1
1929.0	-0.09246	1
1929.04	-0.09257	1
1929.08	-0.09257	1
1929.1200000000001	-0.09257	1
1929.16	-0.09257	1
1929.2	-0.09257	1
1929.24	-0.09257	1
1929.28	-0.09257	1
1929.32	-0.09257	1
1929.3600000000001	-0.09257	1
1929.4	-0.09257	1
1929.44	-0.09257	1
1929.48	-0.09257	1
1929.52	-0.09257	1
1929.56	-0.09257	1
1929.6000000000001	-0.09257	1
1929.64	-0.09257	1
1929.68	-0.09257	1
1929.72	-0.09257	1
1929.76	-0.09257	1
1929.8	-0.09257	1
1929.8400000000001	-0.09257	1
1929.88	-0.09257	0
1929.92	-0.09257	0
1929.96	-0.09257	0
1930.0	-0.09257	0
1930.04	-0.09257	0
1930.08	-0.09257	0
1930.1200000000001	-0.09257	0
1930.16	-0.09257	0
1930.2	-0.09137	0
1930.24	-0.09149	0
1930.28	-0.09160	0
1930.32	-0.09171	0
1930.3600000000001	-0.09183	0
1930.4	-0.09194	0
1930.44	-0.09205	0
1930.48	-0.09217	0
1930.52	-0.09228	0
1930.56	-0.09108	0
1930.6000000000001	-0.09120	0
1930.64	-0.09131	0
1930.68	-0.09142	0
1930.72	-0.09154	0
1930.76	-0.09165	0
1930.8	-0.09176	0
1930.8400000000001	-0.09188	0
1930.88	-0.09199	0
1930.92	-0.09460	0
1930.96	-0.09460	0
1931.0	-0.09460	0
1931.04	-0.09460	0
1931.08	-0.09460	0
1931.1200000000001	-0.09460	0
1931.16	-0.09460	0
1931.2	-0.09460	0
1931.24	-0.09460	0
1931.28	-0.09460	0
1931.32	-0.09460	0
1931.3600000000001	-0.09460	0
1931.4	-0.09460	0
1931.44	-0.09460	0
1931.48	-0.09460	0
1931.52	-0.09460	0
1931.56	-0.09330	0
1931.6000000000001	-0.09330	0
1931.64	-0.09210	0
1931.68	-0.09222	0
1931.72	-0.09102	0
1931.76	-0.09114	0
1931.8	-0.09125	0
1931.8400000000001	-0.09136	0
1931.88	-0.09147	0
1931.92	-0.09159	0
1931.96	-0.09170	0
1932.0	-0.09051	0
1932.04	-0.09062	0
1932.08	-0.09073	0
1932.1200000000001	-0.08954	0
1932.16	-0.08966	0
1932.2	-0.08977	0
1932.24	-0.08988	0
1932.28	-0.09000	0
1932.32	-0.09011	0
1932.3600000000001	-0.09022	0
1932.4	-0.08903	0
1932.44	-0.08914	0
1932.48	-0.08926	0
1932.52	-0.08937	0
1932.56	-0.08948	0
1932.6000000000001	-0.08960	0
1932.64	-0.08971	0
1932.68	-0.08982	1
1932.72	-0.08994	1
1932.76	-0.09005	1
1932.8	-0.09016	1
1932.8400000000001	-0.09028	1
1932.88	-0.09291	1
1932.92	-0.09291	1
1932.96	-0.09291	1
1933.0	-0.09291	1
1933.04	-0.09171	1
1933.08	-0.09182	1
1933.1200000000001	-0.09193	1
1933.16	-0.09205	1
1933.2	-0.09216	1
1933.24	-0.09227	1
1933.28	-0.09239	1
1933.32	-0.09250	1
1933.3600000000001	-0.09250	1
1933.4	-0.09250	1
1933.44	-0.09250	1
1933.48	-0.09250	1
1933.52	-0.09250	1
1933.56	-0.09250	1
1933.6000000000001	-0.09130	1
1933.64	-0.09142	1
1933.68	-0.09022	1
1933.72	-0.09033	1
1933.76	-0.09044	1
1933.8	-0.09056	1
1933.8400000000001	-0.09067	1
1933.88	-0.09078	1
1933.92	-0.09090	1
1933.96	-0.09101	1
1934.0	-0.09113	1
1934.04	-0.09124	1
1934.08	-0.09135	1
1934.1200000000001	-0.09147	1
1934.16	-0.09158	1
1934.2	-0.09169	1
1934.24	-0.09181	1
1934.28	-0.09192	1
1934.32	-0.09203	1
1934.3600000000001	-0.09215	1
1934.4	-0.09226	1
1934.44	-0.09106	1
1934.48	-0.09118	1
1934.52	-0.09129	1
1934.56	-0.09140	1
1934.6000000000001	-0.09152	1
1934.64	-0.09163	1
1934.68	-0.09174	1
1934.72	-0.09186	1
1934.76	-0.09066	1
1934.8	-0.09077	1
1934.8400000000001	-0.09089	1
1934.88	-0.09100	1
1934.92	-0.09111	1
1934.96	-0.08992	1
1935.0	-0.09003	1
1935.04	-0.09015	1
1935.08	-0.09026	1
1935.1200000000001	-0.09037	1
1935.16	-0.09049	1
1935.2	-0.09060	1
1935.24	-0.09071	1
1935.28	-0.09083	1
1935.32	-0.09094	1
1935.3600000000001	-0.09105	1
1935.4	-0.09116	1
1935.44	-0.09128	0
1935.48	-0.09009	0
1935.52	-0.09020	0
1935.56	-0.09031	0
1935.6000000000001	-0.09042	0
1935.64	-0.09054	0
1935.68	-0.09065	0
1935.72	-0.09076	0
1935.76	-0.09088	0
1935.8	-0.09099	0
1935.8400000000001	-0.09110	0
1935.88	-0.09121	0
1935.92	-0.09133	0
1935.96	-0.09144	0
1936.0	-0.09155	0
1936.04	-0.09167	0
1936.08	-0.09178	0
1936.1200000000001	-0.09189	0
1936.16	-0.09200	0
1936.2	-0.09212	0
1936.24	-0.09223	0
1936.28	-0.09234	0
1936.32	-0.09245	0
1936.3600000000001	-0.09257	0
1936.4	-0.09257	0
1936.44	-0.09257	0
1936.48	-0.09257	0
1936.52	-0.09257	0
1936.56	-0.09257	0
1936.6000000000001	-0.09257	0
1936.64	-0.09138	0
1936.68	-0.09149	0
1936.72	-0.09160	0
1936.76	-0.09172	0
1936.8	-0.09183	0
1936.8400000000001	-0.09194	0
1936.88	-0.09205	0
1936.92	-0.09217	0
1936.96	-0.09098	0
1937.0	-0.09109	0
1937.04	-0.09120	0
1937.08	-0.09131	0
1937.1200000000001	-0.09143	0
1937.16	-0.09154	0
1937.2	-0.09165	0
1937.24	-0.09176	0
1937.28	-0.09188	0
1937.32	-0.09199	0
1937.3600000000001	-0.09210	0
1937.4	-0.09221	0
1937.44	-0.09233	0
1937.48	-0.09244	0
1937.52	-0.09255	0
1937.56	-0.09255	0
1937.6000000000001	-0.09255	0
1937.64	-0.09255	0
1937.68	-0.09255	0
1937.72	-0.09255	0
1937.76	-0.09255	1
1937.8	-0.09255	1
1937.8400000000001	-0.09255	1
1937.88	-0.09255	1
1937.92	-0.09255	1
1937.96	-0.09255	1
1938.0	-0.09255	1
1938.04	-0.09255	1
1938.08	-0.09255	1
1938.1200000000001	-0.09255	1
1938.16	-0.09255	1
1938.2	-0.09255	1
1938.24	-0.09255	1
1938.28	-0.09255	1
1938.32	-0.09255	1
1938.3600000000001	-0.09255	1
1938.4	-0.09255	1
1938.44	-0.09255	1
1938.48	-0.09255	1
1938.52	-0.09255	1
1938.56	-0.09255	1
1938.6000000000001	-0.09135	1
1938.64	-0.09146	1
1938.68	-0.09158	1
1938.72	-0.09169	1
1938.76	-0.09180	1
1938.8	-0.09192	1
1938.8400000000001	-0.09203	1
1938.88	-0.09214	1
1938.92	-0.09226	1
1938.96	-0.09237	1
1939.0	-0.09249	1
1939.04	-0.09260	1
1939.08	-0.09260	1
1939.1200000000001	-0.09260	1
1939.16	-0.09260	1
1939.2	-0.09260	1
1939.24	-0.09260	1
1939.28	-0.09260	1
1939.32	-0.09260	1
1939.3600000000001	-0.09260	1
1939.4	-0.09260	1
1939.44	-0.09260	1
1939.48	-0.09260	1
1939.52	-0.09260	1
1939.56	-0.09140	1
1939.6000000000001	-0.09151	1
1939.64	-0.09163	1
1939.68	-0.09043	1
1939.72	-0.09054	1
1939.76	-0.09066	1
1939.8	-0.09077	1
1939.8400000000001	-0.09088	1
1939.88	-0.09100	1
1939.92	-0.09111	1
1939.96	-0.09122	1
1940.0	-0.09134	1
1940.04	-0.09145	1
1940.08	-0.09156	1
1940.1200000000001	-0.09168	1
1940.16	-0.09179	1
1940.2	-0.09190	1
1940.24	-0.09202	1
1940.28	-0.09213	1
1940.32	-0.09224	1
1940.3600000000001	-0.09236	1
1940.4	-0.09247	1
1940.44	-0.09258	1
1940.48	-0.09139	1
1940.52	-0.09150	1
1940.56	-0.09030	1
1940.6000000000001	-0.09042	1
1940.64	-0.08922	1
1940.68	-0.08934	1
1940.72	-0.08814	1
1940.76	-0.08956	1
1940.8	-0.08968	1
1940.8400000000001	-0.08979	1
1940.88	-0.08990	1
1940.92	-0.09002	1
1940.96	-0.09013	1
1941.0	-0.09024	1
1941.04	-0.09036	1
1941.08	-0.09047	1
1941.1200000000001	-0.09189	1
1941.16	-0.09200	1
1941.2	-0.09212	1
1941.24	-0.09223	1
1941.28	-0.09234	1
1941.32	-0.09245	1
1941.3600000000001	-0.09257	1
1941.4	-0.09257	1
1941.44	-0.09257	1
1941.48	-0.09257	1
1941.52	-0.09257	1
1941.56	-0.09257	1
1941.6000000000001	-0.09257	1
1941.64	-0.09257	1
1941.68	-0.09257	1
1941.72	-0.09257	1
1941.76	-0.09257	1
1941.8	-0.09257	1
1941.8400000000001	-0.09257	1
1941.88	-0.09257	1
1941.92	-0.09257	1
1941.96	-0.09257	1
1942.0	-0.09257	1
1942.04	-0.09257	1
1942.08	-0.09257	1
1942.1200000000001	-0.09257	0
1942.16	-0.09257	0
1942.2	-0.09257	0
1942.24	-0.09257	0
1942.28	-0.09137	0
1942.32	-0.09149	0
1942.3600000000001	-0.09160	0
1942.4	-0.09171	0
1942.44	-0.09183	0
1942.48	-0.09194	0
1942.52	-0.09205	0
1942.56	-0.09216	0
1942.6000000000001	-0.09228	0
1942.64	-0.09239	0
1942.68	-0.09120	0
1942.72	-0.09381	0
1942.76	-0.09381	0
1942.8	-0.09381	0
1942.8400000000001	-0.09381	0
1942.88	-0.09381	0
1942.92	-0.09381	0
1942.96	-0.09381	0
1943.0	-0.09381	0
1943.04	-0.09381	0
1943.08	-0.09381	0
1943.1200000000001	-0.09381	0
1943.16	-0.09381	0
1943.2	-0.09381	0
1943.24	-0.09381	0
1943.28	-0.09381	0
1943.32	-0.09381	0
1943.3600000000001	-0.09381	0
1943.4	-0.09381	0
1943.44	-0.09381	0
1943.48	-0.09381	0
1943.52	-0.09381	0
1943.56	-0.09381	0
1943.6000000000001	-0.09381	0
1943.64	-0.09381	0
1943.68	-0.09381	0
1943.72	-0.09381	0
1943.76	-0.09250	0
1943.8	-0.09250	0
1943.8400000000001	-0.09131	0
1943.88	-0.09142	0
1943.92	-0.09154	0
1943.96	-0.09035	0
1944.0	-0.09046	0
1944.04	-0.09057	0
1944.08	-0.09069	0
1944.1200000000001	-0.09080	0
1944.16	-0.09091	0
1944.2	-0.08972	0
1944.24	-0.08983	0
1944.28	-0.08995	0
1944.32	-0.09006	0
1944.3600000000001	-0.08887	0
1944.4	-0.08898	0
1944.44	-0.08910	0
1944.48	-0.08921	0
1944.52	-0.08932	0
1944.56	-0.08944	0
1944.6000000000001	-0.08955	0
1944.64	-0.08966	0
1944.68	-0.08847	0
1944.72	-0.08859	0
1944.76	-0.08870	0
1944.8	-0.08881	0
1944.8400000000001	-0.08893	0
1944.88	-0.08904	0
1944.92	-0.08915	0
1944.96	-0.08926	0
1945.0	-0.08938	0
1945.04	-0.08949	0
1945.08	-0.09220	0
1945.1200000000001	-0.09231	0
1945.16	-0.09242	0
1945.2	-0.09253	0
1945.24	-0.09253	0
1945.28	-0.09253	0
1945.32	-0.09253	0
1945.3600000000001	-0.09135	0
1945.4	-0.09146	0
1945.44	-0.09157	0
1945.48	-0.09169	0
1945.52	-0.09180	0
1945.56	-0.09191	0
1945.6000000000001	-0.09202	0
1945.64	-0.09213	0
1945.68	-0.09225	0
1945.72	-0.09236	0
1945.76	-0.09247	0
1945.8	-0.09258	0
1945.8400000000001	-0.09258	0
1945.88	-0.09258	0
1945.92	-0.09140	0
1945.96	-0.09151	0
1946.0	-0.09162	0
1946.04	-0.09174	0
1946.08	-0.09185	0
1946.1200000000001	-0.09196	0
1946.16	-0.09207	0
1946.2	-0.09218	0
1946.24	-0.09230	0
1946.28	-0.09241	0
1946.32	-0.09252	0
1946.3600000000001	-0.09134	0
1946.4	-0.09145	0
1946.44	-0.09156	0
1946.48	-0.09167	0
1946.52	-0.09178	0
1946.56	-0.09190	0
1946.6000000000001	-0.09201	0
1946.64	-0.09212	0
1946.68	-0.09223	0
1946.72	-0.09234	0
1946.76	-0.09493	0
1946.8	-0.09493	0
1946.8400000000001	-0.09493	0
1946.88	-0.09493	0
1946.92	-0.09493	0
1946.96	-0.09493	0
1947.0	-0.09493	0
1947.04	-0.09493	0
1947.08	-0.09364	0
1947.1200000000001	-0.09364	0
1947.16	-0.09364	0
1947.2	-0.09364	0
1947.24	-0.09364	0
1947.28	-0.09246	0
1947.32	-0.09257	0
1947.3600000000001	-0.09257	0
1947.4	-0.09257	0
1947.44	-0.09139	0
1947.48	-0.09150	0
1947.52	-0.09161	0
1947.56	-0.09172	0
1947.6000000000001	-0.09183	0
1947.64	-0.09195	0
1947.68	-0.09206	0
1947.72	-0.09217	0
1947.76	-0.09228	0
1947.8	-0.09239	0
1947.8400000000001	-0.09250	0
1947.88	-0.09250	0
1947.92	-0.09250	0
1947.96	-0.09250	0
1948.0	-0.09250	0
1948.04	-0.09250	0
1948.08	-0.09132	0
1948.1200000000001	-0.09144	0
1948.16	-0.09155	0
1948.2	-0.09166	0
1948.24	-0.09177	0
1948.28	-0.09188	0
1948.32	-0.09199	0
1948.3600000000001	-0.09211	0
1948.4	-0.09222	0
1948.44	-0.09104	0
1948.48	-0.09115	0
1948.52	-0.09126	0
1948.56	-0.09137	0
1948.6000000000001	-0.09149	0
1948.64	-0.09160	0
1948.68	-0.09171	0
1948.72	-0.09182	0
1948.76	-0.09193	0
1948.8	-0.09204	0
1948.8400000000001	-0.09215	0
1948.88	-0.09227	0
1948.92	-0.09238	0
1948.96	-0.09249	0
1949.0	-0.09003	0
1949.04	-0.09014	0
1949.08	-0.09025	0
1949.1200000000001	-0.09036	0
1949.16	-0.09047	0
1949.2	-0.09058	0
1949.24	-0.09069	0
1949.28	-0.09081	0
1949.32	-0.09092	0
1949.3600000000001	-0.09103	0
1949.4	-0.09114	0
1949.44	-0.09125	0
1949.48	-0.09136	0
1949.52	-0.09147	0
1949.56	-0.09158	0
1949.6000000000001	-0.09169	0
1949.64	-0.09181	0
1949.68	-0.09192	0
1949.72	-0.09203	0
1949.76	-0.09214	0
1949.8	-0.09225	0
1949.8400000000001	-0.09236	0
1949.88	-0.09247	0
1949.92	-0.09258	0
1949.96	-0.09258	0
1950.0	-0.09258	0
1950.04	-0.09258	0
1950.08	-0.09258	0
1950.1200000000001	-0.09258	0
1950.16	-0.09258	0
1950.2	-0.09258	0
1950.24	-0.09258	0
1950.28	-0.09258	0
1950.32	-0.09258	0
1950.3600000000001	-0.09258	0
1950.4	-0.09258	0
1950.44	-0.09013	0
1950.48	-0.09024	0
1950.52	-0.09035	0
1950.56	-0.09046	0
1950.6000000000001	-0.09057	0
1950.64	-0.09068	0
1950.68	-0.08951	0
1950.72	-0.08962	0
1950.76	-0.08973	0
1950.8	-0.08985	0
1950.8400000000001	-0.08996	0
1950.88	-0.09007	0
1950.92	-0.09018	0
1950.96	-0.09029	0
1951.0	-0.09040	0
1951.04	-0.09051	0
1951.08	-0.09062	0
1951.1200000000001	-0.09073	0
1951.16	-0.09084	0
1951.2	-0.09096	0
1951.24	-0.09107	0
1951.28	-0.09118	0
1951.32	-0.09129	1
1951.3600000000001	-0.09140	1
1951.4	-0.09152	1
1951.44	-0.09163	1
1951.48	-0.09175	1
1951.52	-0.09186	1
1951.56	-0.09197	1
1951.6000000000001	-0.09209	1
1951.64	-0.09220	1
1951.68	-0.09231	1
1951.72	-0.09111	1
1951.76	-0.08991	1
1951.8	-0.09003	1
1951.8400000000001	-0.09014	1
1951.88	-0.09026	1
1951.92	-0.09037	1
1951.96	-0.09048	1
1952.0	-0.09060	1
1952.04	-0.09071	1
1952.08	-0.09082	1
1952.1200000000001	-0.09094	1
1952.16	-0.09105	1
1952.2	-0.09116	1
1952.24	-0.09128	1
1952.28	-0.09139	1
1952.32	-0.09151	1
1952.3600000000001	-0.09162	1
1952.4	-0.09173	1
1952.44	-0.09185	1
1952.48	-0.09196	1
1952.52	-0.09207	1
1952.56	-0.09218	1
1952.6000000000001	-0.09230	1
1952.64	-0.09241	1
1952.68	-0.09252	1
1952.72	-0.09133	1
1952.76	-0.09144	1
1952.8	-0.09156	1
1952.8400000000001	-0.09167	1
1952.88	-0.09178	1
1952.92	-0.09189	1
1952.96	-0.09201	1
1953.0	-0.09212	1
1953.04	-0.09223	1
1953.08	-0.09235	1
1953.1200000000001	-0.09246	1
1953.16	-0.09257	1
1953.2	-0.09257	1
1953.24	-0.09257	1
1953.28	-0.09257	1
1953.32	-0.09257	1
1953.3600000000001	-0.09257	1
1953.4	-0.09257	1
1953.44	-0.09257	1
1953.48	-0.09257	1
1953.52	-0.09257	1
1953.56	-0.09257	1
1953.6000000000001	-0.09257	1
1953.64	-0.09257	1
1953.68	-0.09257	1
1953.72	-0.09257	1
1953.76	-0.09257	1
1953.8	-0.09257	1
1953.8400000000001	-0.09257	1
1953.88	-0.09257	1
1953.92	-0.09257	1
1953.96	-0.09257	1
1954.0	-0.09257	1
1954.04	-0.09257	1
1954.08	-0.09257	1
1954.1200000000001	-0.09257	1
1954.16	-0.09257	1
1954.2	-0.09257	1
1954.24	-0.09257	1
1954.28	-0.09138	1
1954.32	-0.09149	1
1954.3600000000001	-0.09161	1
1954.4	-0.09172	1
1954.44	-0.09183	1
1954.48	-0.09194	1
1954.52	-0.09206	1
1954.56	-0.09217	1
1954.6000000000001	-0.09228	1
1954.64	-0.09240	1
1954.68	-0.09251	1
1954.72	-0.09251	1
1954.76	-0.09251	0
1954.8	-0.09251	0
1954.8400000000001	-0.09251	0
1954.88	-0.09251	0
1954.92	-0.09251	0
1954.96	-0.09251	0
1955.0	-0.09251	0
1955.04	-0.09251	0
1955.08	-0.09251	0
1955.1200000000001	-0.09251	0
1955.16	-0.09251	0
1955.2	-0.09132	0
1955.24	-0.09143	0
1955.28	-0.09154	0
1955.32	-0.09165	0
1955.3600000000001	-0.09177	0
1955.4	-0.09188	0
1955.44	-0.09199	0
1955.48	-0.09211	0
1955.52	-0.09222	0
1955.56	-0.09233	0
1955.6000000000001	-0.09244	0
1955.64	-0.09256	0
1955.68	-0.09137	0
1955.72	-0.09148	0
1955.76	-0.09159	0
1955.8	-0.09170	0
1955.8400000000001	-0.09182	0
1955.88	-0.09193	0
1955.92	-0.09204	0
1955.96	-0.09216	0
1956.0	-0.09227	0
1956.04	-0.09238	0
1956.08	-0.09249	0
1956.1200000000001	-0.09130	0
1956.16	-0.09142	0
1956.2	-0.09153	0
1956.24	-0.09164	0
1956.28	-0.09175	0
1956.32	-0.09187	0
1956.3600000000001	-0.09198	0
1956.4	-0.09079	0
1956.44	-0.08960	0
1956.48	-0.08972	0
1956.52	-0.08983	0
1956.56	-0.08994	0
1956.6000000000001	-0.09005	0
1956.64	-0.09017	0
1956.68	-0.09028	0
1956.72	-0.09039	0
1956.76	-0.08921	0
1956.8	-0.08932	0
1956.8400000000001	-0.08943	0
1956.88	-0.08954	0
1956.92	-0.08966	0
1956.96	-0.08977	0
1957.0	-0.08988	0
1957.04	-0.08870	0
1957.08	-0.08881	0
1957.1200000000001	-0.08762	0
1957.16	-0.08774	0
1957.2	-0.08785	0
1957.24	-0.08796	0
1957.28	-0.08807	0
1957.32	-0.08819	0
1957.3600000000001	-0.08830	0
1957.4	-0.08841	0
1957.44	-0.08723	0
1957.48	-0.08734	0
1957.52	-0.08745	0
1957.56	-0.08757	0
1957.6000000000001	-0.08768	0
1957.64	-0.08779	0
1957.68	-0.08790	0
1957.72	-0.08802	0
1957.76	-0.08813	0
1957.8	-0.08824	0
1957.8400000000001	-0.08835	0
1957.88	-0.08847	0
1957.92	-0.08858	0
1957.96	-0.08869	0
1958.0	-0.08880	0
1958.04	-0.08892	0
1958.08	-0.08903	0
1958.1200000000001	-0.08914	0
1958.16	-0.08925	0
1958.2	-0.08936	0
1958.24	-0.08948	0
1958.28	-0.08959	0
1958.32	-0.08970	0
1958.3600000000001	-0.08981	0
1958.4	-0.08992	0
1958.44	-0.09004	0
1958.48	-0.09015	0
1958.52	-0.09026	0
1958.56	-0.09037	0
1958.6000000000001	-0.09048	0
1958.64	-0.09060	0
1958.68	-0.09071	0
1958.72	-0.09082	0
1958.76	-0.09093	0
1958.8	-0.09104	0
1958.8400000000001	-0.09116	0
1958.88	-0.09127	0
1958.92	-0.09138	0
1958.96	-0.09149	0
1959.0	-0.09160	0
1959.04	-0.09171	0
1959.08	-0.09182	0
1959.1200000000001	-0.09194	0
1959.16	-0.09205	0
1959.2	-0.09087	0
1959.24	-0.09098	0
1959.28	-0.08980	0
1959.32	-0.08992	0
1959.3600000000001	-0.09003	0
1959.4	-0.09014	0
1959.44	-0.09025	0
1959.48	-0.08907	0
1959.52	-0.08919	0
1959.56	-0.08930	0
1959.6000000000001	-0.08941	1
1959.64	-0.08953	1
1959.68	-0.08833	1
1959.72	-0.08844	1
1959.76	-0.08855	1
1959.8	-0.08867	1
1959.8400000000001	-0.08878	1
1959.88	-0.08890	1
1959.92	-0.08901	1
1959.96	-0.08912	1
1960.0	-0.08924	1
1960.04	-0.08935	1
1960.08	-0.08815	1
1960.1200000000001	-0.08827	1
1960.16	-0.08838	1
1960.2	-0.08849	1
1960.24	-0.08861	1
1960.28	-0.08872	1
1960.32	-0.08884	1
1960.3600000000001	-0.08895	1
1960.4	-0.08906	1
1960.44	-0.08787	1
1960.48	-0.08798	1
1960.52	-0.08809	1
1960.56	-0.08821	1
1960.6000000000001	-0.08832	1
1960.64	-0.08844	1
1960.68	-0.08855	1
1960.72	-0.08866	1
1960.76	-0.08878	1
1960.8	-0.08889	1
1960.8400000000001	-0.08900	1
1960.88	-0.08912	1
1960.92	-0.08923	1
1960.96	-0.08934	1
1961.0	-0.08946	1
1961.04	-0.08957	1
1961.08	-0.08838	1
1961.1200000000001	-0.08849	1
1961.16	-0.08860	1
1961.2	-0.08872	1
1961.24	-0.08883	1
1961.28	-0.08894	1
1961.32	-0.08906	1
1961.3600000000001	-0.08786	1
1961.4	-0.08798	1
1961.44	-0.08809	1
1961.48	-0.08820	1
1961.52	-0.08832	1
1961.56	-0.08843	1
1961.6000000000001	-0.08724	1
1961.64	-0.08735	1
1961.68	-0.08747	1
1961.72	-0.08758	1
1961.76	-0.08769	1
1961.8	-0.08781	1
1961.8400000000001	-0.08792	1
1961.88	-0.08803	1
1961.92	-0.08815	1
1961.96	-0.08695	1
1962.0	-0.08707	1
1962.04	-0.08588	1
1962.08	-0.08468	1
1962.1200000000001	-0.08480	1
1962.16	-0.08491	1
1962.2	-0.08503	1
1962.24	-0.08514	1
1962.28	-0.08525	1
1962.32	-0.08537	1
1962.3600000000001	-0.08548	1
1962.4	-0.08559	1
1962.44	-0.08571	1
1962.48	-0.08582	1
1962.52	-0.08593	1
1962.56	-0.08605	1
1962.6000000000001	-0.08616	1
1962.64	-0.08627	1
1962.68	-0.08639	1
1962.72	-0.08650	1
1962.76	-0.08661	1
1962.8	-0.08673	1
1962.8400000000001	-0.08684	1
1962.88	-0.08695	1
1962.92	-0.08707	1
1962.96	-0.08718	1
1963.0	-0.08729	1
1963.04	-0.08741	1
1963.08	-0.08752	1
1963.1200000000001	-0.08763	1
1963.16	-0.08645	1
1963.2	-0.08526	1
1963.24	-0.08537	1
1963.28	-0.08418	1
1963.32	-0.08690	1
1963.3600000000001	-0.08701	1
1963.4	-0.08712	1
1963.44	-0.08724	1
1963.48	-0.08735	1
1963.52	-0.08746	1
1963.56	-0.08758	1
1963.6000000000001	-0.08769	1
1963.64	-0.08780	1
1963.68	-0.08791	1
1963.72	-0.08673	1
1963.76	-0.08684	1
1963.8	-0.08695	1
1963.8400000000001	-0.08707	1
1963.88	-0.08718	1
1963.92	-0.08729	1
1963.96	-0.08741	1
1964.0	-0.08752	1
1964.04	-0.08763	1
1964.08	-0.08774	1
1964.1200000000001	-0.08786	1
1964.16	-0.08797	1
1964.2	-0.08808	1
1964.24	-0.08819	1
1964.28	-0.08831	1
1964.32	-0.08842	1
1964.3600000000001	-0.08853	1
1964.4	-0.08864	1
1964.44	-0.08876	1
1964.48	-0.08887	1
1964.52	-0.08898	0
1964.56	-0.08909	0
1964.6000000000001	-0.08921	0
1964.64	-0.08932	0
1964.68	-0.08943	0
1964.72	-0.08954	0
1964.76	-0.08965	0
1964.8	-0.08977	0
1964.8400000000001	-0.08988	0
1964.88	-0.08999	0
1964.92	-0.08881	0
1964.96	-0.08763	0
1965.0	-0.08774	0
1965.04	-0.08785	0
1965.08	-0.08797	0
1965.1200000000001	-0.08808	0
1965.16	-0.08819	0
1965.2	-0.08830	0
1965.24	-0.08841	0
1965.28	-0.08853	0
1965.32	-0.08864	0
1965.3600000000001	-0.08875	0
1965.4	-0.08886	0
1965.44	-0.08897	0
1965.48	-0.08909	0
1965.52	-0.08791	0
1965.56	-0.08802	0
1965.6000000000001	-0.08813	0
1965.64	-0.08824	0
1965.68	-0.08836	0
1965.72	-0.08847	0
1965.76	-0.08858	0
1965.8	-0.08869	0
1965.8400000000001	-0.08880	0
1965.88	-0.08892	0
1965.92	-0.08903	0
1965.96	-0.08785	0
1966.0	-0.08796	0
1966.04	-0.08807	0
1966.08	-0.08690	0
1966.1200000000001	-0.08701	0
1966.16	-0.08712	0
1966.2	-0.08723	0
1966.24	-0.08735	0
1966.28	-0.08746	0
1966.32	-0.08757	0
1966.3600000000001	-0.08768	0
1966.4	-0.08779	0
1966.44	-0.08791	0
1966.48	-0.08802	0
1966.52	-0.08813	0
1966.56	-0.08824	0
1966.6000000000001	-0.08835	0
1966.64	-0.08846	0
1966.68	-0.08858	0
1966.72	-0.08869	0
1966.76	-0.08880	0
1966.8	-0.08891	0
1966.8400000000001	-0.08902	0
1966.88	-0.08913	0
1966.92	-0.08925	0
1966.96	-0.08936	0
1967.0	-0.08947	0
1967.04	-0.08958	0
1967.0800000000002	-0.08969	0
1967.1200000000001	-0.08980	0
1967.16	-0.08991	0
1967.2	-0.09003	0
1967.24	-0.09014	0
1967.28	-0.09025	0
1967.32	-0.09036	0
1967.3600000000001	-0.09047	0
1967.4	-0.09058	0
1967.44	-0.09069	0
1967.48	-0.09080	0
1967.52	-0.09091	0
1967.56	-0.09103	0
1967.6000000000001	-0.09114	0
1967.64	-0.09125	0
1967.68	-0.09136	0
1967.72	-0.09147	0
1967.76	-0.09158	0
1967.8	-0.09169	0
1967.8400000000001	-0.09180	0
1967.88	-0.09191	0
1967.92	-0.09202	0
1967.96	-0.09213	0
1968.0	-0.09225	0
1968.04	-0.09236	0
1968.0800000000002	-0.09247	0
1968.1200000000001	-0.09258	0
1968.16	-0.09258	0
1968.2	-0.09258	0
1968.24	-0.09258	0
1968.28	-0.09258	0
1968.32	-0.09258	0
1968.3600000000001	-0.09258	0
1968.4	-0.09258	0
1968.44	-0.09258	0
1968.48	-0.09258	0
1968.52	-0.09258	0
1968.56	-0.09258	0
1968.6000000000001	-0.09258	0
1968.64	-0.09141	0
1968.68	-0.09397	0
1968.72	-0.09397	0
1968.76	-0.09397	0
1968.8	-0.09397	0
1968.8400000000001	-0.09397	0
1968.88	-0.09397	0
1968.92	-0.09397	0
1968.96	-0.09397	0
1969.0	-0.09397	0
1969.04	-0.09397	0
1969.0800000000002	-0.09397	0
1969.1200000000001	-0.09152	0
1969.16	-0.09163	0
1969.2	-0.09174	0
1969.24	-0.09185	0
1969.28	-0.09196	0
1969.32	-0.09207	0
1969.3600000000001	-0.09218	0
1969.4	-0.09229	0
1969.44	-0.09240	0
1969.48	-0.09251	0
1969.52	-0.09251	0
1969.56	-0.09251	0
1969.6000000000001	-0.09251	0
1969.64	-0.09251	0
1969.68	-0.09251	0
1969.72	-0.09135	0
1969.76	-0.09146	0
1969.8	-0.09157	0
1969.8400000000001	-0.09168	0
1969.88	-0.09179	0
1969.92	-0.09190	0
1969.96	-0.09073	0
1970.0	-0.09084	0
1970.04	-0.09095	0
1970.0800000000002	-0.09106	0
1970.1200000000001	-0.09117	0
1970.16	-0.09128	0
1970.2	-0.09140	0
1970.24	-0.09151	0
1970.28	-0.09162	0
1970.32	-0.09173	0
1970.3600000000001	-0.09184	0
1970.4	-0.09195	0
1970.44	-0.09206	0
1970.48	-0.09217	0
1970.52	-0.09228	0
1970.56	-0.09239	0
1970.6000000000001	-0.09250	0
1970.64	-0.09261	0
1970.68	-0.09144	0
1970.72	-0.09155	0
1970.76	-0.09166	0
1970.8	-0.09178	0
1970.8400000000001	-0.09061	0
1970.88	-0.09072	0
1970.92	-0.09083	0
1970.96	-0.09094	0
1971.0	-0.08978	0
1971.04	-0.08989	0
1971.0800000000002	-0.09000	0
1971.1200000000001	-0.09011	0
1971.16	-0.08895	0
1971.2	-0.08906	0
1971.24	-0.08917	0
1971.28	-0.08928	0
1971.32	-0.08939	0
1971.3600000000001	-0.08823	0
1971.4	-0.08834	0
1971.44	-0.08845	0
1971.48	-0.08729	0
1971.52	-0.08740	0
1971.56	-0.08751	0
1971.6000000000001	-0.08762	0
1971.64	-0.08773	0
1971.68	-0.08784	0
1971.72	-0.08795	0
1971.76	-0.08806	0
1971.8	-0.08817	0
1971.8400000000001	-0.08828	0
1971.88	-0.08839	0
1971.92	-0.08850	0
1971.96	-0.08861	0
1972.0	-0.08872	0
1972.04	-0.08883	0
1972.0800000000002	-0.08767	0
1972.1200000000001	-0.08778	0
1972.16	-0.08789	0
1972.2	-0.08800	0
1972.24	-0.08811	0
1972.28	-0.08822	0
1972.32	-0.08706	0
1972.3600000000001	-0.08717	0
1972.4	-0.08728	0
1972.44	-0.08613	0
1972.48	-0.08624	0
1972.52	-0.08635	0
1972.56	-0.08646	0
1972.6000000000001	-0.08530	0
1972.64	-0.08541	0
1972.68	-0.08552	0
1972.72	-0.08563	0
1972.76	-0.08574	0
1972.8	-0.08585	0
1972.8400000000001	-0.08596	0
1972.88	-0.08607	0
1972.92	-0.08618	0
1972.96	-0.08629	0
1973.0	-0.08640	0
1973.04	-0.08651	0
1973.0800000000002	-0.08662	0
1973.1200000000001	-0.08547	0
1973.16	-0.08558	0
1973.2	-0.08569	0
1973.24	-0.08580	0
1973.28	-0.08591	0
1973.32	-0.08475	0
1973.3600000000001	-0.08486	0
1973.4	-0.08497	0
1973.44	-0.08508	0
1973.48	-0.08520	0
1973.52	-0.08531	0
1973.56	-0.08542	0
1973.6000000000001	-0.08553	0
1973.64	-0.08564	0
1973.68	-0.08575	0
1973.72	-0.08586	0
1973.76	-0.08597	0
1973.8	-0.08608	0
1973.8400000000001	-0.08619	0
1973.88	-0.08503	0
1973.92	-0.08514	0
1973.96	-0.08525	0
1974.0	-0.08536	0
1974.04	-0.08547	0
1974.0800000000002	-0.08558	0
1974.1200000000001	-0.08569	0
1974.16	-0.08833	0
1974.2	-0.08844	0
1974.24	-0.08854	0
1974.28	-0.08865	0
1974.32	-0.09129	0
1974.3600000000001	-0.09139	0
1974.4	-0.09150	0
1974.44	-0.09161	0
1974.48	-0.09172	0
1974.52	-0.09183	0
1974.56	-0.09194	0
1974.6000000000001	-0.09205	0
1974.64	-0.09216	0
1974.68	-0.09227	0
1974.72	-0.09238	0
1974.76	-0.09248	0
1974.8	-0.09259	0
1974.8400000000001	-0.09259	0
1974.88	-0.09259	0
1974.92	-0.09259	0
1974.96	-0.09259	0
1975.0	-0.09259	0
1975.04	-0.09259	0
1975.0800000000002	-0.09144	0
1975.1200000000001	-0.09155	0
1975.16	-0.09166	0
1975.2	-0.09177	0
1975.24	-0.09188	0
1975.28	-0.09199	0
1975.32	-0.09210	0
1975.3600000000001	-0.09221	0
1975.4	-0.09231	0
1975.44	-0.09242	0
1975.48	-0.09253	0
1975.52	-0.09253	0
1975.56	-0.09253	0
1975.6000000000001	-0.09253	0
1975.64	-0.09253	0
1975.68	-0.09253	0
1975.72	-0.09253	0
1975.76	-0.09253	0
1975.8	-0.09253	0
1975.8400000000001	-0.09253	0
1975.88	-0.09253	0
1975.92	-0.09253	0
1975.96	-0.09253	0
1976.0	-0.09253	0
1976.04	-0.09138	0
1976.0800000000002	-0.09149	0
1976.1200000000001	-0.09160	0
1976.16	-0.09171	0
1976.2	-0.09182	0
1976.24	-0.09193	0
1976.28	-0.09204	0
1976.32	-0.09214	0
1976.3600000000001	-0.09225	0
1976.4	-0.09236	0
1976.44	-0.09247	0
1976.48	-0.09132	0
1976.52	-0.09143	0
1976.56	-0.09028	0
1976.6000000000001	-0.09039	0
1976.64	-0.09050	0
1976.68	-0.09061	0
1976.72	-0.09072	0
1976.76	-0.09083	0
1976.8	-0.09094	0
1976.8400000000001	-0.09104	0
1976.88	-0.09115	0
1976.92	-0.09001	0
1976.96	-0.09012	0
1977.0	-0.08897	0
1977.04	-0.08908	0
1977.0800000000002	-0.08919	0
1977.1200000000001	-0.08930	0
1977.16	-0.08941	0
1977.2	-0.08951	0
1977.24	-0.08962	0
1977.28	-0.08973	0
1977.32	-0.08984	0
1977.3600000000001	-0.08995	0
1977.4	-0.09006	0
1977.44	-0.09017	0
1977.48	-0.09027	0
1977.52	-0.09038	0
1977.56	-0.09049	0
1977.6000000000001	-0.09060	0
1977.64	-0.09071	0
1977.68	-0.09082	0
1977.72	-0.09093	0
1977.76	-0.09103	0
1977.8	-0.09114	0
1977.8400000000001	-0.09125	0
1977.88	-0.09136	0
1977.92	-0.09147	0
1977.96	-0.09157	0
1978.0	-0.09168	0
1978.04	-0.09179	0
1978.0800000000002	-0.09190	0
1978.1200000000001	-0.09201	0
1978.16	-0.09212	0
1978.2	-0.09222	0
1978.24	-0.09233	0
1978.28	-0.09244	0
1978.32	-0.09255	0
1978.3600000000001	-0.09255	0
1978.4	-0.09255	0
1978.44	-0.09255	0
1978.48	-0.09255	0
1978.52	-0.09255	0
1978.56	-0.09255	0
1978.6000000000001	-0.09255	0
1978.64	-0.09255	0
1978.68	-0.09255	0
1978.72	-0.09255	0
1978.76	-0.09255	0
1978.8	-0.09255	0
1978.8400000000001	-0.09255	0
1978.88	-0.09255	0
1978.92	-0.09255	0
1978.96	-0.09255	0
1979.0	-0.09255	1
1979.04	-0.09255	1
1979.0800000000002	-0.09255	1
1979.1200000000001	-0.09255	1
1979.16	-0.09255	1
1979.2	-0.09255	1
1979.24	-0.09255	1
1979.28	-0.09255	1
1979.32	-0.09255	1
1979.3600000000001	-0.09255	1
1979.4	-0.09255	1
1979.44	-0.09255	1
1979.48	-0.09255	1
1979.52	-0.09255	1
1979.56	-0.09255	1
1979.6000000000001	-0.09255	1
1979.64	-0.09255	1
1979.68	-0.09255	1
1979.72	-0.09255	1
1979.76	-0.09255	1
1979.8	-0.09135	1
1979.8400000000001	-0.09146	1
1979.88	-0.09157	1
1979.92	-0.09169	1
1979.96	-0.09180	1
1980.0	-0.09191	1
1980.04	-0.09203	1
1980.0800000000002	-0.09214	1
1980.1200000000001	-0.09226	1
1980.16	-0.09237	1
1980.2	-0.09248	1
1980.24	-0.09260	1
1980.28	-0.09140	1
1980.32	-0.09151	1
1980.3600000000001	-0.09162	1
1980.4	-0.09174	1
1980.44	-0.09185	1
1980.48	-0.09196	1
1980.52	-0.09208	1
1980.56	-0.09219	1
1980.6000000000001	-0.09230	1
1980.64	-0.09242	1
1980.68	-0.09253	1
1980.72	-0.09253	1
1980.76	-0.09133	1
1980.8	-0.09145	1
1980.8400000000001	-0.09156	1
1980.88	-0.09167	1
1980.92	-0.09179	1
1980.96	-0.09190	1
1981.0	-0.09201	1
1981.04	-0.09213	1
1981.0800000000002	-0.09224	1
1981.1200000000001	-0.09235	1
1981.16	-0.09247	1
1981.2	-0.09258	1
1981.24	-0.09258	1
1981.28	-0.09138	1
1981.32	-0.09150	1
1981.3600000000001	-0.09161	1
1981.4	-0.09172	1
1981.44	-0.09184	1
1981.48	-0.09195	1
1981.52	-0.09206	1
1981.56	-0.09218	1
1981.6000000000001	-0.09229	1
1981.64	-0.09240	1
1981.68	-0.09252	1
1981.72	-0.09252	1
1981.76	-0.09252	1
1981.8	-0.09252	1
1981.8400000000001	-0.09252	1
1981.88	-0.09252	1
1981.92	-0.09252	1
1981.96	-0.09132	1
1982.0	-0.09143	1
1982.04	-0.09155	1
1982.0800000000002	-0.09166	1
1982.1200000000001	-0.09177	1
1982.16	-0.09189	1
1982.2	-0.09200	1
1982.24	-0.09211	1
1982.28	-0.09223	1
1982.32	-0.09234	1
1982.3600000000001	-0.09115	1
1982.4	-0.08995	1
1982.44	-0.09007	1
1982.48	-0.09018	1
1982.52	-0.09029	1
1982.56	-0.09041	1
1982.6000000000001	-0.09052	1
1982.64	-0.09063	1
1982.68	-0.09074	1
1982.72	-0.09086	1
1982.76	-0.09097	1
1982.8	-0.09358	1
1982.8400000000001	-0.09358	1
1982.88	-0.09358	1
1982.92	-0.09358	1
1982.96	-0.09358	1
1983.0	-0.09358	1
1983.04	-0.09358	0
1983.0800000000002	-0.09358	0
1983.1200000000001	-0.09358	0
1983.16	-0.09239	0
1983.2	-0.09250	0
1983.24	-0.09261	0
1983.28	-0.09261	0
1983.32	-0.09261	0
1983.3600000000001	-0.09261	0
1983.4	-0.09261	0
1983.44	-0.09261	0
1983.48	-0.09261	0
1983.52	-0.09142	0
1983.56	-0.09153	0
1983.6000000000001	-0.09165	0
1983.64	-0.09176	0
1983.68	-0.09187	0
1983.72	-0.09198	0
1983.76	-0.09210	0
1983.8	-0.09221	0
1983.8400000000001	-0.09232	0
1983.88	-0.09244	0
1983.92	-0.09255	0
1983.96	-0.09255	0
1984.0	-0.09255	0
1984.04	-0.09255	0
1984.0800000000002	-0.09255	0
1984.1200000000001	-0.09255	0
1984.16	-0.09255	0
1984.2	-0.09255	0
1984.24	-0.09255	0
1984.28	-0.09255	0
1984.32	-0.09255	0
1984.3600000000001	-0.09255	0
1984.4	-0.09255	0
1984.44	-0.09136	0
1984.48	-0.09147	0
1984.52	-0.09028	0
1984.56	-0.09040	0
1984.6000000000001	-0.09051	0
1984.64	-0.09062	0
1984.68	-0.09073	0
1984.72	-0.09085	0
1984.76	-0.09096	0
1984.8	-0.09107	0
1984.8400000000001	-0.09118	0
1984.88	-0.09130	0
1984.92	-0.09141	0
1984.96	-0.09152	0
1985.0	-0.09033	0
1985.04	-0.09045	0
1985.0800000000002	-0.09056	0
1985.1200000000001	-0.08937	0
1985.16	-0.08949	0
1985.2	-0.08960	0
1985.24	-0.08971	0
1985.28	-0.08982	0
1985.32	-0.08994	0
1985.3600000000001	-0.09005	0
1985.4	-0.08886	0
1985.44	-0.08898	0
1985.48	-0.08909	0
1985.52	-0.08920	0
1985.56	-0.09191	0
1985.6000000000001	-0.09202	0
1985.64	-0.09213	0
1985.68	-0.09224	0
1985.72	-0.09236	0
1985.76	-0.09117	0
1985.8	-0.09128	0
1985.8400000000001	-0.09140	0
1985.88	-0.09151	0
1985.92	-0.09162	0
1985.96	-0.09173	0
1986.0	-0.09184	0
1986.04	-0.09196	0
1986.0800000000002	-0.09207	0
1986.1200000000001	-0.09218	0
1986.16	-0.09229	0
1986.2	-0.09240	0
1986.24	-0.09252	0
1986.28	-0.09252	0
1986.32	-0.09252	0
1986.3600000000001	-0.09252	0
1986.4	-0.09252	0
1986.44	-0.09252	0
1986.48	-0.09252	0
1986.52	-0.09252	0
1986.56	-0.09252	0
1986.6000000000001	-0.09252	0
1986.64	-0.09252	0
1986.68	-0.09252	0
1986.72	-0.09252	0
1986.76	-0.09252	0
1986.8	-0.09252	0
1986.8400000000001	-0.09252	0
1986.88	-0.09252	0
1986.92	-0.09252	0
1986.96	-0.09252	0
1987.0	-0.09252	0
1987.04	-0.09252	0
1987.0800000000002	-0.09252	0
1987.1200000000001	-0.09252	0
1987.16	-0.09252	0
1987.2	-0.09252	0
1987.24	-0.09252	0
1987.28	-0.09252	0
1987.32	-0.09252	0
1987.3600000000001	-0.09252	0
1987.4	-0.09252	0
1987.44	-0.09252	0
1987.48	-0.09252	0
1987.52	-0.09252	0
1987.56	-0.09252	0
1987.6000000000001	-0.09252	0
1987.64	-0.09252	0
1987.68	-0.09252	0
1987.72	-0.09252	0
1987.76	-0.09252	0
1987.8	-0.09252	0
1987.8400000000001	-0.09252	0
1987.88	-0.09252	0
1987.92	-0.09252	0
1987.96	-0.09252	0
1988.0	-0.09252	0
1988.04	-0.09252	0
1988.0800000000002	-0.09252	0
1988.1200000000001	-0.09252	0
1988.16	-0.09252	0
1988.2	-0.09252	0
1988.24	-0.09252	0
1988.28	-0.09252	0
1988.32	-0.09252	0
1988.3600000000001	-0.09252	0
1988.4	-0.09252	0
1988.44	-0.09252	0
1988.48	-0.09252	0
1988.52	-0.09252	0
1988.56	-0.09252	0
1988.6000000000001	-0.09252	0
1988.64	-0.09252	0
1988.68	-0.09252	0
1988.72	-0.09252	0
1988.76	-0.09252	0
1988.8	-0.09252	0
1988.8400000000001	-0.09252	0
1988.88	-0.09252	0
1988.92	-0.09252	0
1988.96	-0.09252	0
1989.0	-0.09252	0
1989.04	-0.09252	0
1989.0800000000002	-0.09252	0
1989.1200000000001	-0.09252	0
1989.16	-0.09252	0
1989.2	-0.09252	0
1989.24	-0.09133	0
1989.28	-0.09145	0
1989.32	-0.09156	0
1989.3600000000001	-0.09285	0
1989.4	-0.09285	0
1989.44	-0.09285	0
1989.48	-0.09167	0
1989.52	-0.09178	0
1989.56	-0.09189	0
1989.6000000000001	-0.09201	0
1989.64	-0.09212	0
1989.68	-0.09223	0
1989.72	-0.09234	0
1989.76	-0.09245	0
1989.8	-0.09256	0
1989.8400000000001	-0.09256	0
1989.88	-0.09256	0
1989.92	-0.09256	0
1989.96	-0.09256	0
1990.0	-0.09256	0
1990.04	-0.09256	0
1990.0800000000002	-0.09256	0
1990.1200000000001	-0.09256	0
1990.16	-0.09256	0
1990.2	-0.09256	0
1990.24	-0.09256	0
1990.28	-0.09256	0
1990.32	-0.09256	0
1990.3600000000001	-0.09256	0
1990.4	-0.09256	0
1990.44	-0.09256	0
1990.48	-0.09256	0
1990.52	-0.09256	0
1990.56	-0.09256	0
1990.6000000000001	-0.09256	0
1990.64	-0.09256	0
1990.68	-0.09256	0
1990.72	-0.09256	0
1990.76	-0.09256	0
1990.8	-0.09256	0
1990.8400000000001	-0.09138	0
1990.88	-0.09150	0
1990.92	-0.09161	0
1990.96	-0.09419	0
1991.0	-0.09419	0
1991.04	-0.09419	0
1991.0800000000002	-0.09419	0
1991.1200000000001	-0.09419	0
1991.16	-0.09419	0
1991.2	-0.09419	0
1991.24	-0.09419	0
1991.28	-0.09419	0
1991.32	-0.09419	0
1991.3600000000001	-0.09419	0
1991.4	-0.09419	0
1991.44	-0.09419	0
1991.48	-0.09419	0
1991.52	-0.09419	0
1991.56	-0.09419	0
1991.6000000000001	-0.09419	0
1991.64	-0.09419	0
1991.68	-0.09419	0
1991.72	-0.09419	0
1991.76	-0.09419	0
1991.8	-0.09419	0
1991.8400000000001	-0.09419	0
1991.88	-0.09419	0
1991.92	-0.09419	0
1991.96	-0.09419	0
1992.0	-0.09419	0
1992.04	-0.09419	0
1992.0800000000002	-0.09419	0
1992.1200000000001	-0.09419	0
1992.16	-0.09419	0
1992.2	-0.09419	0
1992.24	-0.09419	0
1992.28	-0.09419	0
1992.32	-0.09419	0
1992.3600000000001	-0.09290	0
1992.4	-0.09290	0
1992.44	-0.09290	0
1992.48	-0.09290	0
1992.52	-0.09172	0
1992.56	-0.09183	0
1992.6000000000001	-0.09194	0
1992.64	-0.09205	0
1992.68	-0.09217	0
1992.72	-0.09228	0
1992.76	-0.09239	0
1992.8	-0.09250	0
1992.8400000000001	-0.09250	0
1992.88	-0.09250	0
1992.92	-0.09250	0
1992.96	-0.09250	0
1993.0	-0.09250	0
1993.04	-0.09250	0
1993.0800000000002	-0.09250	0
1993.1200000000001	-0.09250	0
1993.16	-0.09250	0
1993.2	-0.09132	0
1993.24	-0.09014	0
1993.28	-0.09025	0
1993.32	-0.08908	0
1993.3600000000001	-0.08919	0
1993.4	-0.08930	0
1993.44	-0.08941	0
1993.48	-0.08952	0
1993.52	-0.08964	0
1993.56	-0.08975	0
1993.6000000000001	-0.08986	0
1993.64	-0.08997	0
1993.68	-0.08879	0
1993.72	-0.08891	0
1993.76	-0.08902	0
1993.8	-0.08913	0
1993.8400000000001	-0.08924	0
1993.88	-0.08935	0
1993.92	-0.08946	0
1993.96	-0.08958	0
1994.0	-0.08969	0
1994.04	-0.08980	0
1994.0800000000002	-0.08862	0
1994.1200000000001	-0.08874	0
1994.16	-0.08756	0
1994.2	-0.08767	0
1994.24	-0.08778	0
1994.28	-0.08790	0
1994.32	-0.08801	0
1994.3600000000001	-0.08812	0
1994.4	-0.08823	0
1994.44	-0.08834	0
1994.48	-0.08845	0
1994.52	-0.08857	0
1994.56	-0.08868	0
1994.6000000000001	-0.08879	0
1994.64	-0.08890	0
1994.68	-0.08901	0
1994.72	-0.08912	0
1994.76	-0.08923	0
1994.8	-0.08935	0
1994.8400000000001	-0.08946	0
1994.88	-0.08957	0
1994.92	-0.08968	0
1994.96	-0.08979	0
1995.0	-0.08990	0
1995.04	-0.09001	0
1995.0800000000002	-0.09012	0
1995.1200000000001	-0.09024	0
1995.16	-0.09035	0
1995.2	-0.09046	0
1995.24	-0.09057	0
1995.28	-0.09068	1
1995.32	-0.09080	1
1995.3600000000001	-0.09091	1
1995.4	-0.09102	1
1995.44	-0.09114	1
1995.48	-0.09125	1
1995.52	-0.09005	1
1995.56	-0.09017	1
1995.6000000000001	-0.08897	1
1995.64	-0.08908	1
1995.68	-0.08788	1
1995.72	-0.08799	1
1995.76	-0.08811	1
1995.8	-0.08822	1
1995.8400000000001	-0.08834	1
1995.88	-0.08845	1
1995.92	-0.08856	1
1995.96	-0.08868	1
1996.0	-0.08879	1
1996.04	-0.09153	1
1996.0800000000002	-0.09164	1
1996.1200000000001	-0.09176	1
1996.16	-0.09187	1
1996.2	-0.09198	1
1996.24	-0.09210	1
1996.28	-0.09221	1
1996.32	-0.09232	1
1996.3600000000001	-0.09244	1
1996.4	-0.09124	1
1996.44	-0.09135	1
1996.48	-0.09147	1
1996.52	-0.09158	1
1996.56	-0.09289	0
1996.6000000000001	-0.09289	0
1996.64	-0.09169	0
1996.68	-0.09181	0
1996.72	-0.09192	0
1996.76	-0.09203	0
1996.8	-0.09215	0
1996.8400000000001	-0.09226	0
1996.88	-0.09237	0
1996.92	-0.09249	0
1996.96	-0.09260	0
1997.0	-0.09260	0
1997.04	-0.09260	0
1997.0800000000002	-0.09260	0
1997.1200000000001	-0.09260	0
1997.16	-0.09260	0
1997.2	-0.09260	0
1997.24	-0.09260	0
1997.28	-0.09260	0
1997.32	-0.09260	0
1997.3600000000001	-0.09260	0
1997.4	-0.09260	0
1997.44	-0.09260	0
1997.48	-0.09260	0
1997.52	-0.09260	0
1997.56	-0.09260	0
1997.6000000000001	-0.09260	0
1997.64	-0.09260	0
1997.68	-0.09260	0
1997.72	-0.09260	0
1997.76	-0.09260	0
1997.8	-0.09260	0
1997.8400000000001	-0.09260	0
1997.88	-0.09260	0
1997.92	-0.09260	0
1997.96	-0.09260	0
1998.0	-0.09260	0
1998.04	-0.09260	1
1998.0800000000002	-0.09260	1
1998.1200000000001	-0.09260	1
1998.16	-0.09260	1
1998.2	-0.09260	1
1998.24	-0.09260	1
1998.28	-0.09260	1
1998.32	-0.09260	1
1998.3600000000001	-0.09140	1
1998.4	-0.09151	1
1998.44	-0.09162	1
1998.48	-0.09042	1
1998.52	-0.09054	1
1998.56	-0.09065	1
1998.6000000000001	-0.09077	1
1998.64	-0.09088	1
1998.68	-0.09099	1
1998.72	-0.09111	1
1998.76	-0.09122	1
1998.8	-0.09133	1
1998.8400000000001	-0.09145	1
1998.88	-0.09156	1
1998.92	-0.09167	1
1998.96	-0.09179	1
1999.0	-0.09190	1
1999.04	-0.09202	1
1999.0800000000002	-0.09213	1
1999.1200000000001	-0.09224	1
1999.16	-0.09236	1
1999.2	-0.09247	1
1999.24	-0.09258	1
1999.28	-0.09258	1
1999.32	-0.09138	1
1999.3600000000001	-0.09150	1
1999.4	-0.09161	1
1999.44	-0.09172	1
1999.48	-0.09184	1
1999.52	-0.09195	1
1999.56	-0.09206	1
1999.6000000000001	-0.09218	1
1999.64	-0.09229	1
1999.68	-0.09240	1
1999.72	-0.09252	1
1999.76	-0.09252	1
1999.8	-0.09252	1
1999.8400000000001	-0.09252	1
1999.88	-0.09252	1
1999.92	-0.09252	1
1999.96	-0.09252	1
